raw_row_id,actual,predicted,score
2,0,0,0.008121318923828835
5,0,0,0.00406781865172921
16,0,0,0.06400034369454632
19,0,0,5.635533036599597e-05
21,0,0,0.00022556254310683992
23,0,0,0.2526502106879704
28,0,0,0.0008521072366592361
30,0,0,0.0035127147936180846
38,1,1,0.7371487789562549
39,0,0,0.2934455961490561
41,0,0,0.006728713772948477
46,0,0,3.436945591493006e-05
49,0,0,0.0006321881799135671
52,0,0,0.00067628258828362
53,1,0,0.34006076240720357
56,0,0,0.024727564765474233
57,0,0,1.3811269849094908e-05
62,0,0,0.04427734211282526
63,0,0,0.0579923752640034
65,0,1,0.5211040546261319
67,0,0,2.4268401314140253e-05
71,0,0,0.0003002546903723857
73,0,0,2.3769253773674376e-05
82,0,0,0.008490530088952552
85,0,0,0.14996647815602204
88,0,0,0.0008811372592272321
106,0,0,0.00018532208320835313
123,0,0,0.02704369619996591
124,0,0,0.002586420614816056
130,0,0,0.0034287964884769664
140,0,1,0.8132859616678267
141,0,0,0.016308911248893724
145,0,0,0.2797336972922104
149,0,0,4.641918536918606e-05
153,0,0,0.00036338288102899725
155,0,0,0.003643724687914431
165,0,0,2.5288474394452946e-05
171,0,0,0.00041162711010149
173,0,0,0.01597555376061061
178,0,0,4.4085669269227395e-05
181,0,0,0.012382844946888596
182,0,0,9.797496591525026e-05
188,0,0,0.021565649479008804
193,0,0,0.03173568426812945
197,0,0,0.02827933627509363
203,0,0,4.266963697829598e-06
204,0,0,1.3883192466885965e-06
212,0,0,0.03137392087588391
213,0,0,0.09403776098138876
223,0,0,0.02680003169873516
225,0,0,0.28005111636841695
226,0,0,0.00011757998317266667
227,0,0,0.0019103297777879405
229,0,0,0.01315304823845449
231,0,0,0.0015649307734660288
235,0,0,0.0016405399994336622
250,0,0,0.050186798786877165
251,0,0,0.004118324172408306
253,1,0,0.10799716410002075
259,0,0,0.010051469748965931
262,1,0,0.15155177874483153
263,0,0,1.221694925225101e-07
270,0,0,0.013620229767683647
272,0,0,0.18471642157129387
281,0,0,0.007099519058980069
286,0,0,0.008806198970285726
304,0,0,0.041713847818043555
309,0,0,0.01327125205624587
310,0,0,4.334565577079621e-05
315,0,0,0.00010653203992058977
323,0,0,0.00017513170612381616
325,0,0,0.0035319919600698617
330,0,0,0.001978442595102834
331,0,0,1.0095331770267762e-05
335,0,0,0.027850286938895488
336,0,0,0.055910246096712975
348,0,0,1.682132017980787e-05
349,0,0,0.0002930179267558904
350,1,1,0.6030183649002501
360,0,0,0.002127721190741076
368,0,0,0.0019339939880557368
371,0,0,0.009587567238545324
373,0,1,0.5393620505507751
391,0,0,0.0511465216708769
392,1,0,0.00705658087309047
397,0,0,6.00742309074653e-07
398,0,0,0.006272247440094402
400,0,0,0.08710059811268443
402,0,0,0.0006173271330829727
404,0,0,0.0010483509202783923
420,0,0,0.14113975636424442
422,0,0,0.003505836680013307
425,0,0,1.2682613068806836e-05
426,0,0,0.005924563967847769
432,0,0,0.01410680303695502
441,0,0,0.0031404208698040236
450,0,0,0.0003793128115897546
453,0,0,0.0029897217216158013
467,0,0,0.008043991957218532
473,0,0,0.010147031745031232
475,0,0,0.00012120202453258456
481,0,0,0.031690394799272444
483,0,0,0.0020509954997458496
484,0,0,8.143782836963868e-05
486,0,0,0.0019063975270076018
494,0,0,0.03162643541063185
505,0,0,0.25876338364515855
529,0,0,0.0011139518465519656
535,0,0,0.10719066008529071
537,0,0,0.0033889626996758244
538,0,0,0.004801268274913921
541,0,0,0.0024175139555598743
542,0,0,0.029907176707879395
546,0,0,0.00037462698018983097
554,0,0,0.0001827531414393159
558,0,0,0.0008104742699395615
563,0,0,0.0013480908393027717
567,1,0,0.2874370775631904
568,0,0,0.32008800633386664
577,0,0,1.6728397924683955e-06
578,0,0,0.005540258993059383
579,0,0,0.0037583195032786783
585,0,0,0.0010269291848053082
586,0,0,0.002302309181694136
590,1,0,0.355038055073687
605,0,0,6.867681711517673e-05
608,0,0,0.007338435087374598
611,0,0,0.3302585667954939
613,0,0,5.7090258157589365e-06
614,0,1,0.5890779819631664
620,0,0,5.880555815279194e-06
622,0,0,0.16547822241882792
624,0,0,0.02006746183071565
625,0,0,0.024398412714672878
643,0,0,4.877275515044377e-06
645,0,0,0.04581991098471317
647,0,0,0.021730596536424902
651,0,0,3.1697439157127775e-06
652,0,0,0.005054729866020848
654,0,0,0.004489667831760398
667,0,0,0.3375783802156362
673,0,0,0.001588696335271233
678,0,0,0.002292544031354564
694,0,0,0.0004525776106353294
696,0,0,0.14055308075289652
697,0,0,0.1974433520084827
699,1,0,0.1675859831890109
701,0,0,0.0001551724845693445
708,0,0,0.02359947750918879
717,0,0,0.003461109052516198
723,0,0,1.4416169383093521e-05
724,0,0,1.3629528662079766e-05
726,0,0,0.008422024886480183
734,0,0,0.0019892481737925505
735,0,0,7.598112247688862e-05
750,0,0,0.008049299887041797
758,0,0,1.9817591383778706e-05
759,0,0,1.8819307524372934e-05
761,0,0,3.8117695912938747e-07
762,0,0,0.0006602181378981642
763,1,0,0.12363889773270358
773,0,0,0.2775483091465169
775,0,0,0.0241175350309378
787,0,0,0.009684718420676341
789,0,0,0.0013886146798903244
797,0,0,0.007767785405034282
798,0,0,0.00015248904935172714
801,0,0,6.898796490621388e-06
809,0,0,0.0009016118774455399
827,0,0,0.004762944329454724
829,0,0,0.060338759158642376
832,0,0,0.0001829427915441188
837,0,0,0.05412920479299853
839,0,0,6.054333567601924e-05
841,0,0,0.00016570881617486376
853,0,0,3.12148707841055e-05
858,0,0,0.0014061899219787834
864,0,0,0.002360107274912075
870,0,0,0.0022537524812441603
871,0,0,0.0004417510889421957
873,0,0,0.06591514100259901
878,0,0,0.09280995978835332
887,0,0,0.0008935422696475154
895,1,1,0.984747846006448
898,0,0,0.0017872959464467568
899,0,0,0.004373914142878149
905,1,0,0.0139382039743067
910,0,0,0.01993662100902556
911,0,0,0.07531137313752842
916,0,0,0.0005911506792351776
923,0,0,0.0003171022761550844
932,0,0,1.3150326263219113e-05
937,0,0,0.25601219079984705
939,0,0,0.0019276211801836074
942,0,0,0.007701387952682877
943,0,0,0.0011419404904128747
945,0,0,0.0025553378382709366
948,0,0,2.422116112011418e-07
949,0,0,0.002839851712788555
957,0,0,0.00037320281409747335
962,0,0,0.055662806351280084
967,0,0,0.05664814016471631
968,0,0,5.403727441223912e-06
971,0,0,0.00840481177574491
973,0,0,2.0610119248500025e-05
982,0,0,0.008443258824293651
984,0,0,0.0003102987044368471
989,0,0,3.302845769715403e-05
990,0,0,0.08059182811982919
997,0,0,0.0028385476548872532
998,0,0,0.21515865202259352
999,1,0,0.05632755142670045
1004,0,0,0.0005653864944174144
1007,0,0,5.388600765821175e-06
1012,0,0,3.8011973191114534e-05
1022,1,1,0.9947710640358848
1029,0,0,0.00010579743948225556
1031,0,0,7.053260776473002e-07
1032,0,0,0.00019960504195108445
1041,0,0,4.885067470631628e-05
1043,0,0,0.003723078443993909
1054,0,0,0.004695786236835854
1059,0,0,2.621953847942054e-05
1067,0,0,0.00020163980057826862
1068,0,0,3.6629384357713494e-05
1073,0,0,0.0013630499598652835
1078,0,0,0.07470656707699457
1084,0,0,0.16863514769047927
1094,0,0,0.018806043639819844
1097,0,0,0.011967356129161581
1101,0,0,0.01745391735090794
1102,0,0,0.0025913029674504706
1103,0,0,0.04208972843670748
1134,0,0,0.0012600175346393926
1142,0,0,0.04517382872351951
1144,0,0,0.00022397009419901015
1148,0,0,0.0280461193724718
1151,0,0,0.015372445492339019
1155,0,0,0.0009720770066823368
1161,0,0,0.00793692913231116
1163,0,0,0.39247052099139135
1165,0,0,0.04245888525249464
1168,0,0,0.08725622656785931
1169,0,0,0.006661353084819644
1175,0,0,0.014206877684090999
1176,0,0,0.010165178039275724
1178,0,0,0.0021536632621215936
1186,0,0,0.010572791669316765
1191,0,0,0.001610129281737299
1192,0,0,0.08982102469747434
1200,0,0,1.2928643684240006e-05
1203,0,0,0.009231595764398947
1208,0,0,0.007844523540612162
1212,0,0,0.1076320010376195
1215,0,0,3.101402450490112e-05
1227,0,0,0.0008983144890950525
1230,0,0,0.1567817602011431
1231,1,1,0.9983310831109768
1232,0,0,0.014278584115029632
1233,0,0,0.04532287373205655
1235,0,0,0.00036782649653563696
1237,0,0,0.044705713712862964
1243,0,0,9.06222802289116e-05
1254,0,0,0.26002252325982883
1255,0,0,5.041508004215177e-06
1264,0,0,0.0003786286131871483
1265,0,0,0.00027207492978846196
1266,0,0,0.2622690189173057
1273,0,0,0.05075605327625498
1286,0,0,0.07641224879157457
1293,0,0,0.0002723140622331509
1304,0,0,0.0025739636121136704
1316,0,0,5.543318908048887e-07
1320,0,0,0.000653677228924851
1321,0,0,0.00020075534189877692
1323,0,0,0.04767421301232319
1327,0,0,0.03103085498890685
1332,1,1,0.9981197935430545
1333,0,0,0.07755168165509235
1335,0,0,0.03463987085222361
1350,0,0,0.0002413425683103068
1351,0,0,0.010563264815288761
1354,0,0,0.001005376119592807
1356,0,0,0.0017691156553924963
1357,0,0,0.20811898568951553
1367,0,0,0.024466512363580044
1369,1,1,0.9937700128760921
1379,0,0,0.0009305135408335389
1385,0,0,0.03967710406899745
1389,1,1,0.9840178649157773
1400,0,0,0.004894016395118168
1405,0,0,0.40637256721067055
1408,0,0,0.0020932686545057392
1416,0,0,0.03501997149388861
1423,0,0,0.00020649544094102816
1425,0,0,0.034429163966674683
1430,0,0,0.4791681343428416
1431,0,0,0.0001330463676431502
1434,0,0,0.009298967896724674
1436,0,0,0.00044137266167264093
1437,0,0,0.023577057052908926
1440,0,0,0.08590926348433894
1444,0,0,0.00027636868015878556
1448,0,0,0.04105264395186518
1456,1,1,0.9938527658216705
1459,0,0,0.020307622114462038
1467,0,0,0.005543240918201991
1468,0,0,0.00576822621095492
1481,0,0,0.001521871199900448
1482,0,0,0.0914256061233585
1486,0,0,0.0009225113687257761
1487,0,0,0.011730584816167988
1495,0,0,0.0019380571069342295
1503,0,0,0.2594082607859829
1506,0,0,0.0025755863341345962
1507,0,0,0.018836523250867827
1509,0,0,0.002272993830425325
1520,0,0,0.021898940968149264
1532,0,0,3.298991156709029e-05
1534,0,0,0.00043245895161026036
1538,0,0,0.013707723106238388
1539,0,0,0.0003923055458818852
1563,0,0,6.809987989081399e-06
1567,0,0,0.0021147325290551814
1568,0,0,0.19003528096994388
1571,1,1,0.759200235963187
1572,0,0,0.03819135928942009
1589,0,0,0.00382952494063099
1595,0,0,0.002124659390956489
1596,0,0,0.025866994662712688
1597,0,0,0.0008304509624262652
1602,0,0,0.00017662192349938156
1604,0,0,0.02205945720352537
1613,0,0,0.010525813823920132
1619,0,0,0.00426032797779954
1642,0,0,0.0002790412344796084
1645,0,1,0.6673523838226448
1650,0,0,0.011350806201713555
1652,0,0,0.007531159856004346
1655,1,1,0.5558370308216612
1657,0,0,0.00012716509986049405
1667,0,0,0.00011226816198737618
1671,0,0,0.0051502785983550325
1676,0,0,0.0046557338745124325
1681,0,0,0.17678153188307974
1682,0,0,0.13110468701396824
1683,0,0,0.001355734080246925
1686,0,0,0.00046975866296612413
1688,0,0,0.1001369522301589
1698,0,0,0.0602023698886385
1706,0,0,1.913579555482325e-05
1707,0,0,0.002172638195295523
1709,0,0,0.10010853343791139
1716,0,0,5.335066660798917e-05
1723,1,1,0.9874715480429782
1728,0,1,0.7636343327207054
1734,0,0,0.0016378290682830744
1736,1,0,0.03399609012380809
1741,0,0,0.004241971924775653
1743,0,0,0.00035086773470419477
1745,0,0,0.001622226105035209
1751,0,0,0.0003166108365046447
1752,1,1,0.9816102252319397
1755,0,0,1.2108414898232492e-05
1761,0,0,4.117945907969537e-06
1763,0,0,1.4194122741924043e-06
1766,0,0,0.07290777567392809
1771,0,0,0.0004915307026797175
1774,0,1,0.5514116737507208
1777,0,0,0.05471074323244822
1779,0,0,0.00027895073158741747
1784,0,0,0.012497740606638958
1787,0,0,0.0001057276378942627
1788,0,0,0.00027372504121247814
1794,1,1,0.9402354359178168
1805,0,0,0.0022597862696213593
1807,0,0,0.0020385981607634377
1810,0,0,0.0013415837078502562
1813,0,0,0.00323128649106115
1814,0,0,0.0009400375360624219
1819,0,0,0.001449247491919679
1820,0,0,0.06316749429779235
1821,0,0,1.4866275328311729e-05
1826,0,0,1.849148908969002e-06
1832,0,0,0.006047047589894768
1837,0,0,1.3921753629024315e-05
1840,1,0,0.45815883964197324
1859,0,0,0.05180266292865595
1860,0,0,2.953362829327848e-06
1867,0,0,0.0013131566907977452
1868,0,0,0.017469534410109386
1876,0,0,0.001174336789284319
1880,0,0,0.4270221654652934
1895,0,0,0.004770886749999659
1903,1,1,0.9342221621573013
1910,0,0,0.010658266066986812
1913,0,0,0.0003064773330821587
1919,0,0,1.6888285012252265e-05
1923,0,0,0.007160569599791422
1925,1,0,0.03532852306022126
1927,0,0,0.0005373548087370721
1928,0,0,0.00013350280501564924
1930,0,0,0.00033380759881062656
1934,0,0,0.0026541610715357187
1937,1,1,0.9583186754388167
1944,0,0,0.03604855878399767
1947,0,0,0.03264638362089767
1955,0,0,0.03219736676146786
1958,0,0,1.2984489480180237e-05
1959,0,0,0.014490029255897765
1960,0,0,0.006676060926724125
1961,1,0,0.054438537912478074
1964,0,0,0.01306717659141667
1970,0,0,8.942225367727628e-06
1980,0,0,0.12963861308509458
1983,0,0,0.08603231416977623
1994,0,0,4.631599774453902e-06
1995,0,0,0.029119751130973204
1997,0,0,0.09205572760535162
2002,0,0,0.011812461546696422
2010,0,0,4.290574858332487e-06
2013,0,0,0.030486904160594016
2014,0,0,0.13863710680281838
2025,0,0,0.00011409956775491447
2027,0,0,0.003928837468647231
2031,0,0,0.26380072973240043
2047,0,0,0.0014247690522087234
2050,0,0,0.01146022952446899
2057,0,0,0.0050934502650921785
2064,0,0,2.923955537599798e-06
2066,0,0,0.012855484366558624
2068,0,0,0.0005726131452226216
2077,0,0,0.1275619727210971
2078,0,0,0.0343693905810307
2082,0,0,0.01184021901539329
2090,0,0,0.01970552443516687
2092,0,0,1.3042281619592175e-05
2093,0,0,0.028769994202143972
2102,0,0,1.6531752300510754e-05
2105,0,0,0.00012597255671311527
2106,0,0,0.005138832739947998
2108,0,0,0.0007483023067551522
2110,0,0,0.007350876856549941
2111,0,0,0.005023191182587217
2113,1,1,0.5699681197729056
2120,0,0,0.0012891077028869885
2121,0,0,0.0001875502457641432
2124,0,0,0.0017860705810997532
2130,0,0,0.00027555077240971155
2138,0,0,0.0024813925332119865
2139,0,0,0.04822456243665456
2140,0,0,0.011484775380088061
2152,0,0,0.19263224934119924
2154,0,0,0.046174092175055095
2160,0,0,9.096929471752318e-05
2172,0,0,0.000527240012309687
2173,0,0,0.025724524290017668
2175,0,0,0.0025853663318204704
2180,0,0,0.432598105594101
2182,0,0,0.04815333685409759
2183,0,0,0.0015908411177869312
2190,0,0,0.06933538041835588
2191,0,0,4.31342140063095e-05
2194,0,0,0.007942440486890242
2206,0,0,0.00045358740424421615
2208,0,0,0.11648247796384047
2210,0,0,1.07508911069991e-05
2211,0,0,0.0069528993887891825
2212,0,0,0.052000368988878595
2215,0,0,0.0012488757393965542
2219,0,0,0.0016787329441303076
2220,0,0,0.0010723542851963893
2231,0,0,4.511640380613113e-06
2233,0,0,0.003574159836267074
2240,0,0,7.301414339739655e-05
2247,0,0,8.80079774589377e-05
2251,0,0,0.019400268100383297
2257,0,0,0.0017258897071307162
2265,0,0,0.2742280430845032
2278,0,0,1.8001657547230472e-06
2281,0,0,0.02777412945830309
2296,0,0,0.026702338009210815
2299,0,0,0.0014941279187106959
2303,0,0,9.7997685771128e-05
2305,1,1,0.9835143925108063
2307,0,0,0.062404658989641
2309,0,0,0.005840968119845851
2310,0,0,0.014928823555375838
2312,0,0,0.060650994427391164
2325,0,0,0.009010995966011815
2330,0,0,0.0075291797229177
2331,0,0,0.11217039871125635
2350,1,1,0.9930950159728607
2356,0,0,6.008354479704902e-07
2360,1,1,0.8418707660646071
2366,0,0,0.028400663462725437
2370,0,0,5.14891114634597e-06
2376,0,0,0.018071838300275627
2381,0,0,4.48152664071077e-05
2388,0,0,0.008168131896410443
2389,0,0,0.07239304245409935
2392,0,0,0.00024713581932773765
2400,0,0,0.20575800513449222
2409,0,0,0.005177580519390821
2411,0,1,0.756462238736325
2412,0,0,0.001242603238195712
2414,0,0,0.00039099835082470673
2417,0,0,0.0002252063255897767
2418,0,0,9.90198477348399e-06
2434,0,0,0.03430922414153863
2440,0,0,0.0006858270314457077
2460,0,0,0.0006169268091439024
2461,0,0,0.0818145277873065
2462,1,1,0.6167170053970581
2464,0,0,0.00036898211361563113
2469,0,0,0.001778728771467248
2475,0,0,0.04488589567266677
2478,0,0,0.0002972848617734689
2479,0,0,0.00017547204399767093
2482,0,0,8.373205878933593e-05
2493,0,0,0.001639767409661603
2503,0,0,3.4402858645473205e-05
2513,0,0,0.00037191480248084484
2520,1,1,0.9977346946352486
2541,1,1,0.9991200358922602
2544,1,1,0.7295956671374488
2546,0,0,0.004043858840429474
2569,0,0,0.02100517969717227
2570,0,0,0.06417517543428532
2574,0,0,0.00015728801909464874
2581,0,0,0.019765546010013305
2586,0,0,0.00021161922623298942
2590,0,0,0.08115924853333674
2600,0,0,0.016664380207714467
2601,0,0,0.00010372214299603681
2603,0,0,1.311322398416442e-07
2604,0,0,0.032536660439852476
2614,1,1,0.9964922763837012
2615,0,0,0.007047405288343695
2619,0,0,0.001935507987877582
2620,1,0,0.19375000707053638
2623,0,0,0.00039321595514246743
2624,1,0,0.36602485181458855
2628,0,0,0.011767084829830328
2630,0,0,0.0009644020418331765
2636,0,0,0.16076620587080628
2637,0,0,0.1739601055046228
2643,0,0,0.025578513479328605
2649,0,0,0.0029240744843339016
2655,0,0,0.0008333506178092761
2662,0,0,0.001398354839068313
2669,0,0,0.0006023169708588471
2672,0,0,0.0015975618997462228
2674,0,0,8.154526587470518e-06
2682,0,0,0.0006988946677063227
2688,0,0,1.6450207277540777e-05
2697,0,0,0.01409333814210503
2698,0,0,0.024944184748319585
2700,0,0,0.000866798895224212
2705,0,0,0.0008277749534049027
2706,0,0,0.1505533932827088
2707,0,0,0.0008096432892859381
2709,0,0,0.04932586937623428
2713,0,0,0.00039287473034861647
2716,0,0,0.00464231059933145
2717,0,0,0.006250789673061472
2721,0,0,3.248047609260167e-06
2731,0,0,6.908934017522653e-05
2733,1,1,0.9992734903108379
2736,0,0,0.00030169531994957247
2758,0,0,0.06141240607169819
2775,0,0,0.004094244626582159
2778,0,0,0.00202389742448798
2786,1,0,0.14957473540426963
2790,0,0,0.2380510870350039
2792,0,0,0.012690995487906942
2804,0,0,0.0021467354424379403
2805,0,0,0.02562259544197219
2808,0,0,0.0005511368643111195
2810,0,0,0.37003056437958776
2817,1,0,0.35762586747215674
2819,0,0,6.000147149069534e-06
2821,0,0,0.031105021754494862
2822,0,0,0.002089143739595719
2824,1,1,0.9931818682574369
2828,0,0,0.09739811058750852
2835,0,0,6.6095541228048655e-06
2836,0,0,0.14268880014435179
2844,0,0,0.005417494345830812
2846,0,0,0.16368788959479258
2852,0,0,0.0004456909236290347
2853,0,0,1.3784126267648544e-05
2855,0,0,0.009704696750548277
2856,0,0,0.2291979174116143
2863,0,0,1.6002185926781627e-05
2867,0,0,9.674393138349806e-05
2879,0,0,0.005841359988415077
2890,0,0,8.357264661439074e-05
2897,0,0,0.14030364671832268
2904,0,0,0.10369881167673119
2905,0,0,0.001654298591046964
2916,0,0,0.04853267803211968
2921,0,0,5.877873082628977e-06
2924,1,1,0.9975111948524273
2928,0,0,0.0008937921670248132
2934,0,0,0.0027046158535172396
2935,0,0,4.2965066556925484e-05
2938,0,0,0.03431381633570021
2940,0,0,0.0038872313810615206
2948,0,0,0.013537284155634776
2959,0,0,3.664330941071915e-05
2961,0,0,0.0025347941527557945
2962,0,0,0.017599869404278715
2975,0,0,0.0002379518532051711
2979,0,0,0.10851889869619681
2984,0,0,0.0005291702241203225
2985,1,0,0.071203944336538
2986,0,0,1.0751670143662524e-05
2988,0,0,0.0004389086858282757
3002,1,1,0.8601807002111425
3010,0,0,0.030042820515385663
3016,0,0,0.00014043999627502284
3018,0,0,1.918224825025761e-05
3036,0,0,0.017252567311347465
3038,0,0,0.043254757408588015
3048,0,1,0.5701965701585913
3050,1,1,0.9498188974231316
3054,0,0,0.05368472021025422
3061,0,0,0.0005400979803103231
3071,0,0,0.19766528818401902
3078,0,0,0.2984444359759933
3079,0,0,0.006389832745394925
3080,0,0,0.002393464886005794
3088,0,0,0.03400439327599657
3089,0,0,0.0002478488412519761
3090,0,0,0.24520563589713074
3100,1,1,0.977465767125199
3104,0,0,0.055131214398377065
3121,0,0,0.08101637088566083
3123,0,0,0.0006006746588743952
3125,0,0,7.904551979752148e-06
3134,0,0,0.05132490103738323
3137,0,0,0.003050489554119451
3145,0,0,0.0030337991201996647
3151,0,0,0.0001859863824066292
3156,0,0,0.00203486499242009
3158,0,0,0.0011086105739582849
3168,0,0,0.00684914792533201
3169,0,0,0.0008272590954725588
3174,0,0,0.00020538879711191617
3176,0,0,0.02539504646307551
3177,0,0,0.15521649496425086
3179,0,0,8.370286189569669e-06
3182,0,0,0.002847024727187496
3198,0,0,0.000353690577983904
3207,0,0,2.2349169015108846e-05
3208,0,0,0.016353689341071995
3209,0,0,0.000175794611560244
3213,0,0,0.0028810492118199215
3217,0,0,0.00042313438635070634
3228,0,0,0.0014692748950082526
3233,1,1,0.9951861343519149
3245,0,0,0.0031599922463652875
3249,0,0,0.00011225121579055932
3252,1,1,0.9992814081799091
3256,0,0,0.06963571307778818
3257,0,0,0.012374296876579942
3264,0,0,0.007952204739441046
3266,0,0,0.0004033453760566039
3273,0,0,0.24060447855834408
3279,0,0,0.0002533314532784941
3281,0,0,3.659144898183313e-07
3284,0,0,0.0037072812460136966
3290,0,0,0.041939987352732674
3302,0,0,0.02842572675448661
3306,0,0,1.2373685378365623e-05
3314,0,0,0.00585887114616432
3319,0,0,0.02929571224548795
3334,0,0,0.0018289765726278028
3341,1,0,0.17711666488564398
3343,0,0,0.1804873563330241
3345,0,0,0.030503469934654946
3350,0,0,0.005582267679283199
3354,0,0,0.1817841444489551
3355,0,0,0.17440109921869498
3358,0,0,0.005050314429996142
3363,0,0,0.006780696986866697
3364,0,0,0.0028756981613122365
3369,0,0,0.1140455410171989
3382,0,0,0.00016455875229995782
3385,0,0,0.10268166626183876
3388,0,0,0.36731020763095434
3390,0,0,0.01135319610006349
3392,0,0,0.0037049839765178508
3393,0,0,0.07354950201697119
3395,0,0,0.005099738497285327
3397,0,0,0.034690427814900004
3398,0,0,0.0002624173847604096
3403,0,0,0.002126551778628229
3414,0,0,1.7150530859968983e-05
3422,0,0,8.437464096961122e-06
3431,0,0,0.02092616162247454
3433,1,1,0.9765869210444131
3438,0,0,0.022754105328591467
3445,0,0,0.00063820490021237
3456,0,0,2.2436726546081107e-06
3458,0,0,3.8481157236438875e-05
3473,0,0,0.00842538878715522
3479,0,0,0.0052307770816118464
3480,1,1,0.991383642230562
3490,0,0,0.05197021909732212
3494,0,0,0.0016935883817352042
3495,1,0,0.25516454450161496
3506,0,0,0.0026718828028576263
3508,0,0,0.0009516821852907499
3509,0,0,0.0014767213060038467
3510,0,0,5.0704736835130245e-05
3512,0,0,0.0015878332266843504
3514,0,0,0.029059922208710835
3517,0,0,0.0015897368313440134
3519,0,0,0.16280101944750672
3521,0,0,0.001603192113125422
3523,0,0,0.014214213860151965
3524,0,0,0.002388642120881675
3531,0,0,0.00019209524244354753
3535,0,0,3.950522961428299e-05
3536,1,0,0.35144511186011906
3546,0,0,8.995304557993797e-05
3549,0,0,0.00021906055974107297
3553,0,0,6.882293227290227e-06
3557,0,0,0.0002565556037345504
3561,0,0,0.0003227494052561262
3562,0,0,1.769224191605065e-05
3578,0,0,0.00024834457942804093
3581,0,0,0.2086116071835669
3583,0,0,0.15795099246156277
3585,0,1,0.7173008335904606
3590,0,0,0.018852920753255772
3594,0,0,0.00025354202746918946
3596,0,0,0.00017361107800587967
3608,0,0,0.029985008162821625
3614,0,0,0.0006067292954875168
3616,0,0,0.0007673979306134868
3632,0,0,0.0021030634330519455
3637,0,0,5.077517940788995e-05
3642,0,0,0.001523615913146548
3646,0,0,0.004489223764171229
3647,0,0,0.0005184413689587123
3650,0,0,0.0001482368694905555
3653,0,0,0.020061458312604172
3654,0,0,0.08725260607888163
3658,0,0,0.007864614121825568
3659,0,0,0.0018576461098271757
3660,0,0,0.12748943905482202
3665,0,0,0.07974686562294178
3666,0,0,0.0001137349013944105
3670,0,0,0.22958851062061372
3675,0,0,0.0009750642414985667
3688,0,0,8.041970144437352e-06
3694,0,0,0.004446972293668893
3703,0,0,0.009631322430039174
3706,0,0,0.0008281489518440523
3717,0,0,0.003092683268702365
3721,0,0,0.0005439264404104776
3724,0,0,0.02839050545691261
3737,0,0,3.2237175981498493e-06
3738,0,0,0.05052805201393141
3740,0,0,0.05954165778227572
3745,0,0,0.0023245014936336284
3748,0,0,1.7069089228197452e-06
3753,0,0,0.002395560467519799
3765,0,0,0.13917052492141022
3771,0,0,0.11935029149025876
3772,0,0,0.02853905475690499
3775,0,0,0.0019495150034006049
3779,0,0,1.7208517709725792e-05
3781,1,1,0.981853736426297
3784,0,0,0.0003498680545864858
3786,0,0,0.00015353664426679913
3790,0,0,1.0235249278947754e-05
3791,0,0,0.0072262400678566605
3803,0,0,0.04987377965454701
3810,0,0,0.0001305961869997131
3813,1,1,0.7965756184435513
3817,0,0,0.19916135917258365
3826,0,0,0.08912920536672697
3829,0,0,0.0031607611575042434
3833,0,0,0.009633306535715234
3839,0,0,0.006288452135398709
3858,0,0,0.0018504053535307612
3859,0,0,2.705292278745046e-05
3861,0,0,0.0018757084314738515
3862,0,0,9.621048723298492e-06
3873,0,0,0.0013337684731372435
3878,0,0,0.0015802713703249845
3882,1,0,0.28199687948513613
3884,0,0,0.001220171046626655
3892,1,1,0.9566418910795457
3893,0,0,0.0001314525472908925
3899,0,0,0.005393228184759353
3909,0,0,0.006637211972689943
3912,0,0,0.018575933780195068
3920,0,0,1.0549117580101825e-05
3922,1,1,0.8495820753420983
3926,0,0,2.370293877317246e-06
3928,0,0,0.0001641255673189214
3929,0,0,0.031019019608732407
3945,0,0,0.008955337580946689
3951,0,0,0.013679799673210523
3953,0,0,0.009886452983223156
3954,0,0,0.00035130280364463413
3962,0,0,0.068726558539168
3978,0,0,0.11998617316318728
3982,0,0,0.0011936467115122639
3984,0,0,4.30222478522938e-05
3988,0,0,0.06749132758646714
3989,0,0,0.0365742648930699
3990,0,0,0.0007116156819591092
3999,0,0,0.23033338077149637
4000,0,0,0.015112222432883913
4005,0,0,0.009171461939151384
4010,0,0,3.6993612683943174e-05
4014,0,0,0.023828638418324933
4018,0,0,0.00014553504710526264
4020,0,0,0.0013046811876911326
4025,0,0,0.3378073329613813
4040,0,0,2.5778871730873067e-05
4042,0,1,0.5124885483834687
4045,0,0,0.0067878554158810256
4046,0,0,0.07779525531266737
4049,0,0,0.04373646888641889
4052,0,0,0.00020399317859487936
4053,0,0,0.004279693092237884
4057,0,0,0.006937613266945679
4072,0,0,0.044325645208024414
4075,0,0,2.4112347758734206e-05
4083,0,0,5.005987658208349e-05
4085,0,0,0.028114260926877587
4090,0,0,0.0001493466693121014
4094,0,0,0.004486174363285107
4102,0,0,1.0720696715992207e-05
4110,1,0,0.04170771740460414
4111,0,0,0.03307526233165587
4112,0,0,0.21567372181259836
4116,0,0,0.004849575165747609
4119,0,0,0.006509454195841767
4120,0,0,0.00012590283971534048
4125,0,0,0.10915230539158964
4127,0,0,1.1012985658688365e-05
4132,0,0,8.84080170084557e-06
4137,0,0,0.006266876691264618
4142,0,0,0.00018101535881508686
4143,0,0,0.03768782831586181
4145,0,0,0.00022021284462045166
4147,0,0,0.006652593365607184
4154,0,0,0.004839672406510303
4155,0,0,0.0021476313386272795
4169,0,0,0.004631510947456353
4173,0,0,0.00022332334489411217
4182,0,0,0.001234343251513616
4183,0,0,0.17605064997641484
4184,0,0,1.2757680132121822e-06
4185,0,0,0.0012899901854178976
4196,1,1,0.8760137201996444
4198,0,0,0.03028435299924035
4199,0,0,0.00018332246043976282
4202,1,1,0.9677489168421217
4204,0,0,2.1159791445229195e-06
4206,0,0,0.06647343420057195
4208,0,0,0.41179529372764073
4217,0,0,0.01088487407274406
4221,0,0,0.006942842093369544
4227,0,0,1.9060795028201788e-05
4229,0,0,2.88895689009125e-05
4246,0,0,0.019605802256115377
4249,0,0,0.06025678612332362
4250,0,0,0.029212146183866368
4257,1,0,0.009425533425694828
4260,0,0,8.112617764033298e-05
4262,0,0,9.298973815888469e-06
4264,0,0,1.5984430611092228e-06
4266,0,0,0.03863598246824019
4272,0,0,2.6317773223964375e-05
4273,0,0,0.0009367577066240121
4274,1,0,0.24719725079430782
4279,0,0,0.004935764795014529
4287,0,0,0.01238723520758857
4311,0,0,0.0003819192621140585
4319,0,0,0.02064944783586727
4321,0,0,0.0105226810459184
4323,0,0,0.00043967226011274997
4324,0,0,0.027686035741521633
4340,0,0,0.1664776797439287
4344,0,0,0.0505571032920884
4347,0,0,0.07327737731603284
4357,0,0,0.00117495189441641
4358,0,0,0.16197471897650761
4360,0,0,1.6067993331172864e-05
4363,0,0,0.001352411890378658
4368,0,0,7.551929222639512e-06
4369,0,0,0.003788021607763223
4373,0,0,0.0006043037594856682
4375,0,0,0.02106859376409617
4380,0,0,0.006725957580534472
4388,0,0,0.0004071170480592845
4389,0,0,0.007037426529757808
4390,1,1,0.9969845410131553
4395,0,0,1.3090997084885772e-06
4397,0,0,0.0029282351161442205
4400,0,0,1.3155622032112398e-05
4403,0,0,0.2094304176531496
4407,0,0,0.004025344219599612
4408,0,0,0.00016704887032789002
4410,0,0,0.000411068340366454
4414,0,0,0.003021804632034524
4415,1,1,0.969817478118337
4417,0,0,5.5068194887072783e-05
4419,0,0,4.7203184611095225e-05
4422,0,0,0.00017395220886942038
4435,0,0,0.005776019287097406
4448,0,0,0.05438858021873323
4466,0,0,0.005002730537141637
4470,0,0,0.025671571820023973
4472,0,0,5.856419478937431e-06
4485,0,0,0.0016375256231599491
4493,0,0,0.000767206352460582
4502,0,0,6.85382755560832e-06
4512,0,0,0.0008329629784579868
4513,0,0,0.009717370416187875
4515,1,0,0.09048297586789687
4517,0,0,0.0001325809706637161
4520,0,0,0.09696616598962572
4528,0,0,0.0001244277674129087
4537,0,0,0.0009677661276785933
4538,0,0,0.0650168719717625
4540,0,0,0.0026396463117559946
4541,0,0,0.0019019317874588815
4543,0,0,6.815096811577126e-07
4544,0,0,0.005579942464836283
4545,0,0,0.0322310563376479
4548,0,0,0.0046927615887738874
4558,0,0,0.0002324623259559269
4567,1,1,0.9789550180694477
4568,0,0,0.004184411006075444
4569,1,1,0.9826367128002614
4587,0,0,0.008697024187341763
4591,0,0,0.014834680666994999
4607,0,0,2.150240955256566e-06
4631,0,0,0.1496068384525765
4653,0,0,3.502209478080533e-06
4658,0,0,0.007468270925749882
4676,0,0,9.723239929050286e-05
4678,0,0,0.0010284935570655243
4681,0,0,0.009294652801032244
4682,0,0,0.019953815524406556
4685,0,0,0.19681904240497125
4694,0,0,1.7315665607148351e-06
4711,0,0,0.009554948772907496
4722,0,0,0.021172461821520595
4723,0,0,0.0037604055780122475
4725,0,0,0.000811315674179217
4727,0,0,8.107644126088064e-05
4736,0,0,0.056286573904397647
4739,0,0,9.277335863469896e-07
4743,0,0,0.0312147327226924
4746,0,0,0.00045965014730887894
4749,0,0,0.00627681353947933
4754,0,0,0.0010394827614177776
4757,0,0,0.005359344817942117
4759,0,0,0.0006980028983984049
4780,0,0,0.0002760319770174338
4781,0,0,0.002148785808566449
4784,0,0,0.004254463379935172
4788,1,1,0.9548145759078384
4789,0,0,0.1499748750713325
4790,0,0,0.004707276490846073
4796,1,0,0.03400357570178434
4801,0,0,4.696768432759531e-05
4802,0,0,0.00036793187643416954
4803,0,0,8.135099835030015e-05
4811,0,0,0.002714434476189804
4812,0,0,0.01658111916602069
4814,0,0,1.343906244121001e-05
4816,0,0,0.04156597367051218
4828,1,0,0.19770050768342493
4829,0,0,7.907966799561304e-06
4845,0,0,0.0001349194169747402
4850,0,0,0.07696842802057384
4862,0,0,3.825632485692199e-05
4863,0,0,0.02846394315433834
4866,0,0,0.016406581860935368
4868,1,1,0.8684533902229957
4870,0,0,0.0006894330980849259
4872,0,0,0.0007848054569579149
4873,0,0,0.0007529280196379207
4875,0,0,0.03331963857213827
4879,0,0,0.02064750027887752
4892,0,0,0.00046229172423786075
4896,0,0,0.02642101814188164
4908,0,0,0.2604596300844658
4912,0,0,0.011299522082954148
4915,0,0,0.03172313280858584
4916,0,0,8.203206018845671e-06
4920,0,0,0.06787113002181497
4926,0,0,0.00026678230435614166
4933,0,0,3.177261922113415e-05
4934,0,0,0.06720389584797806
4939,0,0,0.0020389526871209098
4947,0,0,0.3345249883711832
4952,0,0,0.0008732117829597997
4962,0,0,0.039909866619143856
4963,0,0,0.1895826834465465
4973,0,0,0.0003615725215070859
4976,0,0,0.01332061942686667
4979,0,0,0.00985713063748743
4983,0,0,0.00953371886462103
4990,0,0,0.2777900844291913
4996,1,0,0.05421977572924115
4999,0,0,0.23495946389237377
5000,0,0,0.002773416055872111
5017,0,0,0.013135305661549471
5026,0,0,5.291182270062782e-07
5031,0,0,8.604105925571626e-05
5032,0,0,0.026205832490219252
5046,0,0,0.0005364875587226795
5048,0,0,0.13217680494375122
5051,0,0,0.25595556206822034
5052,0,0,0.007699822518103704
5054,0,0,2.2196237577135044e-05
5058,0,0,6.290938974530815e-05
5063,0,0,0.00801364278779212
5073,0,0,0.0023484570835935127
5080,0,0,0.0028972462642219525
5082,0,0,0.0019061560984631057
5085,0,0,0.002719690423098778
5086,0,0,0.0002773376660228947
5092,1,0,0.09400368879105511
5097,0,0,0.00015879364096616505
5102,0,0,0.14298222655833556
5104,0,1,0.5057290080108944
5112,0,0,0.015930559517585385
5132,1,1,0.8583993902839194
5133,0,0,0.028062989021944464
5134,0,0,0.0002699004749304608
5135,0,0,0.027746945381448677
5140,0,1,0.6280516729951324
5145,0,0,4.181875725461325e-07
5153,1,1,0.903169936173418
5155,0,0,0.33847049375382193
5156,0,0,0.005796834681958137
5163,0,0,0.0002743986869096599
5166,0,0,0.001456635712669912
5184,0,0,5.15512068557679e-05
5185,0,0,0.16491992793458113
5188,0,0,0.0073625882689691636
5210,0,0,0.010228114834653669
5213,0,0,2.8606607727421318e-05
5214,0,0,0.02570772108388899
5215,0,0,9.048938422719898e-07
5220,0,0,0.0002100691099336188
5225,0,0,5.8240635380899293e-05
5226,0,0,0.031021458977006314
5228,0,0,0.019951908591098824
5229,0,0,0.00021819480809339594
5231,0,0,0.04136106033984496
5233,0,0,0.001347295132008397
5236,1,1,0.9959571279003038
5251,0,0,1.1091847856323978e-05
5252,0,0,2.1344690039479618e-05
5259,0,0,0.013823790470683424
5261,0,0,0.0757150077616452
5263,1,1,0.7730350452048481
5264,0,0,0.008966866570979292
5265,0,0,0.0018368565244925774
5272,0,0,0.14915044994011653
5273,0,0,5.0688571318864233e-05
5278,0,0,0.03791353399378067
5284,0,0,0.0011534480150051558
5297,0,0,7.257947700700219e-05
5300,0,0,3.4632160027332074e-05
5304,0,0,0.0004005161760573501
5307,0,0,6.440079638474147e-06
5310,0,0,0.0007585687567245638
5312,0,0,7.223847051824653e-05
5314,0,0,0.00013224543696537818
5315,0,0,0.005007916489257797
5318,0,0,0.020021264383889743
5330,0,0,0.006476024107546122
5335,0,0,0.0007520859419570966
5337,0,0,0.0017834736701777471
5338,0,0,0.00013580458009258636
5342,1,1,0.9693052621400352
5349,0,0,0.0809824205777023
5359,1,0,0.33596259502477444
5367,0,0,0.15383817246426765
5371,0,0,0.09031575238970693
5378,0,0,0.0011015813073293038
5380,0,0,0.0008976904736338449
5382,0,0,0.0006260522905655125
5384,1,0,0.08047375344442037
5385,0,0,0.0012133508982595115
5404,0,0,0.0003347868342720996
5406,0,0,4.70133646299483e-06
5408,0,0,0.0010206198775627678
5409,0,0,0.0025920723499449575
5411,0,0,0.0002624530433035654
5415,0,0,0.0006000323538476219
5417,1,1,0.6946866749768607
5421,0,0,3.0103474701523264e-05
5429,0,0,0.07096930575373239
5431,1,1,0.9133472977996518
5432,0,0,0.0015982538051744627
5436,0,0,0.012841672239472232
5440,0,0,5.425083191042178e-05
5447,0,0,0.026755285311977677
5450,0,0,0.017697827675472677
5451,0,0,0.0017030292111710507
5457,0,0,0.000141502680660971
5459,0,0,0.003114284753450422
5476,0,0,1.1202973113827208e-06
5480,0,0,1.4234575136416657e-06
5486,0,0,0.007650060936678064
5488,0,0,0.08818683960355736
5495,0,0,0.023325490808266423
5499,0,0,0.1100521633775426
5504,0,0,6.319525890137224e-05
5512,0,0,0.00014551424205194052
5518,0,0,0.005195752782715556
5521,1,1,0.9966160324677091
5525,0,0,0.006673956198792675
5527,0,0,0.000981390056613275
5533,0,0,1.8612495954850768e-06
5537,1,1,0.997062382195029
5538,0,0,4.581054840934924e-06
5540,0,0,0.08256770355301915
5550,1,1,0.9960546837146907
5558,0,0,0.001142564659158733
5561,0,0,1.0109841850465211e-05
5564,1,1,0.6731171120802666
5565,0,0,3.6245777696952892e-06
5567,0,0,0.17009908388416717
5580,0,0,0.06587431202840825
5582,0,0,0.07799994152703861
5585,0,0,0.012067726722035484
5591,0,0,0.0071733969245340356
5604,0,0,0.005947984561002354
5610,0,0,0.00019782460042805147
5612,0,0,0.0009055332204279726
5616,0,0,1.2381201157571866e-05
5617,0,0,0.11353492368543601
5629,0,0,0.10071344045345942
5635,0,0,0.0018330518833632368
5640,0,0,0.0016274006225628977
5652,0,0,0.0006391300971307686
5658,0,0,0.0051047552400433766
5660,0,0,0.0015594345093372013
5666,0,0,3.1700253565795434e-05
5679,0,0,0.002057439413703388
5680,0,0,0.006299741790333748
5686,0,0,0.17119005083585195
5692,0,0,0.009755593016597376
5704,0,0,0.009805374670106892
5706,0,0,0.00020641697684985235
5708,0,0,0.0022355969064749943
5713,0,0,0.0008400920094286718
5714,1,1,0.9530503510073155
5723,0,0,0.0031079570748847596
5726,0,0,0.3064058853039108
5729,0,0,0.0005098497553174431
5730,0,0,0.018215784784051336
5737,1,1,0.9738974592457614
5750,0,0,0.04927848598221303
5757,0,0,0.03351502324273006
5759,0,0,0.001531514341410817
5760,0,0,0.00011329149444695577
5761,0,0,0.00011970327237655355
5767,0,0,0.005313809391235346
5769,0,0,0.001292163111058021
5770,0,0,0.11108627964387538
5775,0,0,1.1952224035404617e-07
5778,0,0,1.4872939058329502e-05
5787,0,0,0.003822766471447489
5790,0,0,0.007927973228118902
5792,0,0,0.0006744667284905871
5793,0,0,0.0005332926537855022
5801,0,0,0.006318189314948019
5804,0,0,6.356053683841504e-06
5806,0,0,0.027444289880928698
5808,0,0,0.0035648248211236624
5816,0,0,0.0011890919409220718
5823,0,0,2.185154545205186e-05
5826,0,0,7.392766029221817e-05
5831,0,0,5.409798729528864e-06
5832,0,0,0.0022753870557883
5834,0,0,0.0010827244961425667
5837,0,0,0.021885714684984316
5838,0,0,4.2526705665696584e-05
5845,0,0,0.026202207479676064
5846,1,1,0.9847954147124106
5871,0,0,0.007789221538091216
5873,0,0,0.0006043102952866633
5879,0,0,0.009694477892622391
5886,0,0,0.003224948393936072
5887,0,0,0.047160166866073834
5888,0,0,7.197838938433588e-06
5893,0,0,0.003718918365174186
5900,0,0,0.0007294077148625569
5903,0,0,0.034342841845423334
5905,0,0,0.0004108807481023823
5910,0,0,5.934907276921837e-07
5912,0,0,0.018399819932617037
5918,0,0,0.000563452031071619
5923,0,0,7.512767541514359e-05
5924,1,1,0.9990715941963944
5927,0,0,0.06218187298061812
5936,0,0,0.09010276627095178
5937,0,0,0.00044763371333596047
5938,0,0,0.14074483675554142
5941,0,0,0.13349093189854183
5943,0,0,0.00149752528992883
5948,0,0,0.0001620020196905713
5953,0,0,0.0007384562699209706
5955,1,1,0.9559416523884343
5964,0,0,0.00013212398282214875
5967,0,0,0.0013785706472302568
5971,0,0,0.0001989795590074066
5975,0,0,0.03336225952280842
5978,0,0,0.06952979345133332
5980,0,0,0.01058843515867523
5986,0,0,0.00019384624453410741
5987,0,0,0.0016483955866755371
5989,0,0,0.023487157961348634
5998,0,0,0.054991294571656246
5999,0,0,9.355680126987965e-06
6006,0,0,0.002012466089950648
6008,0,0,0.11143233424940746
6020,0,0,5.6365142443031654e-05
6022,1,0,0.055942179571003905
6027,0,0,0.010957065081156219
6028,0,0,0.06807480883168583
6034,0,0,1.5358995390756942e-06
6038,0,0,0.00021065272100330256
6042,0,0,0.005587243206961739
6043,0,0,0.053957357054576896
6050,0,0,0.0045870128624195955
6059,0,0,3.130088449080108e-05
6060,1,1,0.9610978433850876
6065,0,0,4.852592431279696e-06
6075,0,0,0.004356751917627851
6076,0,0,0.0005316064122390207
6081,0,0,0.009674323034505283
6086,0,0,1.5424204130134224e-06
6090,0,0,0.0002443639756883328
6091,0,0,0.0009429086891726492
6092,0,0,0.0003959774073304514
6118,0,1,0.5335938744238937
6120,0,0,0.06398368761107574
6122,0,0,4.154387486303665e-06
6123,0,0,0.013796051437027125
6126,1,1,0.8854008423712242
6128,0,0,0.00019933820872828452
6131,0,0,1.5990442175982127e-05
6134,0,0,0.0031374046814959017
6138,0,0,0.0005042945839605862
6146,0,0,0.0012383838936674552
6148,0,0,0.0027045797040733204
6152,0,0,2.1591922066655736e-05
6158,0,0,4.305621548304125e-05
6159,0,0,0.0013787145233797168
6160,0,0,0.0020383817789314676
6161,0,0,0.0002199829413293671
6167,0,0,0.0001635857181358189
6170,0,0,4.544764380094708e-05
6172,0,0,2.4451964644993293e-05
6174,0,0,2.2068394233967235e-05
6178,0,0,0.0011788128766917242
6179,1,1,0.8217218060752722
6183,0,0,3.983986322402942e-06
6184,0,0,0.0009829052644025954
6185,0,0,0.1262156589257837
6190,1,1,0.9703812490325344
6191,1,1,0.7328679345851123
6192,0,0,0.0009533860805094905
6196,0,0,0.0015698368163598697
6209,1,1,0.9976753453109867
6215,0,0,3.7464026962974634e-06
6216,0,0,0.0004951741777836829
6226,0,0,4.94499901177898e-05
6227,1,0,0.02606962382505818
6229,0,0,0.009493149365813826
6236,0,0,0.06149184365141692
6243,0,0,0.0002765190230389428
6253,0,0,0.010764720437386644
6257,0,0,0.0001332481593510883
6260,0,0,9.424880716545996e-08
6262,1,1,0.9970112047425033
6263,0,0,0.08195408155988279
6265,0,0,0.0029763502090766176
6266,0,0,0.004004072259058989
6267,0,0,3.687376630253032e-05
6279,0,0,0.0003808374244492462
6284,0,0,0.002073943004594796
6287,1,0,0.19836336283303319
6291,0,0,6.79832729248717e-06
6297,0,0,0.12513844556778275
6300,0,0,0.021710609814991007
6307,1,1,0.6840762066304312
6310,0,0,0.0005863469147700014
6313,0,0,0.0009082800991649557
6320,0,0,0.19457647213302665
6322,0,0,0.0001479501648861502
6327,0,0,0.0016091418505398115
6329,0,0,0.0007037174564277398
6347,0,0,0.08193836676732498
6352,0,0,0.0017734874560821486
6354,0,0,0.00020575747599936998
6356,1,0,0.09708204042881079
6362,0,0,4.426027016931377e-06
6365,1,0,0.18583002552618655
6374,0,0,0.0002170471710100979
6378,0,0,0.0001525712435803595
6383,0,0,0.00010171084240941821
6388,0,0,0.02153086858526492
6394,0,0,0.018715518857116586
6395,0,0,0.000690140888238424
6401,0,0,0.05663714773603077
6404,1,1,0.9904522369721197
6414,0,0,0.23477154885707727
6415,0,0,0.0037608069195676523
6418,0,0,0.0012139885364439056
6422,0,0,0.0004046200457690144
6425,0,0,0.0008525881613646482
6426,0,0,3.768039036471262e-06
6428,0,0,0.0005201254954002413
6431,0,0,0.11104042808090897
6435,0,0,0.0534330621122121
6453,0,0,0.031024849990328
6463,0,0,0.39881741864345993
6464,1,1,0.8829288305629794
6484,0,0,0.0036477550870555797
6485,1,0,0.005402980489625405
6488,0,0,0.07860127057791284
6489,0,0,0.04420444875131061
6490,0,0,0.0058003316144374165
6491,0,0,0.020309267666797404
6492,0,0,0.08117335651599394
6497,0,0,4.1084650611475524e-05
6503,0,0,0.014555516889039263
6504,0,0,0.00012656562272011018
6505,0,0,0.03354010278575719
6521,0,0,0.2448418509534109
6523,1,1,0.9339624829020006
6538,0,0,0.0051348918843496585
6541,0,0,0.005454871911548986
6542,0,0,0.1028674967386296
6546,0,0,0.0008325537931382871
6547,0,0,0.0014338798293817517
6548,0,0,2.7593876042860673e-06
6549,0,0,0.3946012526646329
6550,0,0,0.08899564486818534
6562,0,0,0.4418244390093799
6567,0,0,3.518049231662366e-05
6569,0,0,0.04535574268598784
6571,0,0,0.02202792472047085
6574,0,0,0.42662980149518875
6577,0,0,9.7585295372092e-05
6581,0,0,0.022236584254480184
6597,0,0,0.015878176640742148
6602,0,0,0.008269729588577223
6613,0,0,0.0042025230999253715
6617,0,0,0.07793422790996903
6620,0,1,0.5817693277278735
6627,0,0,0.016979644894993335
6632,0,0,0.16579094294951113
6638,0,0,4.4463448846711905e-05
6640,0,0,0.0025083789700214684
6648,0,0,0.0027574739473404156
6651,0,0,0.0010365800864444562
6652,1,0,0.23272642287548612
6655,0,0,0.041762539561371624
6658,0,0,0.0002613348255908177
6662,0,0,0.01870420911209677
6665,0,0,0.0004327495375888406
6676,0,0,0.08696145241371567
6683,1,1,0.622332291947033
6684,0,0,0.0715302867716278
6689,0,0,0.007567882817993806
6691,0,0,0.024511571134386016
6694,0,0,0.0009546247907644038
6700,0,0,0.0021123836697816496
6701,0,0,0.1051427954908387
6703,0,0,0.0028931240842890505
6705,0,0,1.6240949942885624e-07
6714,0,0,0.0015976694377180666
6719,0,0,0.4006084843319641
6721,0,0,0.0009288118200155275
6728,0,0,1.0316062750704437e-06
6732,1,1,0.9799088605237761
6738,0,0,0.003946914120320519
6740,0,0,3.864928202164286e-06
6745,0,0,0.017843459270124915
6750,0,0,8.066367626488693e-05
6757,0,0,0.0048609355970880815
6766,0,0,0.1969301101833724
6771,0,0,0.0294782386650725
6773,0,0,0.01587571615183099
6781,0,0,0.0009579669554544171
6788,0,0,0.0002918787789956489
6793,0,0,0.00016875229481381134
6801,1,0,0.10278653094349686
6817,0,0,0.00030461235101120145
6842,0,0,0.1326905094219792
6848,0,0,0.0009309509354441009
6850,0,0,0.020883901186080578
6851,0,0,3.2071676337527e-05
6859,0,0,0.0002813616903093574
6886,0,0,0.0003689152041845514
6888,0,0,0.0013129720556000648
6892,0,0,6.911054871634705e-05
6898,0,0,0.00037765277323484423
6901,1,1,0.8040838289648041
6908,0,0,0.10655721529125065
6911,0,0,0.00011178131359512695
6912,0,0,0.019091104665143067
6932,0,0,0.004301257154991775
6942,0,0,0.24304447694023845
6943,0,0,0.050122955296268465
6960,0,0,9.878236234165721e-05
6974,0,0,0.02917306883925428
6976,1,0,0.18528547169319873
6978,0,0,0.0003054181056510164
6980,0,0,0.14265428846012962
6986,0,0,0.1409044228013951
6990,1,1,0.5561811756550235
7006,0,0,0.002357473086656952
7010,0,0,0.012600792289951701
7014,0,0,0.16109565228886114
7017,0,0,0.023902348508836553
7018,0,0,0.0052147045065276225
7022,0,0,0.0008658424627652933
7024,0,0,2.2589857081112272e-05
7032,0,0,0.004437877822785287
7036,0,0,0.002304312144100366
7044,0,0,0.03940700037184335
7049,1,1,0.9705109557807542
7050,0,0,0.00015448738798965028
7053,1,0,0.006017907679424314
7055,0,0,0.0002825832369163911
7057,0,0,0.041118878049511476
7061,0,0,0.027074761924293856
7063,0,0,9.606404626275599e-05
7065,0,0,0.0010530952904586816
7074,1,1,0.9270464081551378
7089,1,0,0.09604425540853119
7095,0,0,0.3363880353799059
7102,0,0,0.0009531970391737795
7105,0,0,0.002059710725933565
7107,0,0,0.004937876333078727
7114,0,0,0.0015264844315584346
7115,0,0,0.29619327364435644
7121,0,0,0.028851259857566248
7126,0,0,0.00017577450171869384
7127,0,0,0.29850752320301843
7128,0,0,0.14812076279442338
7129,0,0,0.003508729369008219
7130,0,0,8.552897240318224e-05
7134,0,0,0.0002932158470649604
7135,0,0,0.00028116537902742175
7148,0,0,0.000540216341941452
7152,0,0,0.00012111976016410739
7176,0,0,0.03510132030763835
7183,0,0,0.000842281074256616
7188,0,0,0.15479415213324815
7189,1,1,0.8893593732378432
7196,0,0,0.01584390377822922
7200,0,0,3.9971323216639265e-05
7207,0,0,0.13338991010023057
7211,0,0,3.455533129014362e-05
7216,0,0,9.983293715337437e-05
7222,0,0,0.07802600255668056
7230,0,0,0.051461837217707695
7233,0,0,0.01769074476946564
7235,0,0,4.970319707642197e-06
7236,0,0,0.0020654682341941684
7240,0,0,0.031648948414227815
7243,1,1,0.9844067980961388
7245,0,0,0.000639700780893289
7248,0,0,0.011134798310636698
7252,0,0,0.00010323181732881897
7256,0,0,0.000809411057324839
7259,0,0,0.0003986733947697207
7260,0,0,1.1602084091636927e-05
7261,0,0,0.00012345497444197375
7262,0,0,2.573393418190615e-06
7283,0,0,0.03771535464363799
7284,0,0,0.2674000951409365
7286,0,0,0.05185441004657971
7287,0,0,0.0005089298906650113
7288,0,0,0.013592208143822662
7303,0,0,0.0005748098046730016
7304,0,0,0.019675494880276565
7312,0,0,0.006763841794750014
7314,0,0,0.089445661827583
7315,0,0,6.776898472113511e-05
7317,0,0,0.0004695966209015757
7318,0,0,0.000755569597861317
7319,0,0,0.2907800091555011
7321,0,0,0.03916008772560254
7328,0,0,0.00019226640715944664
7329,0,0,0.25747024736586205
7333,0,0,0.001218160929624506
7335,0,0,0.0019683043511852408
7345,0,0,0.11009318336402293
7352,0,0,2.3753510632751626e-05
7357,0,0,0.014173414644838032
7387,0,0,0.0014411760344944032
7394,0,1,0.5638296131127911
7400,0,0,0.004714719353598282
7405,0,0,4.5225750346490775e-06
7411,0,0,0.04582027556189595
7416,0,0,0.02377480845828991
7418,0,0,0.0019187052501855825
7421,0,0,0.044600152188514326
7426,1,1,0.9618286708018176
7430,0,0,0.0008555893376621097
7436,0,0,0.10073805990150607
7451,0,0,9.522244423698005e-08
7452,0,0,0.00020541769436842002
7456,1,1,0.9593154609591071
7460,0,0,6.879149480119375e-05
7463,0,0,0.030146485398367576
7465,0,0,2.204060820092797e-05
7469,0,0,3.326370325216422e-05
7471,0,0,0.0011387018989302757
7472,0,0,0.00047034032104193633
7478,0,0,0.014653824918097046
7481,0,0,1.3879192808940906e-05
7484,0,0,8.943454481299187e-06
7485,1,1,0.9966302760109322
7487,0,0,2.924314323451399e-05
7489,0,0,0.00021725763491116775
7492,0,0,2.7479045240313285e-05
7493,0,0,0.0004999230503751675
7497,0,0,1.979450182117967e-05
7498,0,0,0.057879088119174006
7508,0,0,2.4806933885184336e-07
7512,0,0,0.21119849062705892
7515,0,0,0.002544299474794253
7519,0,0,0.06599884751860811
7520,0,0,0.04893947908112769
7521,0,0,0.0001313700918232738
7526,0,0,2.029650781079628e-06
7532,0,0,1.2093325141151649e-05
7538,0,0,0.002286974626074623
7542,0,0,0.014561479050541355
7545,0,0,0.02293050426773763
7546,0,0,0.0010432380422121653
7551,0,0,0.010628410099383704
7552,0,0,0.004184778538871203
7554,0,0,0.012725314318702595
7555,0,0,0.004806815321116779
7562,0,0,0.00048423368647025947
7587,0,0,0.0010155255692631212
7589,0,0,0.07784632980258634
7596,0,0,0.0039633778606152255
7602,0,0,0.0009048724311667374
7603,0,0,2.186604178506872e-06
7605,0,0,0.01906188263893808
7612,1,0,0.341091335500652
7619,0,0,0.0007671065209429747
7626,0,0,0.20996861119902113
7627,0,0,0.001053074224285929
7635,0,0,0.00010276695745584774
7638,0,0,0.11601929281433512
7639,0,0,0.01622240794599475
7649,0,0,0.18420214214383773
7651,1,0,0.07366108182725871
7657,0,0,0.0007081762624131984
7662,0,0,0.00011969935148055228
7666,1,0,0.4224807676941922
7670,0,0,0.022871636749814267
7671,0,0,0.06243995234404279
7673,0,0,0.01667318048046052
7674,0,0,0.021041261813834027
7682,0,0,0.001483059252495267
7687,0,0,0.001513253564197733
7701,0,0,0.004047477339699691
7711,0,0,3.843896523129762e-05
7713,0,0,0.0003368381682370996
7720,0,0,0.17404526841109577
7722,0,0,7.494559829719868e-05
7725,0,0,0.02080561385918305
7731,0,0,0.09878733283612644
7739,0,0,0.1003090422127154
7745,0,0,0.001967561514468825
7746,1,1,0.999084909155642
7752,0,0,0.0017267438123708197
7753,0,0,2.796628402774372e-05
7754,0,0,0.0006669703472844991
7757,0,0,0.00023830995339902203
7763,1,1,0.9413388310132005
7776,0,0,2.5455863743544674e-05
7777,0,0,0.0012722282711016423
7780,0,0,3.111082073275443e-05
7785,0,0,6.159382810264619e-06
7788,0,0,9.995479864878765e-06
7796,0,0,0.0007926668361076325
7797,0,0,0.00013814530275636598
7799,0,0,0.1023875858998878
7800,0,0,3.248861432483902e-05
7812,0,0,0.06271282723368533
7813,1,0,0.0594660232972468
7815,0,0,0.0026579975341819075
7827,0,0,0.0005175358596609109
7830,0,0,0.047503435826672366
7837,1,1,0.9651882619390656
7838,0,0,1.3369295741129252e-05
7845,1,0,0.3669195859743079
7849,0,0,0.0012274476951706287
7854,0,0,0.006553321478682878
7858,0,0,0.0042097202241903765
7859,0,0,0.001813052857490442
7860,1,1,0.9657769611870549
7862,0,0,0.00013482067920933576
7866,0,0,0.008699968992553604
7874,0,0,0.4536591441406993
7885,0,0,0.011711025278045786
7886,0,0,0.0058915599073968185
7889,0,0,0.00021307727289478548
7895,0,0,0.0012153739643860169
7896,0,0,4.125797255671214e-05
7902,0,0,0.043620465884328385
7915,0,0,0.00923577923540337
7916,0,0,5.1453601175075e-05
7917,0,0,8.837607728610839e-05
7921,0,0,0.0006849033911352787
7934,0,0,8.867789540379566e-05
7938,0,0,0.0854766172238343
7940,0,0,0.0007722526821143007
7941,0,0,0.0004120080653686104
7947,0,0,0.016042231151520987
7950,0,0,0.05134404862195384
7955,0,0,0.0011701796679611564
7960,0,0,0.07577266604840048
7961,0,0,0.004497710921935171
7964,0,0,0.010705383667510476
7969,0,0,3.421161612533307e-05
7970,0,0,0.0007218081748487502
7974,0,0,1.1907954221208173e-05
7978,0,0,3.8627377660883545e-05
7983,0,0,1.502719839875935e-05
7994,0,0,9.463962609415806e-05
7996,0,0,0.0009258050312515724
7998,1,1,0.9962249252856897
8005,0,0,0.20695304083496396
8006,0,1,0.5331076507971447
8014,0,0,0.026666544519345213
8015,0,0,7.23099119463939e-05
8019,0,0,0.0007163786901224129
8020,0,0,0.0021443870932285392
8027,0,0,1.3681552612792992e-05
8028,0,0,0.00280674200694041
8042,0,0,0.022997511628729535
8044,0,0,0.005536022358743076
8046,0,0,0.03447780519295481
8074,0,0,4.989330533178888e-05
8079,1,0,0.3316783230578003
8082,0,0,0.04097852869612164
8084,0,0,0.04060676570390596
8087,0,0,0.0013127562219515804
8090,0,0,8.902423510081016e-06
8092,0,0,0.017112726445069382
8095,0,0,0.06835828702776715
8106,0,0,0.0007719896618656611
8107,0,0,0.0017684511500142732
8109,0,0,0.000619215547080106
8110,0,0,0.00038645395890828576
8113,0,0,1.720248311234282e-05
8117,0,0,0.0029180335634971083
8122,0,0,0.01877699650589057
8126,0,0,0.04556996858994822
8132,0,0,0.0001448115279889384
8133,0,0,0.004954326498495855
8134,0,0,0.0001465810728804285
8138,0,0,0.056273351541202804
8139,0,0,0.007260542351646278
8140,0,0,0.0013790101944993417
8147,0,0,0.000554906368070583
8149,1,1,0.9979427795921301
8152,0,0,5.772732779940723e-05
8157,0,0,0.0008519411471152891
8163,0,0,0.0011820863066918433
8166,0,0,0.025892618617555638
8167,0,0,0.002044913957732752
8175,0,0,0.017589879547836366
8177,0,0,0.19758772257678678
8178,0,0,0.0006636849572036184
8179,0,0,0.00014804928584430396
8186,0,0,0.002175449860314407
8189,0,0,0.0006773385980310752
8193,0,0,0.0013013593117150405
8195,0,0,0.10184308824515895
8204,0,0,0.0007709463392430861
8207,0,0,0.0009254634140363772
8208,0,0,1.125358618740199e-05
8209,0,0,3.885079300737281e-06
8213,0,0,0.010826443301969843
8219,1,1,0.8871237048355545
8230,0,0,4.563731353060294e-06
8235,0,0,0.012637747726111943
8236,0,0,0.0005939153168609045
8237,0,0,0.00017678481834559366
8239,0,0,0.0310588156617464
8246,0,0,0.0029654205640852385
8250,0,0,9.327503973214027e-05
8253,0,0,1.7745672390502418e-05
8256,0,0,0.013052256765074793
8266,1,0,0.13604094579073195
8271,1,1,0.918746069486752
8274,0,0,0.0001800948168099237
8276,0,0,2.5510765063868037e-05
8279,0,0,0.10436487283889177
8284,0,0,0.13424511896951835
8285,0,0,0.009801842430314725
8287,0,0,0.13592962362177707
8298,0,0,0.10933123869811688
8303,0,0,1.0620829678721593e-05
8304,0,0,0.0008386483404701471
8306,0,0,0.0007201561136549731
8311,1,1,0.5632646408579534
8317,0,0,0.003141650306880325
8320,0,0,0.00020388097131586742
8322,0,0,0.2869286831745977
8352,0,0,4.728384301369705e-05
8356,0,0,9.823271171266442e-05
8359,1,0,0.30499258121700723
8362,0,0,4.876070182927755e-06
8371,0,0,0.049187065921731665
8373,1,1,0.8734213206782577
8374,0,0,7.21671422414477e-07
8380,1,1,0.8951474101916316
8383,0,0,1.5081054004909878e-06
8384,1,0,0.08842146308417942
8400,0,0,0.010572246957494496
8403,0,0,0.0003102934473375195
8409,0,0,0.00013702425906279885
8412,0,0,0.01194404107658785
8424,0,0,0.00012439908540126814
8426,0,0,0.000271914763681904
8427,0,0,0.022296140777750866
8431,0,0,0.0068280940192812275
8437,0,0,0.0016856609965001297
8441,0,0,0.005123479853019635
8445,1,0,0.05379177960586508
8453,0,0,0.0005630727785853926
8460,0,0,0.0046371310560356285
8468,0,0,0.0042431387732578905
8470,0,0,0.3915686812031789
8474,0,0,2.0534019849804692e-05
8476,0,0,0.029304384818399316
8482,0,0,5.171491821090962e-06
8483,0,0,0.0011667678086024317
8489,0,0,1.1129454188346626e-07
8510,0,0,0.02051921277133591
8519,1,1,0.991842958223383
8525,0,0,2.828703490545963e-06
8526,0,0,0.02770306015012046
8534,0,0,0.0011587456343584031
8547,0,0,0.016293067741757972
8564,0,0,3.12618288437822e-05
8576,0,0,5.592201494672979e-05
8581,0,0,0.06863696683760079
8583,0,0,7.309985028306084e-06
8584,0,0,3.002398612036081e-05
8585,0,0,0.021800072182656595
8591,1,1,0.9627036493193891
8592,0,0,0.0015982872014373977
8593,0,0,0.0008560850188648391
8594,0,0,0.002752544720712066
8613,0,0,0.004279216174754197
8614,0,0,0.003476945874335916
8616,0,0,0.21494361452599742
8619,0,0,0.0047590072274126035
8620,0,0,0.03474672196665696
8628,0,0,0.0012902031449845176
8629,0,0,2.303127111091214e-05
8630,0,0,0.02564440909452452
8633,0,0,0.000556195157430328
8636,0,0,0.002577814324884048
8639,0,0,0.0020731340797516184
8640,0,0,0.16003629348313464
8650,0,0,5.171296467081656e-05
8651,0,0,5.70621317106449e-05
8652,0,0,0.003378049591447515
8667,0,0,0.10249732323921315
8671,0,0,0.1750684128419103
8678,0,0,0.0005284685415684547
8680,0,0,0.4355131755865643
8682,0,0,0.0003349213175661817
8684,0,0,0.026657655058535366
8688,0,0,8.74208226624512e-05
8689,0,0,0.0039014593108436454
8691,0,0,0.010341093955935477
8697,0,0,0.03369963231291344
8707,0,0,0.00032157865918604314
8713,0,0,0.004665541862540423
8715,0,0,1.6852954447511396e-05
8716,0,0,0.005208343956601228
8721,0,0,0.0007043177332794372
8727,1,1,0.9952553882683005
8729,0,0,0.00415607275493174
8732,0,0,0.008688925100066351
8736,0,0,0.16150751706953315
8741,0,0,0.00121224053904539
8747,0,0,0.009074159154913008
8750,0,0,3.320666829570425e-07
8752,0,0,0.06763204192296417
8758,0,0,3.4163551028932476e-05
8761,0,0,0.0904965642462243
8762,0,0,1.7620621952776625e-05
8764,0,0,0.0017353722383489588
8778,0,0,0.0007700468070659203
8779,1,1,0.9982861058275294
8787,0,0,0.03599229654233467
8792,0,0,0.00045475842923820204
8796,0,1,0.6172813219483657
8798,0,0,0.004191313861824373
8801,0,1,0.7159300833489044
8803,0,0,0.07513495649204402
8804,1,1,0.7139346902824406
8811,0,0,0.00018863370589710271
8819,0,0,0.002400414698779659
8821,0,0,6.414238110989012e-05
8831,1,1,0.9481133131550915
8834,0,0,0.0005361039895723278
8837,0,0,0.18148238369898875
8841,0,0,0.011879416767437732
8845,0,0,0.10500659575063555
8849,0,0,0.13033013213124345
8861,0,0,0.0008126561748844031
8868,0,0,0.04114915734213801
8870,0,0,0.0006697708924838603
8871,0,0,0.00498553884763426
8876,0,0,0.27998480863644143
8877,0,0,0.22684232640217092
8878,0,0,0.24401606969265502
8880,0,0,0.15325623479481754
8883,0,0,0.010646437866491495
8906,0,0,0.0026714180000747025
8907,0,0,7.769180814769208e-07
8910,1,1,0.9989882289021899
8912,0,0,0.022063470337345358
8913,0,0,0.06887627038018601
8914,0,0,0.0021921228942708665
8915,1,0,0.3521849964432182
8924,0,0,0.07333194241189715
8926,0,0,0.003215188519054717
8929,1,0,0.08960872547623418
8930,0,0,0.017599111619311145
8932,0,0,2.9952118516685073e-05
8937,0,0,0.001850286521445906
8951,1,0,0.49893542587614637
8959,0,0,0.006812345656922919
8966,0,0,0.3924790432861783
8974,0,0,5.290029282280439e-05
8979,0,0,0.00022601452440212963
8984,0,0,0.00029000407632392234
8989,0,0,0.028055670326761626
8990,0,0,3.324730286519075e-07
8993,0,0,0.08842732242624317
8996,1,1,0.9993423210584367
9011,0,0,0.0003622326724256687
9015,0,0,0.0007480208753237563
9016,1,1,0.9984909130744632
9017,0,0,9.487559238597967e-05
9029,0,0,6.903427803624712e-05
9041,0,0,1.7275125859326924e-05
9044,0,0,0.0019224613392023488
9050,1,0,0.08656304994679462
9069,0,0,0.12415187572584585
9070,0,0,0.0023269369468136777
9072,1,1,0.9710512384849233
9078,0,0,0.001661846860630573
9080,0,0,0.0009919940665186389
9081,0,0,0.001511513606682149
9082,0,0,0.011965487820855304
9088,0,0,0.00020227733328238682
9090,0,0,0.0008198479784545825
9091,0,0,0.04988928808579371
9093,0,0,1.2761457404435207e-05
9101,0,0,2.7481584366778913e-06
9102,0,0,8.001836972365584e-05
9105,0,0,0.20097326470590376
9124,0,0,0.03025442467499243
9127,0,0,0.12627840864393558
9134,0,0,1.564052357810447e-05
9135,0,1,0.5402110622025562
9136,0,0,0.00048084269020130457
9140,0,0,0.2038871213821873
9141,0,0,0.003434205676372898
9148,0,0,0.0033520965259289364
9154,0,0,0.0023141487478835743
9162,0,0,0.006632813101255476
9163,0,0,1.7913465443680582e-05
9164,0,0,0.0004545728418097819
9169,0,0,0.0030716521997346136
9181,0,0,0.009104147862959266
9202,0,0,0.16236968000763558
9203,0,0,0.0020501542742457153
9218,0,0,0.0009517719386987484
9219,0,0,2.9328396693744467e-05
9228,0,0,0.12602465306645003
9231,0,0,0.04438550854462117
9239,0,0,0.0008601481117537214
9255,0,0,0.003283543992294099
9258,0,0,0.014634352361534963
9260,0,0,0.0014492114133196371
9261,0,0,0.450522358645466
9276,0,0,0.00024367116464950992
9282,0,0,1.6194971778866233e-05
9288,0,0,0.0033144767492645304
9290,0,0,0.0326950416695339
9308,1,1,0.9966097705142413
9310,0,0,0.08122657157930038
9316,0,0,0.00027798977845491297
9319,0,0,0.0043512042755294265
9332,0,0,9.047256160119769e-05
9334,0,0,0.011934288276344596
9341,0,0,0.0001363404017371431
9344,0,0,0.003948598837752258
9346,0,0,0.0525998479892793
9350,1,1,0.9547543726592026
9358,0,0,0.002496372489309832
9363,0,0,0.00010792349293790514
9373,0,0,0.01782892144618036
9374,0,0,0.020759725845268317
9377,0,0,0.0010497200439755603
9385,0,0,0.1273288407398678
9391,0,0,0.014522378413261042
9394,0,0,1.1469240635533956e-05
9413,0,0,0.00012321259137791025
9421,0,0,0.013290191759667882
9425,0,0,0.01769503471057408
9426,0,0,0.000642686270600881
9430,0,0,0.0003861622093591621
9431,0,0,0.00418026562998126
9432,0,0,0.0002522877624601598
9435,0,0,0.02050982589004658
9436,0,0,0.0020987107312314
9444,0,0,0.09921410936527167
9452,1,0,0.02855550997530144
9455,0,0,0.008624867881051842
9459,0,0,0.06965759059632819
9468,0,0,1.557587312008726e-05
9472,0,0,0.0001443399366853616
9474,1,1,0.9973430802506549
9475,0,0,0.08737270186386847
9489,0,0,0.06900360506146416
9495,0,0,0.005084171549705874
9496,0,0,0.08299618134421742
9500,1,0,0.16747605155121634
9501,0,0,1.5513100061243054e-06
9507,0,0,0.0034183551167712555
9514,0,0,0.008570830888619476
9524,0,0,0.0006820105875514199
9525,0,0,0.01168985083162549
9530,0,0,0.022417683193261692
9537,0,0,0.0033820440403512443
9540,0,0,0.0018658397857866246
9554,0,0,0.002882182136221586
9565,0,0,4.185415213086351e-05
9572,0,0,0.20971202414788556
9573,0,0,0.007714863459361813
9574,0,0,0.007471108435486631
9578,0,0,0.002280370137007582
9581,0,0,1.3151844464770883e-05
9582,0,0,0.0005123171811079515
9585,0,0,2.414265051961042e-05
9588,0,0,0.0015923101363094553
9589,0,0,0.00024265526132930502
9593,0,0,0.01906746696505971
9594,0,0,0.003812603568032333
9597,0,0,0.00876385243520774
9601,0,0,0.06295333156810977
9610,0,0,3.977694983344002e-05
9611,0,0,0.0001218620847546284
9615,0,0,0.47562526391373966
9621,0,0,0.19527478284286692
9626,0,0,0.0005802975532934737
9628,1,0,0.07571364663537272
9630,0,0,0.0026677335414181237
9636,0,0,0.04827507724823599
9646,0,0,0.013387194257306233
9649,0,0,0.2398905420470881
9668,0,0,0.007740791647805191
9670,0,0,0.0007021893654783146
9673,0,0,0.00046457878268440627
9680,0,0,0.00320750183750845
9684,0,0,0.011306313445083664
9686,0,0,0.05486228903491962
9693,0,0,0.16809588370280715
9698,0,0,0.0011809317292255182
9703,0,0,0.005245158599859259
9715,0,0,0.0033575233970789004
9717,0,0,0.00032731243913707193
9721,0,0,0.00018393709511389594
9734,0,0,2.1062708083874816e-06
9745,0,0,0.00037707675287454944
9762,0,0,0.4362408741931694
9775,0,0,7.821952708077213e-05
9781,0,0,0.00524884366334466
9794,0,0,0.0009697012855321131
9804,0,0,0.0019053505879789948
9809,0,0,0.011484287241430904
9815,0,0,0.0002463398710411567
9819,1,1,0.644096084332647
9823,0,0,0.00023058076935201355
9836,0,0,0.019008124296523928
9837,0,0,0.04034908020609451
9838,0,0,0.00440264065021035
9840,0,0,0.001260467601744329
9842,0,0,0.0036786108368254034
9859,0,0,0.0773849113226738
9874,0,0,0.29316900539897717
9876,0,0,0.0213421556908759
9882,0,0,0.0002857394872185283
9891,0,0,0.04957282363326228
9892,0,0,0.011918023561883935
9895,0,0,7.99397671832216e-06
9899,0,0,0.27280273917863745
9909,0,0,1.0688536623109833e-05
9910,0,0,0.0005587908770897503
9915,0,0,5.0209643839308934e-05
9931,0,0,6.572340723839004e-07
9939,0,0,0.00034803187173447833
9945,0,0,4.879142624406172e-05
9946,0,0,0.02702617773088075
9947,0,0,0.3569468998274664
9966,0,0,0.00016769314151704432
9974,0,0,0.0012206783991988532
9977,0,0,0.0013764931190410046
9978,0,0,1.900010073607368e-06
9979,0,0,0.05791136165956548
9980,0,0,0.11279401640806153
9990,0,0,0.011372070374900527
9998,0,0,0.08110392156561229
10010,0,0,0.0035691279098868382
10011,0,0,0.007305999676500086
10013,0,0,0.0006520450297858718
10014,0,0,0.0025933752289180796
10015,1,1,0.9498584937164101
10018,0,0,0.017322142424043466
10021,0,0,0.00016132034290413747
10026,0,0,1.8498243578807457e-06
10031,1,0,0.0166905102678635
10035,0,0,0.006052945496113287
10038,0,0,5.376571279536667e-05
10045,0,0,3.568864058532756e-05
10054,0,0,0.14243590048059085
10076,1,0,0.042234387668933164
10084,0,0,0.0074667737045495345
10087,0,0,0.14710332468634518
10096,0,0,0.004134231625383817
10099,0,0,0.03848767708747438
10101,0,0,0.0029702458884777647
10107,0,0,0.029228272976828402
10113,0,0,0.01374273572388908
10117,0,0,0.020595832537492316
10132,0,0,6.934005655970397e-05
10134,0,0,0.003914451752882934
10135,0,0,4.589840780044119e-05
10139,0,0,0.0016975104942874822
10147,0,0,0.0002696711901429452
10149,0,0,0.2379681513495488
10155,0,0,0.0261479531025979
10161,0,0,0.11480923131140654
10164,1,1,0.9958136718125113
10165,0,0,1.5238661668892327e-05
10169,0,0,0.0011186917653182304
10179,0,0,0.0022789442059761903
10185,0,0,0.004610234345410227
10188,0,0,0.010770250456295075
10191,0,0,0.0008164426706401182
10192,0,0,0.18479233239780282
10198,0,0,0.005324304476283012
10200,0,0,0.007700050535783466
10201,0,0,1.4100447941416205e-07
10203,0,0,0.07358460564498476
10206,0,0,0.00041496531468181646
10216,0,0,0.000645552219614221
10226,0,0,0.4013197958872798
10233,0,0,0.0011369939215844093
10234,0,0,0.006469343739885546
10237,0,0,0.00173570276862481
10252,0,0,0.00924455974670443
10258,0,0,3.1201718990549017e-06
10266,0,0,0.0010537153209591024
10267,0,0,0.049443495592219465
10268,0,0,1.8972357689232512e-05
10271,0,0,0.001344732792507761
10274,0,0,0.001104873382288719
10275,0,0,0.2181308050370385
10277,0,0,0.0011828651378638741
10279,0,0,0.0394560745166599
10290,0,0,0.00011454807654799157
10291,0,0,0.00014764155866388664
10300,0,0,0.07910134133882953
10303,0,0,0.0003211934204435267
10318,0,0,0.0010323695156262231
10320,0,0,7.012972119317215e-05
10321,0,0,0.0063245995805958
10323,1,1,0.998811497324732
10329,0,0,0.11659109694269926
10330,0,0,0.025227508213865334
10334,0,0,0.0030517312884022554
10340,0,0,0.0022918823421143025
10350,1,0,0.021100397505180755
10353,0,0,0.011272268918624552
10354,0,0,3.6390896716359675e-06
10355,0,0,0.00019602139520787397
10362,0,0,8.572815793088103e-07
10365,0,0,0.00021404739470498832
10368,0,0,0.02714962643206735
10372,0,0,0.06202217331976727
10376,0,0,0.3699353546474856
10377,0,0,0.0003819539579652175
10384,0,0,0.00034663986703561137
10387,0,0,0.006754128677835174
10388,0,0,0.019176102933578465
10391,0,0,0.0009534241575510553
10402,0,0,0.002539723548283053
10404,0,0,5.083301263377938e-05
10406,0,0,0.03540295363723885
10407,0,0,0.0009424065101274179
10411,0,0,0.06124439803858453
10412,0,0,0.04302312292680494
10416,0,1,0.6306595467274557
10417,0,0,0.00037726867273255927
10418,0,0,0.026233606409173153
10420,0,0,0.0004853983262277071
10421,0,0,0.0002186930438001703
10422,0,0,0.0036488833875905693
10425,0,0,5.556739121574736e-07
10432,0,0,0.41642636175525904
10437,0,0,0.0004709148396851573
10438,0,0,0.006357186524685233
10440,0,0,0.03435172720432157
10442,0,0,0.009218716667724145
10443,0,0,0.127173444712249
10450,0,0,3.9031977795471696e-06
10452,0,0,0.04367944939137686
10459,0,0,0.00017241250888120192
10464,0,1,0.8290180356280212
10470,1,0,0.038848521657534794
10472,0,0,0.005956898365015298
10474,0,0,1.2745872672772027e-05
10478,0,0,0.005680478141512599
10480,0,0,1.0202143172143235e-05
10491,0,0,0.00015692314581261884
10496,1,1,0.8786917246294834
10506,0,0,0.00016359128696575556
10509,0,0,0.010831764353597523
10519,0,0,0.034840028952944635
10522,0,0,4.553239499087788e-05
10536,1,1,0.673449978502911
10538,0,0,0.10509019246692325
10541,0,0,5.160674760980231e-05
10542,0,0,4.2937413329656155e-06
10544,0,0,0.048870393045457046
10552,0,0,0.0037458282004136177
10553,0,0,0.000283708441981198
10557,1,1,0.976647588864326
10563,0,0,0.16864960541940158
10574,0,0,0.006650688583851911
10575,0,0,0.0006210285566198272
10577,0,0,0.031086852032587924
10584,0,0,0.025286057145125405
10585,0,0,0.20311272066864652
10590,0,0,0.00019734716067364125
10602,0,0,0.00035741543842679544
10603,0,0,0.19907938833164993
10608,0,0,0.0001571527542737412
10614,0,0,0.011662707906811502
10627,0,0,0.004650631625730082
10629,0,0,0.0452423511711276
10630,0,0,0.0017833936342127302
10641,0,0,0.0014245869433320406
10643,0,0,6.280217223502851e-06
10644,0,0,0.0010403236334156811
10650,0,0,0.0005183732817724279
10652,0,0,0.0018831096674011931
10658,0,0,0.012708440830320376
10661,0,0,0.24138431148943879
10666,1,1,0.9834994241362496
10673,0,0,0.001469440525986647
10677,1,0,0.07307738353379058
10681,0,0,0.002629698688625479
10686,0,0,0.013900146020434084
10687,0,0,0.0017582066019134802
10689,0,0,1.0934880112600851e-07
10690,0,0,0.00010446254403278988
10697,0,0,3.444324334373761e-05
10705,0,0,0.05125411334344831
10716,0,0,0.0023428236111549556
10719,0,0,0.0003696747576802652
10725,0,0,0.02122935803711925
10727,0,0,6.689068953563772e-07
10729,0,0,0.07591078338538296
10733,0,0,0.09292992716928365
10738,0,0,1.159903918899664e-05
10739,0,0,0.0001739387406495194
10744,0,0,1.7488491051874855e-05
10751,0,0,0.003129612920130473
10755,0,0,0.04146944403415773
10771,0,0,0.006291827810084336
10773,0,0,0.01371433972194064
10786,0,0,9.42834927422459e-05
10793,0,0,0.05153546708004008
10798,0,0,0.0007377614751979345
10799,0,0,0.0005330675424220474
10801,1,0,0.0607306889293017
10802,0,0,0.002087140386302272
10803,0,0,0.0030768526092604656
10814,0,0,0.08430177326547733
10815,0,0,5.5388862139654486e-05
10816,0,0,0.0004735566681506593
10818,0,0,0.2134040770500714
10821,0,0,0.0016099945925366372
10828,0,1,0.601653742930038
10833,0,0,0.006449552756619085
10835,0,0,0.0011710906042570759
10841,0,0,9.159991907962098e-05
10842,0,0,0.0013617537468001654
10844,0,0,0.0013974842186000355
10846,0,0,0.00024413091798794497
10847,0,0,0.0010997044495932892
10848,0,0,0.10882675100641723
10850,0,0,0.002857111585080701
10855,0,0,0.04421310196723468
10862,0,0,0.0011458021345973645
10867,0,0,0.006590858461465162
10868,0,0,0.011064692373968921
10872,1,1,0.9970817052153125
10874,0,0,0.004870269524451489
10882,0,0,0.0002109797545827677
10889,0,0,0.4227876274492365
10891,0,0,0.0014605146954463724
10895,0,0,0.05225258606164007
10904,0,0,0.00338005117842756
10905,0,0,0.020187399586208632
10910,0,0,0.0024175930552383916
10916,0,0,0.0041554908108807215
10919,0,0,0.06452602985741752
10931,0,0,0.013578794113177294
10933,0,0,0.0039675030268926876
10937,0,0,0.00020731473289241023
10940,0,0,0.1718413981526934
10943,0,0,0.04018208410965608
10946,0,0,0.0025770556702962785
10949,0,0,0.01839462284428681
10955,0,0,0.0007434431203159114
10956,0,0,0.0005597726248301395
10958,0,0,2.5579013145962302e-05
10959,0,0,0.00027710326162083573
10961,0,0,0.012125100207572098
10964,0,0,0.048961458669774915
10974,0,0,0.000255914429123631
10977,0,0,0.21468165670933173
10996,0,0,0.005863992034956463
11001,0,0,0.33651854856353447
11011,0,0,0.0029303494810433953
11012,0,0,0.0017172936119022584
11022,0,0,0.0025070720177854154
11025,0,0,0.0005102750689496287
11039,0,0,0.015524504591608479
11046,0,0,8.830256259809183e-07
11051,0,0,4.5027460408742484e-05
11052,0,0,0.002574239459609051
11057,0,0,0.006205005752916126
11058,0,0,6.815969850046572e-05
11060,0,0,0.0006073797736906064
11068,0,0,9.888328807895946e-06
11073,0,0,0.0018046562212198614
11082,0,0,0.17295770862050952
11095,0,0,0.005894433939751314
11100,0,0,0.07760901035917205
11103,0,0,0.0006556544618935257
11108,0,0,0.22942309301790167
11110,0,0,0.00011422573011446335
11112,0,0,0.0006186251431371626
11122,0,0,0.0033290206989581273
11127,1,0,0.014503358230666832
11133,0,0,0.009400223661796483
11136,0,0,0.00360388853557207
11150,0,0,0.0017676478172705219
11151,0,0,0.000295563393952836
11156,0,0,0.127366452665503
11158,0,0,0.0508583681918897
11185,0,0,0.003281277186420653
11205,0,0,0.002988606282216086
11206,0,0,0.0024728876848936396
11214,0,0,0.0076063226070477415
11217,0,0,0.09160053282097547
11218,0,0,0.007186873284493794
11221,0,0,1.7316127028204627e-05
11230,0,0,2.285790308306986e-05
11232,0,0,2.9649096578783354e-06
11233,1,1,0.793276693017677
11234,0,0,0.0012170172203658247
11236,0,0,0.0005584573166865399
11246,0,0,0.34739596761970576
11248,0,0,0.07757888834562301
11259,0,0,0.00035487931320769876
11260,0,0,0.04735457885604919
11261,0,0,0.03490559226809839
11262,0,0,1.974877210336214e-05
11271,0,0,0.004819573570045711
11274,1,0,0.41812610162516595
11280,0,0,0.0004179842368131928
11282,0,0,0.0026340106923587927
11289,0,0,0.0081192745924853
11295,0,0,0.0023048557570530476
11300,0,0,0.036036016623797386
11309,0,0,0.004810127194774717
11310,0,0,0.015352121279572225
11312,0,0,0.0037221273720599
11321,0,0,5.8576878698361655e-05
11323,0,0,5.8170106207708495e-06
11327,0,0,0.04176911864925344
11330,0,0,0.004344401204451277
11332,0,0,0.036612637332460965
11343,0,0,0.0006690023667648252
11354,0,0,6.953208421175084e-06
11356,0,0,0.00791120761089054
11367,0,0,0.00460727980244837
11368,0,0,0.030841708196942243
11369,1,0,0.10136749458712117
11371,0,0,0.08687771948447606
11373,0,0,7.56626090901771e-05
11374,0,0,1.1613178486582099e-05
11381,0,0,0.00017573402857763004
11385,0,0,0.02266210425089519
11388,0,0,0.005911992076540183
11395,0,0,0.0010517070783041414
11398,1,1,0.8865170062490526
11403,0,0,0.21896710113672382
11408,0,0,8.46854209033092e-07
11413,0,0,0.17844707152779213
11415,0,0,0.001291541141531585
11417,0,0,0.0028365654708902787
11423,0,0,0.006609288214494877
11427,0,0,0.25241675838670474
11432,0,0,0.03967714732058103
11434,0,0,0.0006370200841343427
11445,0,0,0.004564824007219815
11450,0,0,1.04245785382686e-06
11461,0,0,0.010770672428961313
11466,0,0,1.7300715347198557e-05
11467,1,1,0.9200966292025924
11471,0,0,0.03085412053127526
11480,1,1,0.99051436277425
11482,0,0,0.0006710902568338652
11487,0,0,0.02580050295591277
11489,0,0,0.0006620115493097917
11491,0,0,0.021184070298757143
11492,0,0,7.799184868997457e-05
11498,1,0,0.010616994734953514
11505,1,0,0.0024120710273492375
11515,1,1,0.9893696938679312
11516,0,0,0.4068171838226939
11522,0,0,9.954954355377906e-06
11528,0,0,0.0009133895731318483
11531,0,0,0.0015220351857121242
11532,0,0,0.005546524288018482
11539,0,0,0.0006150925620762408
11541,0,0,0.0001266630590050888
11545,0,0,3.6335554820283234e-06
11557,0,0,0.004697074292962264
11564,1,0,0.1541171173396363
11565,0,0,0.009325954061183242
11569,0,0,8.703201579137272e-05
11571,0,0,0.00011242203150286287
11574,1,1,0.9537000846201816
11579,0,0,0.1276514322567912
11582,0,0,0.05992365333176587
11584,0,0,0.0002802268827142034
11585,0,0,0.02044359441722238
11588,0,0,9.995693606703991e-05
11590,0,0,3.067579774506937e-07
11593,0,0,0.0026705449102973123
11603,0,0,0.07960957957464505
11609,0,0,0.017529500682912695
11619,0,0,0.05002718206171584
11622,0,0,9.617347343593249e-06
11626,0,0,0.0020620531874413926
11638,0,0,0.006898308119446094
11649,0,0,0.04073853763919515
11650,0,0,9.231154143734413e-05
11657,0,0,0.18122926544163198
11661,0,0,6.577346812913218e-06
11670,0,0,0.0032283460721812783
11679,0,0,0.15505159857933426
11682,0,0,0.0001944280847137976
11684,0,0,0.0017727662260468276
11688,0,0,1.0301882130473997e-05
11691,0,0,2.9066656622453163e-05
11697,0,0,8.866798270333626e-05
11698,0,0,0.00010526982024615793
11699,0,0,0.025968535171671962
11702,0,0,8.04956282718906e-07
11711,0,0,0.0004410730951395815
11715,0,0,0.0676172682858146
11716,0,0,0.017708353487769345
11719,0,0,0.028324963637580053
11726,0,0,0.0607387607368228
11727,0,0,0.0018122684078929051
11746,0,0,0.010753920407185362
11747,0,0,0.007709412201885347
11749,0,0,0.0063123478210131536
11752,0,0,0.0030106293234489654
11758,0,0,0.2968325213021959
11759,0,0,0.00048556510336252766
11767,0,0,0.025382225509525905
11770,0,0,0.017647135928620734
11771,0,0,0.0004714092007572229
11776,0,0,0.001024196510695064
11782,0,0,0.00010398761439816325
11785,0,0,0.03416160400076402
11796,0,0,0.009274616780900911
11799,0,0,1.0741218326168623e-05
11800,0,0,0.00034348556785112293
11802,0,0,0.05455168751167264
11808,0,0,0.14696801419827188
11816,0,0,0.0002276731410524989
11819,0,0,0.20956164360901075
11820,0,0,0.04484523405729237
11821,0,0,0.23010203763229667
11822,0,0,0.011913337890924545
11823,1,1,0.884052223033643
11826,0,0,0.005199236169512713
11828,0,0,3.7168995800056563e-05
11832,0,0,0.1221703264914529
11835,0,0,0.00886050658953517
11842,0,0,0.4965693761814734
11847,0,0,0.0010407167910748468
11851,0,0,0.013159175582632828
11856,0,0,0.13212547021589047
11860,0,0,0.02243123331727351
11864,0,0,0.045511132715568274
11869,0,0,0.00013926288465408127
11871,0,0,0.0007135618921747931
11875,0,0,7.966531155895877e-05
11876,0,0,0.018648038313203448
11882,0,0,0.004980545636391724
11884,0,0,0.01944645743928953
11885,0,0,7.830190222139494e-07
11893,0,0,0.024385626163546715
11905,0,0,0.029128922682656603
11908,0,0,1.668109075341714e-05
11912,0,0,6.889742065348707e-05
11920,0,0,0.004482459664897761
11925,0,0,0.04105562867266434
11926,0,0,0.0008609008663539104
11927,0,0,0.34851359569716783
11928,0,0,0.0065751396903120565
11938,0,0,0.0074914854423692575
11941,0,0,0.00037678777099794144
11943,0,0,0.0006448875979546012
11947,0,0,0.0018988908148167315
11953,0,0,0.0008257015427147538
11959,0,0,0.0044396700418867455
11968,0,0,0.001038437261011226
11974,0,0,1.07049233578171e-06
11978,0,0,0.028711597470803835
11984,1,0,0.0881165649965427
11992,0,0,0.003543907079761482
11994,0,0,0.09263731327096322
12002,0,0,3.318201846764131e-05
12007,1,1,0.9954926724813158
12009,0,0,6.658600344840584e-05
12015,0,0,4.2876080758375316e-05
12016,0,0,0.02946181466448272
12018,0,0,0.004670181218988367
12021,0,0,0.0006971709627716137
12028,0,0,0.0008325196573549246
12040,0,0,0.0006991675368264228
12042,0,0,4.544415742384553e-05
12044,0,0,0.0003815821473490604
12050,0,0,0.03035607824423326
12055,0,0,0.00010373265513035416
12057,0,0,4.9060625807410065e-05
12058,0,0,0.008196573474899148
12064,0,0,0.006200620046157107
12066,0,0,0.0008205481765418337
12067,0,0,0.025368853124646772
12068,0,0,0.004128391921688367
12069,0,0,0.0010987669974978165
12076,0,0,0.027254958466000172
12078,0,0,0.052415943662664596
12082,1,1,0.999336468544811
12086,0,0,0.00021375907198408747
12090,0,0,5.788168629134848e-05
12097,0,0,0.05802894444213194
12101,0,0,0.09893740774980297
12105,0,0,0.15895591994326172
12108,1,1,0.9987175359929776
12114,0,0,0.3354759629974591
12120,0,0,0.0011131438433658858
12122,1,0,0.07858318561594893
12123,0,0,2.162431187711234e-05
12129,1,1,0.9688041281906564
12132,0,0,0.007117398952753553
12135,0,0,0.24054951227653737
12146,0,0,0.04463507326993892
12149,0,0,0.0016996282159155004
12155,0,0,0.05453993103443481
12163,0,0,0.023491702521181396
12164,0,0,9.704238129383368e-06
12166,0,0,0.007056816932583778
12177,0,0,0.005868753606729006
12188,0,0,0.00017472997132498349
12191,0,0,2.5854620303502465e-05
12197,0,0,0.0014990836299934444
12198,0,0,0.037934433585405866
12199,0,0,0.0009710794638996659
12206,0,0,0.3758318940035153
12214,0,0,3.725399697491284e-05
12215,0,0,0.005435935229222566
12216,0,0,1.4027266586830891e-05
12217,0,0,0.014104084478244981
12222,0,0,0.0013346815210907015
12226,0,0,0.002032308842261784
12229,0,0,0.008654902995622483
12230,0,0,0.0003303843082678854
12238,0,0,0.016641332327154874
12243,0,0,0.003016584320149096
12244,0,0,0.002648803913948486
12247,0,0,0.0880414745019631
12254,0,0,0.00019700792687031186
12259,0,0,0.0001753462312935489
12262,0,0,0.0005508657986760423
12265,0,0,0.002393499488245622
12266,1,1,0.7576257748252962
12268,0,0,0.014628084073225085
12270,0,0,8.941668229559692e-06
12273,0,0,0.008879757633593624
12274,0,0,0.0001841038827045349
12275,0,0,0.00012562521494502982
12277,0,0,0.18406984131435378
12280,0,0,0.01062300826080153
12283,0,0,0.0005668637297548624
12284,0,0,0.00016576258128764567
12286,0,0,0.0010558279420353099
12288,0,0,0.1447408414621312
12296,0,0,0.010537066975297665
12299,0,0,0.0017567278793174683
12307,0,0,0.0029411555627962787
12323,0,0,0.06053789801592751
12327,0,0,0.0037970534984393504
12334,0,0,0.01780085697551149
12340,1,1,0.9959089235427726
12341,0,0,0.020197164402222408
12342,0,0,5.1037275959381205e-06
12343,0,0,5.2930307601481636e-05
12345,0,0,0.0973491338647047
12346,1,1,0.9956810463320843
12354,0,0,0.08189250077843983
12358,0,0,0.00327988254088047
12359,0,0,0.0003384021400581977
12373,0,0,0.2008535045502204
12377,0,0,0.31315058266278206
12379,0,0,0.0022094292791244013
12382,0,0,0.0012818128222910929
12384,0,0,0.135194584124734
12388,0,0,0.020169718318750845
12389,0,0,0.00028761288638398625
12390,1,1,0.9685183333026723
12403,0,0,0.003851523289185478
12404,0,0,0.0033406840608245355
12409,0,0,0.0001199246746897088
12415,0,0,0.01706179419357319
12416,0,0,0.0016332638222165752
12421,0,0,0.0003522098674036787
12430,0,0,0.007928856196074387
12432,0,0,0.0012951723602472286
12439,0,0,2.7297075518071475e-05
12441,0,0,0.0002790754350165094
12442,0,0,0.003934403157877278
12443,0,0,0.06019956185686667
12448,0,0,0.000138103359571042
12455,0,0,0.00256133532206411
12460,0,0,1.2456136669747987e-05
12463,0,0,0.006981297061858236
12471,0,0,6.485789888561181e-05
12473,0,0,0.0033496370924122813
12475,1,1,0.9864879789758236
12481,0,0,0.0004653939230431112
12483,0,0,0.005695512122040076
12484,0,0,0.010272932888595245
12487,0,0,0.0211101160846131
12488,0,0,0.00028279039750186237
12490,1,1,0.8679982921116439
12493,0,0,0.0003095338970510581
12494,0,0,0.25286352527790323
12496,0,0,0.001149155457462223
12497,0,0,0.012417221512054322
12499,0,0,0.003363268904175881
12503,0,0,0.015861418741010685
12506,0,0,0.049247615928716584
12525,0,0,0.00846688672410054
12541,0,0,0.07475930094109393
12545,0,0,5.375205036933964e-06
12549,0,0,0.0009067498906723325
12563,0,0,0.007899267196988989
12564,0,0,0.04502878882575524
12567,1,0,0.4069764458913986
12569,0,0,0.0001552773293341371
12573,0,0,0.010869379911262354
12590,0,0,0.04655451049196496
12593,0,0,1.4382197758819033e-06
12596,0,0,0.0023868305614755518
12597,1,1,0.9688894313347804
12598,0,0,0.012981511547255953
12599,0,0,0.001223048010238226
12605,0,0,0.0068589349601729825
12626,0,0,0.11849344057411088
12641,0,0,0.021615669074705555
12646,0,0,0.02233351408788585
12647,1,0,0.36776681443050985
12680,0,0,0.0004223603283134325
12681,0,0,0.0009087629551043484
12683,0,0,0.0005698684866040207
12687,0,0,0.015974512192029364
12692,0,0,0.1045583355758295
12698,0,0,3.6739096877224723e-06
12700,0,0,2.4048645460945188e-05
12703,0,0,0.005895008982346934
12709,0,0,0.036095048030007314
12713,0,0,0.0010324881070379042
12717,1,1,0.9790610087942018
12721,0,0,0.02659860065545382
12722,0,0,0.0016502714070072142
12727,0,0,0.0007154305622746812
12728,0,0,0.00011543573438156742
12730,0,0,5.195227450978176e-06
12731,0,0,0.000619389278408859
12732,0,0,5.247849704571174e-05
12736,0,0,0.013778505656412993
12740,0,0,0.009146679393347582
12744,0,0,0.006317284158535531
12752,0,0,0.058720288585884156
12754,0,0,0.00013998827908935166
12758,0,0,0.10847982121705767
12763,0,0,0.0014843058828577687
12764,0,0,0.004788232091607314
12768,0,0,5.213444506838404e-05
12787,0,0,0.0011341477306304902
12789,0,0,0.07361566002329298
12797,0,0,0.009577632207286205
12807,0,0,0.038602317473168064
12810,0,0,5.8120367262009215e-05
12825,0,0,0.01963688456785498
12828,0,0,0.0007556301522622957
12838,0,0,0.12608481378504635
12839,0,0,0.00036074116401265446
12844,0,0,7.405416535115251e-05
12847,0,0,5.0709512714969885e-05
12851,0,0,0.005444541696419972
12857,1,0,0.006012177657437039
12871,0,0,0.1982672190600784
12872,0,0,0.045221597796890174
12876,0,0,0.00045775166665914195
12918,0,0,0.17861413750398383
12919,1,1,0.9650064077041144
12922,0,0,0.027684593887210708
12926,0,0,0.004218660946580673
12930,0,0,0.001043344927795442
12937,0,0,0.00478355807012866
12944,0,0,0.0032671142201166127
12951,0,0,1.3703552183666863e-05
12956,0,0,0.00025475686425668534
12965,0,0,1.7625268307020395e-05
12970,0,0,3.436462229021369e-06
12980,0,0,0.11331505319089834
12987,0,0,0.10713007686061271
12991,0,0,0.00016854050040036403
13001,1,1,0.9994921668321677
13002,0,0,0.004728229149807084
13014,0,0,0.016758447986833642
13015,0,0,0.02035189159044558
13016,1,1,0.9926384277934011
13021,0,0,0.0003399729285493258
13037,0,0,0.0007068252615979032
13068,0,0,0.0003178691559107384
13072,0,0,0.011414068041606582
13079,0,0,0.0008406284513074692
13080,0,0,0.07890262268253538
13083,0,0,0.00025968359355400047
13087,0,0,1.925309046531524e-05
13106,0,0,0.011738155638915065
13108,0,0,0.0031508625922316235
13123,0,0,0.002378626281411808
13128,1,1,0.994080592028685
13134,0,0,4.270308349179919e-05
13141,0,0,0.0014791344752335231
13142,0,0,0.0009302182236937175
13143,0,0,0.08381871338405274
13144,0,0,3.468828773391508e-06
13147,1,0,0.1977965388187374
13150,0,0,2.892487252889444e-05
13151,0,0,0.002216372541175209
13156,0,0,0.004769837200662152
13158,0,0,0.00608461435347401
13159,0,0,0.4766545584056266
13161,0,0,0.022752718796461558
13165,0,0,0.03257197132450695
13170,0,0,0.000995518409024385
13177,0,0,0.01827493519477264
13193,0,0,0.004210120915357637
13202,0,0,8.289774200564787e-06
13209,1,1,0.8267496816091483
13214,0,0,0.018863208069267435
13225,0,0,2.132522973292189e-07
13228,0,0,0.029804829350302407
13233,0,0,0.0014281366044227623
13234,0,0,0.0015295597989005156
13241,0,0,0.39582040024887344
13258,0,0,0.09539785754803588
13260,0,0,0.003476953820263473
13275,0,0,0.0002562677795798715
13283,0,0,0.0006154288805200658
13297,0,0,0.001206797154850941
13306,0,0,0.002649822505022936
13309,0,0,0.015680441787608985
13311,0,0,0.0999961109229888
13322,0,0,0.002033446274837413
13332,0,0,0.004545425319664166
13337,0,0,0.029703453535985365
13341,0,0,0.00019585743356520635
13344,0,0,2.699438820543903e-05
13347,0,0,0.06428481314858434
13348,0,0,6.520309582617195e-05
13349,0,0,0.005875484688068475
13353,0,0,0.045067929173172074
13372,0,0,0.09146823149447916
13377,0,0,0.3647441500142935
13378,0,0,4.360026773413009e-05
13390,0,0,0.0038731965985410793
13405,0,0,7.324925114174647e-05
13408,0,0,0.03067750577580086
13411,0,0,0.019853159758017516
13413,0,0,0.0013395025865601332
13414,0,0,0.1798989531953454
13416,0,0,0.007209063459983896
13421,0,0,0.0910808722363801
13422,0,0,0.0032997252849342553
13423,1,1,0.8992765095822816
13424,0,0,0.022884574520891893
13426,0,0,0.20490898421986878
13429,0,0,6.95209250406786e-05
13430,0,0,0.002763663899712725
13434,1,1,0.9993600432952626
13436,0,0,0.1438561875256828
13439,0,0,0.014991103681604676
13440,0,0,0.011454265870375846
13443,0,0,0.0010537472221074577
13446,0,0,0.0021380418222037827
13447,0,0,9.221013967189841e-05
13449,0,0,0.09584917115961268
13457,0,0,0.028433276879744562
13462,0,0,0.03127384164016819
13466,0,0,5.919218380834513e-06
13470,1,0,0.1013995853360755
13479,0,0,0.0003731398985365787
13481,0,0,0.0007467054652005308
13484,0,0,0.000828202296560705
13490,0,0,0.22018153134609192
13497,0,0,0.000415695804301319
13510,0,0,0.00040596459894649524
13517,0,0,0.399444156115082
13526,0,0,0.0017940287208501036
13536,0,0,0.0003529840602594438
13537,0,0,0.005767386310209723
13546,0,0,0.000849001574849094
13549,0,0,0.00615564707191194
13552,0,0,0.10574188351283231
13554,0,0,4.634450444264003e-05
13555,0,0,0.1623075607079159
13567,0,0,9.124957583206418e-06
13573,0,0,0.006146174606516946
13579,0,0,0.000669799068125115
13586,0,0,0.04107313129012321
13588,1,1,0.6676818039210644
13593,0,0,0.0001378547937853979
13604,0,0,0.00018683757681499377
13605,1,0,0.10061254587376181
13610,0,0,0.07100447647854155
13614,0,0,0.012899805503306626
13617,0,0,0.00016710116328709268
13625,1,1,0.9053631270854496
13627,1,0,0.08531158214155703
13635,0,0,0.00048654436476757367
13636,0,0,0.03498310365334386
13648,0,0,0.0039448127008250315
13650,0,0,0.04702139815374457
13655,0,0,7.789785183342272e-05
13663,0,0,0.06806497251815853
13670,0,0,0.0006016498608699207
13676,0,0,0.22327728579917855
13678,0,0,7.82576515903906e-05
13679,0,0,0.0014988678803249784
13703,0,0,0.0003672788828442549
13707,0,0,0.0031300208669959913
13710,0,0,0.002219973740980078
13714,0,0,0.052546606849788825
13715,0,0,0.006175306079484094
13721,1,1,0.5521023316405482
13722,0,0,0.052847005159668975
13729,0,0,0.05184972097254033
13762,1,0,0.0038717743029125034
13763,0,0,0.0002981165655106275
13764,1,1,0.9964222819220115
13767,0,0,0.011261580926870138
13768,0,0,1.5610685210604116e-05
13785,0,0,0.00012937913588130786
13790,0,0,0.024395215509215945
13807,0,0,0.0017281912781662375
13823,0,0,0.0019633595499201307
13831,0,0,0.1068576767094128
13835,0,0,0.08017629559661299
13843,0,0,0.032754574549281004
13845,1,1,0.7258366098863489
13866,1,1,0.5077088389992095
13868,0,0,0.022894723605483065
13881,0,0,0.009970221809062554
13885,0,0,0.002106455889133291
13888,0,0,0.0006088699387440845
13897,0,0,0.03236019809904794
13900,0,0,0.0002515876075171628
13911,0,0,0.00027752044248259745
13920,0,0,0.00013617337330045602
13924,1,1,0.9911432060900901
13928,0,0,3.628396575124059e-06
13935,0,0,0.0019247115440869092
13943,0,0,0.2080950998116128
13953,0,0,0.001954461389931937
13957,0,0,1.4083511592715867e-05
13958,0,0,0.0005974388663437468
13967,0,0,0.00611393198153994
13969,0,0,0.008211896965434645
13976,0,0,0.0013458790135498222
13981,0,0,0.008932558989838885
13984,1,1,0.9877036387959743
13988,0,0,0.03815796174405524
13994,0,0,0.0003166490507286307
13998,0,0,0.009429669898044656
14011,0,0,0.26425500493909176
14015,0,0,0.034007485409729844
14046,0,0,0.016548233139439525
14054,0,0,0.0001338879706719787
14064,0,0,0.07049138432922918
14074,0,0,0.001059859520494307
14084,0,0,0.1697545833304838
14093,0,0,0.0013922239093311119
14094,1,1,0.9488092642055691
14105,1,1,0.9992808606410288
14111,0,0,0.15358394879006812
14117,0,0,0.00029838712711569834
14124,0,0,0.10750898158265432
14126,0,0,0.00030678940771492147
14128,1,0,0.03440433174789213
14129,0,0,1.6095045358753382e-05
14133,0,0,0.002098335975861469
14138,0,0,3.665221058505925e-05
14144,0,0,0.002443239757681638
14145,0,0,0.05818586777201971
14146,0,0,0.0009588102530956817
14167,0,0,0.000244847855690488
14168,0,0,0.0005122542612565085
14169,0,1,0.864037375691814
14173,0,0,0.019974852959500685
14176,0,0,0.0010759539855234148
14179,0,0,0.0007025044396542847
14180,0,0,0.0020078103625468012
14186,0,0,0.002774511013224135
14187,0,0,3.9003074109784254e-05
14188,0,0,0.05746196979101335
14189,0,0,0.0016600154618994425
14191,0,0,7.290176339765306e-05
14193,0,0,0.004972235520104285
14195,0,0,0.0007614068678437492
14198,0,0,0.0003881475996097534
14216,0,0,0.06498611364760545
14219,1,0,0.17247012258370462
14221,0,0,0.00013233089727470647
14222,0,0,0.06927818524191165
14223,0,0,6.883197268740163e-05
14226,0,0,0.003622742485499666
14232,0,0,0.004512575329309472
14236,0,0,0.0017883288573772242
14241,0,0,0.005225387634977822
14248,0,0,6.411074497227502e-06
14253,0,0,2.549124798959786e-05
14255,0,0,0.022262843792576467
14256,0,0,0.01238771836525149
14257,0,0,0.05865194951194755
14258,0,0,0.00038229277764674594
14259,0,0,0.0017974632714050196
14261,0,0,0.023848871955525666
14275,1,0,0.007252082088174833
14283,0,0,0.08496000899461896
14294,0,0,0.2400060666803612
14295,0,0,0.02263922263558317
14306,0,0,0.00544165425489446
14308,0,0,0.01472359646964699
14310,0,0,0.011408809540087916
14314,0,0,6.828720891504999e-06
14323,0,0,0.2568712393653108
14327,0,0,1.083253391563848e-05
14336,0,0,0.005890307071024979
14340,0,1,0.6621894654064451
14349,0,0,0.0005578270825145902
14350,0,0,0.024169827517446046
14354,0,0,0.004444627276637207
14373,1,0,0.028084674560648188
14374,0,0,8.35431415267669e-06
14378,0,0,2.3169786233280974e-06
14385,0,0,0.03054788628404521
14393,0,0,0.004955428244317039
14409,0,0,0.004125369729216805
14422,0,0,0.00015628313818084107
14433,0,0,0.00026669486097160173
14436,0,0,8.354458153603828e-05
14438,0,0,4.4609824848136685e-05
14442,0,0,0.002983154182067542
14447,0,0,3.837330808195245e-05
14448,0,0,0.008989023322589376
14455,0,0,0.042438376202287374
14467,1,1,0.9994174538067879
14473,0,0,0.054172412573929817
14475,0,0,0.004046010579847341
14484,0,0,0.001770192380204141
14490,0,0,0.06084971311882692
14491,0,0,3.490353180502042e-06
14496,0,0,0.007186591433033318
14497,0,0,0.00019007002860247057
14498,0,0,2.117813528690247e-06
14504,1,1,0.9088659345965222
14515,1,0,0.09504458471255642
14517,0,0,0.00011290399259191877
14518,0,0,6.716844475888067e-07
14523,0,0,0.003490718694284251
14526,0,1,0.5086804081270964
14528,1,1,0.6269440206127692
14541,0,0,0.09901834194935362
14542,0,0,0.01160747196756526
14552,0,0,1.9024852244064703e-06
14556,0,0,0.03946062742781074
14565,0,0,0.005496047986270305
14567,0,0,0.04737526134817884
14573,1,1,0.7916646261932901
14575,0,0,0.02366098448019979
14576,0,0,0.001131292952759625
14578,0,0,0.0019218795695486468
14579,0,0,0.0041068658104293524
14580,1,1,0.9855794559506993
14583,0,0,0.0005235591663015432
14589,1,1,0.9976676064087378
14594,0,0,0.0013751931178702735
14603,0,0,0.011433230419564216
14609,0,0,0.37992761909383094
14613,0,0,0.16028945840660422
14615,0,0,0.003988039165978897
14618,0,0,0.037886522731800897
14622,0,0,0.19578877457119306
14624,0,0,0.007446143923110215
14631,0,0,0.0016473035062111276
14632,0,0,4.9415984943519296e-06
14634,0,0,0.009576937354033376
14635,0,0,0.00042140548428700744
14636,0,0,3.1037452279412714e-05
14637,0,0,0.0021993277080560023
14640,0,0,0.0010856530658689596
14652,0,0,0.006813573824897454
14656,0,0,0.0004163993331551755
14659,0,0,2.2886112245620762e-07
14660,0,0,0.01260604153284159
14665,0,0,0.007829454811568843
14668,0,0,0.0006793490170823902
14672,0,0,6.932278915428796e-07
14685,0,0,0.00032637717407535427
14687,1,0,0.08602028356426202
14688,0,0,0.004924589040155463
14691,0,0,0.0009523585534442477
14692,0,0,0.008617471558584984
14693,0,0,0.005615567625177353
14697,0,0,0.0008226618182866464
14710,0,0,0.00011291320083000414
14724,0,0,0.03001190394489454
14730,0,0,0.002248814964102178
14735,0,0,0.1951613872235929
14744,1,1,0.9954355775919372
14749,0,0,9.171575465955356e-05
14752,0,0,0.10098300612845879
14753,0,0,0.00021641780010599944
14760,0,0,0.006482036370269992
14762,0,0,0.004281229333206988
14763,0,0,0.0006780418982967268
14766,1,1,0.9840754026159738
14773,0,0,0.009900776560635708
14776,0,0,3.852862097049712e-05
14779,0,0,9.00695713138234e-05
14789,0,0,0.006758935767193472
14790,0,0,0.00415866107198648
14792,0,0,0.006913737063778807
14794,0,0,2.263002581368176e-05
14800,0,0,0.00021703309652813785
14801,0,0,2.121959940591931e-06
14809,0,0,0.09459336539801662
14814,0,0,3.6488493807811318e-06
14818,0,0,0.005706209521948269
14822,0,0,0.0037044285050180565
14824,0,0,1.3366718448248028e-05
14828,0,0,0.18494821487585547
14829,0,0,0.02119038465393327
14830,1,1,0.8998557865394159
14832,0,0,0.0008272538082282696
14839,0,0,2.0816903159967386e-07
14844,0,0,0.06339177150568272
14848,0,0,0.0417620950552908
14859,1,1,0.9609867516110706
14868,0,0,2.7586799687016967e-05
14875,0,0,2.090264199642394e-05
14882,0,0,0.008365077781471855
14885,0,0,0.0001944667079027143
14889,0,0,0.0010875836343718342
14892,0,0,0.00048821056526576095
14897,0,0,7.918131694098859e-05
14903,1,1,0.996058925451733
14911,0,0,0.023853057973178687
14921,0,0,0.07737984047528838
14926,0,0,0.021798671960918798
14928,0,0,0.05066027058531523
14930,0,0,0.015818866761830443
14947,1,1,0.9589317232468416
14952,0,0,0.0009531707691487889
14953,0,0,0.009617626314528862
14956,0,0,0.01064541340764289
14957,0,0,0.002041068640711703
14968,0,0,0.0706116012631538
14976,0,0,0.011753372479985646
14987,0,0,2.8441554173529864e-05
14990,0,0,0.0479502391073819
14991,1,1,0.9968209712586741
15005,0,0,0.002676328634855838
15011,0,0,0.007020419939848529
15019,0,0,0.002554111402919402
15044,0,0,0.012753759603037094
15046,0,0,5.625143739869513e-06
15056,0,0,0.0002567195120091373
15058,0,0,1.530331986695413e-06
15059,0,0,0.003974183292322536
15061,0,0,0.04353155429052578
15063,0,0,0.1782405962549036
15067,0,0,0.0006385525908801971
15068,0,0,0.15184922325403274
15076,0,0,0.017228187665070532
15080,0,0,3.877043450859894e-05
15084,0,0,0.006103916138716889
15087,0,0,0.0018177570094245932
15088,0,0,0.12878828539606121
15093,1,0,0.06722601422925215
15098,0,0,0.06959852788323811
15099,0,0,0.03695214300453842
15103,0,0,0.004504143526803852
15104,0,0,0.0029723153238325013
15119,0,0,0.0003431537762408078
15128,0,0,1.783102855680724e-05
15132,0,0,0.030198250006065335
15136,0,0,4.4593003918494914e-05
15144,0,0,0.0004396227778299348
15145,0,0,0.0008299240722844579
15151,0,0,0.038414176260106646
15154,0,0,0.0002608844013071019
15158,0,0,0.05326751902659489
15165,1,0,0.3704624804832896
15167,0,0,0.1121165366245369
15181,0,0,1.558970434413073e-06
15189,0,0,0.20486589066938113
15192,0,0,0.05871792310100322
15194,0,0,0.3966721129245137
15198,0,0,0.039795970643555494
15199,0,0,0.016844105873945765
15209,0,0,0.010905529374721532
15210,0,0,0.10158276402302743
15213,0,0,3.69579922595875e-07
15217,1,1,0.9896253404372396
15222,0,0,0.09558872194549338
15223,0,0,0.008071771078439408
15251,0,0,1.48747738159939e-06
15263,0,0,0.014066377777575302
15264,1,0,0.2672363689625247
15265,0,0,5.5358902011758825e-05
15273,0,0,4.135345175057418e-05
15276,0,0,0.0033846833038790256
15281,0,0,0.04324599200324027
15283,0,0,0.05555553826359159
15288,0,0,0.007907188196282774
15292,0,0,0.013237980048112238
15295,0,0,0.02434839412331037
15300,0,0,0.004109111289975665
15303,0,0,0.010828041889421592
15305,0,0,0.00012577234019526339
15314,0,0,0.024001773412118094
15318,0,0,0.005406322101187311
15319,0,0,0.009685572856086967
15325,0,0,0.05438631636770989
15332,0,0,0.002344715689020955
15333,0,0,0.0009422984449236969
15335,1,1,0.7367434929283465
15343,1,1,0.9982281370265982
15345,0,0,3.007190375012908e-06
15346,0,0,0.00046235899696117064
15347,1,1,0.898895857624969
15349,0,0,0.01625062679770824
15351,0,0,0.006238072892475635
15367,0,0,1.717946313808829e-05
15378,0,0,0.002296186054944885
15381,0,0,0.17407118433252106
15400,0,0,0.018403265089534118
15413,0,0,0.03816833043646783
15414,1,0,0.47737124496092076
15416,1,1,0.9951489612370418
15419,0,0,0.00016828251396752011
15426,0,0,5.611717378674188e-05
15443,0,0,4.819114425879874e-05
15452,0,0,0.0002526465363363561
15453,0,0,0.0011694728295286888
15455,1,1,0.9775942156275068
15459,0,0,0.0878631725426024
15466,0,0,0.06042478042477395
15473,0,0,0.0008344658994860024
15479,0,0,1.8019489776010975e-06
15483,0,0,0.0014666018352086064
15485,0,0,0.0012726682943175176
15487,0,0,0.010555187371963034
15505,0,0,0.01607904560643762
15510,0,0,0.0010411322813645009
15523,0,0,3.124349782046204e-05
15531,0,0,0.00010733371284095676
15532,0,0,0.0001048375215034126
15561,1,0,0.062249775293743044
15570,0,0,0.004806677850995322
15573,1,0,0.23673219737309198
15577,0,0,0.07623099007501118
15578,0,0,0.0009020694312432046
15581,0,0,0.030568184431994255
15585,0,0,1.225473286759044e-07
15587,1,0,0.009582805021792182
15599,0,0,7.220892633370188e-06
15612,1,1,0.8694580312104687
15613,0,0,0.0028695293434085277
15635,0,0,0.20135898559838195
15638,0,0,0.07737009951437339
15639,0,0,0.025834049180311115
15652,0,0,0.012778866558500749
15654,1,0,0.08243837243864423
15655,0,0,0.011203746710007753
15661,0,0,0.1572896539437502
15672,0,0,0.028595106227149683
15675,0,0,0.03346041681935026
15676,0,0,0.000768179910286038
15685,0,0,0.0015428414546205776
15693,0,0,0.0004313319618499993
15696,1,1,0.8037439642557913
15700,1,1,0.9913980765444558
15706,0,0,0.006717322751620788
15707,0,0,0.0005009745067504184
15711,0,0,0.04387707471668228
15714,0,0,0.007616203408508832
15721,0,0,0.00602400390078242
15722,0,0,0.0014133530121411566
15729,0,0,0.0005010427968920334
15730,0,0,0.0028010818161067486
15734,0,0,0.012500947299781039
15737,0,0,0.0005301270029086701
15740,0,0,7.931510529524619e-05
15744,0,0,0.003760686516979308
15745,0,0,0.010249313460421664
15748,0,0,1.9152980309930832e-05
15754,1,1,0.7901846511318952
15756,0,0,0.2172361399302031
15760,1,1,0.9908345542421708
15762,1,1,0.9978260969440388
15765,0,0,0.04081842427845937
15766,0,0,0.02884286442581418
15769,0,0,0.002411368563882378
15770,0,0,0.02742909393734387
15785,0,0,0.0015167324017491145
15787,0,0,0.20249117410880732
15797,0,0,0.009593721622086611
15798,0,0,0.00033153882572478513
15802,0,0,0.03508467618974133
15804,0,0,0.03284262698434254
15806,0,0,0.0004800378319564165
15813,1,0,0.005231297859907721
15814,0,0,0.0050268371001434605
15815,0,0,0.014362833691168067
15826,0,0,0.004116493625652786
15840,0,0,3.513504861898859e-05
15851,0,0,5.306263235250925e-07
15858,0,0,0.20395099992963925
15863,0,0,0.03669941771096892
15867,0,0,0.2617295328453897
15869,0,0,0.02457599962410467
15874,0,0,0.00017406962144364592
15876,0,0,0.288012851542882
15877,0,0,0.04684421912452091
15878,0,0,0.01877805678757169
15879,0,0,0.0003764021397806951
15882,0,0,1.0114472706682677e-05
15887,0,0,2.3651466938015828e-05
15888,0,0,9.519478730406393e-06
15895,0,0,0.12015683484709874
15898,0,0,0.22342272247115175
15906,0,0,0.0019107727880989496
15918,0,0,6.10997136609996e-06
15922,0,0,0.03240082793175353
15923,1,1,0.9663495336341993
15928,0,0,5.622754231629769e-06
15933,0,0,0.25954516639582864
15934,0,0,0.06711688411462784
15943,1,1,0.9607404138770596
15951,0,0,0.00012907357881671795
15952,0,0,0.0001358464425905707
15962,1,1,0.7778797140591275
15970,0,0,0.0031376138983270473
15979,0,0,0.0018964067508134637
15982,0,0,0.0004521958566405482
15988,0,0,0.06347387337349056
16000,0,0,0.0003998468264664982
16001,0,0,0.3231674927878767
16006,1,0,0.3355139157525175
16011,0,0,0.00012219873031039908
16012,0,0,0.2485901747819882
16036,1,1,0.945699378562154
16061,0,0,5.697010221072097e-07
16063,0,0,0.28579681743294505
16072,0,0,0.013077114301876878
16081,0,0,0.00472197655384014
16082,0,0,1.1893403407481844e-06
16085,0,0,3.2366170082556324e-06
16102,0,0,0.005478695104259704
16105,0,0,0.04428132880475369
16110,0,0,0.00010837055884208739
16120,0,0,0.0003197438421138396
16134,0,0,0.009642069288433659
16136,0,0,0.0019556292248489424
16138,0,0,0.007856817280844601
16144,0,0,0.013507051130361686
16147,0,0,9.482841961397725e-06
16151,0,0,5.437150641609239e-06
16153,0,0,0.03102332317273268
16157,0,0,0.27961456014038716
16161,0,0,0.002944988503753225
16164,0,0,4.529204358485239e-06
16167,0,0,0.008593699630157476
16169,0,0,0.0012926340994823125
16181,0,0,0.00017547097254196412
16191,0,0,4.3614166393042e-06
16197,0,0,0.02961057081055809
16198,0,0,1.5697389542723364e-05
16203,0,0,5.916472763016146e-06
16210,0,0,0.000482009429239333
16211,0,0,0.08670797247160202
16212,0,0,0.0021252028759770635
16213,0,0,0.10894403836015688
16214,0,0,8.489768255865812e-05
16223,1,1,0.9986603923957323
16227,1,0,0.08758915577172946
16229,0,0,0.17206220916071738
16231,0,0,0.11362977925852685
16238,0,0,0.001326057417397588
16239,0,0,0.004036250328564382
16241,0,0,0.008435165956012597
16242,0,0,0.04042359938977867
16252,0,0,0.0005951805576006994
16257,0,0,0.0021688445549946952
16260,0,0,0.00019946405376261852
16268,0,0,0.0063279731365831655
16270,0,0,0.02555728445278488
16271,1,1,0.8095418113563936
16272,0,0,0.10858866169785476
16277,0,0,0.014905207947001247
16286,0,0,0.0206682874804291
16289,0,0,0.024733323371002335
16309,0,0,0.01862943585219086
16312,0,0,0.08185951037833424
16313,0,0,0.04161165310805113
16314,0,0,3.2291594314497337e-06
16336,0,0,0.010906333984265087
16356,0,0,0.12126759519740499
16362,0,0,0.0013705712449102782
16373,0,0,0.2618635803745161
16386,0,0,0.0013862134211025166
16388,0,0,0.000464509930762921
16394,0,0,0.0018926661932670418
16398,0,0,0.000230804943396143
16399,0,0,0.001954880036786676
16408,1,1,0.9784225046527907
16418,0,0,0.0002272756777366493
16419,0,0,7.85828454841387e-05
16429,0,0,0.004400556400239357
16434,0,0,0.04296105595140099
16443,0,0,0.003738565539961825
16451,1,0,0.03741893511254688
16452,0,0,0.0005801085884897906
16460,0,0,0.021854578272417255
16461,1,1,0.8673584929712026
16466,0,0,0.04711125628332071
16471,0,0,0.0014488432172958606
16472,0,0,0.0008915291192211522
16474,1,1,0.8504015846278198
16482,1,0,0.16601125649543386
16484,1,0,0.19995985331801583
16487,0,0,7.883954966823994e-05
16490,0,0,4.123783373584058e-05
16506,0,0,7.037266614130273e-05
16509,0,0,0.00020486696942541695
16515,0,0,0.0021399811001102382
16516,0,0,0.04897297278046003
16518,0,0,2.580309904641581e-05
16528,0,0,0.014221971334967424
16529,0,0,0.00023444503606312624
16543,1,1,0.9677323449465867
16544,0,0,0.004293594221489799
16547,0,0,0.00513964241825317
16552,0,0,0.004475851626371894
16554,0,0,0.000334217125602767
16557,0,0,0.001136668257021622
16561,0,0,0.18981986341131357
16566,0,0,0.05144853569625317
16574,0,0,0.11165346042687038
16581,0,0,1.5476346603981087e-05
16585,0,0,0.07769274158369031
16589,0,0,0.30378150952474664
16592,0,0,0.007853790810608207
16594,0,0,0.03577443154692987
16596,0,0,0.1007110000764103
16597,0,0,0.034071916590614613
16598,0,0,0.013091884361440565
16603,0,0,0.005635105932669332
16608,0,0,0.004064365686469873
16611,0,0,0.001889026625201191
16612,0,0,0.0364249970716384
16620,0,0,0.0003518871242242116
16625,0,0,0.00011268486098475813
16626,0,0,0.03206539601182394
16628,1,1,0.9118114792385232
16634,0,0,5.068001024759257e-06
16639,0,0,0.0009704106612802282
16640,0,0,0.00015142387238705865
16641,0,0,0.0001812067721391937
16646,0,0,0.0009286094604295997
16651,0,0,0.0012708676995014454
16654,1,1,0.9988494161044765
16655,0,0,9.227848381623886e-05
16656,0,0,0.061902960573494245
16657,0,0,0.003226152824070999
16681,0,0,2.27177181795947e-05
16687,0,0,0.0024653425089994894
16688,0,0,0.0003670213160893095
16692,0,0,0.002005069643949621
16695,0,0,1.7065201911001878e-05
16705,1,1,0.8484592812952246
16716,0,0,0.03665757377102751
16727,0,0,0.03315068385395783
16728,0,0,0.005671690346809745
16734,0,0,0.007935313769979668
16740,0,0,1.382234071805397e-05
16742,0,0,0.0008625304680317333
16747,0,0,0.013480942253624527
16750,0,0,0.00017211881472241382
16755,0,0,0.001721182858388951
16756,0,0,0.006721346877266787
16758,1,0,0.1875162250938437
16769,0,0,0.019400510435021404
16771,0,0,0.012195460362422157
16777,0,0,0.0076777295368111445
16782,0,0,0.027939579387890982
16795,0,0,0.00024181151711414331
16802,0,0,0.12373621007889003
16808,0,0,0.4066524201389468
16810,0,0,0.0002849048319715109
16812,0,0,0.027483935837652334
16818,0,0,0.004166235316834096
16820,0,0,0.09437906408731424
16821,0,0,0.022262835916936723
16827,0,0,1.607551297768789e-05
16835,0,0,0.01762725153166667
16836,1,1,0.8659905674749966
16838,0,0,0.001375669262137455
16839,0,0,9.040942820515635e-05
16842,0,0,0.0005649296142790656
16850,0,0,4.375564185688401e-05
16871,0,0,0.0321166738028217
16872,1,1,0.9308499586782846
16880,0,0,0.0338690445808568
16885,0,0,0.014773830832864598
16894,0,0,0.05840269670044094
16896,0,0,0.0008392161734695153
16904,0,0,0.02611932377160299
16908,0,0,0.0042029298111664615
16918,0,0,3.230859416031512e-05
16922,0,0,0.030489664719884305
16923,0,0,0.00012485078111343093
16924,0,0,0.0029023447835116304
16926,0,0,0.0030948572907312467
16932,0,0,0.00451195401761183
16933,0,0,0.0034684757770967263
16947,0,0,0.004601870075949897
16952,0,0,6.329254139891874e-05
16954,0,0,0.00036105052661171297
16962,0,0,0.2024051931531484
16963,1,1,0.9876503311710869
16970,0,0,0.00022499678452142158
16974,0,0,0.08293110721671805
16976,0,0,0.010196605053098579
16977,0,0,0.022933640931549516
16978,0,0,0.0013972659886032914
16983,0,0,0.02565222271596186
16984,0,0,0.012595873808328644
16987,0,0,0.002012002383597782
16998,0,0,0.025399286436360264
17001,0,0,0.0014212412963296743
17002,0,0,0.006580475948868942
17007,0,0,0.003660685150025145
17008,0,0,0.11461256387553126
17009,0,0,0.33635091060742783
17014,0,0,0.016899700865449122
17017,0,0,0.13624402288738835
17019,0,1,0.6695354815766403
17022,0,0,0.00624048915724124
17034,0,0,0.010420383974692657
17038,0,0,0.0012081525789317178
17039,0,0,0.22478367642944908
17040,0,0,2.0724896058688065e-05
17050,0,0,0.007256035928289359
17058,0,0,0.0001748796760307394
17068,0,0,0.0005019265697157263
17080,0,0,0.0021146343099704866
17086,0,0,4.7564940744518595e-05
17088,0,0,1.2376887537129309e-05
17090,0,0,0.00468188397381211
17094,0,0,0.06011351012901188
17095,0,0,0.00041176002267335343
17105,0,0,2.5286535636352923e-07
17113,0,0,0.033087850129269666
17115,1,0,0.04420826182362467
17126,0,0,0.022307477571546847
17127,0,0,6.29271267578982e-05
17128,0,0,0.00022694584387250827
17138,0,0,0.00015527556443870516
17144,0,0,0.08360928629047153
17154,0,0,0.13143389867537605
17160,0,0,1.4423095860338648e-05
17170,0,0,0.13251571853663038
17186,0,0,0.001992548561854356
17190,0,0,0.0040882746699187
17191,0,0,1.6662437715588883e-05
17192,0,0,0.006734433291427643
17197,0,0,0.000653814468290267
17198,0,0,0.00029123321416780123
17200,0,0,0.0005543928736238177
17201,0,0,1.211691853836143e-05
17218,0,0,0.04675065159641789
17224,0,0,2.7334818089049025e-05
17233,0,0,0.0361076342330585
17234,0,0,0.08146447830878083
17238,0,0,0.003310134295800907
17244,0,0,0.003692976524644078
17245,0,0,0.00011859020160540861
17250,0,0,0.16576170718929298
17252,0,0,0.004368916756121929
17257,0,0,0.13653292470867065
17264,0,0,0.0575352558384762
17265,0,1,0.6299003007447624
17275,0,0,0.02128920819431988
17279,0,0,0.46410967106612466
17287,1,0,0.08463854318858464
17288,0,0,0.004787359513115456
17289,0,0,0.033239754034580675
17297,0,0,0.0454546019591329
17313,0,0,2.8484616324184136e-06
17314,0,0,0.00034112985829541436
17320,0,0,0.0064425361585090535
17325,0,0,0.01589256996321763
17326,0,0,0.00010761037518357259
17329,0,0,0.009596264313366621
17332,0,0,0.001666370476267061
17333,0,0,0.018891709157558233
17357,0,0,0.0006766290111770726
17358,0,0,0.1148266707729146
17361,0,0,0.0797405366157036
17362,0,0,0.001771527887374026
17363,0,0,0.07188738004987297
17364,0,0,4.745694822960126e-07
17369,0,0,0.3753975502487785
17378,0,0,0.0003052651658701249
17385,0,0,0.013124915905884731
17393,1,1,0.9923741597869095
17394,0,0,0.00043604131393230807
17396,0,0,0.001438221740540707
17408,0,0,0.022153598051369797
17413,0,0,0.018812155152287638
17418,0,0,0.022098176151402405
17420,0,0,0.013328286248367597
17427,0,0,0.0007501490271711128
17428,0,0,0.0011782831483634706
17431,0,0,0.0013925574677135085
17433,0,0,0.05477562383194031
17435,1,0,0.3061493684612009
17439,0,0,6.849677223006953e-05
17442,0,0,0.11534636741363574
17448,1,1,0.8586048599000106
17449,0,0,0.08594998503018497
17458,0,0,9.123256414368389e-07
17462,0,0,0.0028822310611646804
17467,0,0,0.00015581908644860058
17469,0,0,0.00021112807483033875
17470,0,0,5.887120484445076e-05
17478,0,0,0.00040832816045567307
17481,1,0,0.41243809986640106
17482,1,1,0.5486955670212434
17489,0,0,0.07058799531838982
17491,0,0,2.2148737631765004e-05
17493,0,0,0.005243703473468353
17495,0,0,7.820573032637281e-06
17501,0,0,0.004690432012380772
17504,0,0,0.0002747933427537934
17506,0,0,0.00040892949749921255
17510,0,0,0.29493471023141005
17516,0,0,3.639257678264858e-05
17526,0,0,0.05795501513727379
17538,0,0,5.668383500218563e-07
17539,0,0,0.004925576707862799
17543,0,0,0.0024306914302833246
17546,1,1,0.7468870180942359
17547,0,0,0.2772233979433003
17558,0,0,0.023395406717888808
17564,0,0,0.0151216114713271
17565,0,0,0.01238992278668205
17575,0,0,0.00014000012529741178
17577,0,0,2.1185600761225334e-05
17579,0,0,0.002099364774338315
17581,0,0,0.006874140796527011
17584,0,0,0.027403936067037345
17596,0,0,0.17658407991742683
17605,0,0,9.243809419286642e-05
17608,0,0,3.4942058316503257e-05
17609,0,0,0.25058458681866713
17611,0,0,0.2891175318360265
17626,0,0,0.00012437164190523507
17632,0,0,0.00010051821428870519
17647,0,0,0.05199825526253441
17652,0,0,0.20068267719842983
17654,0,0,0.05945015184521636
17657,0,0,0.001362589149514887
17667,0,0,0.06743880381188426
17671,0,0,0.009175379347881082
17675,0,0,0.029550958384580762
17684,0,0,0.08231209715770113
17687,0,0,0.0006405295307867005
17691,0,0,0.03691533137362992
17694,0,0,8.561642731475682e-06
17697,0,0,0.00013270449134014393
17703,0,0,1.5086837472903448e-05
17706,0,0,0.00021562588333263265
17711,1,1,0.6022928128654063
17716,0,0,0.003166156856824256
17721,0,0,0.0004620255414311957
17724,0,0,0.04922384910189126
17726,0,0,5.357850661419433e-06
17731,0,0,0.008567833551640727
17732,0,0,0.08906118025701924
17741,1,1,0.9945146483732986
17742,0,0,0.002646197671345204
17743,0,0,0.016488547530857052
17747,0,0,0.016347398912326373
17749,0,0,4.602744895375046e-06
17754,0,0,0.006405582079551582
17759,0,0,0.00014469696490441368
17770,0,0,0.014008243360184143
17772,0,0,0.002189643453817222
17774,0,0,0.13134014365933258
17777,0,0,0.0007680291349568554
17785,0,0,0.033981465510165156
17788,0,0,0.03621183832240366
17789,0,0,4.919826955585481e-05
17790,0,0,0.0005148897330568042
17791,0,0,0.0038702320519185874
17797,0,0,1.7854309381111342e-05
17807,0,0,1.825058930166481e-05
17808,0,0,7.305021910783503e-05
17811,0,0,0.0012709203273490925
17812,0,0,0.11908714114500452
17816,0,0,0.002481769572801446
17818,0,0,9.310992107919006e-07
17824,0,0,0.02914369716372054
17835,0,0,0.03606324435455615
17836,1,1,0.7239247993298753
17840,0,0,0.00789374932292222
17860,0,0,0.006489249245779526
17868,0,0,0.049137533436383725
17869,0,0,6.088232192530603e-06
17870,0,0,7.693053558346715e-05
17871,1,1,0.8896544449780077
17876,0,0,0.01729731633748024
17877,0,0,0.05673422815622543
17883,0,0,0.007491488961071935
17886,0,0,0.0001826030379941617
17889,0,0,8.17798936296485e-06
17890,0,0,0.0006510557532145676
17892,0,0,0.0006329266982712849
17903,0,0,0.00022121046963092866
17910,0,0,0.003910719618066675
17911,0,0,0.033730346727224074
17922,0,0,0.15577838593537371
17923,0,0,4.324978057492951e-05
17926,0,0,0.49163719023285846
17932,0,0,0.0004440257229161602
17940,0,0,0.0006542824157779432
17944,0,0,0.00019339060900138983
17945,0,0,0.01063560637253766
17946,0,0,0.05790696327991668
17953,0,1,0.5247956072305758
17964,0,0,5.357711970008983e-05
17966,0,0,0.12373760508157736
17970,0,0,0.01935661508269869
17972,0,0,3.2352335327352407e-06
17976,0,0,0.006266296050619533
17977,0,0,0.2639063381209135
17982,0,0,0.00048307607560724614
17987,1,1,0.8227627213300414
17997,0,0,0.002795895227498043
18002,0,1,0.5667598853942981
18005,0,0,0.004097594484068008
18015,0,0,0.004659520065361941
18038,1,0,0.271733135702531
18044,0,0,2.629445881379225e-05
18047,0,0,0.005196436655723066
18048,0,0,0.30792003758818637
18049,0,0,0.06531496644057938
18059,0,0,0.007353406031915808
18062,0,0,0.022089197620299882
18064,0,0,0.000653695056734089
18065,0,0,0.03923925042202611
18067,1,1,0.6038136208204351
18073,0,0,0.02370226736603767
18076,0,0,0.00011517196170415086
18077,0,0,0.00023850818175738512
18092,0,0,1.1387579447118142e-05
18101,1,0,0.017146450591889364
18112,0,0,1.8888667635272158e-06
18124,0,0,0.003108233812018352
18134,0,0,5.5362468447856483e-05
18135,0,0,0.04236487918978557
18140,0,0,0.00025795949119326807
18149,0,0,0.04344396624075788
18151,0,0,0.02202699415646005
18154,0,0,0.004562980800634661
18155,1,1,0.548874213584392
18156,0,0,0.001301785484674617
18158,0,0,0.00020386785833980255
18159,1,1,0.784702099615761
18162,0,0,0.0002769227053326478
18165,0,0,0.0024177068413651394
18168,0,0,0.1137973911596451
18171,0,0,0.00016124805522587757
18175,1,1,0.9857901647781063
18184,0,0,0.0007268836435772616
18189,0,0,0.000678366449990421
18194,0,0,0.01619492227049383
18196,0,0,0.005891844851843419
18200,0,0,0.0005665140366033733
18201,0,0,0.0004893243431916153
18202,0,0,0.03710517248629443
18205,0,0,0.01671224949119593
18206,0,0,0.001803447658726883
18210,0,0,0.038033459466745696
18219,0,0,0.00016780773565681573
18221,0,0,0.003966489487416269
18236,0,0,0.00017224906948991065
18238,0,0,0.10687229907343375
18246,0,0,1.0042277089305453e-06
18247,0,0,0.0002074782519897554
18248,0,0,0.0003757682309102344
18250,0,0,0.0018157711823342867
18259,0,0,0.039963450019041294
18260,0,0,0.0007315589295653547
18272,0,0,0.02767409088516916
18276,0,0,0.0066669523894503395
18279,0,0,0.00010873530231279216
18280,1,0,0.10085965736659244
18284,0,0,0.025548157670237652
18286,1,0,0.03556450059324349
18288,0,0,0.00016982782323953752
18290,0,0,0.0004146042822986499
18293,0,0,0.00013976931685830127
18294,0,0,0.000823091845398622
18295,0,0,0.08053015761429283
18296,1,1,0.9942225946822066
18310,0,0,0.005825610733515068
18314,0,0,0.0335719736327796
18321,0,0,3.588455885475489e-07
18325,1,1,0.8924824789198343
18326,0,0,0.00012125924321649004
18333,0,0,0.0077091012680620625
18347,0,0,0.0002236012615740704
18355,0,0,0.0009568713024512664
18359,0,0,0.0033349112723048
18362,0,0,0.00010063268511095157
18365,0,0,5.4033324031922065e-05
18373,1,0,0.4253329845675091
18376,0,0,0.0005125360425588217
18377,0,0,0.0034008891143442804
18381,0,0,0.11937258092596856
18382,0,0,8.410097498915235e-05
18383,0,0,0.05135149480416247
18394,0,0,0.01115378207126549
18396,0,0,0.0021457696005477964
18401,0,0,0.009885664200369538
18406,0,0,0.005712920203390045
18409,0,0,5.840463929095665e-05
18416,0,0,0.055639800486786996
18423,0,0,0.0013552750010514798
18424,1,1,0.9996136129007362
18427,0,0,0.016485924822893246
18428,0,0,0.0003727874616029952
18437,0,0,0.001139634358207813
18439,0,0,0.00011180289758440936
18440,0,0,0.0159086361517555
18443,0,0,0.01380402065164829
18444,0,0,0.05785126134590156
18448,0,0,0.012702035002288715
18450,0,0,0.009735553975299306
18459,0,0,0.026704811735462637
18460,0,0,0.0006166942269563217
18474,0,0,3.229300706852662e-05
18476,0,0,0.00905215322391554
18480,0,0,0.0013229689840401743
18482,0,0,0.0001574403728527001
18486,0,0,0.0027474292259690287
18495,1,1,0.9114743912404757
18509,0,0,0.00016376894925786647
18510,0,0,0.00600073474000052
18515,0,0,0.14734228148055883
18518,0,0,0.002915472167412779
18522,0,0,0.017424771274624263
18530,0,0,0.0002145084326469331
18533,1,0,0.39542946030342047
18552,0,0,0.0004716110534161809
18567,0,0,0.012087938394873555
18576,0,0,0.00038764758674558183
18582,0,0,0.004235715614956025
18605,0,0,0.1139805248653356
18610,1,1,0.985268127043909
18611,0,0,0.007971306166693549
18617,0,0,0.03032589433373678
18625,1,0,0.2585973255723126
18630,0,0,0.03912748822224916
18632,0,0,0.00018302483793773594
18645,1,1,0.8509294256212618
18652,0,0,0.005509530841635149
18657,0,0,8.303249931499262e-06
18661,0,0,0.0003483998244384752
18663,0,0,0.008566784911263442
18667,0,0,0.026460960020174906
18676,0,0,0.0003229981913067772
18679,0,0,0.041801421700581334
18680,0,0,0.02954868637214497
18681,0,0,0.0983296651837809
18688,0,0,0.000898122316708666
18690,0,0,0.005420675041769547
18694,0,0,1.3757127181117956e-05
18696,0,0,6.720183783825513e-06
18697,0,0,0.0003352597544414623
18700,0,0,0.00011674194018534253
18716,0,0,0.003667954477501946
18720,0,0,0.0030711698495168947
18724,0,0,0.003514076454525701
18729,1,1,0.9961721779263939
18730,0,0,0.00023335199211444113
18742,0,0,0.00022480218166389204
18743,0,0,0.0010704589328206784
18744,0,0,0.17052680953423496
18748,0,0,0.0003828785533924221
18749,0,0,0.3226398115916317
18758,0,0,2.7842003090568073e-05
18761,0,0,0.19446472445290244
18762,0,0,7.287454665239567e-06
18764,0,0,0.0011167226485929028
18766,0,0,0.000738214799715818
18774,0,0,0.002094382653847223
18777,0,0,0.0020343766198741963
18780,0,0,0.0008383114993515447
18781,0,0,0.007751018332942764
18782,0,0,0.13753638379140173
18786,0,0,0.0001133605441742553
18790,1,1,0.8935945532158807
18796,0,0,6.110898410075428e-06
18801,0,0,0.1582883666170282
18805,1,1,0.7780792644074862
18809,0,0,0.02473747047300338
18811,0,0,8.898104892278648e-06
18814,0,0,0.09660890251992862
18815,0,0,0.0002815474074631302
18816,0,0,0.0010581220037868206
18817,0,0,0.03439199648372703
18832,0,0,0.004049736940800583
18838,0,0,0.01021878261680502
18842,0,0,0.001840436397041616
18844,0,0,0.04318882546610701
18846,0,0,3.134260179511909e-06
18850,0,0,1.5310835382292923e-05
18857,0,0,0.000125483042521443
18860,0,0,2.6627502957479516e-05
18874,0,0,0.0027543806360031957
18875,0,0,0.027881138422548996
18881,0,0,0.0001807196773059502
18886,0,0,0.007881751485027837
18895,0,0,0.017613294778460596
18897,0,0,0.24262682545157
18906,0,0,0.00015350246562250745
18909,0,0,0.00042260992728890566
18911,0,0,0.000651502787868694
18918,1,0,0.13935804804925195
18920,0,0,0.1281705239750652
18922,0,0,0.0006590340995263009
18925,0,0,0.000778749846889031
18926,0,0,6.029457448883107e-05
18936,1,1,0.6809342528567714
18938,0,0,0.00014702589080721888
18939,0,0,6.196217239933432e-05
18940,0,0,0.00647420726111063
18943,0,0,0.009662627125994432
18945,0,0,0.006574311573506864
18946,0,0,0.0009723501875048948
18947,0,0,0.11183588996341225
18953,0,0,0.018739602369630848
18955,0,0,0.0006765335724708851
18962,0,0,0.0021204868246004916
18963,0,0,1.0466334118628623e-06
18965,0,0,0.33610753015345984
18970,0,1,0.7226713365232803
18972,0,0,0.015295441459905534
18977,0,1,0.5135141965870568
18982,0,0,0.00562301120826262
18985,0,0,0.002443115815178557
18986,0,0,0.021092970428003135
18987,0,0,0.00012156619494147755
18995,0,0,0.009117781670186759
18998,0,0,0.13498713190767922
19006,0,0,0.023696187128816066
19007,0,0,0.004914772662615476
19011,1,1,0.8539614743968458
19014,0,0,0.0824715907513676
19018,0,0,1.1011545082903518e-05
19023,1,1,0.8766829011006835
19025,0,0,0.07642623914776235
19026,0,0,0.0017675616605929854
19031,0,0,0.08128200477335222
19037,0,0,0.3531575090327143
19040,0,0,0.12175346672839016
19044,0,0,0.03906005353246947
19055,0,0,0.022051300633048845
19060,0,0,0.0023565685504346595
19068,0,0,0.002001683248524228
19074,0,0,0.08861425599484238
19075,0,0,0.00019166275988732228
19077,0,0,0.006574465744264738
19079,0,0,0.006198597593286634
19083,0,0,4.378558878255834e-06
19095,0,0,0.00012725787211612127
19103,0,0,0.009691798573544678
19106,0,0,0.0002970571568836262
19111,0,0,0.201437766724809
19117,0,0,0.0003822184277385149
19125,0,0,0.2076418486259977
19133,0,0,0.04402716901308381
19134,0,0,0.0004239180062526133
19139,0,0,0.0005210676011780722
19144,0,0,0.0008662618138634545
19145,0,0,0.0004899906646090481
19147,0,0,0.0005883882048430097
19148,0,0,0.001115845284112653
19150,0,0,9.058041231696222e-05
19153,0,0,0.00017442593921924995
19159,0,0,0.009551659726282502
19161,0,0,9.211258118731798e-06
19164,0,0,0.01839875640414207
19170,0,0,0.004882191109794471
19171,0,0,5.194224576471359e-06
19182,1,1,0.9998371266566785
19184,0,0,0.009117916621518687
19185,0,0,0.012833744166065586
19189,0,0,0.005514524604067222
19190,0,0,0.0031277181208435693
19191,0,0,0.16633693274864936
19201,0,0,1.4713322637824151e-05
19204,0,0,0.0001734802387056322
19205,0,0,0.02743396421726896
19210,0,0,0.0011937084850758522
19215,0,0,0.001584708272134517
19219,0,0,0.0008919665281806032
19220,0,0,0.005409668366375379
19223,0,0,0.009234230328540167
19227,0,0,6.447761827645767e-05
19232,0,0,0.28436780779747545
19233,0,0,0.004838986036734755
19242,0,0,0.005238794531291043
19248,0,0,0.01728701362506775
19252,0,0,4.2830566749772684e-05
19253,1,1,0.8120998550448141
19254,0,0,0.005070578088545428
19262,0,0,0.0002905553469871144
19266,0,0,0.29217624125789393
19268,0,0,0.022357767547526008
19276,0,0,0.021843639878699514
19288,0,0,0.030773107506754178
19289,0,0,0.0003317060344209226
19295,0,0,0.019529974704656006
19299,0,0,0.00013789096031190085
19313,0,0,1.0609396254800368e-05
19335,0,0,2.175124751533992e-05
19342,0,0,4.960053890347646e-05
19343,0,0,0.007252345944638578
19344,0,0,0.007281107298079146
19351,0,0,0.01120932598023074
19360,0,0,2.7232907708057223e-06
19367,0,0,0.0021361540211046995
19373,0,0,0.006189651543036389
19376,0,0,5.397952359587345e-06
19380,0,0,0.0002733166589395034
19383,0,0,0.027383551057017376
19385,0,0,4.339834004292219e-05
19388,0,0,0.16232623250021846
19400,0,0,0.0011848889741387426
19401,1,0,0.22153474648547003
19406,0,0,0.005304257529339671
19411,0,0,0.0006387929778370847
19412,0,0,0.005215484230398811
19413,1,1,0.9981421676790206
19417,0,0,0.0002600443768354953
19420,0,0,0.22370209664886048
19424,0,0,0.05428732714622346
19428,1,1,0.9991724257637867
19434,0,0,0.0467392043200874
19447,0,0,0.00043203007930054207
19448,0,0,0.005234447172628185
19449,0,0,0.18722918445229433
19450,0,0,0.0030884582544164875
19459,0,0,0.0003196950438519733
19460,0,0,0.022614037188885792
19468,0,0,0.03215139636835356
19472,0,0,0.00388037262192419
19475,0,0,0.0016746742484324377
19479,0,0,0.004191701710498967
19480,0,0,0.012817609405116335
19485,0,0,0.001371564330030379
19486,0,0,0.002329127134694557
19489,0,0,0.001761961043515542
19492,0,0,0.20683494768492242
19505,0,0,0.0013405681706317365
19511,0,0,0.0027235982732605286
19520,0,0,0.015424320140629177
19522,0,1,0.7545673875755825
19524,0,0,0.07671281837325702
19528,1,1,0.9946968619440808
19529,0,0,0.3097844263686072
19530,0,0,0.0010576461980521096
19533,0,0,0.1252005475689107
19540,0,0,1.7183122755017343e-06
19543,1,1,0.9213450197764522
19544,1,1,0.9623035296467621
19545,0,0,0.0036022177129587537
19554,0,0,0.00043956522052010836
19567,0,0,0.002268583109392847
19568,0,0,0.00031354358551426105
19571,0,0,0.34224225356166166
19578,0,0,0.01029292878445548
19580,0,0,0.0022517575560583366
19589,0,0,3.939653131600925e-05
19595,0,0,0.0024434202267046177
19607,0,0,0.0014268748140119137
19611,0,0,0.0004273349220121678
19632,0,0,9.3386437919376e-05
19634,0,0,2.3668067248360002e-07
19635,0,0,0.000308948904002751
19637,1,0,0.10649362505473661
19640,0,0,6.252576416357551e-06
19642,0,0,0.0006456346484605951
19657,0,0,0.0001574647538575232
19662,0,0,0.00026988860759529106
19664,0,0,0.003552353936185895
19671,1,1,0.983235134250494
19675,0,0,0.0002125474759381607
19678,0,0,1.719814204867499e-05
19687,0,0,1.004072332692332e-05
19690,0,0,9.562748921185506e-05
19693,0,0,0.004242980841428154
19699,0,0,0.3050480411515599
19703,0,0,0.03603492094139779
19708,1,1,0.5985852870820471
19710,0,0,0.06610315648671874
19721,0,0,0.004786214476710388
19729,0,0,2.520112025730545e-05
19730,0,1,0.5527400559051959
19733,0,0,6.651870112014857e-05
19734,0,0,0.033378693345405434
19741,0,0,0.00032854685202098017
19753,0,0,0.0006398466206923515
19757,0,0,0.0005535806651541393
19759,0,0,3.784043736995021e-05
19765,0,0,0.0006010384234290784
19780,0,0,1.3983434859266563e-05
19782,0,0,0.0008015656699111609
19784,0,0,5.644326686894308e-05
19786,0,0,0.000821360068533623
19799,0,0,0.014391968562528999
19808,0,0,0.08289999720145551
19817,1,1,0.7717140436524518
19820,0,0,0.0001880140696795784
19825,0,0,0.021205987457540217
19832,0,0,0.059978571206794895
19834,0,0,0.01205712444637568
19839,0,0,0.011803082893805295
19843,0,0,0.05362990933189814
19855,0,0,0.0032504970554312683
19859,0,0,0.0010686549692775975
19867,1,1,0.9744332815880604
19885,0,0,0.0005533155728982623
19886,0,0,4.1449694368557787e-07
19893,1,1,0.9386252261294271
19897,0,0,5.03949625555273e-05
19906,0,0,0.06553228521116677
19911,0,0,0.02433717583566822
19913,0,0,0.00039664155146129046
19914,0,0,3.8155485267628667e-07
19924,0,0,1.874867640564106e-05
19928,0,0,0.005078207859477467
19932,0,0,7.190421852714582e-06
19935,0,0,0.0065977602551270335
19942,0,0,0.03457686286422167
19946,0,0,0.23919228081339747
19951,0,0,0.33129402260828356
19953,1,1,0.987311287038244
19955,0,0,0.05961387328109213
19960,0,0,0.002703206895034221
19964,0,0,0.0004970870453303049
19965,0,0,0.0015494049765541404
19969,0,0,5.22729096492621e-06
19970,0,0,0.08412116161038707
19972,0,0,0.04896463931111861
19973,0,0,0.07049276054908689
19977,0,0,0.01302197995680937
19980,0,0,0.010655193463639313
19996,0,1,0.7850218158533335
19997,1,1,0.9960182323789716
20001,0,0,0.0003750106826785912
20002,0,0,0.000144805574821115
20003,1,1,0.6144650450128404
20006,1,1,0.9461747248210249
20009,0,0,0.0007587098210517639
20012,0,0,0.024682048640859617
20013,1,1,0.8545343147296413
20025,1,0,0.32015844883533334
20035,1,1,0.9997988772391488
20045,0,0,0.14986800846785153
20048,0,0,0.0035209266350926757
20054,1,1,0.988787494381766
20055,0,0,0.00038353862853251266
20072,0,0,0.06571127276109985
20076,0,0,0.03778809503870226
20080,0,0,0.0012827146614742683
20086,0,0,0.019854959690018745
20090,0,0,0.0007193862207408296
20095,0,0,0.42570998177998903
20117,0,0,0.0008925081349807507
20119,0,0,0.0006453698035179169
20123,0,0,0.0013080549392878846
20131,0,0,0.009775190089669284
20146,0,0,0.02429096095281922
20147,0,0,0.009759865207627684
20148,0,1,0.6319023577570554
20149,0,0,0.00012854479599571573
20151,0,0,2.9015634766675562e-05
20161,0,0,0.0019209140422973778
20164,0,0,0.0009789591227933334
20178,1,0,0.43340948421507014
20181,0,0,0.005113245394385469
20183,0,0,0.0001227348721215423
20187,0,0,0.12665999903503292
20188,0,0,0.04379327525345621
20190,0,0,3.377035740789394e-06
20195,0,0,0.00015299668025632867
20207,0,0,0.002127570493582598
20208,0,0,0.264508895310247
20214,1,1,0.8775144997366011
20216,0,0,0.014282063104041095
20217,0,0,0.0023111920281305934
20225,0,0,0.00033206216340543474
20227,0,0,0.29194632284196936
20228,0,0,0.0013183116451221935
20230,0,0,0.0004371182859903375
20233,0,0,0.003375160830946803
20240,0,0,0.21933861959210843
20243,0,0,0.00015921941033312365
20244,0,0,0.04673772151518163
20247,0,0,0.0005701820479753476
20249,0,0,1.624284442351523e-05
20251,0,0,0.008519004493730612
20253,0,0,0.0008183212865392014
20256,0,0,4.0403582777021374e-06
20258,0,0,0.0008507812230563257
20263,0,0,0.000475608317838773
20279,0,0,0.003363162600153422
20287,0,0,1.617645951680293e-05
20291,0,0,2.7678581769544602e-05
20298,0,0,0.00010892382676291921
20303,0,0,2.7942223215330657e-05
20308,0,0,8.866173566624244e-07
20312,0,0,0.00012128531703965876
20318,0,0,0.0008987481365798887
20320,0,0,1.1415353001330675e-06
20321,0,0,0.03088539196483345
20322,0,0,0.01753303403264918
20331,0,0,0.0014191561531778888
20332,1,1,0.5022420296140941
20333,0,0,2.635686843521834e-05
20341,0,0,0.0019241329087894864
20344,0,0,0.0002436111835360478
20348,1,1,0.9901576007874558
20352,0,0,0.0037091893395715743
20356,0,0,0.008910683006657679
20357,0,0,0.0068215627547121935
20366,0,0,0.0002454909099902829
20373,0,0,0.0010141232868093794
20375,0,0,0.022889496374695333
20384,1,0,0.22015322688027428
20390,0,0,0.0014556124821321498
20396,0,0,0.0009344500398213055
20400,0,0,0.17456792156139417
20409,0,0,4.981613128847593e-05
20415,1,1,0.992475186506133
20423,0,0,0.00040243346913613033
20425,0,0,0.005596463425710806
20430,0,0,0.006061923448837738
20436,0,0,0.02048043749172332
20443,0,0,0.07809075582694307
20464,0,0,1.9204043564624748e-05
20473,1,0,0.19465136829771967
20478,0,0,0.011872971259977043
20482,0,0,7.722451182277514e-07
20497,0,0,0.1651177235140666
20503,0,0,0.001979630702629446
20516,0,0,0.004433986032377273
20521,0,0,0.01346609589026263
20536,1,1,0.9992678776220867
20537,0,0,4.178045061471829e-05
20553,0,0,2.1792348759518333e-05
20558,0,0,0.04927053260386775
20559,0,0,0.004813598846976822
20565,0,0,0.0040353489268691945
20572,0,0,0.002739234219185926
20574,1,1,0.9802344484618625
20577,0,0,0.0004656707941595714
20582,0,0,0.11743902076451238
20588,1,1,0.9288400554012938
20593,0,0,8.686718008587775e-05
20603,0,0,4.9514845071963064e-05
20609,0,0,1.0318386604418592e-05
20611,0,0,0.0009469113259129462
20612,0,0,6.116864014048159e-05
20614,0,0,0.037947216444388907
20618,0,0,3.7253963109410776e-06
20625,0,0,0.09449960364249464
20631,0,0,0.009741966416901188
20642,0,0,0.1664702624301055
20644,0,0,0.0012875892543300527
20650,0,0,6.346650162651073e-05
20651,0,0,0.0003474947929784856
20652,0,0,0.0039099037448278
20655,0,0,0.024785840592953308
20656,0,0,0.011317162920935382
20662,0,0,0.07568764694746175
20663,0,0,0.05185600730192011
20664,0,0,0.07542956037194741
20665,0,0,0.02322592574050895
20668,0,0,0.020639759110049873
20681,0,0,0.18457488190048274
20682,0,0,0.3971952862462894
20683,0,0,0.03727176451712514
20685,0,0,1.257990041026073e-05
20688,0,0,0.0033056834471253157
20692,0,0,0.01573127128192088
20693,1,1,0.6053223361044566
20706,0,0,3.428561193243485e-05
20713,0,0,0.32293699852134145
20722,0,0,0.02146010076288294
20725,0,0,0.0008077462237737673
20726,0,0,0.009274182471130477
20727,0,0,0.001876044746731537
20730,0,0,9.524461361585465e-05
20734,0,0,0.00010218802236423113
20739,0,0,0.03441032942066755
20751,0,0,0.0032282300991684663
20758,1,0,0.052639883280278105
20763,0,0,3.231000128739862e-05
20767,0,0,0.00037734659688986574
20768,0,0,0.01083060777891752
20773,0,0,0.0009955722479766654
20779,0,0,0.0006570047447267275
20785,0,0,9.630472301186471e-05
20786,0,0,0.01460864745289152
20795,0,0,0.00017892938125244444
20800,0,0,0.0014984215314162678
20802,0,0,0.04563828727363283
20804,0,0,0.00014144401729604205
20819,0,0,0.0009049826445722378
20824,1,0,0.07983833332892443
20826,0,0,0.0008934513199891585
20831,0,0,0.001177994644980678
20839,0,0,0.0020162854153894945
20846,1,1,0.9260952838827331
20850,0,0,0.0005805895644262602
20859,0,0,0.00024044567110809956
20877,0,0,0.05389873810388636
20883,0,0,0.028494700825553363
20885,0,0,0.02496007950772414
20886,0,1,0.5654465181463232
20892,0,0,0.052020200702520676
20898,1,1,0.9158280378849417
20905,0,0,0.004038270572909924
20907,0,0,0.002048583246550357
20908,0,0,0.004702497652493304
20919,0,0,2.7528505223722517e-06
20934,0,0,0.043571568958554616
20935,0,0,8.631900778927507e-06
20943,0,0,0.24217089598907612
20949,0,0,3.134239917739943e-05
20955,0,0,0.0014298551294093772
20957,0,0,0.09968933901161772
20965,0,0,0.05467961702552036
20973,1,0,0.43142435541426566
20979,0,0,0.011848857761360108
20980,1,1,0.9565784839789935
20985,0,0,3.7379796025414864e-05
20994,0,0,0.011635922114656869
21000,0,0,0.00018983182135602657
21001,0,0,0.0075249330970383
21007,0,0,0.4060165768041264
21020,0,0,0.075419557872466
21026,0,0,0.005174193876676467
21029,1,1,0.9845652929204092
21036,0,0,0.0037162703810423706
21042,0,0,0.0029910716365023826
21047,0,0,3.145216163798441e-06
21067,0,0,0.02551265676435593
21070,0,0,0.003419421936993395
21073,0,0,0.3204104164844294
21080,0,0,0.000901954442721915
21083,0,0,2.6550352277268823e-05
21091,0,0,0.007490599672493294
21092,0,0,0.0030416712220132118
21106,0,0,0.002473507642395178
21108,0,0,0.03106255463497221
21115,0,0,0.002346762840759546
21117,0,0,0.044399864623640685
21118,0,0,4.091380574138361e-05
21130,1,1,0.9865468820295396
21131,0,0,0.021920928669613492
21138,0,0,0.00010517336577326276
21144,0,0,4.144419411863572e-05
21152,0,0,4.619846321666369e-05
21166,0,0,1.1680576927500632e-05
21172,1,1,0.5274600526173248
21175,0,0,0.005875891654270117
21179,1,0,0.020197292703438553
21182,0,0,0.0007242790322081737
21184,0,0,0.2611972168258607
21185,0,0,0.3106142303350493
21186,0,0,0.0044917445867831765
21187,0,0,0.0005497515820062523
21191,0,0,5.6155638146485734e-05
21199,0,0,0.0003676056942676225
21201,0,1,0.6209504410691361
21203,0,0,8.125572255336805e-06
21207,0,0,0.00012464998696507356
21208,0,0,0.0065053717625795674
21218,0,0,0.00044344917219231846
21221,0,0,0.0001954788983180999
21223,0,0,0.002178231070436074
21227,0,0,0.0003719213239549996
21230,0,0,0.014619436152565293
21231,0,0,0.003142673000701076
21233,0,0,0.016496799522781724
21249,0,0,0.05137565034646976
21255,0,0,0.00034637129069051164
21262,0,0,0.04557375896377556
21268,0,0,9.082261445671565e-06
21277,0,0,0.0012268945698095226
21288,0,0,1.8134696518237065e-05
21290,0,0,0.002519410118796492
21294,0,0,0.0006092315770367462
21297,0,0,0.03040702559158814
21300,0,0,0.0035576089322617824
21305,0,0,0.004256033018872269
21306,0,0,0.000656889019173121
21315,0,0,0.0014513672444374725
21322,0,0,0.03964177438539668
21323,0,0,2.910334425575618e-05
21327,1,1,0.6401914465367793
21329,0,0,0.004067615520461513
21337,0,0,1.2521023849540562e-05
21346,1,1,0.8129077823294707
21351,0,0,0.010858462179407927
21364,0,0,0.2500678611869114
21365,0,0,4.392028726638541e-05
21366,0,0,0.027889501023221762
21375,0,0,0.09047209869211251
21376,0,0,1.934908409463753e-05
21379,0,1,0.5817304446391852
21381,0,0,0.2083678612019245
21384,0,0,0.03847310058382662
21387,1,0,0.11779259462634854
21392,0,0,0.002209481886638587
21398,0,0,0.078314498514503
21401,1,1,0.9861958130637134
21409,0,0,0.063549287193221
21411,0,0,0.016307814809293848
21413,0,0,0.0035964156099145854
21421,0,0,0.09356228475665813
21430,0,0,0.061468606327195564
21432,1,0,0.3667975715173111
21435,0,0,0.03481399361838841
21439,0,0,0.0005069250785898851
21449,0,0,0.08249488878412292
21457,1,1,0.9685841580888914
21461,0,0,0.016431794876866825
21462,0,0,9.660032363362815e-05
21463,0,0,0.0368463379534151
21475,0,0,0.06232100248257417
21479,0,0,0.0013431028881878341
21482,0,0,0.00029230812847915453
21483,0,0,0.0009544186196430338
21486,0,0,0.004591292063300673
21494,1,1,0.949775251409987
21509,0,0,0.014487249092176814
21513,0,0,0.0002400196988757143
21518,0,0,0.0476645941875595
21519,0,0,4.899316111701627e-06
21520,0,0,0.010210845188193107
21525,0,0,0.005141414356024261
21528,0,0,2.9548385563432912e-05
21529,0,0,3.5190000916937527e-06
21540,0,0,2.5281699821661264e-05
21541,0,0,0.001029621883219786
21545,1,1,0.9955110734208118
21548,0,0,2.1657433681726012e-06
21557,0,0,0.0911133627580545
21571,0,0,0.031094618615173958
21572,0,0,0.00010399023807898314
21576,0,0,0.413189868352772
21578,0,0,8.002944106193267e-05
21583,0,0,0.07913501779377619
21584,0,0,0.006015771484425661
21589,1,1,0.993771690189365
21594,0,0,0.0004965951009674317
21595,0,0,0.020710184521449432
21596,0,0,4.177536202269968e-05
21597,0,0,0.017032113469193696
21616,0,0,0.07470803352216926
21618,0,0,0.00035606139852893025
21621,0,0,0.013693358646497029
21625,0,0,0.0024329381018418886
21631,0,0,0.02019597813386835
21632,0,0,0.015738624441022423
21639,0,0,0.021573190640273323
21645,0,0,0.1254607714408741
21651,0,0,0.03690672552991286
21654,0,0,0.014758770184836468
21657,0,0,0.28246635133868303
21666,0,0,0.2691346977677283
21668,0,0,0.31388442928085797
21670,0,0,0.011959308998827219
21674,0,0,9.60591483758458e-05
21680,0,0,0.00635080011259535
21688,0,0,0.0012140131595550533
21698,0,0,0.0061413956231805705
21699,0,0,0.003358819346353
21701,0,0,1.8802721556109408e-05
21704,1,0,0.029201269141705923
21712,1,0,0.045475054354891034
21713,0,0,0.005491104334671051
21714,0,0,0.06431165945245745
21719,0,0,0.00015812071099603414
21723,0,0,0.013117969682928398
21725,0,0,0.016153389841621523
21734,1,1,0.8710375476880933
21736,0,0,6.052140409347579e-05
21737,0,0,0.00024910065911014145
21738,0,0,0.040071929940050724
21739,0,0,0.006578651706001461
21754,0,0,0.011604386367025373
21760,0,0,3.491073227960864e-06
21769,0,0,0.009553764761053163
21771,0,0,6.937307718006e-05
21785,0,0,0.23425089514971303
21789,0,0,0.006209288802772759
21790,0,0,0.0030112857235121936
21802,0,0,0.02092077705219059
21811,0,0,0.0872636531133088
21814,0,0,0.05312185163521561
21821,0,0,0.00022237212278120388
21832,0,0,0.003049763141035309
21833,0,0,6.961225666157995e-05
21834,0,0,0.0050152926632631755
21837,0,0,0.004411055678174673
21844,0,0,0.0001166790816364522
21845,0,0,0.044839744234160706
21854,0,0,2.5473818176352954e-06
21855,1,1,0.7492015227373037
21860,0,0,0.0006503821214989963
21864,0,0,0.001558506299114029
21869,0,0,5.083899366628902e-05
21875,0,0,0.011842802643413222
21881,0,0,0.012848352559796468
21886,0,0,0.023589430000161813
21894,0,0,2.1309113119288115e-05
21895,0,1,0.8771740713655984
21898,1,1,0.9893688605370812
21903,0,0,0.00825725847404247
21906,0,0,0.07811369475439597
21913,0,0,0.026802246078112248
21914,0,0,0.00020901688803502566
21915,0,0,0.00012792993907901536
21916,0,0,0.003597263146802561
21917,0,0,0.0009561307145389701
21927,0,0,9.984818531465077e-05
21933,0,0,6.882602397116721e-05
21943,1,0,0.07038991694399466
21949,0,0,0.0015316359952419114
21951,1,1,0.5701919545119438
21979,0,0,6.200374962236354e-05
21984,0,0,0.0014913385304574768
21990,0,0,0.014230109093200492
21992,1,1,0.7677240292272135
21994,0,0,0.0010908700631610802
21995,0,0,0.003536713738673405
21997,0,0,0.001208341247170693
21998,0,0,0.002618756483082227
22002,0,0,8.039001111664251e-05
22004,1,0,0.2557168301962968
22007,0,0,0.004503589557607181
22008,0,0,0.11106761708012372
22026,0,0,0.0009998973098513505
22028,1,1,0.5943699954496812
22050,1,0,0.19602243549387804
22051,0,0,6.590230692675869e-05
22055,0,0,0.0004382033642352821
22059,0,0,0.35678189110584774
22060,0,0,0.0035388693943792147
22061,0,0,0.00027755833796825794
22062,1,1,0.9813558132179233
22067,1,0,0.3942180903447936
22068,0,0,6.911393597808128e-05
22070,0,0,0.00025387133682984523
22075,0,0,7.888095805848094e-05
22084,0,0,0.023380338478854287
22090,0,0,1.7949029064206435e-06
22097,0,0,0.004845291183532645
22105,0,0,0.00023133784860781122
22109,0,0,2.2265375954125346e-06
22112,0,0,0.0013759726671790978
22117,0,0,5.015962776920821e-07
22119,0,0,1.096657285721579e-07
22126,0,0,0.014145503555967609
22130,0,0,0.0008568796667479819
22131,0,0,1.1021653744327071e-05
22137,0,0,0.14469795776318112
22142,1,0,0.032665655035378
22144,0,0,0.0004930029359176122
22146,0,0,6.3217147849409285e-06
22147,0,0,0.0047452955992909815
22156,1,1,0.9814752529552594
22160,0,0,0.1694827292133094
22163,0,0,0.0003517908372531772
22167,0,0,0.00020950122774724195
22180,0,0,0.00012066455600586037
22184,0,0,0.0006450414384807106
22185,0,0,0.0032001978434984383
22186,0,0,0.00016673108424425815
22189,0,0,0.010906723107117251
22191,0,0,0.0027810126393965377
22197,0,0,0.03601409301924432
22199,0,0,0.0026327198531566785
22201,1,1,0.9431965129537669
22202,0,0,0.0640199349360493
22213,0,0,0.0002673025566797414
22220,0,0,0.00139470401577839
22225,0,0,0.05601710919565979
22226,0,0,1.4221166985634697e-05
22233,0,0,0.012391743122579079
22235,1,1,0.998888696499092
22242,0,0,0.00013398794570073928
22243,0,0,0.007246060905329524
22245,0,0,0.041835720569806945
22246,0,0,0.0003090803258555438
22249,0,0,0.004503687297256999
22252,0,0,0.04403448584214959
22253,0,0,0.002341386384376829
22254,0,0,0.0009427819493105949
22258,0,0,0.009610573218683967
22263,0,0,0.2321786729044046
22264,0,0,0.020562370023867352
22265,0,0,0.0035860859909649925
22266,0,0,0.21114117495666415
22278,0,0,0.01580684775872987
22281,0,0,0.0003074064506870851
22284,0,0,0.028908958537059447
22285,0,0,0.0030277649732485296
22294,0,0,0.07803211480455678
22304,0,0,0.0019402976128278257
22310,0,0,4.300110586450754e-05
22314,0,0,6.44177328342673e-05
22325,0,0,0.007312578366136231
22327,0,0,0.06323296602877791
22332,0,0,0.006719212493902343
22333,0,0,0.006124265545887823
22340,0,0,0.005103490841813262
22345,0,0,0.0023505034515061357
22351,0,0,0.0030893647534913932
22353,0,0,0.004891318453768413
22362,0,0,0.00445764468907067
22375,0,0,0.002697804609319814
22381,0,0,0.003966931062739501
22383,0,0,0.0007106790959790143
22387,0,0,0.0009818387133644828
22394,0,0,5.9630210363990594e-05
22396,1,0,0.24384755248009307
22400,0,0,0.012414172973959536
22407,0,0,0.013008727203798856
22411,0,0,0.005374773594155544
22413,0,0,1.5057374742804128e-05
22424,1,1,0.9423443417067143
22425,0,0,0.008688635715015314
22441,0,0,0.14318936895301473
22442,0,0,0.005032188972122446
22455,1,0,0.17284412020478945
22456,0,0,0.01194354908094648
22468,0,0,0.0027573575926034136
22482,0,0,0.0033422357539899506
22484,0,0,0.01314564419963304
22488,0,0,0.05617613213298567
22492,0,0,0.002399695175606108
22499,0,0,0.006198620986546231
22500,0,0,0.0010567470431966795
22515,0,0,0.07607554108672797
22521,0,0,0.0009849714395725232
22522,0,0,0.06241202807451344
22532,0,0,7.420142620521838e-05
22536,0,0,0.0008760597105987765
22543,0,0,0.023590259065007085
22547,0,0,0.00010411915533816168
22550,0,0,0.00019404646739281569
22551,0,0,0.1586618776525955
22562,0,0,0.0007492274570891028
22567,0,0,0.0031794276999808804
22568,0,0,0.00969241191851335
22571,0,0,0.027562015164152576
22577,0,0,0.04265038130436249
22586,0,0,0.0007397424764944611
22605,0,0,0.008288721998178011
22608,1,1,0.7755095081670957
22610,0,0,0.006550767520745767
22616,0,0,0.0014596961412944077
22620,1,1,0.9483349906411408
22621,1,1,0.9761211375853764
22622,0,0,0.0008020472707331731
22626,0,0,0.0001516559696511548
22634,0,1,0.7834599301791569
22635,0,0,0.025239703084454276
22636,0,0,0.000295948902670688
22642,0,0,0.013039849761636269
22647,0,0,1.1771683632860317e-05
22653,0,0,0.007474571008618684
22657,0,0,0.002904699082693032
22658,0,1,0.6647777605793171
22666,0,0,0.01791588384127121
22681,0,0,0.002251740427651594
22685,1,1,0.9856259468821075
22692,0,0,0.04259754569894535
22695,0,0,3.280260642873577e-06
22696,0,0,0.00018023441308457155
22702,0,0,0.03152840843130648
22705,1,0,0.18216604690559854
22706,0,0,3.424262968629178e-07
22714,1,1,0.6384726127706909
22723,0,0,0.00025051743926808
22725,0,0,0.00012458751872609057
22730,0,0,0.10977336269255067
22735,0,0,0.0048619327659921805
22736,0,0,0.0002804828509057647
22739,0,0,7.244824327153662e-05
22743,0,0,0.009461326709410672
22746,0,0,4.54481832082581e-05
22750,0,0,3.919761760754815e-05
22757,0,0,0.0024065453088631204
22759,0,0,0.019899391702634047
22761,0,0,0.004103801421740726
22766,0,0,0.010793710294958195
22767,0,0,0.008691326020064982
22777,0,0,0.004614460441419449
22781,0,0,0.00044295184452807054
22783,0,0,0.16113695841277967
22795,0,0,0.0019487894749336929
22802,0,0,0.011780507614214428
22803,0,0,2.6333629435922373e-05
22808,0,0,0.00035135454000015615
22811,0,0,0.14184472698765183
22812,0,0,0.1059263967876393
22813,0,0,0.0009541419599043289
22815,0,0,0.03966095778131293
22819,0,0,0.051955455887523296
22822,0,0,0.07510770482217782
22830,0,0,6.571933930008559e-05
22842,0,0,0.00011354186364502883
22846,1,1,0.80538572326343
22848,0,0,0.0004429501411254848
22851,0,0,0.0008085869246537874
22860,0,0,0.0005618371063090964
22862,0,0,4.8946117117952735e-05
22863,0,0,0.09859559322861779
22864,0,0,0.0008358349506696324
22868,0,0,0.0017207274980037247
22870,0,0,0.0026148873589579755
22871,0,0,0.02965513539008327
22877,0,0,0.12627922715298384
22880,1,1,0.6517957868498532
22886,0,0,0.002122183754991587
22899,0,0,0.0010431730232557499
22904,0,0,0.0033085888885550046
22913,0,0,0.15642443452998128
22915,0,0,0.00031291459108993586
22918,0,0,0.007957007215743255
22922,0,0,0.025432602482388853
22924,0,0,1.6353408031550602e-05
22925,0,0,1.6576508733361015e-05
22926,0,0,0.004910167754526441
22930,0,0,0.11398171129024189
22935,0,0,0.2620087067411275
22940,0,1,0.5374279780320428
22955,0,0,0.00015585226900093706
22958,0,0,0.00010834691932434572
22962,0,0,0.049827668370873344
22967,0,0,0.0003149887194709781
22973,0,0,1.6841736218256992e-05
22977,0,0,0.0011100400165397696
22980,0,0,4.777557543111616e-05
22984,0,0,0.17509911836514472
22985,0,0,0.01453931979166909
22993,0,0,0.00027937511329096765
23002,0,0,0.25203896403896003
23010,0,0,0.03210938927884191
23024,1,1,0.8802858053523362
23025,0,0,0.045351089625151005
23030,0,0,0.035127533346976984
23031,0,0,0.00031101900425562444
23033,0,0,0.006319364913954359
23036,1,1,0.998461980264836
23037,0,0,0.0017059755806760122
23052,0,0,0.010673077542196653
23056,0,0,0.05952511036726246
23065,0,0,0.0020389072471529964
23072,0,0,0.050149116454563616
23088,0,0,0.00017206208140746454
23092,1,1,0.8232207579544486
23094,0,0,0.05692568819648331
23096,0,0,0.003623434652376037
23097,0,0,0.0009129498260151259
23103,1,0,0.43091172302705655
23109,0,0,0.0008029827341008087
23111,0,0,0.012385025142134375
23112,0,0,0.001785068756557269
23115,0,0,0.00010060847340434827
23118,0,0,0.002050076054818064
23121,0,0,0.07155173265311783
23123,0,0,0.016884819201121844
23130,0,0,0.09658299389687568
23132,0,0,0.037023718840942584
23134,0,0,0.00419292251051847
23149,0,0,5.7944848696153e-05
23157,0,0,5.0060251815354015e-05
23158,1,1,0.9985881492399697
23159,0,0,0.03789835252599638
23164,0,0,0.006705442424593334
23165,0,0,0.0010989183833464095
23169,0,0,7.218226985071574e-05
23176,0,0,6.4730378680243686e-06
23180,0,0,0.08894972663853996
23183,0,0,0.0003655008596077672
23187,0,0,0.00013009606187427026
23190,0,0,3.2306686425983374e-05
23195,0,0,0.0003361008519300984
23198,0,0,7.722979636267428e-05
23200,0,0,0.28931385577274155
23201,0,0,0.00035284448110006045
23214,0,0,0.013830910830150743
23218,0,0,8.137537831195885e-05
23219,0,0,0.006919743155076542
23228,0,0,0.28595464501924617
23232,0,0,9.982193048651529e-05
23233,1,1,0.8960218355370774
23234,0,0,0.05561034223653965
23244,0,0,0.0290390381175724
23249,0,0,0.0021702927813095478
23252,0,0,0.03354001867747229
23261,0,0,6.321538196361424e-06
23271,0,0,0.06984576325259106
23275,0,0,0.0023388245173742808
23285,0,0,0.005963781426601343
23288,0,0,3.4569012087336036e-05
23294,0,0,2.133221307191834e-06
23299,0,0,0.008025618121109192
23303,0,0,1.1493694922735932e-05
23308,0,0,0.0004217844543382909
23311,0,0,0.01549307623265819
23316,0,0,0.1291083321730387
23317,0,0,0.02751839168710033
23319,0,0,0.188126723267208
23327,0,0,0.00030516368180423086
23331,0,0,0.03816664720665521
23338,0,0,0.2979596432484583
23343,0,0,0.0008624755286216655
23357,0,0,0.0009054345072044546
23361,0,0,0.003252040804356097
23366,0,0,0.03439399822900576
23374,0,0,0.0022242733868632772
23381,0,0,0.008818240189360092
23382,0,0,0.027983113265676828
23387,0,0,1.0368644669641547e-05
23392,1,1,0.9968975925812789
23397,0,0,0.019124977285644988
23406,0,0,0.002654385693766473
23412,0,0,0.0031556744091636216
23417,0,0,0.009624609200517768
23423,0,0,0.002272712634328595
23429,0,0,0.014076745505844793
23433,0,0,0.0023505069536876415
23437,1,0,0.06163476385382309
23439,0,0,0.23620238441367924
23440,0,0,0.011346766147456609
23447,0,0,0.09281728604172976
23450,0,0,1.1935711311123006e-05
23451,0,0,0.15645392763902255
23465,0,0,0.00027385487303816685
23469,0,0,0.013926063710833308
23481,0,0,0.022041585586841873
23487,0,0,0.0042962672850287405
23497,0,0,0.008529867172438933
23499,0,0,1.1955393193293948e-05
23504,0,0,0.19722703423609303
23512,0,0,0.29105593108823663
23523,0,0,0.03319486636571865
23525,0,0,0.00013910892951863585
23526,1,1,0.9874357469023574
23530,0,0,0.07303929466751634
23531,0,0,0.03874067927237416
23534,0,0,0.0001343093498870877
23537,1,0,0.13838903939903394
23538,0,0,0.005117975208264253
23555,0,1,0.6165494053526769
23562,0,0,0.004746783191984853
23570,0,0,0.015012592709663822
23574,0,0,0.056834930540283456
23575,0,0,0.0026318760361710523
23584,0,0,0.029586543239685247
23585,0,0,0.05508232988224882
23586,0,0,0.000846099607911426
23588,0,0,0.007988215727972151
23589,0,0,6.059012219990023e-06
23593,0,0,0.000810529180088374
23595,0,0,0.0009133915301880723
23596,0,0,0.010189846417265185
23600,0,0,0.011545159955427034
23606,0,0,0.0015175059770578495
23607,0,0,0.008878156543221216
23611,0,0,0.0013788563901184316
23614,0,0,0.0017961573991096826
23615,0,0,0.020652502804491806
23626,0,0,0.003189232113173292
23631,0,0,0.037781257744522304
23633,0,0,0.00027198659605227264
23637,0,0,0.4032346368892691
23644,0,0,0.03602159750252429
23646,0,0,0.0035470710285110335
23647,0,0,0.00025109914589762977
23663,1,0,0.07997211594712145
23670,0,0,0.004109385729213464
23672,0,0,0.00439355702465409
23673,0,0,0.02477990326603959
23676,0,0,0.03511533516936201
23677,0,0,0.0028176000405861195
23680,0,0,0.024490138236054938
23688,0,0,0.00014287841035580718
23691,0,0,0.012420845147008712
23693,0,0,0.0005169733680157656
23702,0,0,0.003080561035949395
23703,1,0,0.09782883166089001
23705,0,0,0.0002626177714682987
23721,0,0,0.0002100217879384516
23724,0,0,0.2666710860409537
23735,0,0,0.003196608434751839
23743,0,0,0.0004186002942298498
23744,0,0,0.0013902451187304003
23765,0,0,0.00037637007643478456
23767,0,0,0.17492323266495216
23770,0,0,0.0039039355416070898
23778,1,0,0.08404427854607074
23792,0,0,0.0037748002318630115
23798,0,0,2.536534985789599e-05
23808,0,0,2.149208441409671e-05
23811,0,0,6.140406890830327e-06
23816,0,0,0.12846644933200924
23821,0,0,0.0004271823670816471
23823,0,0,3.950376975722869e-06
23832,0,0,7.21920257871247e-05
23833,1,1,0.9729485558838371
23838,0,0,0.00047868227325879485
23840,0,0,3.0758852553432297e-05
23844,0,0,0.06632369707908739
23846,0,0,0.00016623615221982236
23849,0,0,0.0015499806720887872
23856,0,0,0.00026902462040639323
23858,1,1,0.877530346829059
23862,0,0,0.0009642836497850573
23868,1,1,0.9798698318233054
23872,0,0,4.659086142372926e-05
23875,0,0,0.008209733285662029
23882,1,1,0.5763583301654593
23883,0,0,2.1830753003191083e-06
23886,0,0,0.03227895241888136
23887,0,0,0.000525661762465289
23888,0,0,0.0028154640739491868
23895,1,1,0.9953269625532533
23896,0,0,0.09211475251421983
23915,0,0,0.016987504864884883
23917,0,0,0.0006118654672364357
23919,0,0,0.007411798552706407
23920,0,0,0.006687200514907138
23922,0,0,0.005960293496634863
23938,0,0,0.0001391608441232967
23942,0,0,0.0007976552012889439
23947,0,0,0.011667090601648531
23953,0,0,0.002270219987161611
23954,0,0,0.003853223107615766
23955,0,0,0.007890005347613162
23956,0,0,0.000685114249834348
23962,0,0,0.0039039890693001933
23969,0,0,0.0012369923267417776
23970,1,0,0.24807337378969957
23972,0,0,0.00023134109995338333
23978,0,0,0.06989627090250766
23981,0,0,0.06277831816968432
23982,0,0,0.0046991698534349724
23992,0,0,0.044269038138060844
23993,0,0,0.018474713387608983
23995,0,0,0.0004558985191135259
23996,0,0,0.00034504149168251835
23997,0,0,0.0012067615946293828
24003,0,0,1.4293491782852898e-05
24004,0,0,0.00024063540830562773
24006,0,0,0.007486668284872861
24009,0,0,0.0713130176180792
24010,1,1,0.6523038738340884
24016,0,0,0.00010335916981292854
24019,0,0,1.0542661476158006e-05
24020,0,0,0.06566085459507837
24028,0,0,1.3129931796018786e-06
24034,0,0,0.0021518747972374495
24051,0,0,0.15062943067719034
24053,0,0,0.0003601233925131453
24054,1,0,0.3530987535396035
24058,0,0,0.02862978572040295
24059,1,1,0.9089986329432044
24061,0,0,0.0004055903562375887
24069,0,0,0.0440377299830327
24076,0,0,7.084503594787876e-06
24080,0,0,0.002343201341831967
24081,1,1,0.9807621341236453
24084,0,0,0.07682953388193242
24091,0,0,0.06949563811520962
24099,0,0,0.042142428334249624
24102,0,0,6.377316112636716e-05
24105,1,0,0.48683803658004615
24112,0,0,0.002104586034684572
24118,0,0,0.0015998350961443242
24122,0,0,0.000990534333452428
24127,0,0,0.0017021700733657905
24132,0,0,8.60024016468031e-05
24135,0,0,0.0038268832531763593
24137,0,0,0.03760440308905347
24139,0,0,0.10018945754323916
24142,0,0,0.0027921088680724895
24156,0,0,2.1287231218769715e-05
24158,0,0,0.0030593084086162647
24165,0,0,0.0006219628117755308
24166,0,0,9.860336835506964e-05
24172,0,0,3.4830356882985954e-06
24174,0,0,0.0007561658656337795
24181,0,0,0.019536236302485955
24186,1,1,0.5758361696807766
24190,1,1,0.9931392654653326
24203,0,0,0.04047919966940706
24213,0,0,0.004876712467288088
24222,0,0,0.3348544261017185
24227,0,0,4.5526410230926395e-05
24229,0,0,0.007275288317825741
24235,0,0,7.874617843152851e-05
24267,0,0,0.00038524044729805555
24277,0,0,0.0013993317331259785
24290,1,1,0.9953934372123068
24295,0,0,0.2578523729511668
24299,0,0,0.0013013349085932344
24302,0,0,0.00024749424006280466
24304,0,0,0.0013575113302780148
24305,0,0,0.01015029135422816
24314,0,0,2.0381015428509978e-05
24316,0,0,0.0011470255752813762
24321,0,0,5.8148022163651515e-05
24327,0,0,0.0014482515366070964
24328,0,0,2.0754892038793928e-05
24331,0,0,0.006597324107416563
24332,0,0,2.029503121993725e-06
24345,0,0,0.005851875035394643
24351,1,1,0.5046199468195819
24356,0,0,0.061406707097808697
24364,0,0,0.0031221406501362597
24366,0,0,0.009547408295326666
24368,0,0,0.00013782930419575738
24371,0,0,2.816543223634044e-06
24377,0,0,0.1304306858212228
24387,0,0,3.1714031427188646e-05
24390,0,0,0.02854386448271533
24394,0,0,0.16058509952897476
24395,0,0,3.4468700331128074e-05
24396,0,0,0.2079744041606266
24407,0,0,0.00013605010838082732
24414,1,1,0.8060750860090374
24418,0,0,5.394525417656211e-06
24420,0,0,0.0021379046325423943
24427,0,0,0.0528668672698536
24429,0,0,0.4252067203783202
24430,0,0,0.006307914988682166
24434,0,0,0.004179766444175136
24438,0,0,0.006115387884153382
24441,0,0,0.01924765266486687
24442,0,0,1.939940818149934e-05
24449,1,1,0.8822951793036151
24459,0,0,0.13559718463599535
24464,0,0,0.012741811250600572
24466,0,0,0.005467346559053791
24469,0,0,0.018706364036967436
24473,0,0,3.4867244200274175e-05
24480,0,0,0.08117425873178975
24482,0,0,3.2323910875188197e-06
24483,0,0,2.885757539275376e-05
24484,0,0,0.0005751369280478467
24503,0,0,0.0006485469100304558
24514,0,0,3.446887594205549e-06
24520,0,0,0.003055264034628334
24521,0,0,3.7387605817341056e-05
24525,0,0,0.008305452141403775
24535,0,0,0.001898957701275717
24539,0,0,9.003836906268077e-06
24544,0,0,8.45228973374757e-05
24550,0,0,8.251015257030143e-05
24557,0,0,0.00044633079926770475
24561,0,0,0.00042466791073070764
24564,0,0,1.3008613383754834e-05
24566,0,0,0.24543681944972218
24569,0,0,4.111275809005939e-06
24570,0,0,0.022896934525466185
24574,0,0,0.19561855809149445
24578,1,1,0.9943742766251804
24585,0,0,0.16648256726063548
24587,0,0,0.0019713107713562462
24592,0,0,2.223490863236916e-05
24600,0,0,0.00011050376123163785
24601,0,0,0.010115326724617506
24604,1,0,0.3030557628776637
24605,0,0,3.5986694955687673e-06
24611,0,0,0.0032438694399040523
24617,0,0,0.0017353027107302247
24636,0,0,0.02985545451392792
24639,1,0,0.09661604154766633
24640,0,0,0.034411904174265484
24644,0,0,0.00017296446282688238
24645,0,0,0.01159082975220773
24646,0,0,0.0013425461681622073
24650,0,0,0.0050898623356699655
24664,0,0,0.3118801747163926
24669,0,0,4.603891675331512e-05
24673,0,0,7.101448744175286e-05
24676,0,0,0.00017987751287423538
24680,1,0,0.00829549713501527
24688,0,0,1.0640418010569689e-05
24690,0,0,0.0191778423235588
24691,0,0,5.451839156890871e-06
24703,0,0,0.3625379685216707
24708,0,0,0.03657791457474292
24710,0,0,0.1580618716432944
24723,0,0,0.028487143502888786
24725,0,0,0.0006868081000099552
24727,0,0,0.01273245404421614
24729,0,0,0.00013543319193247476
24732,1,1,0.9950247169800804
24733,0,0,9.968598394082496e-06
24736,0,0,0.002194425094026261
24748,0,0,0.014404229366845964
24763,0,0,0.0014646458243009759
24776,0,0,0.10964839495826262
24785,0,1,0.6061643312783705
24788,0,0,0.0009677641862888264
24792,0,0,1.0198488968596855e-05
24796,0,0,0.0043213726454701075
24797,0,0,0.010179257876843116
24814,0,0,0.0020314086030716228
24816,0,0,0.04071693685885493
24817,0,0,0.0043266588423330615
24821,0,0,0.1505647643430116
24822,0,0,0.03756859955359631
24828,0,0,0.2389275448828339
24835,0,0,5.102774838182056e-05
24836,0,0,0.0016539824280566082
24841,0,0,0.008743608347439149
24844,0,0,9.86883329621554e-05
24846,0,0,0.0039286297100099
24849,0,0,0.001606404741919471
24850,0,0,0.13885232502685207
24856,0,0,0.004233840885944761
24857,0,0,0.03611894822972071
24858,1,1,0.9707762256678225
24864,0,0,0.007710294530929935
24873,0,0,0.06692582624946625
24874,0,0,0.00010437819609073438
24880,0,0,0.00016371580612760538
24881,1,1,0.9907647929323493
24892,0,0,0.012559772057809782
24895,0,0,0.0026243933516445364
24898,0,0,0.006128863438709633
24899,0,0,0.00018011680767797688
24901,0,0,0.08302144713589366
24903,0,0,0.03989309138519631
24913,0,0,0.05627709152703066
24917,0,0,2.2921547433686085e-06
24919,0,0,0.0029943387766616834
24921,0,0,0.0013144848509344883
24934,0,0,0.1253098795787068
24943,0,0,0.12573844137953596
24952,0,0,0.0015086733363842617
24958,0,0,7.933125761752978e-06
24965,0,0,1.7654074782594582e-07
24969,0,0,0.0005688204006977532
24971,0,0,0.0037708492058172918
24973,0,0,0.012213881481323501
24977,0,0,0.006009062333913249
24978,0,0,4.023747178998222e-06
24982,0,0,0.03249266860948688
24987,0,0,0.005802546664634209
24993,0,0,0.038746995344741436
24997,0,0,0.17953333343744
24999,0,0,0.003632930389941302
25007,0,0,0.005824806556479991
25012,1,1,0.9557268053697049
25013,0,0,0.0010389797154233078
25018,0,0,0.0001390775931205909
25023,0,0,9.656962023207061e-05
25029,0,0,0.013518198824599818
25035,0,0,0.00012959730328884997
25037,0,0,0.002385962162987701
25039,0,0,0.010205217412376705
25043,0,0,0.0009568341619313495
25048,0,0,0.014931834404980382
25049,0,0,0.019110351793648735
25054,0,0,0.011885937893526636
25057,0,0,1.5779642006434803e-05
25075,0,0,0.010106182538073738
25081,0,0,9.746793078685019e-05
25084,0,0,3.6299094519900153e-06
25090,0,0,0.0008609108064212154
25094,0,0,0.0034699290320143136
25097,0,0,0.01756338589946156
25100,0,0,7.524830749143753e-06
25106,0,0,0.00383659475966528
25119,0,0,0.022030994525557138
25123,0,0,0.013989392469163647
25126,0,0,0.03168151215534884
25127,0,0,0.0005924061744445548
25131,0,0,0.002413558741169859
25132,0,0,0.04713484030573947
25136,1,0,0.2837447888070329
25137,0,0,0.013050753253402244
25140,0,0,5.058206019643824e-05
25159,0,0,0.0006229185583770143
25168,0,0,0.011735452280521011
25172,0,0,0.00561441997816066
25174,0,0,2.4977441470604202e-05
25178,0,0,0.13610052320479468
25186,0,0,0.0022957979798151375
25187,0,0,0.011292553805672715
25206,0,0,0.00026211988453327643
25209,0,0,4.6254123373248226e-07
25211,0,0,0.11791375896463901
25215,0,0,0.01730211375547273
25226,0,0,0.012059230136891592
25232,0,0,2.9040724401999644e-06
25233,0,0,0.007037126457086169
25236,0,0,0.15837779368365826
25238,0,0,0.00039930101172228657
25240,0,0,0.01661034714262933
25242,1,0,0.0463929485016359
25247,0,0,0.023723587762741388
25248,1,1,0.92184631834332
25249,1,1,0.930423329651467
25253,0,0,0.018252684788960045
25267,0,0,0.10010299700906054
25274,0,0,0.019911841427891114
25275,0,0,0.003906629571331258
25286,0,0,1.2320239138665702e-05
25291,0,0,0.023224153545022018
25292,0,0,0.001588325948816557
25293,0,0,0.0011647221487631394
25309,1,1,0.9090182257076225
25310,0,0,0.006256297590957664
25313,0,0,4.574587416030655e-05
25328,0,0,0.0004514439737640647
25335,0,0,0.010441747881560793
25342,0,0,0.000703019813222736
25346,0,0,0.030580845951243354
25352,0,0,0.004216997828932075
25371,0,0,0.0801394071440981
25374,0,0,1.637898113723917e-05
25375,0,0,0.022708797123144102
25381,1,1,0.8391252600577366
25387,0,0,5.250438415885765e-06
25389,0,0,0.007079793896187098
25391,0,0,0.02979378629935643
25396,0,0,0.0002897658182765815
25401,0,0,9.167174615205012e-05
25405,0,0,0.013611544721659232
25407,0,0,0.0002955073134829361
25415,0,0,0.15896681054943754
25425,0,0,8.882868661921025e-06
25438,0,0,1.1167532770748467e-05
25460,0,0,0.0008162867058225365
25466,0,0,0.0008292134848614366
25476,0,0,0.029887018805132896
25483,0,0,0.005028489117070101
25485,1,1,0.8882993418662892
25490,0,0,0.0014534996812062826
25493,0,0,0.12091021678149745
25496,0,0,0.009269055381098418
25502,0,0,0.0022133664878025865
25515,0,0,0.0022370035518074587
25525,0,0,0.006456931617865496
25527,0,0,0.006822001453102276
25529,0,0,0.022257912912886344
25530,0,0,0.0017036232536434292
25532,0,0,0.0008172486893211847
25536,0,0,0.0791141233216668
25541,0,0,0.1882662194582122
25544,0,0,0.11969152661231905
25545,1,1,0.9955699504945812
25546,0,0,0.004248975324961246
25568,0,0,0.0006101184967807692
25570,0,0,0.007681478707216742
25572,0,0,0.008196128954339264
25574,0,0,0.005011871496284673
25576,0,0,0.0001164910794004681
25581,1,0,0.005672458002443421
25582,0,0,0.0028558816649347663
25585,1,1,0.8940890367838211
25588,0,0,7.792944077027098e-05
25590,0,0,0.00020625996463133182
25602,0,0,6.1423807849928e-05
25603,0,0,0.00044798386976405125
25604,0,0,0.03109108353568507
25605,0,0,0.0020798135325139737
25611,0,0,9.751555168529824e-06
25629,0,0,2.7279892954556836e-06
25636,0,0,0.04069839635730104
25639,0,0,4.267907754075739e-05
25644,0,0,5.9187834391568846e-05
25655,0,0,0.000726081242294273
25662,0,0,0.0001756659728181346
25664,0,0,0.000775248802978645
25668,0,0,0.015178519621469736
25670,1,1,0.8435546420861348
25679,0,0,0.0070349431516250165
25695,0,0,0.0003677622771318896
25698,0,0,0.32181170409758947
25701,0,0,0.038541654814445186
25712,1,1,0.9959014800914451
25714,0,0,0.001844138948111747
25718,0,0,0.013054438198233318
25720,1,1,0.9933668741169196
25729,0,0,0.0011116004495650713
25731,0,0,0.0009848344164194807
25738,0,0,0.0003025215508508011
25742,0,0,0.00902222914112783
25744,0,0,4.319843282486428e-05
25747,0,0,3.520009931117165e-05
25750,0,0,0.001961807157407963
25754,0,0,0.03451502483647084
25755,0,0,0.13264532651397493
25756,0,0,9.225256066906498e-05
25760,0,0,0.09757001185251968
25768,0,0,0.007656146154568698
25776,0,0,0.0007064814671219211
25784,0,0,3.427248538132445e-05
25788,0,0,0.009052414844770207
25793,0,0,0.004082613621848161
25794,0,0,3.6262905699190425e-06
25799,0,0,0.0002892270679167664
25800,0,0,0.07921199409365404
25801,0,0,0.0009245455326895541
25806,0,0,3.351892185059301e-06
25811,0,0,0.006098015898987174
25815,1,1,0.9061801848966369
25823,0,0,0.00747373140858533
25833,0,0,9.564984506098981e-06
25837,0,0,0.0005115697792706369
25842,0,0,0.1671049597243854
25845,0,0,4.148416480236173e-05
25846,0,0,0.0002889656220872514
25856,0,0,2.535686201522784e-05
25860,0,0,0.15994893114234007
25865,0,0,0.0006272369071291415
25867,1,1,0.8847034409692891
25870,0,0,0.021539580801107787
25881,0,0,2.3244348453639464e-05
25887,0,0,0.004547749825333914
25893,0,0,0.0005891145726592192
25898,0,0,0.0014670092319305078
25899,0,0,0.0028850215396571803
25900,0,0,0.11245811099242828
25903,0,0,0.07364610081591237
25904,0,0,0.001278139942657027
25916,0,0,0.13277045725333156
25917,1,0,0.2119747069996704
25918,0,0,0.09832224937827247
25919,0,0,0.1447246075331217
25921,0,0,0.021325118846445945
25924,0,0,0.01996785815520645
25927,0,0,0.002552821020000218
25931,0,0,0.002131818259320725
25935,0,0,0.008776975114065673
25936,0,0,0.002581800434559901
25943,0,0,0.27787725227884635
25948,0,0,0.023525212199984758
25954,0,0,4.4902640457462554e-05
25959,0,0,0.000696457214796332
25962,0,0,0.04100774449807746
25963,1,1,0.96089848018003
25964,0,0,3.237320429769187e-05
25965,0,0,0.050325121270930855
25966,0,0,0.0009176719584259221
25972,0,0,0.003706865243832034
25973,0,0,0.01109292511033236
25977,0,0,0.002203625830175141
25980,0,0,0.11346690151626355
25985,0,0,0.001954771478790969
25992,1,0,0.2821302583424021
25993,0,0,0.0001262669232299012
25996,0,0,0.00010259072205773398
25998,0,0,0.0003039223858705136
26002,0,0,1.793004281749218e-05
26005,0,0,0.3656685640567054
26007,0,0,0.01273714032954627
26008,1,1,0.9609406089408116
26013,0,0,0.0010239599511365652
26016,0,0,0.0006486968134582951
26017,0,0,0.005901831855202419
26019,0,0,0.0010781859808027823
26021,0,0,0.0039231547204602105
26024,0,0,0.19432171682734134
26027,0,0,0.007630813465348251
26038,0,0,0.0004716599192448027
26043,0,0,0.001823247683140668
26047,0,0,0.4765890789695484
26049,0,0,0.00016758548971474495
26059,0,0,0.00024508924566350775
26064,0,0,0.0025267284053154464
26065,0,0,0.06200699855090574
26067,0,0,0.014819962877932236
26068,0,0,0.2531287884446474
26073,0,0,0.00013802324903167687
26075,0,0,0.0013646717024606092
26089,0,0,0.00887268005071784
26091,0,0,0.01039211612364017
26095,0,0,8.25814695738538e-05
26096,0,0,0.0017271094319856847
26098,0,0,0.06896021383598147
26100,0,0,0.039761209518171116
26101,0,0,0.0002476323284989113
26104,0,0,0.05176157614726487
26108,0,0,0.0038042534501559963
26110,0,0,0.003717806879856763
26113,0,0,0.003814699525787438
26115,0,0,0.004774504472345385
26117,0,0,0.2592351690050188
26121,0,0,0.0010796269225356791
26144,0,0,0.0027955612256130354
26154,0,0,0.029811330628485934
26163,0,0,0.014136967029068774
26165,0,0,8.384802842451787e-05
26169,0,0,0.014454702613454483
26170,0,0,0.002842666570340746
26180,0,0,0.016409601881890584
26182,0,0,1.531784187447666e-05
26186,1,1,0.9116565844535383
26189,0,0,0.031227564638107833
26194,0,0,0.0005585508764499074
26197,0,0,9.295025843801723e-05
26199,0,0,0.01891673791751285
26203,0,0,0.0025044262435724093
26210,0,0,0.002039192288136963
26216,0,0,1.9261364481918887e-07
26218,0,0,7.372832819345442e-05
26222,0,0,0.001161453985331041
26224,0,0,0.10866161789478612
26227,0,0,0.004548635060885444
26231,1,0,0.09899553389609579
26239,0,0,0.2403210921274597
26250,0,0,0.41179355359230047
26252,0,0,0.03745658704001032
26260,0,0,0.0009512896696169806
26261,0,0,2.732689243478742e-05
26262,0,0,0.021928291745878896
26264,0,0,0.12745038149824334
26268,1,1,0.5502749838403369
26269,0,0,0.06639950497116237
26270,0,0,0.0015736066410391276
26273,0,0,0.015209993606081934
26282,0,0,0.012563278733032889
26289,0,0,0.023122203124158646
26291,0,0,0.1589856663530701
26295,0,0,2.335003873531062e-06
26305,0,0,0.01992809458012979
26316,0,0,5.9274982490189386e-05
26322,0,0,0.023286919004956285
26326,0,0,0.0043127509923446584
26331,0,0,0.008114078589610992
26334,0,0,0.0010112486617061109
26338,0,0,2.4620017863548206e-06
26341,0,0,0.0012405733287191812
26346,0,0,0.4462828138450725
26347,0,0,7.380536863295556e-05
26352,0,0,0.0006502685827513351
26363,0,0,0.0005385957360641286
26365,0,0,0.03572295162045861
26368,0,0,4.537189024859008e-05
26378,0,0,0.004096111753492342
26386,0,0,1.979784673235622e-05
26388,0,0,0.009504121124806046
26393,0,0,0.009193473324771695
26407,0,0,0.004426348908430843
26408,0,0,1.873821922172513e-05
26414,0,0,0.0006958842171517254
26436,1,0,0.081405098157695
26438,0,0,4.352073253422044e-05
26452,0,0,0.009116664652546305
26458,0,0,0.12567305242783525
26468,0,0,0.003420182859708313
26469,0,0,1.0079196527019823e-05
26477,0,0,3.7859608180979426e-05
26481,0,0,1.2339891307966686e-05
26486,0,0,0.005659491945917812
26488,0,0,0.10596741735776177
26491,0,0,2.812996881882322e-06
26494,0,0,0.0033383336416550075
26511,0,0,0.00110138694086959
26512,0,0,0.03366011909219024
26515,0,0,0.022288150851535023
26525,0,0,0.07126512855304752
26531,0,0,1.625162257541903e-06
26535,0,0,1.707773027690398e-05
26538,0,0,0.0024230577784652013
26540,0,0,7.197022665935278e-05
26542,0,0,0.00010019272328329982
26544,0,0,4.131481690772451e-07
26545,0,0,0.003714909908934347
26546,0,0,0.013573045075887942
26563,0,0,0.022302812389489734
26568,1,1,0.644364507972726
26576,0,0,0.01707556992041225
26578,0,0,0.0011888116678740424
26580,0,0,0.00036217760909008326
26587,0,0,1.3231270622371044e-06
26590,0,0,0.0040326717785630324
26596,0,0,0.05878889338624054
26601,0,0,0.007449456064654158
26603,0,0,4.01092340554434e-05
26610,0,0,0.0001631800975324233
26616,0,0,4.0080725481768826e-05
26620,0,0,1.7939235331184284e-06
26631,0,0,0.0023059186568638733
26633,0,0,0.00709060537345413
26634,0,0,0.017147760631373583
26643,1,0,0.2664543968716104
26644,0,0,0.15261625457062164
26648,0,0,1.7802342487585035e-05
26651,0,0,0.37945049891167465
26654,0,0,0.0037369919914636046
26658,0,0,0.00016827295842424976
26661,0,0,0.020718255757190256
26662,0,0,0.0013090660273142294
26665,0,0,0.008971606753189226
26678,0,0,0.0038484517801275044
26680,0,0,0.017415168350898985
26682,0,0,1.836604176708308e-06
26692,1,1,0.9907986864250022
26693,0,0,3.4626310480284484e-05
26696,0,0,0.006748455555644916
26705,0,0,0.027095857153712048
26713,0,0,0.014278350883681418
26715,1,1,0.7991276238184943
26718,0,0,0.0035196961697069352
26719,0,0,0.010713232296576917
26720,0,0,0.0017469314922881802
26723,0,0,9.18858310693453e-06
26730,1,1,0.9976472003347447
26733,0,0,0.12936710998124681
26742,0,0,0.41342241398323404
26743,0,0,0.006194534534153992
26747,0,0,0.17147165045162507
26752,0,0,0.00017502141051741168
26756,0,0,0.0005713480620859931
26762,0,0,0.0034215900881498455
26763,0,0,0.008771972123841855
26764,0,0,0.04141643662516209
26772,1,0,0.0715620885604775
26776,0,0,0.0001308407327208499
26789,0,0,6.531859111180841e-05
26795,0,0,0.004509546031776512
26802,0,0,0.004368111224632327
26806,0,0,0.035020491077442914
26813,0,0,0.2702160177470918
26824,0,0,5.8338124304880784e-05
26827,0,0,0.0010919417935188335
26830,0,0,0.0014864798257572885
26838,0,0,5.5152380440012694e-05
26842,0,0,0.007631714643341954
26845,0,0,0.03820351439485538
26855,0,0,0.014780137654374859
26856,0,0,0.000718185685450897
26859,1,1,0.5703537403155737
26864,0,0,0.00043589089947640485
26872,0,0,0.00020844060500546798
26876,0,0,0.0006320080529764293
26877,0,0,0.06058765951547769
26879,0,0,0.008106515916493138
26882,0,0,0.0002033523509454826
26883,0,0,0.03137811721061167
26891,0,0,0.24429281101081887
26895,0,0,0.15759860927850836
26897,0,0,0.0009582961699218228
26900,0,0,2.7699492869586403e-06
26902,0,0,0.027952721543680493
26904,0,1,0.6834977086141429
26909,0,0,0.21162509947152572
26920,0,0,0.08662848909598687
26921,0,0,0.004074070266449713
26928,0,0,0.0017907517477605218
26931,0,0,0.004444178521077138
26934,0,0,0.0018035255601288745
26937,0,0,0.002293991797829241
26945,0,0,0.0004661225635643149
26949,1,1,0.9537851411442951
26956,0,0,0.00269284314983595
26961,0,0,3.7390671341654285e-05
26971,0,0,0.0074414991081517105
26974,1,1,0.9956268768276475
26975,0,0,0.0008066967979333702
26980,0,0,0.0013769031357912097
26984,0,0,3.3133726396765095e-05
26993,0,0,0.06221770760632101
26995,0,0,0.0010541027739244674
26996,0,0,0.00027948056516039296
27002,1,1,0.9841670692146652
27026,0,0,0.0019933306478567016
27029,0,0,0.009039845481122737
27030,0,0,0.018594075093133863
27031,0,0,0.028439748936312435
27037,0,0,0.009076534595931125
27039,0,0,0.0045634616842815745
27048,0,0,0.025370985576005506
27067,0,0,0.01744391431832751
27069,0,0,0.040461320377330044
27074,0,0,0.0889512645551228
27084,0,0,0.02443989395540643
27098,0,0,0.03547961761042388
27100,0,0,0.01038576851208189
27106,1,1,0.6856786527701032
27107,0,0,0.02700062205234705
27109,0,0,0.0005716928778870042
27123,0,0,4.846225172578461e-07
27136,0,0,0.0003057497631467918
27137,0,0,0.00034039592250741275
27143,0,0,0.006867307672635611
27144,0,0,0.0001266087598334085
27145,0,0,0.1691785112877456
27148,0,0,0.1147721037825318
27150,0,0,9.359745572098138e-05
27153,0,0,3.74183971312055e-05
27155,0,0,8.794795766302751e-06
27160,0,0,2.2611317917181152e-07
27167,0,0,0.022387473293395507
27173,1,1,0.9857789619609142
27175,0,0,0.0004568985750809286
27177,0,0,0.008376195385589688
27183,0,0,0.0007021913872154874
27191,1,1,0.8713058223654121
27192,0,0,0.00022046683565526116
27199,0,0,0.015276018383824653
27211,0,0,8.631997166971802e-05
27213,1,1,0.9991296924846936
27221,0,0,0.000333029678783001
27225,0,0,0.03411305347449467
27226,0,0,0.013813441704965564
27228,1,1,0.9678923800729283
27230,0,0,0.00998479918745779
27235,0,0,0.0009261081970942384
27248,0,0,1.587609225873611e-05
27250,0,0,0.06808888260924857
27255,1,1,0.9989057203018418
27256,0,0,0.0009016222381454964
27260,0,0,0.0036061461479139144
27267,0,0,0.10167174738529314
27274,0,0,0.03010271544553638
27281,0,0,0.13659612929408166
27299,0,0,1.1912625029424557e-06
27301,0,0,0.0012434742481053024
27304,0,0,2.8202783168760663e-05
27305,0,0,0.002304926695720754
27315,0,0,3.575041773110198e-05
27319,0,0,0.0006002416310024924
27326,0,0,0.002587871807317948
27327,0,0,0.03956097599775039
27341,0,0,0.00016760799823921209
27349,0,0,0.00015679699768538557
27350,0,0,6.42336654140597e-05
27354,0,0,0.003399609816614466
27355,0,0,0.0018889249901342998
27365,0,0,0.2721489547212774
27367,1,1,0.8879245089257075
27370,0,0,0.011249870648804875
27380,0,0,0.012815949097495281
27388,0,0,9.20807443867843e-05
27389,0,0,0.001759828430977817
27392,0,0,6.246228608530615e-06
27396,0,0,0.012565817114072696
27405,0,0,0.00012680422462651696
27412,0,0,0.0005370876291861971
27430,0,0,0.011941005562372162
27436,0,0,0.016559759778386907
27441,0,0,0.0032242985190291005
27455,1,1,0.8949011346358912
27460,0,0,0.00013120975097859742
27468,0,0,1.9527491018859142e-05
27479,0,0,0.005672946564807146
27490,0,0,0.34161195575010733
27496,0,0,0.009879295479644933
27497,0,0,0.012505211068573082
27499,1,1,0.9966405096242054
27500,0,0,0.03318308874687637
27502,0,0,0.0008858377688271744
27508,0,0,0.0008477751533301627
27514,0,0,0.0027270408343664575
27520,0,0,0.0016170208830359857
27525,0,0,0.011739787442078504
27526,0,0,0.23632010035229156
27528,0,0,0.00012648215026436727
27529,0,0,0.00012683659246493943
27537,0,0,0.018787408443155133
27540,0,0,0.0012812049315206304
27543,0,0,0.0009646651506218511
27545,0,0,0.05357556192851117
27569,0,0,0.00011288319157059027
27578,0,0,0.2332278858423831
27591,0,0,0.06622069801657081
27600,0,0,1.6258740426720339e-06
27606,0,0,0.00568970736881148
27607,0,0,0.0012361829194881783
27629,1,1,0.9004950117182529
27631,0,0,0.002423271775303625
27636,0,0,0.001190042374454043
27638,0,0,0.001015298643835273
27641,0,0,0.0022536521745406355
27648,0,0,0.00016040536000882125
27654,0,0,0.027852061394818342
27665,0,0,0.0003863455919620942
27667,0,0,0.0007513155800406997
27672,0,0,0.008667047201702112
27676,0,0,0.014016888963019815
27677,0,0,0.06175129257295974
27685,1,0,0.219622556188722
27695,0,0,0.0007805771951894765
27698,0,0,0.00010316754141432845
27699,0,0,0.012367795804816124
27706,0,0,0.03664394559673839
27709,0,0,0.008275649715603985
27711,0,0,0.013581927231865808
27712,0,0,0.002911963497456992
27721,0,0,0.006942449913165908
27724,1,1,0.5325246800052164
27725,0,0,0.021956179554392493
27727,0,0,1.7675975314245378e-05
27731,0,0,6.193212367078074e-06
27734,0,0,0.0033016150603719444
27738,0,0,0.0017191697468517484
27744,0,0,0.000560458751537808
27748,0,0,0.019856765567293194
27753,0,0,6.916833951232113e-06
27758,0,0,0.022343381582804436
27759,0,0,0.00019006754978426684
27760,0,0,0.014076950850040636
27767,0,0,0.1027287158245423
27770,0,0,0.04171296754439188
27772,0,0,0.04237893283117524
27779,0,0,0.047779696826064574
27794,0,0,0.03367784962322037
27805,0,0,0.003060163359227115
27808,0,0,3.525355532250952e-05
27814,0,0,0.027504828907943816
27817,0,0,0.02677038446159143
27818,0,0,0.1802246032841351
27819,0,0,0.09276007139902544
27820,0,0,5.6566242059504114e-05
27822,0,0,2.4542871434883357e-05
27833,0,0,0.28391552898982664
27837,0,0,1.053322101247259e-05
27838,0,0,0.005240904843395371
27853,1,1,0.7316648876747539
27855,0,0,0.0008728517277266418
27866,0,0,0.005045324276657122
27869,0,0,0.00017396294070641963
27873,0,0,0.0022441839467722932
27879,0,0,0.16504505767593258
27887,0,0,0.008517962759981977
27891,1,0,0.07386427280462371
27894,0,0,0.1118572469049168
27895,0,0,0.34711544235444763
27903,0,0,0.020420992003068166
27910,0,0,0.03768783341814478
27911,0,0,0.3420185156801918
27912,0,0,0.08725059952733191
27913,0,0,0.0015138317196309726
27919,0,0,0.03447258433387801
27925,0,0,4.189236636670352e-06
27944,0,0,8.930459068841815e-05
27946,0,0,0.0010616996343092817
27949,0,0,7.475794684930141e-05
27952,0,0,0.001271325579547214
27956,0,0,0.3453530446588098
27959,0,0,0.014749642928790127
27967,0,0,0.00010439014236753465
27968,0,0,7.303814370955396e-06
27975,0,0,2.749716132792394e-05
27985,0,0,1.2340926643882051e-05
27990,0,0,0.0003953773343202651
27994,1,0,0.11824979394538658
28015,0,0,0.00010277532612955165
28017,0,0,9.484586317889321e-06
28018,0,0,0.0010177056181777232
28025,0,0,0.015075301925679447
28027,0,0,0.28123649991534044
28032,0,0,0.030120865249188177
28037,0,0,0.21937236569972757
28041,0,0,0.007456497543326353
28048,0,0,0.00044786085857625297
28059,0,0,0.0001469470461045787
28063,0,0,5.363680808737155e-05
28075,0,0,9.382022779438203e-06
28081,0,0,0.014842709027194041
28085,0,0,0.0006933879437586475
28088,0,0,0.12341985141980412
28089,0,0,0.004195758229838258
28092,1,1,0.9986492787348982
28095,0,0,0.03806275644422851
28102,0,0,0.00011519640171253463
28103,0,0,0.0006324255268620196
28107,0,0,0.004192148753256317
28108,0,0,0.03363183332210716
28113,0,0,0.0008953487205056279
28114,0,0,0.4869571187991537
28117,0,0,0.0008604680946432208
28119,0,0,0.1281273949278925
28127,0,0,0.00024930990827169605
28129,0,0,0.001220000024869237
28130,0,0,0.07743972672632152
28147,0,0,0.005200061309451232
28150,0,0,0.21938207403504978
28159,0,0,0.007632129518731558
28164,0,0,0.006437872173517838
28166,0,0,0.0008914651789350302
28170,0,0,0.00404870411121117
28174,1,0,0.07763935963976167
28183,0,0,0.017000630155039928
28184,0,0,0.009146717284151224
28189,0,0,0.10790456527058133
28192,0,0,0.20795772520619651
28196,0,0,2.6189335392251162e-05
28204,0,0,0.3955962373461293
28221,0,0,0.006184900890220115
28228,0,0,0.007075581754589782
28229,0,0,0.005930233086289995
28234,0,0,8.103437990003683e-06
28235,1,1,0.8843120969711069
28240,0,0,0.00042364487423163927
28241,0,0,0.024985659949228738
28242,0,0,0.004142459280687982
28245,0,0,0.001791991200083903
28258,0,0,0.002643794355969704
28260,0,0,0.00045644405720157775
28262,0,0,0.07975760397067491
28265,0,0,0.09357546233439198
28269,0,0,3.8070437365356585e-06
28271,0,0,0.20306368580370757
28281,1,0,0.003557297806248549
28283,0,0,3.8637626934721086e-05
28284,0,0,0.2842285638956255
28290,0,0,0.0021101781689385705
28291,0,0,0.45534347357504346
28297,0,0,0.00017426336910953758
28298,0,0,0.013332132590687773
28300,0,0,0.024682635680705736
28305,0,0,0.058280995929908326
28307,0,0,0.001341475979423479
28313,0,0,0.0004644455284693976
28314,0,0,8.637728538925527e-05
28315,1,0,0.25472069754463594
28330,0,0,0.021262440882083008
28332,1,1,0.9976674499215294
28334,0,0,0.011014883031199175
28335,0,0,0.0008500294627587155
28337,0,0,2.5640333908423448e-06
28341,0,0,1.4656109453220082e-05
28344,0,0,4.09446210404489e-05
28346,0,0,0.37611419539224056
28348,0,0,0.00014895436447049954
28352,0,0,0.1626232376810767
28353,0,0,0.2331056412946167
28367,0,0,0.00013199191698995053
28372,0,0,0.0012758975952784205
28374,0,0,9.051215495838506e-05
28376,0,0,0.01398392191786218
28377,0,0,1.0477766553963238e-06
28380,0,0,0.06987775309363287
28381,0,0,0.28726463469508795
28383,0,0,0.002733454639519698
28397,0,0,0.03963173402744011
28399,0,0,9.850271383324967e-06
28402,0,0,0.00014150669155609983
28408,0,0,0.23072041796603135
28414,0,0,8.047426648510387e-07
28423,1,1,0.9881728981078358
28446,0,0,3.201262265956886e-06
28450,0,0,0.029092838274555412
28454,0,0,0.00029757962082241487
28463,0,0,0.0014305043491618181
28465,1,1,0.9406517539463968
28475,0,0,0.000257164781487833
28484,0,0,0.0002181955789145599
28491,0,0,0.00045795372839583436
28509,0,0,0.06070316909151998
28511,1,0,0.22076203658707538
28517,0,0,0.0004638981881619289
28518,0,0,0.0018142086555699587
28521,0,0,0.001086356167835581
28534,0,0,0.0005097486321053744
28547,0,0,7.693743153897392e-06
28548,0,0,0.020979134037981316
28550,0,0,0.023185340718225457
28551,1,1,0.9295581482336066
28568,0,0,0.07561883083281908
28572,0,0,0.011627773367600439
28573,0,0,0.012851486629019852
28576,0,0,0.0023188058651675177
28583,0,0,0.0005212804294233938
28606,1,1,0.9920835363517673
28607,0,0,0.0007202596612694759
28609,0,0,0.006261036976252776
28614,1,0,0.26154809423530145
28619,0,0,0.0009729636082053415
28623,0,0,0.0008155326128465691
28636,0,0,0.000990580288381439
28643,0,0,5.092808487323876e-05
28644,0,0,0.07941128493288963
28647,0,0,0.0018396048270041161
28655,0,0,0.013608475401970552
28658,0,0,0.01528944607479745
28661,0,0,0.0019317589154237021
28667,1,0,0.14958547564152003
28675,0,0,2.970190254565848e-06
28677,0,0,0.00010834668557452567
28680,0,0,4.8601200670261825e-05
28703,0,0,0.0006411649764568981
28705,1,0,0.39855741135043277
28706,1,0,0.10619358773424724
28711,0,0,0.005055338361703042
28720,0,0,0.004270658075602418
28726,1,1,0.7479085624844202
28739,0,0,4.0825722641787694e-05
28743,0,0,0.00012252674421349267
28744,0,0,0.04599887034085736
28747,0,0,0.0001075972936701197
28750,0,0,5.7168469902970896e-05
28755,0,0,0.00011086459351988144
28758,0,0,0.0022257692338297184
28759,0,0,0.030638187754050153
28761,0,0,0.04325653757983025
28770,0,0,0.001730693011745777
28772,0,0,8.308610004609506e-05
28773,0,0,2.5020911815267582e-05
28778,0,0,0.20453775430891807
28779,0,0,0.012652725657443178
28785,0,0,0.07133952722654255
28795,0,0,0.15396231622082965
28798,1,1,0.9763532718994057
28799,0,0,0.10750659822073856
28800,0,0,7.314784493712381e-07
28805,0,0,0.11284106718790729
28809,0,0,0.003077878134842885
28810,1,0,0.31201056148432443
28813,0,0,3.375413181461168e-06
28818,0,0,0.005184522604031279
28822,0,0,5.809967304116371e-06
28835,0,0,0.0751175483354792
28836,0,1,0.5024030380945856
28838,0,0,0.019937201382893933
28839,0,0,0.06644030626455896
28840,0,0,0.00037268030080317926
28856,0,0,0.012921964272241987
28862,0,0,0.11285613110843792
28863,0,0,0.0007378864820784633
28864,0,0,0.00013081134075933797
28865,0,0,0.008302896214347981
28870,0,0,0.013520091130542141
28875,0,0,0.488545462549015
28877,0,0,1.13059289035671e-05
28878,0,0,0.020422110010481415
28886,0,0,0.012108525395879243
28889,0,0,0.008952554974512975
28895,0,0,0.0004457843551074535
28901,0,0,0.0001464142249342695
28927,0,0,0.008291928698265477
28940,0,0,0.09263704211752227
28946,0,0,1.9510278378498314e-05
28952,0,0,0.016297543132913213
28966,0,0,1.1957823265058353e-05
28975,1,1,0.9584106024906877
28976,1,1,0.9991368638666236
28984,0,0,0.002230288691522142
28989,0,0,0.004058687486991867
28994,0,0,0.31480619203128046
29009,0,0,0.01692360696182949
29010,0,0,0.024372594653818493
29013,0,0,0.0014541558969449417
29015,0,0,0.07007717018687092
29020,0,0,0.03141692218707883
29021,0,0,0.07027393973188831
29031,0,0,0.0013975747068306846
29036,0,0,0.0006583260112091542
29039,0,0,0.0045718953165328905
29048,0,0,0.037229161017092435
29050,0,0,0.06823697663919703
29051,0,0,0.00014274450527097915
29057,0,0,0.03350731884391207
29063,0,0,0.11181858191450336
29069,0,0,0.44110040682821755
29070,0,0,2.8017630017444145e-05
29081,0,0,0.004255753627908586
29085,0,0,0.0007488967727708061
29086,0,0,0.0009935712850430562
29102,0,0,0.004409034685567551
29119,0,0,0.08974167385533008
29125,0,0,0.0066137909751780985
29130,0,0,0.01965421177919727
29142,0,0,0.02028423884017642
29157,0,0,0.0015511551401648995
29158,0,0,0.0021943254731475697
29173,0,1,0.7294672020410664
29177,0,0,0.014490056158546758
29180,0,0,0.07732919154714578
29181,1,0,0.1266189362674281
29184,0,0,0.0023347690510869294
29188,0,0,0.0047005397614633794
29191,0,0,0.0006526003315667142
29203,0,0,4.456251370182554e-06
29207,0,0,1.7879558923196103e-05
29210,0,0,0.0007782468583856601
29220,0,0,9.407128662956362e-05
29222,0,0,0.0018911274932480971
29227,0,0,0.00040701034093999913
29232,0,0,1.3836753954593429e-05
29246,0,0,0.014948549286289504
29251,0,0,0.03886226234502717
29270,0,0,1.1246182708754166e-05
29272,0,0,0.00014158942350816798
29279,0,0,0.010039514322517845
29282,0,0,0.1437114746500513
29285,0,0,0.048907070061398376
29290,0,0,8.9928000195606e-06
29293,0,0,0.0002396419023432578
29298,0,0,5.39050355910281e-06
29299,0,0,0.00015938437269734295
29300,0,0,0.24353134205835245
29301,0,0,0.05209330269973456
29308,0,0,0.051288247378992506
29311,0,0,0.021215732548421126
29317,0,0,0.006094696538673075
29321,0,0,0.032029901458929595
29324,0,0,9.247700698419393e-05
29326,0,0,0.01337323381509158
29332,0,0,0.003257554178281865
29333,0,0,0.003548176532219006
29338,0,0,2.718293152268165e-06
29340,0,0,0.15780585676835432
29343,0,0,0.0004896782044384036
29346,0,0,0.0013087239053876116
29367,1,1,0.9988090721250305
29372,0,0,0.0006273452473618787
29374,0,0,0.09967125018651356
29376,0,0,0.007679009709179239
29377,0,0,1.0738664424124927e-05
29382,0,0,0.002158954462576715
29386,0,0,0.06054415319476366
29393,0,0,1.0674905397847537e-05
29397,0,0,0.0002724449952571659
29408,0,0,3.806559940906358e-05
29412,0,0,5.221747178158478e-05
29415,0,0,0.0021584044314802747
29423,0,0,0.016981841187713263
29426,0,0,3.98677665264646e-05
29431,1,1,0.9956099850668533
29432,0,0,0.054719120907922275
29433,0,0,0.008813134255439867
29434,0,0,0.00015783100201474006
29445,0,0,0.0029708186431817996
29447,0,0,0.08044012197556435
29450,0,0,1.2100604984579687e-05
29454,0,0,0.035523294061663366
29455,1,1,0.5539316445168526
29461,0,0,0.029765029460342936
29465,0,0,0.0017306021260034537
29466,0,0,8.580024376550995e-05
29472,0,0,0.024775185733313835
29477,0,0,0.001287977994587085
29483,0,0,8.128500252575017e-06
29486,0,0,0.003850436649771939
29489,0,0,0.0003764600263075124
29490,0,0,0.0804069794519134
29491,0,0,4.393629043691565e-07
29497,0,0,0.00581604238445655
29499,1,0,0.04604973349071692
29503,0,0,0.16795542441682418
29509,0,0,5.494661822067781e-05
29513,1,0,0.20362229637088872
29520,0,0,0.02129037210170355
29521,0,0,0.0003101502638602758
29538,0,0,0.2505818791981771
29539,0,0,0.0017257860063848208
29542,0,0,0.004953932624459981
29545,0,0,0.00705933864479337
29554,0,0,0.0002888235619285062
29557,0,0,0.4846177646826598
29568,0,0,1.8094588916761186e-05
29571,0,0,0.007831610024152459
29576,0,0,0.07408302736560887
29579,0,0,0.0018402039962048117
29582,0,0,0.00017282451605697945
29586,0,1,0.5259644274326486
29587,0,0,0.13430186477508188
29589,0,0,0.09386188996095143
29592,0,0,0.17632960477503834
29601,1,1,0.7798897652121978
29607,0,0,0.09220885939115572
29608,0,0,0.020714272809187737
29609,0,0,0.0006280840071310935
29618,0,1,0.5140110549074964
29625,0,0,0.0004016725610318373
29650,0,0,6.67455622959991e-05
29651,0,0,0.023772244176971043
29657,0,0,0.009079215150140114
29659,0,0,8.571600348261678e-07
29665,0,0,0.026668854484738363
29668,0,0,0.17309470223462411
29680,0,0,0.020155600160109668
29682,0,0,0.0002544214954784649
29684,0,0,0.011200113297666625
29685,0,0,0.0021989361469050487
29687,1,1,0.9501629214127648
29688,0,0,0.002825933972522553
29694,0,0,0.0002264525549676294
29701,0,0,0.0052193536566296165
29704,0,0,0.02449510048312255
29706,0,0,0.00033104178595687886
29711,0,0,0.0001388020411378313
29712,0,0,0.0002693634649760203
29737,0,0,0.010438200608992587
29745,1,0,0.03717985139677659
29746,0,0,1.3372452949330587e-05
29755,0,0,0.048509065012326394
29763,0,0,0.1154366663128549
29765,0,0,2.7986489741412467e-07
29766,0,0,0.0018022558833268633
29772,0,0,3.615232215155033e-05
29780,1,1,0.7470450742280139
29782,0,0,0.0031469659775247
29797,0,0,2.7212741626832713e-05
29801,0,0,1.812957848778077e-07
29802,0,0,0.05665291760339962
29812,0,0,0.022336487908819154
29818,0,0,0.02471082992016585
29823,0,0,0.0001606188941870479
29824,0,0,0.022366027512823187
29825,0,0,2.536550652436128e-05
29832,0,0,4.183288037732524e-06
29833,0,0,0.12011575559985585
29841,0,0,0.0002561581968654642
29843,0,0,0.0049664290737646
29846,0,0,0.00031104309648334047
29849,1,0,0.06707621839280586
29855,1,1,0.9993920002103414
29857,0,0,0.07403454923932037
29871,0,0,0.07504376921352414
29872,0,0,0.011172533422625692
29873,1,1,0.6827512002906074
29880,0,0,0.0018220106873787075
29885,0,0,9.19307910629095e-05
29889,0,0,4.297151099087914e-05
29892,0,0,0.0012866414702392007
29894,0,0,0.0377244491165598
29895,0,0,0.015503867846155104
29902,0,0,0.021947037482862114
29903,1,1,0.9926170205716706
29904,0,0,0.012418212262655732
29905,0,0,0.07019855901289217
29908,0,0,0.2390648501236346
29920,1,1,0.9813725077859653
29925,0,0,0.004516377727299372
29928,0,0,0.00018802673798769663
29933,0,0,0.0003969084176326215
29943,0,0,0.0006153923165482378
29944,0,0,0.005294230919978785
29948,0,0,0.008358444232543926
29952,0,0,5.6453617611293325e-06
29970,0,0,0.0008881610867453264
29972,0,0,0.04101071377220262
29973,0,0,0.00013423116238316758
29976,0,0,0.05600143529232487
29983,0,0,5.8118721903803894e-05
29984,0,0,0.0034045134059205347
29988,0,0,0.011259823057638481
29995,0,0,0.013339812310074264
30016,0,0,0.0005236987788131325
30018,0,0,0.0011572671829815165
30023,0,0,0.003969307118546954
30033,0,0,0.004745040990485193
30034,0,0,0.0048162202876024
30035,0,0,0.04567334096402755
30036,0,0,2.152239834295407e-05
30037,0,0,0.002671312107090477
30041,0,0,0.04245986801111449
30043,0,0,1.1198640782654184e-05
30045,0,0,0.0011326665761671362
30050,0,0,1.599023434794146e-05
30071,0,0,0.2572787777930896
30073,0,0,0.0001745098460855454
30074,0,0,0.0024558754659104423
30081,0,0,2.0528287674452413e-05
30083,0,0,1.550697492408016e-05
30086,0,0,0.0001541591200923337
30093,1,0,0.43575795426805514
30097,0,0,0.001807435177096442
30100,0,0,0.031800783702914434
30106,0,0,0.00024097994631464573
30108,0,0,0.00012152197739772011
30109,0,0,0.04519281365902843
30118,0,0,5.268974507918401e-05
30119,0,1,0.5535775271532125
30133,1,0,0.28355494127083253
30137,0,0,0.004818874521650885
30138,0,0,0.012887554892770638
30146,1,1,0.9455884945596325
30147,1,0,0.12420102082044149
30151,0,0,0.15764505388671787
30164,0,0,0.00401267504269862
30175,0,0,2.7389586336111718e-05
30183,0,0,0.0005274477566853185
30201,0,0,0.00016568406542631837
30203,0,0,1.7236378442145818e-05
30204,1,0,0.35724057676641474
30213,0,0,1.2186250648480071e-05
30215,0,0,0.0029740309211216576
30218,0,0,9.259762789890105e-05
30220,0,0,0.04737246669691429
30224,0,0,0.039884453036451675
30225,0,0,0.0004961320324546994
30230,0,0,0.05720030057763861
30231,0,0,0.013242975517877764
30232,0,0,0.032363984655210176
30233,0,0,0.0010439322092576182
30237,0,0,0.27989706393240305
30239,0,0,0.04044687454245464
30240,0,0,0.011866932412958789
30243,0,0,0.00398620414811579
30253,0,0,0.0003112972023319179
30256,0,0,2.7261757913535956e-05
30263,0,0,0.014374935375030385
30268,0,0,0.00011331992763867554
30278,0,0,0.002215736048747049
30284,0,0,0.0504019547930089
30285,0,0,7.7446213446615e-05
30286,0,0,0.00015068449459036527
30288,0,0,0.019949391316939347
30290,0,0,0.1314957270103968
30293,1,0,0.03490538255827397
30295,0,0,0.015393204806657802
30297,0,0,0.45435854485210764
30301,0,0,0.002891326627557252
30302,0,0,0.04709369933234053
30306,0,0,0.0008939818548388964
30307,0,0,3.424852116927098e-05
30310,0,0,0.4082157136944723
30311,0,0,0.004059018191194887
30315,0,0,0.0001366951673774167
30319,0,0,0.0007116515749775356
30323,0,0,2.2722028508787996e-05
30328,1,1,0.8842856897736515
30330,0,0,0.004484804320991751
30332,0,0,0.0018715701231535751
30333,0,0,0.0001377012386881816
30335,0,0,1.8346805793014365e-06
30338,0,0,0.0029965820103539584
30339,0,0,0.038637914828298155
30344,0,0,1.5087050784783938e-05
30345,0,0,1.7412121313150056e-06
30347,0,0,0.0350330090188335
30355,0,0,0.00010986232803371305
30358,0,0,3.8710534362676973e-07
30360,0,0,4.8187474426096334e-05
30363,0,0,0.00014413572388983096
30364,0,0,0.013030526141358778
30374,0,0,0.0006406960521494539
30379,0,0,0.15661763566013198
30385,1,1,0.9904062050420045
30386,0,0,0.00016339998217573026
30394,0,0,0.12434012289493143
30397,0,0,8.040957349328436e-05
30399,0,0,0.12092792007211987
30403,0,0,0.003966844495957449
30411,0,0,0.008107468685547833
30412,0,0,0.004992497124716126
30417,0,0,0.05627520916732672
30419,0,0,0.00044917777441569285
30421,1,1,0.5070735221510733
30426,0,1,0.6681273262310743
30428,0,0,0.1521437263829352
30429,0,0,0.008645152759779288
30430,0,0,0.032961689034571064
30432,0,1,0.5990799562127562
30441,0,0,4.639583431162064e-05
30444,0,0,2.887119378645488e-05
30451,0,0,0.00032994210692486974
30457,0,0,0.0037003677382622794
30459,0,0,0.00857459513508708
30461,0,0,6.443691968251823e-05
30462,0,0,0.00010338840534847902
30469,0,0,0.034420308013072075
30473,0,0,7.65451646752156e-05
30474,0,0,0.035445801299691854
30475,0,0,0.20070230237785516
30479,0,0,0.0021218982152178423
30480,0,0,0.002133601484571666
30493,0,0,5.153780754967215e-06
30494,0,0,0.0008388775288020508
30495,0,0,0.00018583049768477837
30503,0,0,9.681171306440833e-05
30504,0,1,0.7453397054829266
30511,0,0,0.0001229763856115014
30515,0,0,0.0003319734066419061
30519,0,0,9.003640228432439e-05
30524,0,0,0.0008305176821366466
30528,0,0,0.0012870438312471068
30535,0,0,0.0396386606718232
30537,1,1,0.8278047262258187
30538,0,0,0.0029795691332639065
30544,0,0,0.0024751287230748934
30545,0,0,0.007563297826373567
30549,0,0,0.08678057297845214
30554,0,0,0.0010035659839945932
30558,0,0,0.0018831305622385127
30573,0,0,0.03179495125041927
30575,0,0,0.0078484427153082
30582,0,0,0.011893086146506488
30583,0,0,0.0613922684736162
30585,0,0,0.003832788407942985
30589,0,0,0.0028422261500004476
30608,0,0,0.02082832929930301
30624,0,0,0.007801077360811377
30625,0,0,0.0032999611065453807
30627,0,0,7.089935398920974e-05
30632,0,0,1.3435115052866122e-05
30634,0,0,0.00020326731951636744
30640,1,1,0.9257865820992905
30643,0,0,2.0610147523568086e-05
30649,0,0,0.05908150902794895
30651,0,0,0.0005467176686884688
30653,0,0,6.572260498215672e-05
30660,0,0,0.00785140429970081
30663,0,0,0.00011833290427827096
30664,0,0,0.00013231044896594546
30670,0,0,0.0008492584990739582
30672,0,0,0.00018479532560225918
30674,0,0,0.0004712839158637281
30678,0,0,2.4250349358985277e-05
30679,1,1,0.8917373397878635
30687,0,0,0.006510019648494452
30691,0,0,0.24575167560175498
30694,0,0,0.0016658935081026755
30696,0,0,8.917086917957367e-07
30702,0,0,1.6037038623473601e-07
30724,1,1,0.5141144438293234
30729,0,0,1.774079382010073e-05
30731,0,0,0.00042452218091647314
30735,0,0,0.005121119705670559
30737,1,1,0.9997365433927247
30745,0,0,0.00017360107099160355
30748,0,0,0.0003792827621168754
30749,0,0,0.02230058267630794
30759,0,0,0.08761703223902993
30760,0,0,0.018098969699795856
30764,0,0,0.003651585204001501
30765,0,0,0.006434314514561395
30766,0,0,0.005137095843473079
30771,0,0,0.00016450177354333085
30778,0,0,0.002774471212302566
30780,1,1,0.9963128904805878
30788,0,0,0.006108385112165072
30789,0,0,3.216413254256071e-06
30793,0,0,0.1281056488519792
30801,0,0,0.0008935473930498456
30803,0,0,0.044676610928291734
30807,0,0,0.001054233971312147
30812,0,0,1.1620108799951281e-05
30817,0,0,0.01727010160568514
30819,0,0,0.048826712198502945
30821,0,0,0.00011881022364212364
30826,0,0,0.021910545114948
30827,1,1,0.9812463328098187
30828,0,0,4.64442286536337e-06
30833,0,0,0.009032004545525182
30840,0,0,0.00094286580511739
30846,1,1,0.9454804902749923
30848,1,1,0.9697016899560533
30852,0,0,0.0031235658094456373
30863,0,0,0.04224379626158283
30872,0,0,0.00536592745595991
30876,0,0,0.31942699051301127
30887,0,0,9.255002401390314e-05
30888,0,0,0.009255656336768383
30900,0,0,4.062126717462826e-06
30908,0,0,3.262197940618251e-05
30911,1,1,0.6813946909492442
30913,0,0,0.000982183394626397
30921,0,0,0.006865593889077714
30927,0,0,0.0038767335955404592
30936,0,0,0.022506366738629033
30941,0,0,0.00020572013949169072
30952,0,0,0.012700655585473408
30959,0,0,0.0006992259598364429
30964,0,0,0.002111575149736204
30965,0,0,0.0025032443551078767
30975,0,0,5.914019654186615e-06
30980,0,0,0.0029316667604122153
30985,0,0,1.0212227598302145e-05
30993,0,0,1.770047116347374e-05
31000,0,0,0.07381350500638635
31012,0,0,0.02886538783195506
31015,0,0,0.010419577007673979
31019,0,0,0.016272817378425692
31020,0,0,0.009977469417190724
31024,0,0,1.1613420744429806e-05
31028,0,0,0.016090264154080165
31030,0,0,2.8945489871821593e-05
31036,0,0,0.00010892460846423715
31044,0,0,0.00012285909751162983
31046,0,0,5.68575192115711e-05
31047,0,0,0.0022791127507179668
31048,0,0,0.00248044523810705
31056,0,0,0.051968739254411436
31060,0,0,0.0004545200889602828
31063,0,0,0.21908893469289023
31068,0,0,0.00017282463295241815
31071,0,0,0.0012317494175426449
31073,0,0,0.00045119286623896326
31074,0,0,0.0007539356117200749
31080,0,0,0.0012701756778315863
31086,0,0,0.01453121494029159
31107,0,0,0.04188573358230933
31118,0,0,0.002554325721591777
31119,0,0,0.001647454634780723
31123,0,0,0.0005894033841192468
31134,0,0,0.02963626837925652
31137,0,0,3.2505180929799376e-05
31139,0,0,0.02674769470126167
31143,0,0,0.0005371086399641367
31145,0,0,0.00013410875202615548
31159,0,0,0.0003014889881627189
31161,0,0,5.341332145332656e-06
31167,0,0,0.44089216248578567
31178,1,1,0.9993639690694648
31179,0,0,8.243330744963091e-07
31188,0,0,0.013161855043429493
31192,0,0,0.026238138997321164
31195,0,0,0.014032777286167482
31196,1,1,0.953539874525465
31198,0,0,0.002490334234447535
31203,0,0,9.699093890886123e-05
31209,1,1,0.9992945597080817
31212,0,0,0.0029979877679763085
31214,0,0,1.6581783213498386e-05
31218,0,0,1.1659814223382112e-05
31221,0,0,0.00033056262623107384
31239,0,0,0.02330622258628227
31247,0,0,0.07083719867737658
31254,1,0,0.4056257503869018
31267,0,0,0.02057031584526651
31268,0,0,0.3314100386850087
31274,0,0,0.02320606046659376
31277,0,0,2.4092307226679443e-05
31282,0,0,0.2151804871503432
31290,0,0,0.002344301363540988
31291,0,0,6.08855714298482e-07
31294,0,0,0.017519125893202297
31295,1,1,0.9881439988276476
31305,0,0,2.4052923766702863e-07
31315,0,0,0.00020583239100210583
31316,0,0,0.022982640243727735
31317,0,0,0.00038033222279818793
31319,0,0,0.01816887840525126
31322,0,0,0.004188191342280436
31323,0,0,0.018585967516459925
31325,0,0,0.002397521017721369
31326,0,0,0.018674025474407923
31327,0,0,2.3513601528531274e-05
31333,1,0,0.13561621587559822
31335,0,0,3.059006745034622e-05
31347,0,0,0.0025992349666119213
31350,0,0,0.24723035120607176
31352,0,0,0.00036223910428003706
31353,0,0,0.0020213593404589886
31360,0,0,0.02193205470903089
31367,0,0,0.006052449264229376
31370,0,0,0.0012974547723152898
31373,0,0,0.04410554126932286
31376,0,0,0.0006392186163177821
31377,0,0,7.949548792270827e-05
31378,0,0,0.0017111396030405508
31379,0,0,1.770959172983648e-06
31385,1,1,0.9389524217211767
31402,0,0,0.08754410396722637
31408,0,0,0.0004138181963334135
31414,0,0,0.03482236993230606
31423,0,0,0.0026263270125574056
31427,0,0,0.1232983185785156
31428,0,0,0.07369753820623544
31443,0,0,0.001038850506408569
31444,0,0,0.0003447949341325432
31452,0,0,0.013436938724794272
31460,0,0,0.2916490301276203
31463,0,0,6.999804503534679e-05
31465,0,0,0.00011256740939639785
31466,0,0,0.0005971342476124312
31472,0,0,0.026354603818359745
31476,0,0,0.001869910772763152
31488,0,0,6.493176549433532e-05
31490,0,0,0.06049941234018364
31493,0,0,0.0463406101823592
31495,1,1,0.9493877339236668
31502,0,0,0.37223900797034937
31504,0,0,0.002151697232246988
31513,0,0,0.005733207522477281
31514,0,0,2.9333508174100787e-05
31520,0,0,0.007139343204206433
31526,0,1,0.5481331049991702
31529,0,0,0.28208236812018567
31533,0,0,0.0006827197356640398
31534,0,0,2.6852628507390344e-05
31536,0,0,0.38533927361366077
31544,0,0,0.02938673785053832
31545,0,0,0.011722883602930535
31546,0,0,4.861441891167956e-06
31556,0,0,0.2658597347238031
31557,0,0,0.15640333074238877
31559,0,0,0.016466644137544978
31561,0,0,0.00013642487425746406
31564,0,0,1.626577229255266e-06
31567,0,0,0.0035699171594262852
31572,0,0,0.05090285686512153
31578,0,0,0.0021752131472266116
31580,0,0,0.00041665988377231374
31584,1,1,0.9112372533353046
31585,0,0,0.03135869567483789
31603,0,0,1.704314422420138e-05
31612,0,0,2.7658066388287205e-06
31620,1,0,0.044584189128885926
31627,0,0,0.0014647329611945804
31630,0,0,0.0002683458518703759
31631,0,0,8.034380633851911e-05
31638,0,0,0.039061323599122365
31645,1,0,0.16377809775222218
31649,0,0,0.011911075351128854
31655,0,0,2.760398486677613e-05
31659,0,0,0.032178088855064964
31660,0,0,0.006830875468665029
31663,0,0,0.09421784167799745
31664,0,0,0.08192814345378484
31672,0,0,0.06923876662922901
31673,0,0,6.682347600183107e-05
31678,1,1,0.9631342160022899
31685,0,0,0.003947643360740964
31690,1,1,0.988653211697767
31696,0,0,0.01431830555761088
31699,0,0,0.06580161887367936
31705,0,0,0.01129158961492104
31709,0,0,5.72738384616713e-05
31710,0,0,0.0027424341895945785
31712,0,0,0.0027541330231194453
31714,0,0,0.00268771177619561
31716,0,0,2.793858245565951e-05
31729,0,0,1.4247061004053064e-05
31735,0,0,0.006464262348555221
31737,0,0,0.05999939930455843
31738,0,0,0.4132049099223285
31741,0,0,0.000424283018482789
31746,0,0,0.00011081640131298526
31749,0,0,0.10061064535865599
31754,0,0,0.0033477082521660177
31755,0,0,0.003597310675895372
31764,0,0,0.008519434206447548
31777,0,0,0.0039650263652340045
31798,0,0,0.0159424478726211
31802,0,0,0.09362894408101229
31807,0,0,0.0059921808031201855
31812,0,0,0.00508715044662231
31819,0,0,0.005724265724771046
31823,0,0,7.449066792853473e-06
31832,0,0,0.4305929928889384
31833,0,0,0.00026802238612263525
31839,0,0,0.0002600695015092733
31840,1,1,0.9937282953701385
31848,0,0,0.0018294397434165616
31872,0,0,0.001469276896085302
31873,0,0,0.01209855669422645
31874,0,0,2.0544358550072853e-05
31875,0,0,0.014175908236111673
31895,0,0,0.0003253095826043751
31898,0,0,0.002039372726413075
31901,0,0,0.029939445244810438
31907,0,0,0.002913905572527209
31910,0,0,0.031180239136459585
31913,0,0,0.022657787392469785
31925,0,0,0.0018607450368088405
31926,0,0,0.186695997028274
31929,0,0,0.0033456847861245854
31943,0,0,0.03956902587078604
31946,0,0,0.0018560579746699857
31956,0,0,0.21429889865139423
31957,0,0,0.0037569689706521874
31960,0,0,0.025628544560337616
31964,0,0,0.001853694606679195
31968,0,0,0.2749513279073415
31970,0,0,0.00013351890250706426
31972,0,0,0.005914457932606841
31984,0,0,0.003869831460962265
31985,0,0,0.2680498214187489
31986,0,0,0.16938194629383263
31991,0,0,2.0007083352095503e-05
31997,1,0,0.1053945245034645
32005,0,0,4.486690607623156e-06
32012,1,0,0.007339425448063902
32018,0,0,3.442378904414597e-05
32020,0,0,0.0030740052863877407
32022,0,0,0.042830525423507404
32024,1,1,0.9996252424497432
32031,0,0,0.0022356533020437878
32032,0,0,0.0017091843120383991
32033,0,1,0.5260635347929
32035,0,0,0.00022280830128924422
32039,0,0,0.15566634798845258
32049,0,0,8.608440996148957e-06
32060,0,0,0.0003244034628204392
32061,0,0,9.913700302906061e-05
32064,0,0,0.006807491372435622
32065,0,0,0.0005279968083646291
32073,0,0,0.001111662806838538
32075,0,0,3.8177844343435654e-05
32087,0,0,0.0036019423482020287
32088,0,0,0.0008025143238328146
32089,1,0,0.13565533438955515
32096,0,0,0.00021229415316419552
32103,0,0,0.002029287060390262
32115,0,0,0.013129544174515879
32118,0,0,0.04715768345733139
32124,0,0,0.03259448141810179
32125,0,0,8.087159084053836e-07
32127,0,0,0.014946063395334181
32133,0,0,0.07911968445296089
32134,0,0,7.337422985311509e-06
32138,0,0,3.2908635314079197e-06
32142,0,0,0.005579206536174529
32143,0,0,0.0017080711623289977
32144,0,0,0.0012839695502974728
32150,0,0,0.0020801814578027007
32162,0,0,0.03412231273172533
32170,0,0,0.00042063210923265785
32172,0,0,0.0024393355569859564
32173,0,0,0.11726517020390874
32176,0,0,0.00984560384834968
32177,0,0,0.0008671603405404479
32180,0,0,0.0002207937912392525
32190,0,0,0.006459536109510634
32198,0,0,0.0016933514648287446
32226,0,0,0.01869216643819719
32232,0,0,0.009526709163806293
32233,0,0,0.001078182486012961
32244,0,0,0.00017276942635698105
32248,1,1,0.892619308207206
32254,0,0,0.005950955879832114
32255,1,0,0.34111596810825956
32263,0,0,0.011382004665185913
32265,0,0,0.0030044992316353137
32281,0,0,2.6386125039971714e-06
32283,0,0,0.037020783954443415
32292,0,0,8.601516528482246e-05
32293,0,0,0.0008792610492261488
32309,0,0,9.928372412236795e-05
32310,0,0,4.810054365433645e-07
32318,0,0,0.41725471048307294
32323,0,0,0.0021049210344422885
32325,0,0,0.00031604368341861365
32327,0,0,5.722806091709962e-05
32336,0,0,0.0011924752018956143
32340,1,1,0.9581718198284962
32341,0,0,0.00012301019816010888
32352,0,0,9.663258496336241e-06
32354,0,0,7.3724502257068e-05
32355,0,0,0.0008211341128224602
32360,0,0,0.09270090685128456
32382,0,0,0.044932993493648515
32387,0,0,7.0577244721518654e-06
32390,1,1,0.9235181288570522
32398,0,0,0.00014473287366965928
32408,0,0,0.13689138243427543
32413,0,0,0.007269337655674072
32414,0,0,0.0007626073581376025
32418,1,0,0.15053475324371055
32433,0,0,0.00018937467396477225
32435,0,0,0.0006418506617190602
32440,0,0,0.0005454714026976637
32441,0,0,8.748945490400236e-06
32456,0,0,0.016088149798118772
32459,0,0,2.81409935765675e-06
32467,0,0,0.008612855601131451
32469,0,0,0.07440926056751963
32470,0,0,0.0009003500174955285
32473,0,0,0.004268160625953305
32483,0,0,0.005025008807994811
32484,0,0,0.003232116684488136
32485,0,0,0.008716767437016841
32508,0,0,0.005201123269825292
32515,1,0,0.25159621290913614
32519,0,0,7.622483590397261e-06
32525,0,0,5.7458186974648725e-06
32534,0,0,7.954271286705487e-06
32535,0,0,0.003929484993205486
32541,0,0,0.037487489767052455
32549,0,0,1.1022712866799559e-05
32550,1,0,0.09593417583698284
32557,0,0,0.0034167784591065497
32567,0,0,0.1001367276647252
32569,0,0,0.0053375677980946066
32573,0,0,0.016134101553669865
32582,0,0,1.0478732774103911e-05
32586,0,0,0.0005071203194816779
32587,0,0,3.304294762002126e-05
32589,0,0,0.0009434477877967428
32597,0,0,5.203631634761551e-05
32601,0,0,0.0008260363563458552
32608,0,0,0.00024051080388719448
32609,0,0,0.0006011345056562611
32613,0,0,8.295565540134543e-05
32620,0,0,0.09753887658191436
32622,0,0,0.0062942481646292335
32626,0,0,0.02106426608671138
32631,0,0,0.0060503434959598874
32641,0,0,0.009252509648457453
32660,0,0,0.0035798207463482146
32667,0,0,3.086791158170042e-06
32669,0,0,5.622477901586573e-05
32670,0,0,0.015318862684107808
32671,0,1,0.6915227122517881
32673,0,0,0.0012391298619757038
32674,0,0,0.0005051018774638645
32675,0,0,0.001872138192327707
32678,0,0,0.0011821501864025677
32680,0,0,6.866299975135373e-06
32693,0,0,0.05206165826804345
32701,0,0,0.02698576466157167
32704,0,0,0.036472752433060696
32705,0,0,0.3067494372245838
32711,0,0,0.022756829351859333
32719,0,0,0.0032567860474456384
32727,0,0,4.9307928031982716e-05
32728,0,0,0.05339628679751345
32729,0,0,0.003919107477299502
32731,0,0,0.0007540657907163506
32734,0,0,0.0004973215219609741
32736,0,0,0.015122368741840803
32737,0,0,0.00019975489972858361
32742,0,0,7.526424683384857e-05
32746,1,1,0.9956236723543974
32757,1,1,0.9949247047007098
32761,1,0,0.1868284238540257
32766,0,0,0.0008613702416261097
32770,1,0,0.17186120310434055
32788,0,0,0.012646510262717103
32790,0,0,0.000459659605721882
32795,0,0,0.002810642645009077
32796,1,0,0.014341965698936863
32798,0,0,0.006762964295958216
32800,0,0,0.007051274014650666
32802,0,0,0.07997691846849665
32803,0,0,0.02988987747917295
32810,1,0,0.0695737422129548
32811,0,0,0.0003568654838100098
32819,1,0,0.49506719208303696
32825,0,0,0.016545490843491183
32833,0,0,0.0015271227348993945
32835,0,0,0.21889964029286402
32838,0,1,0.533685850444282
32842,0,0,0.003556739090720977
32845,0,0,0.005891266385989812
32855,0,0,0.0011584529989711208
32866,0,0,2.0272477844698192e-05
32871,0,0,0.02082431932644295
32878,0,0,0.014928348995534326
32881,0,0,7.376447223447721e-05
32888,0,0,0.00034994300572665105
32894,0,0,0.01033471919093793
32914,0,0,0.0005878176548399961
32916,1,0,0.39261672469450354
32924,0,0,3.9825155421819714e-05
32934,0,0,2.746727685508006e-05
32937,0,0,0.0037253802461157674
32939,0,0,0.0019140339353002586
32964,0,0,1.1285231888420562e-05
32966,0,0,0.0032913527833660604
32968,1,0,0.04622806555923291
32976,0,0,0.0370943311981101
32994,0,0,0.019026829977279298
32995,0,0,0.015861209463580498
33001,0,0,0.025978901186689926
33011,0,0,0.00026190589493291694
33012,0,0,0.019129692226803528
33014,0,0,0.000339733846103729
33024,0,0,0.0002190364124864109
33029,0,0,0.032901849921543116
33031,1,1,0.7583395257688712
33034,0,0,0.07958424012916104
33038,0,0,0.0028945065010765017
33043,0,0,0.00042434562448544417
33050,0,0,3.969672257498573e-05
33056,0,0,1.074567544744873e-05
33058,0,0,0.0012085902249525425
33061,1,1,0.6664881748195257
33063,0,0,0.0001755889774623133
33064,0,0,2.070588391243679e-05
33066,0,0,0.00030047270297230285
33071,0,0,0.0013460523639489469
33074,0,0,0.0002423420510663112
33086,0,0,3.570576438798566e-05
33091,0,0,0.10576425534131241
33102,1,0,0.15768939969342835
33107,0,0,0.014196640199611197
33109,1,0,0.40728793227759974
33110,0,0,0.0026137744831824144
33112,0,0,0.003510857349580494
33114,0,0,0.17506928560657925
33120,0,0,0.006679513116891426
33121,0,0,0.008074965237985576
33124,0,0,2.5366758404959457e-06
33125,0,0,0.003803358859388528
33135,0,0,0.013763332216056736
33136,0,0,0.0005305743591315137
33141,0,0,3.4190678844154456e-05
33155,0,0,2.1502147118807018e-07
33157,0,0,0.0004536110922519072
33159,0,0,0.14985581894500935
33167,0,0,6.569184745573484e-05
33172,0,0,0.001372663724587168
33176,0,0,0.00411692340930097
33179,0,0,0.0018106738487841429
33180,0,0,0.0024184526669864515
33181,0,0,0.3282253100926168
33186,1,1,0.7876040179733159
33195,0,0,0.005770875226465476
33201,0,0,0.007878333410136804
33227,0,0,0.0007667055987416445
33228,0,0,0.00040866067785861986
33230,0,0,0.0008451662058921908
33237,0,0,0.0002043358244052959
33246,0,0,0.01343253626950229
33249,0,1,0.6085449943879783
33253,0,0,0.001902155235683563
33259,0,0,0.07029582150394204
33273,0,0,0.33749159372322574
33282,0,0,0.0075975057387188145
33286,1,0,0.29342283939003355
33306,1,0,0.13349738351452378
33310,1,0,0.15615709425587526
33317,0,0,0.004876164828849338
33329,0,0,0.0005070806570315709
33331,0,0,1.5272336113009373e-06
33340,0,0,0.0008156557008474185
33342,0,0,0.001139898374841853
33346,0,0,0.00491887480747934
33347,0,0,0.04087711372593702
33349,0,0,0.006403084728960341
33354,0,0,0.009603685847722542
33360,0,0,0.09629774851725084
33361,0,0,0.06436990290658057
33364,0,0,0.004317842474271076
33371,0,0,0.003062781783188426
33373,0,0,0.09140816610771273
33377,0,0,0.0008468905973279399
33378,0,0,0.004079131943248681
33379,0,0,2.2868293881675202e-05
33401,0,0,0.1440298093796374
33404,0,0,0.07996362231892344
33405,0,0,0.000377801560653142
33407,0,0,0.0006473561783700797
33409,0,0,0.051528769103538236
33412,0,0,2.101448310234445e-05
33418,0,0,0.1641866007476643
33423,0,0,1.7289983281211166e-05
33427,0,0,0.0001462504626155118
33429,0,0,0.006922033064621291
33430,0,0,0.009408487081056332
33432,0,0,0.026561816356704588
33443,0,0,8.974684900451647e-05
33452,0,0,0.06189464713968023
33453,0,0,0.00043307867221984076
33462,1,1,0.9273480574898023
33469,0,0,0.0006505915077541855
33472,0,0,0.001052402596643998
33483,1,1,0.9285285151205684
33484,0,0,0.0016895695500029869
33487,0,0,2.3836397755695846e-05
33491,0,0,0.05725701663873885
33499,0,0,3.327436431578046e-05
33501,0,0,0.004579667956688228
33505,0,0,0.008545793106639419
33514,0,0,8.440887513915367e-06
33520,0,0,0.004460842937794901
33521,0,0,0.030453645077032406
33522,0,0,1.1261969154135998e-05
33525,0,0,2.808621769625461e-05
33527,0,0,3.8779790712656236e-05
33532,0,0,0.00047012385527628645
33537,0,0,7.846091793769337e-06
33546,0,0,0.023894068271662006
33550,0,0,0.00021212918221478441
33551,0,0,0.0011889860854693193
33560,0,0,0.028475646604675487
33578,0,0,0.012883871563711286
33581,0,0,0.00018626805138523468
33594,0,0,0.0666157888757198
33597,1,1,0.7139621921492832
33602,0,0,0.0003874083119796027
33616,0,0,0.2669528344901561
33638,0,0,0.0016761542758053133
33648,0,0,0.08938700225028265
33649,0,0,0.00034191408913794525
33655,0,0,0.07619621873247988
33675,1,1,0.5181310782818145
33682,0,0,0.00035852751687674646
33685,0,0,0.0026698216682816806
33686,0,0,0.0013580376826218573
33688,0,0,0.24477645002989054
33699,0,0,0.00015843496463054593
33701,0,0,0.02340913475587412
33703,0,0,0.001822789641353409
33706,0,0,2.7892839172713848e-05
33709,0,0,0.0006464008662851499
33712,0,0,0.21444717991720436
33718,0,0,8.716919194093712e-06
33719,0,0,0.010735221065894534
33720,0,0,0.0014911994661042768
33731,0,0,0.00681997110270127
33741,0,0,0.0085733194440407
33749,0,0,0.0004404578317271216
33772,0,0,0.28357360479860433
33776,0,0,0.04973415369676694
33777,0,0,0.0007251923661682916
33782,0,0,0.0006696182652770827
33784,0,0,0.0013978828048052231
33789,0,0,0.00032630696756213073
33790,0,0,0.0013770005159072598
33791,0,0,7.490113934099144e-07
33794,0,0,0.06254351675392056
33812,0,0,0.0009595824015070782
33822,0,0,0.035529448062196045
33826,0,0,0.11854800386740516
33834,0,0,0.012928257062691791
33839,0,0,0.08426462692866937
33843,0,0,0.001306312785021495
33848,0,0,0.0005602853054212051
33853,0,0,0.015774801779778885
33857,0,0,0.08030106503459199
33872,0,0,0.003623874694146518
33877,0,0,0.03245289148784839
33888,0,0,0.00920987655676077
33889,0,0,0.006131509966359042
33902,0,0,0.0012831902052566793
33916,0,0,0.010163653452492653
33925,1,1,0.9329192764103796
33926,0,0,0.028512468400674076
33929,0,0,0.01775753616074805
33931,0,0,0.0003059832437532386
33933,0,0,0.044259773028777046
33939,0,0,0.0001771392043318669
33940,0,0,0.009939007085295604
33946,0,0,0.3719649480204654
33954,0,0,0.08141063675460065
33974,0,0,0.0067328119923727075
33983,0,0,0.027151222098135027
33987,0,0,0.0005644541065302004
33991,1,1,0.991160846339341
33993,0,0,0.16817002208353862
33997,0,0,0.0003841248056326941
33998,0,0,0.025932772913999588
34010,0,0,0.028816896458745214
34020,0,0,0.016017356618186113
34021,0,0,0.07790074699576448
34023,0,0,0.0011430575091521801
34025,0,0,0.03879143001777279
34029,1,1,0.6325178962426032
34030,0,0,6.702082403046175e-06
34034,0,0,0.003108905152291999
34042,0,0,0.0005222279543403673
34067,1,0,0.04773694911728021
34071,0,0,0.0014432203331051054
34072,0,0,1.5452299421332828e-05
34073,0,0,0.12742767220233453
34078,0,0,0.0045385868670743314
34079,0,0,0.0006159164064262406
34084,0,0,2.100105752782822e-05
34088,0,0,0.1328646851185223
34093,0,0,0.003394059185501319
34097,0,0,0.0005682032129811956
34118,0,0,0.0011630532868138629
34120,0,0,0.014314424566383615
34121,0,0,0.00014323211802386775
34125,0,0,3.9785065883912346e-05
34127,0,0,0.0030805939643377554
34134,0,0,0.010233848561954834
34145,0,0,0.013995341663044197
34147,0,0,0.0001894982979843672
34152,0,0,0.0004899749437274421
34166,0,0,0.0003282647734390997
34170,0,0,2.2622779409180233e-05
34171,0,0,0.015065202965587889
34172,0,0,0.02456054441994376
34181,0,0,0.021816769511687387
34183,1,0,0.23488769512561294
34194,0,0,0.0008444387688657488
34199,0,0,0.2751362063046018
34200,1,1,0.9788245798975219
34204,0,0,0.004959319720181251
34216,0,0,0.00932340474241081
34217,0,0,0.014342015392074808
34225,0,0,0.001711704218048134
34231,0,0,3.165674201539453e-05
34236,0,0,0.07214676577688431
34241,0,0,0.0007403718908517308
34252,0,0,0.0001964021036304252
34259,0,0,0.00015670633886003744
34264,0,0,9.31539982030819e-05
34270,0,0,8.54071859447568e-05
34271,0,0,0.0037497331192700243
34276,0,0,0.0007165249784052234
34279,0,0,6.619871397701559e-06
34283,0,0,0.3314197068703263
34290,0,0,0.004189426013117542
34292,0,0,0.0023899045071381396
34294,0,0,2.1471890450341976e-06
34305,0,0,4.882028948864393e-06
34306,0,0,0.19075350264653068
34316,0,0,2.8894204397330704e-05
34335,0,0,0.0012227820199087506
34338,0,0,0.0006732668536251502
34340,0,0,0.025444004146882086
34341,0,0,0.0030233825456416016
34351,0,0,0.00019358394621235325
34352,0,0,1.0039708157609184e-06
34361,0,0,0.0032056488772281367
34364,0,0,0.006126865642961044
34365,0,0,0.0022321293369669264
34369,0,0,0.0005389987954866051
34378,0,0,0.020628618113382766
34382,0,0,0.000416854555616745
34408,0,0,0.030609770723618996
34411,0,0,1.6291565474415408e-05
34416,0,0,0.0009204777939143378
34422,0,0,9.803352402287021e-05
34425,0,0,0.011231174505438956
34429,1,1,0.5189250102605435
34432,0,0,0.050627417070247
34433,0,0,0.0027899890465988525
34435,0,0,0.00031907121087379475
34436,0,0,8.199612314410957e-05
34438,0,0,7.415206082341385e-06
34439,0,0,0.49347319477343027
34445,0,0,1.1653368444216307e-06
34446,1,0,0.057332954797377926
34454,0,0,0.00029587855792141405
34456,0,0,0.25902035200087836
34460,0,0,0.011630509350048949
34478,1,0,0.0037449025557819795
34485,0,0,0.0004015942083688042
34488,0,0,0.0004198947405043932
34491,0,0,0.03891670057915908
34493,0,0,1.6735829039371849e-06
34494,0,0,0.05504742573450711
34496,0,0,0.0023606010996895578
34497,0,0,0.00011097234183798562
34500,0,0,0.012439629894950005
34504,0,0,6.067114461184212e-05
34511,0,0,0.0010579709011207313
34515,0,0,0.002019525208334721
34522,0,0,0.05576635809984559
34525,0,0,0.03594553036350648
34531,0,0,0.01614918063675269
34533,0,0,0.017192853330071547
34540,0,0,3.697166157197925e-05
34543,1,1,0.8202876039292937
34545,0,0,0.0018233853656007416
34548,1,0,0.4055449490900427
34577,0,0,2.5761220235697785e-05
34581,0,0,0.11819536112897365
34591,0,0,0.09557593525574883
34600,0,0,0.031803901108531554
34610,0,0,0.04799901638354765
34612,0,0,0.4646598379543986
34620,0,0,9.674094744733768e-06
34625,0,0,0.0016994202053212725
34632,0,0,0.0001269046246561767
34638,0,0,0.03980290096712546
34641,0,0,0.0035067839190061835
34643,0,0,0.00030137702437822684
34656,0,0,0.01603972073579847
34657,0,0,0.13988974190661285
34660,1,1,0.9715569961399019
34662,0,0,5.63597496820217e-07
34670,0,0,0.00021936698334480473
34676,0,0,0.01405826515158811
34679,0,0,0.0005423967283413761
34685,0,0,0.0035740267904334805
34691,0,0,0.4812641564039594
34702,0,0,0.0036203561100794407
34707,0,0,0.005067217255629673
34710,0,0,0.01274765851852321
34719,0,0,0.0013668472780223298
34749,0,0,0.0008884657066841423
34755,0,0,0.0005171632285311601
34757,1,1,0.9842763411003602
34763,0,0,0.001547357412550416
34764,1,1,0.8539080149506418
34776,0,0,0.0002027478655559423
34793,0,0,3.2599238654787377e-05
34796,0,0,0.000738656873151122
34802,0,0,0.060724169618182396
34804,0,0,0.0023907658899227123
34818,0,0,0.25304834250366726
34819,0,0,2.7883917800581676e-05
34822,0,0,0.007425716059556094
34823,0,1,0.6895451967901632
34826,0,0,0.025319050225738046
34828,0,0,0.001373138509286833
34829,0,0,0.21792521527976313
34841,1,1,0.9993500777584005
34846,0,0,0.0009773619266887454
34861,0,0,0.26808863138754163
34864,0,0,0.00570390048823271
34873,0,0,0.002725547924303177
34875,0,0,0.38522641507855665
34883,0,0,0.044087091197363634
34888,0,0,0.10644785388557852
34891,0,0,0.0006411988439301064
34900,0,0,0.0015727951125714204
34903,0,0,0.010726684826724843
34904,0,0,0.0009971553280780665
34906,0,0,0.007541425306876709
34912,0,0,0.0055702455764194345
34917,0,0,0.0802977060669639
34922,0,0,1.6660419218856155e-05
34923,0,0,0.02990282682041206
34932,0,0,0.015630590688410106
34936,0,0,0.000923093255236633
34942,0,0,0.00015160211456736238
34949,0,0,1.6763294989747024e-05
34963,0,0,0.14787220353685063
34965,0,0,0.008771473874870398
34968,0,0,0.0012620610654830045
34975,1,1,0.9916216483810676
34979,0,0,0.028003110013981043
34980,0,0,8.43360565936251e-06
34981,0,0,0.008042883483298447
34983,0,0,0.05909203438867327
34986,0,0,0.004514744602134256
34987,0,0,8.453572572709211e-06
34997,0,0,0.017329605997288354
34998,0,0,0.000116783109613104
35006,0,0,0.008450113486061445
35018,0,0,0.04127305479322569
35024,0,0,4.243834777447077e-05
35026,0,0,0.040868405902403704
35050,0,0,0.015208346817155936
35052,0,0,0.013992550797076642
35054,0,0,0.008196251376039743
35072,0,0,0.0020220949101524195
35075,0,0,0.015606539593485435
35083,0,0,0.020794300890455825
35084,0,0,0.07741793409283623
35085,0,0,0.004307777417496396
35089,0,0,0.005830425289869817
35098,1,0,0.0787117730983803
35112,0,0,0.0022605734833673822
35120,0,1,0.7253834664629526
35130,0,0,0.011105171178870329
35131,0,0,0.013169949749241044
35134,0,0,0.028855196936942912
35135,0,0,4.4793761314317485e-05
35137,0,0,0.00054179319716639
35147,0,0,0.0008062856828192932
35149,0,0,5.835154952235167e-07
35158,0,0,0.07427222942803062
35161,0,0,0.05583040359149597
35169,0,0,0.041368708805465074
35174,0,0,0.015491051810249325
35184,0,0,0.005655207650295938
35187,0,0,0.004898096354655027
35190,1,1,0.9957666199309239
35196,0,0,0.00022411023496932627
35205,0,0,0.000376263212842877
35214,0,0,0.12324663379722821
35215,0,0,3.038075079354605e-05
35219,0,0,6.811578292820993e-05
35234,0,0,0.0003903815257956187
35235,0,0,5.58833135301306e-05
35243,0,0,0.007069605146999182
35245,0,0,0.02363964146979743
35246,0,0,0.000330007037539859
35248,0,0,0.019176791071031932
35252,0,0,0.0013764587956638273
35254,0,0,0.0007203188347163358
35259,0,0,1.7813985011499636e-05
35265,0,0,0.04917534981125282
35269,0,0,0.14392903108052318
35282,0,0,0.017806544054835144
35290,0,0,0.00021503770396229612
35295,1,1,0.6255541587804904
35302,0,0,0.042822232862490095
35304,0,0,0.0007623688228991085
35306,0,0,1.0899157188734671e-06
35308,0,0,8.91004422112719e-06
35322,0,0,3.550820833568679e-05
35329,0,0,0.013275264056937939
35343,0,0,0.014398977790319841
35349,0,0,0.04556283401548335
35353,0,0,0.00033915418783307915
35357,1,1,0.5492225925494861
35371,1,1,0.9958739476532653
35378,1,1,0.9500818351516868
35379,0,0,0.0013060747177703225
35387,0,0,0.0001434740418768238
35390,0,0,9.342670823076154e-05
35395,0,0,0.0002971352311309672
35406,0,0,0.0003234789406533365
35414,0,0,1.1638779124617551e-05
35427,0,0,0.0023277441020548443
35429,0,0,0.01000636093822398
35431,0,0,0.0008923261683381084
35433,0,1,0.6161040115803963
35434,0,0,0.0041336159655031264
35439,0,0,0.0035417501884408313
35441,0,0,0.0012232448674940786
35445,0,0,0.007831872191632425
35460,0,0,4.30710667508834e-05
35467,0,0,0.0034164781371465143
35475,0,0,0.09048458752608315
35491,0,0,0.003883561824689583
35492,0,0,2.222018648449769e-05
35497,0,0,0.0033240683520877326
35498,1,1,0.5588603803426602
35507,0,0,0.0005654795502097914
35514,0,0,0.0014439219633197913
35516,0,0,4.753563164673407e-05
35529,0,0,0.00037431654653489056
35531,0,0,0.030223704183693273
35544,0,0,0.2803424969055874
35546,0,0,0.09937762112671134
35555,0,0,0.2099940685944741
35565,0,0,0.011324608295721225
35578,0,0,0.009397453943266004
35581,0,0,9.743909258405918e-05
35583,0,0,0.015644596159158326
35588,0,0,0.00012440792262899102
35589,0,0,3.730337164847339e-05
35597,0,0,0.0006204520904291582
35602,0,0,0.01185467387091065
35604,0,0,0.0011273945682063224
35606,0,0,0.045820326479280804
35610,0,0,0.00043486808401594365
35614,0,0,0.002715908318607912
35622,0,0,8.613471664140498e-07
35628,1,1,0.981620992062005
35632,0,0,0.003950532668659922
35644,0,0,0.05585151671158255
35647,0,0,0.03146821690039574
35654,0,0,0.003155050163012964
35657,1,1,0.696139210090962
35661,0,0,0.0020643074853979896
35692,0,0,0.00021015606309643517
35695,0,0,0.0010760133257360386
35720,0,0,0.1474192317717158
35727,0,0,0.003034412967335199
35734,0,0,0.02029690170765827
35739,0,0,0.005235125701023479
35740,0,0,0.0065655541250502596
35744,0,0,3.447779738828282e-05
35748,0,0,0.0008004980187710968
35751,0,0,0.013500049416219812
35753,1,1,0.9980424910264953
35754,0,0,0.21721233049842673
35769,0,0,0.003243202133040304
35771,0,0,6.174214637097681e-05
35775,0,0,0.2529047698888999
35779,0,0,0.03640043863150491
35784,0,0,0.00100563481928796
35799,0,0,0.0004922456920813502
35806,0,0,3.900011358421362e-06
35807,0,0,0.0030660300031286254
35809,0,0,0.03354927050000088
35817,0,0,0.051253360802106
35824,0,0,0.0008640426968689874
35830,0,0,0.001969702893555136
35831,1,1,0.8130993432980441
35833,0,0,0.0520003815015479
35834,0,0,0.0013148524703258126
35837,0,0,2.3591248200216434e-05
35852,0,0,0.006807656794472464
35857,0,0,0.08597835519948555
35862,0,0,0.0028559789127909152
35863,0,0,0.045157682932424316
35870,0,0,3.626740303780874e-05
35871,0,0,0.0020803353133713393
35875,0,0,0.02485047137962904
35878,0,0,0.07393085118617759
35883,0,0,0.0001911105293136431
35889,0,0,0.03380792485476028
35891,0,0,0.0007632485280974709
35909,0,0,1.7770263610755629e-07
35911,1,0,0.0728075770489289
35915,0,0,0.000496850341321978
35917,0,0,0.06303098499611427
35920,0,0,4.768815940225104e-05
35925,0,0,0.00490074052068493
35931,0,0,9.41464514206258e-06
35932,0,0,0.0007923265704801795
35943,0,0,0.0068419501811104195
35944,0,0,0.0011361884247137535
35958,0,0,0.0007638983830710534
35967,0,0,0.020494178447111232
35971,1,0,0.016745744232776385
35973,0,0,0.05446645516502556
35974,0,0,0.0014234367459077099
35981,0,0,0.00550200674236773
35983,0,0,0.06073436847957098
35985,0,0,0.06555146716497687
35990,0,0,0.024024452739046742
35993,0,0,2.2117636598951827e-06
35998,0,0,0.00022198610173815045
36003,0,0,0.012437339526027024
36007,0,0,4.767375956978592e-06
36008,0,0,8.738036330686022e-05
36009,0,0,0.19022026467025713
36011,0,0,0.00194375571851814
36013,0,0,0.0007433848708133444
36014,0,0,0.013047437490189294
36015,0,0,0.006158373978619645
36033,0,0,0.006922320083022965
36036,0,0,0.0015693101223038936
36037,0,0,0.10492851729034539
36046,0,0,0.005309927133918487
36055,0,0,1.0071551149933813e-05
36061,0,0,3.723865501095302e-06
36087,0,0,0.0009276432361056257
36088,0,0,0.044111977866704816
36089,0,0,4.574305589764088e-06
36090,1,0,0.09499426416452811
36093,0,0,0.013124506936125222
36098,0,0,0.005058355562558691
36100,0,0,0.015925152736834876
36107,0,0,0.00010809292622060897
36113,0,0,0.0030289872106274442
36124,0,0,0.0008116044319953873
36127,0,0,0.01520564245680331
36135,0,0,0.2359979990513004
36140,0,0,0.0013131795637735966
36141,0,0,0.00020339171395751228
36142,0,0,0.020749426178632204
36148,0,0,0.3622953960468099
36149,0,0,0.001789000151181643
36163,0,0,0.0006151364263198454
36167,0,0,0.0510104377041352
36170,0,0,0.0006855446671006927
36171,1,0,0.21127196815426946
36172,0,0,0.029077764839596534
36180,0,0,0.0011499216520353224
36185,1,0,0.19465042687616596
36188,0,0,0.001647971356976334
36203,0,0,0.0005163007056333797
36204,0,0,0.07631119235635798
36227,0,0,4.230178171082405e-05
36243,0,0,0.016476832550039656
36246,0,0,0.0026322816788509583
36255,0,0,0.014051979427980373
36256,0,0,0.004194497596732438
36260,0,0,0.0030573273310118033
36265,0,0,0.0025649220784160335
36270,0,0,0.024488002421473153
36284,0,0,0.011680845399939448
36290,0,0,0.0002517267333349898
36291,0,0,0.1338731229407352
36295,0,0,0.00025340371393250857
36298,0,0,0.0003219074938861359
36301,0,0,2.8086747773586534e-06
36307,1,0,0.051515821852772696
36311,0,0,0.0031113407275689497
36316,1,0,0.08674856709609396
36318,0,0,0.0017414991084518975
36322,0,0,7.384456185126328e-06
36323,0,0,3.7061139736089293e-05
36325,1,1,0.8969055854024041
36326,0,0,0.00012521336211853014
36328,1,0,0.00663901080135695
36333,0,0,4.392969694070368e-07
36353,0,0,0.012166003394668399
36358,0,0,0.0033984634218776517
36362,0,0,2.7698489449427932e-05
36364,0,0,0.004882583721879462
36365,0,0,0.00433620119702489
36368,1,1,0.995625398837539
36373,0,0,0.049581163662278965
36377,0,0,0.013647212206071494
36390,0,0,0.000508601791395319
36396,0,0,0.003534692854376579
36399,1,1,0.9991542074753312
36410,0,0,0.023753256840398928
36421,0,0,9.734642088859104e-06
36433,0,0,0.008708616204464942
36445,0,0,0.007829218123373501
36451,0,0,0.12998800799392826
36474,0,0,5.568218665524473e-06
36476,0,0,0.00028249042169065883
36488,0,0,0.005085734768317796
36490,0,0,8.926419873818295e-05
36491,0,0,0.10640790468129271
36492,0,0,0.07168318418363204
36495,0,0,0.0014604802532733761
36507,0,0,0.014059002062233495
36509,1,0,0.44003027836430264
36512,0,0,1.4540947269573314e-05
36516,0,0,2.048531736423866e-05
36527,0,0,0.00037046728725349896
36528,0,0,0.014578365155006632
36532,0,0,0.02986964869968214
36537,0,0,0.00037795969083629646
36543,0,0,0.01905052586748479
36544,0,0,0.02141855861769648
36546,0,0,9.338306477245278e-05
36550,0,0,0.0009409644478196236
36552,0,0,0.00021182278249266823
36558,0,0,0.06785098953125927
36565,0,0,0.00015332986134222306
36573,0,0,9.02825258422261e-05
36580,0,0,0.007883027741385568
36581,1,1,0.6909677481654449
36583,0,0,0.011758380911912366
36589,0,0,4.342196638584932e-05
36595,1,1,0.9955894042534728
36603,0,0,0.003506166007720527
36613,0,0,0.0002509074495090953
36633,0,0,0.0021412403592044327
36634,0,0,6.15535425884961e-05
36636,0,0,0.04501948963310064
36642,0,0,0.0014065628407490009
36645,0,0,0.015456317805548852
36652,0,0,0.00017901623952916603
36665,0,0,2.509360612640504e-05
36681,0,0,0.020358915626914095
36687,0,0,0.0003427149857777721
36689,0,0,0.02082697261203787
36690,0,0,0.0615315642673987
36693,0,0,0.013224625505580559
36694,0,0,0.13411862517659667
36695,0,0,0.00024220105796815815
36696,1,1,0.9990983792741654
36704,0,0,0.028444196898579258
36707,0,0,0.00013816883920238766
36709,0,0,0.0009639532377070374
36715,0,0,0.0040635729120418115
36730,0,0,0.09909770950674787
36731,0,0,0.05729348532092439
36735,0,0,0.00041962905917173536
36739,0,0,0.00024376672381971938
36742,0,0,0.26937490697503325
36749,0,0,0.11766239498973687
36754,0,0,0.00011474433892337138
36756,0,0,0.4105405143938511
36759,0,0,0.00213687928183873
36760,0,0,0.0004134614736737025
36762,0,0,0.0013245294258698711
36770,0,0,0.0004967283243162868
36773,0,0,0.004304901004211282
36780,0,0,0.0008067413279223266
36781,0,0,0.006989275302017863
36784,0,0,5.389784462354906e-06
36791,0,0,0.05185391480053449
36818,0,0,3.738640632833739e-05
36819,0,0,3.299218106785263e-06
36820,0,0,1.122386670743405e-05
36821,0,0,0.0804843143696887
36824,0,0,0.00484319745238603
36831,0,0,0.051942987885304125
36835,0,0,8.584978712754606e-05
36838,0,0,7.31097184682192e-05
36839,1,1,0.9352157776289411
36848,0,0,0.0009140106169432531
36849,0,0,0.039151436957720234
36850,1,1,0.5841302815922045
36851,0,0,0.010943525287265849
36852,0,0,0.006020895214162947
36856,0,0,0.003141552122888892
36858,0,0,0.002802375642733521
36860,0,0,0.002586405511034539
36873,0,0,0.0017733082495056478
36875,1,1,0.8083431941845322
36876,0,0,0.001482601279930832
36881,0,0,0.015399212058520633
36916,0,0,0.029965005760519026
36924,0,0,7.823109488071425e-06
36926,0,0,0.04448335749102356
36933,0,0,0.0009580053098440158
36936,0,0,0.0013217122638896695
36943,0,0,7.444744400871504e-05
36946,1,0,0.31611232627310226
36950,0,0,0.006567765769030181
36955,0,0,0.43057893139282477
36956,0,0,0.08378750678934979
36957,0,0,0.0013928391700030564
36962,0,0,0.0033832039161491054
36968,0,0,0.0006736045677128113
36970,0,0,0.02088666110521865
36991,0,0,0.0035683567519820274
36993,1,1,0.9949103111838097
37003,0,0,0.132586994665031
37004,0,0,0.0007505147458886424
37036,0,0,0.0016548783420900072
37041,0,0,0.001704556117268089
37043,0,0,0.019985003789744025
37057,1,1,0.9876764405971923
37058,0,0,0.0005979605130056649
37063,0,0,0.00024246709240495652
37070,0,0,0.05969043089473805
37072,0,0,0.0007302553431131505
37074,0,0,0.000680484041458616
37078,0,0,0.28512600203154514
37085,0,0,0.003461864577092707
37090,1,1,0.9922081710500631
37091,1,1,0.9762683276997094
37096,0,0,0.0004382633312620683
37097,0,0,0.035213974618783464
37102,1,1,0.9720383388962985
37109,1,1,0.9831845287695758
37111,0,0,0.00032951717513307247
37115,0,0,3.091443658736169e-05
37120,1,0,0.02862638200252268
37121,0,0,5.987361446515499e-05
37127,0,0,0.000847089049586912
37135,0,0,0.06628526690011206
37139,0,0,8.925704091733423e-06
37142,0,0,0.00044935685732761833
37149,0,0,9.78476247074328e-06
37157,0,0,0.00748498442441601
37167,0,0,0.024579795300478876
37170,0,0,7.939107418527667e-05
37177,0,0,0.0029668012121726907
37179,0,0,0.003201691488473138
37181,0,0,0.0023237122720556045
37182,0,0,0.0064090396782506675
37186,0,0,0.009615489342498954
37188,0,0,0.018178909083152672
37190,0,0,0.012828111102106852
37193,0,0,7.827058251001078e-05
37194,0,0,0.00019430395321720832
37200,0,0,0.07518937182461638
37203,0,0,0.030815777470610223
37211,0,0,0.010953221314711626
37221,0,0,1.4945543510654372e-05
37224,0,0,0.007641845936339443
37227,0,0,0.00015083274747669875
37237,0,0,0.0010651559411698783
37240,0,0,0.00966799135885857
37244,0,0,1.0373235104603507e-05
37256,0,0,0.0012987951587270982
37261,0,0,4.800818738735321e-05
37264,0,0,7.772622280742512e-06
37270,0,0,0.029544542104717204
37271,0,0,0.039333733473600696
37289,0,0,0.0005084695577014757
37291,0,0,0.010714271002579647
37292,0,0,0.006665480833151194
37296,0,0,0.001166213518064582
37298,1,0,0.0181210593577291
37303,1,1,0.999734312601915
37307,1,1,0.9526698304548149
37317,0,0,0.0001928499490164246
37319,0,0,0.07904784504411132
37321,0,0,0.027141184754007543
37327,0,0,0.004587587154468924
37331,0,0,0.13311250812624545
37332,1,0,0.18898774994186734
37340,0,0,0.3169049080734646
37344,0,0,0.00014658397084991185
37359,0,0,0.004736530678238868
37360,0,0,0.01483495857930004
37365,0,0,7.85819759192357e-06
37368,1,1,0.9586501227668774
37369,0,0,0.3901776930039741
37373,0,0,0.0006679029151018947
37378,0,0,0.004494488448509679
37385,0,0,0.004051930216091735
37389,0,0,0.0012153045577475968
37391,0,0,0.046741116844753704
37392,0,0,4.384068052656059e-06
37395,0,0,0.09609609028256923
37401,0,0,1.2527539552070698e-07
37408,0,0,4.0244208119270717e-07
37428,0,0,0.00031874032241133437
37432,0,0,0.0004120676983638962
37441,0,0,0.022615079944779924
37443,0,0,0.10606573825068401
37444,0,0,0.033334341318632
37452,0,0,0.0005600235520711733
37455,0,0,0.0032806344844080113
37477,0,0,5.3718644340176595e-05
37479,0,0,0.00017332304327188043
37481,0,0,0.0021415461638184387
37489,0,0,0.04115948863162379
37496,0,0,0.013033794493857737
37502,0,0,0.08594586816178597
37504,1,1,0.688706374488136
37507,0,0,9.365071065913938e-05
37510,0,0,0.002292965997354733
37516,0,0,0.2738726197389084
37521,0,0,0.015242897197380997
37526,0,0,0.00013766728179187416
37532,0,0,6.481441506633748e-05
37534,0,0,4.107936131030539e-06
37538,0,0,0.0007852510083651108
37545,0,0,0.0023278065720905828
37553,1,1,0.6015461353180082
37557,0,0,0.0018406873822917067
37562,0,0,0.35426058168176056
37563,0,0,0.023699396966604648
37564,0,0,0.008345102542075716
37566,0,0,0.0028746384561304465
37567,0,0,0.03188249139011522
37573,0,0,4.3858083144065984e-07
37576,0,0,0.1732394557395129
37577,0,0,0.00018638730436854587
37585,0,0,0.02493775279306402
37593,0,0,0.0033142713002431348
37596,0,0,0.038029816170731
37600,0,0,0.00030402304216715914
37602,0,0,0.038207045586835714
37603,0,0,0.0012556516915172254
37614,0,0,2.0144589565236775e-05
37623,0,0,0.0006252122625641247
37624,0,0,1.5905151394850484e-06
37628,0,0,0.1730788814845946
37638,0,0,0.007782295239916336
37639,0,0,0.0010960698408202703
37640,0,0,0.008130638327377284
37641,0,0,0.0536863457500141
37643,0,0,0.00020890126851254672
37645,0,0,0.12790422522592004
37652,0,0,0.00013326302131750107
37656,0,0,0.0033573581222682137
37657,0,0,2.6806168318867278e-05
37663,1,1,0.8832389143248895
37664,0,0,0.06669532513084303
37672,0,0,0.0023970167536235248
37675,0,0,0.004488465012427907
37678,0,0,0.00011414158903359796
37679,1,0,0.1484613739033987
37691,0,0,0.004963963727250677
37692,0,0,0.00034350274485850103
37693,0,0,9.122648269920843e-06
37717,0,0,0.00017372561231449325
37721,0,0,0.0016591009149633086
37722,0,0,3.6929337221381714e-06
37723,0,0,0.11249311765786105
37732,0,0,0.138379595033437
37736,0,0,0.031822911345831144
37740,0,0,0.08946468216916362
37744,0,0,0.005228995506242484
37763,0,0,0.008363343600740468
37765,0,0,0.02469322059231245
37769,0,0,0.20471907129309763
37771,0,0,0.024183256593143406
37780,1,0,0.28495471328645106
37787,0,0,0.00014000791894252056
37790,1,1,0.8350688664615911
37795,0,0,0.0022817403544503363
37796,0,0,0.00035223677367081347
37798,0,0,0.004778095791121953
37799,0,0,0.0006353025972788348
37805,0,0,0.0011275660205138523
37813,0,0,0.052307810509295
37821,1,1,0.967825930168878
37825,0,0,0.07006423963735313
37828,0,0,0.008014853178479343
37830,0,0,0.0002442183073024987
37833,0,0,0.0002092290076280685
37839,0,0,0.24542915447176245
37843,0,0,0.0006998224778270896
37845,0,0,0.07516089669996431
37855,0,0,0.00043436704643762524
37859,0,0,0.0036607455994169986
37866,0,0,0.001111725379050806
37868,0,0,0.0007439925188437803
37882,1,1,0.8583619018344795
37883,0,0,0.22630480672116704
37891,0,0,0.002200840280090038
37892,0,0,0.0018429521118028577
37893,0,0,0.0021020903703587064
37910,0,0,0.040016072142898686
37911,0,0,7.165918874406657e-05
37922,0,0,0.3611760261243884
37926,0,0,0.002347598030060603
37929,1,1,0.9638386054259306
37931,0,0,0.003738540170767823
37932,1,1,0.9684623192449756
37933,0,0,0.004381341729948569
37937,0,0,0.006727876570093972
37938,1,1,0.638289669290974
37939,0,0,1.2231394554382942e-05
37941,0,0,0.00038856711206644454
37948,0,0,0.005555216461880904
37953,0,0,7.61487814598173e-05
37973,0,0,2.440022617384189e-05
37974,0,0,0.012868316611341623
37981,0,0,0.0009869400947515132
37986,0,0,0.009445511655855669
37988,0,0,0.0069745191150451654
37992,0,0,0.014480884307120846
37993,0,0,0.0002549115735253109
37997,0,0,9.158186444426483e-05
38000,1,0,0.08464286444804309
38004,0,0,0.006417858607529171
38010,0,0,0.0028581448769963926
38012,0,0,3.838425789294766e-06
38016,0,0,0.1610255856785874
38023,0,0,0.48454697625244814
38033,0,0,0.013962998420578234
38042,0,0,0.17453602875015994
38043,0,0,7.955082465608627e-05
38054,1,0,0.24836923592018112
38063,0,0,0.012878573990532886
38070,0,0,0.0011093630093589398
38077,0,0,0.07856348787788704
38078,0,0,0.0020721517847577795
38084,0,0,0.00015123224073627304
38088,0,0,1.1056508382998192e-05
38093,0,0,6.482083094334548e-05
38095,0,0,0.05668160873261762
38098,0,0,0.044601138725270606
38109,0,0,9.563554190837917e-05
38111,0,0,0.4017464840835235
38119,0,0,6.916303231897365e-07
38132,0,0,2.9990748193067776e-05
38139,0,0,0.012824671886470797
38150,1,1,0.9957402508565795
38151,0,0,0.0005971483894839675
38152,0,0,1.982529716892356e-05
38164,0,0,0.05996177274584336
38178,0,0,0.3124679529578577
38179,0,0,0.0037983919181982253
38181,0,0,0.14736392531253245
38187,0,0,0.000418454112840965
38194,1,1,0.9899414840690065
38202,0,0,0.04154930377916427
38204,0,0,1.749544449703238e-06
38205,0,0,0.0025809986645661336
38213,0,0,0.0013915307869825622
38219,0,0,0.002919272219381168
38220,0,0,1.2536630162475048e-05
38226,0,0,0.0022312973163400875
38227,0,0,0.01640170619064525
38241,0,0,0.007080250545730268
38251,0,0,0.00132154658438341
38254,0,0,0.06243741222086061
38255,0,0,0.0069741504505206825
38271,0,0,0.007171779896455795
38272,0,0,0.43554051204586414
38274,0,0,0.005232576102841732
38278,0,0,5.513666240378784e-05
38284,0,0,0.00010022231368266534
38292,0,0,0.0006886620480521997
38303,0,0,0.0011477267487970126
38309,0,0,2.203955651840798e-05
38311,1,1,0.9761175684711952
38314,0,0,0.022457933243970062
38319,0,0,0.029974488623697237
38326,0,0,2.958200293745103e-06
38330,0,0,0.003014988871818139
38337,0,0,6.682425425112834e-06
38339,1,1,0.980423622546692
38351,0,0,0.000279694884582248
38356,0,0,0.00021985850729250883
38357,0,0,0.0004071574278078774
38365,0,0,0.12543959145867797
38371,0,0,0.16156624624106392
38376,1,0,0.25511462808620317
38379,0,0,0.0019975917813662295
38384,0,0,0.00024230648696783703
38389,0,0,0.04237038751357362
38390,0,0,0.0012233066103856125
38392,0,0,0.053277537334188795
38397,0,0,0.19146593254345748
38411,0,0,0.0019601227792707407
38438,0,0,0.0030311348264473103
38451,1,1,0.998167735333524
38454,0,0,0.23351528791027906
38455,0,0,0.0006625098502221846
38460,0,0,0.00030818831927575496
38464,0,0,0.004092630228369807
38471,0,0,9.283068254587807e-06
38472,0,0,0.0344807384581467
38477,0,0,0.018295988313415376
38484,0,0,0.00034083468288446863
38494,0,0,0.001394064998859379
38498,1,1,0.9992225352959722
38502,0,0,7.4435320227945214e-06
38504,0,0,0.24336229214432603
38510,0,0,0.008368281334362829
38513,0,0,0.4632824357563108
38515,0,0,0.016982566539382994
38516,0,0,1.9693334111374817e-05
38520,0,0,0.0012530256041039492
38521,0,0,0.006385499639762624
38523,0,0,0.004507518636933488
38534,0,0,5.639631518837437e-05
38536,0,0,0.1679774912756319
38546,0,0,0.05958613001277368
38548,1,1,0.6543987482337107
38551,0,0,0.12647382109682506
38553,0,0,0.044524711012364285
38557,1,0,0.04073128487509213
38559,0,0,0.0008465205308168611
38565,0,0,8.032778658237218e-06
38569,0,0,9.676388991080566e-05
38572,0,0,0.0015638747500435163
38582,0,0,0.0014375747393027827
38583,0,0,0.020738372505421005
38588,0,0,0.0002555330304088538
38596,0,0,0.026401925778233262
38598,0,0,0.0005087316015249365
38599,0,0,0.06575102265584418
38607,0,0,0.049330461811167126
38610,0,0,0.08221846792324078
38614,0,0,0.19819308782810777
38616,0,0,0.0004452382120626653
38617,0,0,0.002635683159242036
38628,0,0,0.0020957527628124822
38629,0,0,0.004924121190038689
38630,0,0,9.486127091800595e-06
38632,0,0,0.2128783142762128
38634,0,0,0.002529143124207117
38637,0,0,0.0018637729219433536
38643,0,0,0.0004447977907096478
38644,0,0,0.0005727704723330991
38648,0,0,0.003769320675248505
38650,0,0,4.904659415319948e-05
38661,0,0,0.00018862846043724425
38662,0,0,6.648922342439725e-06
38673,0,0,8.945915618273007e-06
38678,1,1,0.9428606454801469
38688,0,0,0.07320842535879589
38689,0,0,0.0005542183891962894
38692,0,0,0.011817148001761636
38696,0,0,0.05215986360969874
38709,0,0,0.002039328967357459
38711,0,0,0.041445230592507105
38714,0,0,0.013551800354434177
38716,0,0,0.0037361294034392828
38717,0,0,0.005331788254957452
38724,0,0,0.025396502074052526
38727,0,0,0.0016429593019638008
38740,0,0,0.28482389891109666
38742,0,0,0.0007961048773409158
38743,0,0,0.005479088972110138
38745,0,0,6.464592613441303e-05
38752,0,0,0.00022251982127382454
38763,0,0,0.02177138381752821
38765,0,0,2.0698212943243226e-05
38770,0,0,0.02562107221247412
38778,0,0,0.000738952258190961
38779,0,0,0.07438975075308997
38783,0,0,0.10860365034216524
38790,0,0,0.115559311767544
38791,0,0,3.3791658044577205e-05
38792,0,0,0.02063751098807842
38801,0,0,0.16179964100808786
38803,0,0,0.000919400790908436
38810,0,0,2.4968473451080345e-05
38812,1,0,0.06398072919770012
38814,0,0,0.00017558596166219323
38832,0,0,6.469388883141489e-06
38839,0,0,0.0005299550324170861
38841,0,0,0.027593547436343773
38843,0,0,0.018715199220494076
38845,0,0,0.03231248364987272
38846,0,0,0.00016302272619757926
38847,0,0,0.06364592486717184
38862,0,0,0.23035553494777938
38863,0,0,0.08396518986242538
38869,0,0,0.017546863631412418
38873,0,0,0.4806542280269279
38874,0,0,0.0002930862091621898
38889,0,0,1.1260978766394208e-06
38905,0,0,0.027860035085115777
38906,0,0,2.39059025762324e-05
38913,0,0,0.02009708052303482
38916,0,0,0.07597754865868282
38924,0,0,0.025174649502527888
38933,0,0,0.0005752746485301903
38934,0,0,0.030480329408534172
38954,1,1,0.9976737370093874
38959,0,0,0.002699291861094588
38968,1,1,0.9826079487893736
38971,1,1,0.9405406089819808
38974,0,0,0.00017360074893572398
38978,0,0,1.5884630229461062e-06
38979,0,0,0.0016221994376909381
38980,0,0,0.09936090852676252
38999,0,0,6.9559827580809945e-06
39005,0,0,0.0003188400535559724
39011,0,0,0.00786657968181667
39013,0,0,0.0010374700605186734
39016,0,0,0.0035057373760120102
39035,0,0,0.004385853963512585
39039,0,0,0.2942429743773948
39041,0,0,0.0264481780479859
39054,0,0,7.58436748268945e-06
39066,0,0,0.0005263587421069408
39067,0,0,0.016518386802920698
39089,0,0,0.00820579517594165
39090,0,0,0.00030174345709813456
39093,1,1,0.8786830784268019
39096,0,0,0.0005889009528066101
39100,1,1,0.9409288418201083
39108,0,0,0.0538481564211511
39112,0,0,0.12589601722786614
39115,0,0,0.009502403443589632
39119,0,0,0.24899427796903653
39122,0,0,6.000623012681275e-06
39123,0,0,0.0843559085456575
39126,0,0,0.0006190290421732776
39132,0,0,0.009584774430252088
39143,0,0,1.2943201736767155e-05
39145,0,0,0.24900223690782303
39149,0,0,0.036487661418750456
39158,0,0,0.3019195986536707
39162,0,0,3.9733871285745504e-05
39174,0,0,0.10257770272759768
39176,0,0,0.0007032154884573356
39181,1,0,0.2279473259058366
39203,0,0,0.003016099534341386
39205,0,0,0.015011505873727215
39210,0,0,0.0002875055978778545
39215,0,0,2.7579970582050062e-05
39229,0,0,0.00010310609854036642
39235,0,0,0.0002302382383095481
39243,0,0,0.003042325005298423
39245,0,0,0.010187802372932448
39254,0,0,0.0018995494518822633
39255,0,0,0.00032086815262756307
39259,0,0,0.034025549388287904
39263,0,0,0.0014400336719841743
39264,0,0,0.13291749544221315
39271,0,0,0.0012152933373041348
39272,0,0,4.8608210977568165e-05
39275,0,0,0.015494140439965028
39277,0,0,0.07134600398497355
39279,0,0,5.26689625696899e-06
39283,0,0,0.0007512099729460881
39286,0,0,0.014737354649817095
39291,1,1,0.9262828031487371
39304,0,0,0.002673392988438768
39316,0,0,3.9777419035726395e-05
39325,0,0,0.03780364114350724
39331,0,0,0.039726060448709424
39333,0,0,0.060777931523736214
39339,0,0,5.18180409693959e-06
39341,0,0,0.02450193884983494
39347,0,0,0.0007291897242009225
39355,0,0,0.0006981040729036479
39357,0,0,0.4585555412929349
39358,0,0,0.21725268785064458
39371,0,0,0.018268764144674734
39372,1,1,0.9997149633007578
39373,0,0,2.3624723369851445e-05
39376,0,0,0.007514125342200277
39385,0,0,5.5392155226823626e-06
39387,0,0,0.013916142678151411
39390,0,0,0.18123999014551762
39391,0,0,0.01673010678701725
39395,1,0,0.3349682144294806
39398,0,0,0.025402332609242725
39410,0,0,0.11621418195338791
39415,0,0,0.001703311105994434
39417,0,0,0.22650300268399834
39422,0,0,0.0019970577657048684
39431,0,0,0.033567101732615616
39438,0,0,0.00014636367550999776
39441,0,0,0.005385594031347387
39442,0,0,0.0040570079533380305
39448,0,0,0.059967088861462105
39463,0,0,0.005678506270903331
39464,0,0,0.075670885029552
39469,0,0,2.050653311514773e-05
39473,0,0,0.00046033164895036883
39483,0,0,0.03246947368187457
39494,0,0,0.00033876446539904046
39497,0,0,5.174498197007441e-05
39502,0,0,0.0029290060832588287
39503,0,0,0.002480254653200083
39504,0,0,0.049772283083495114
39522,0,0,0.01960112932789872
39524,1,1,0.9949057071347508
39525,0,0,0.007931110626718812
39528,0,0,0.1070823707600684
39529,0,0,2.503134745816487e-05
39536,0,0,0.00629616341212309
39543,0,0,0.09974179692904596
39544,0,0,0.0006161684233313334
39548,0,0,0.013152682708667911
39558,0,0,0.0002460615838609778
39563,0,0,0.013038296187721492
39567,0,0,0.019211126976818434
39577,0,0,4.467609931671024e-05
39596,0,0,1.7010336750747566e-06
39604,0,0,7.218343406774636e-06
39606,0,0,0.003240995782421903
39614,0,0,0.006794537384276901
39621,0,0,9.049871279793943e-05
39625,0,0,0.008874313570023287
39637,0,0,0.001164884703795189
39638,0,0,0.01895784279188383
39644,0,0,0.19559649006800972
39645,0,0,0.007584405293588603
39650,0,0,0.00015676074933250304
39654,0,0,0.07417784512138427
39662,0,0,0.0018552375768807593
39668,0,0,2.571892072656459e-06
39669,0,0,0.04592083193349023
39670,0,0,0.0005497376028568933
39671,0,0,0.0015783294422440548
39677,0,0,0.0021463212165674164
39684,0,0,0.37328983140435
39692,0,0,0.005475904531301545
39695,0,0,3.054165707776268e-05
39696,0,0,0.0004926784603020404
39699,0,0,0.0006181235245293798
39701,0,0,0.03370925671138911
39711,0,0,0.001479713523495108
39713,1,1,0.9199518186052541
39720,0,0,0.007865792809989794
39723,0,0,0.01552407848868681
39724,0,0,0.0016602502417866953
39725,0,0,0.06683268744035978
39741,0,0,0.07076090227946563
39746,0,0,0.0003449661715819777
39761,0,0,0.04814860374278558
39764,0,0,0.023312037373175085
39773,0,0,0.009000734137667419
39775,0,0,0.0006718722304429141
39780,0,0,0.001384106914547872
39788,0,0,0.0018361395846550616
39801,0,0,0.052541081986564216
39806,0,0,6.690462540062363e-05
39825,0,0,0.06510476264619364
39828,0,0,0.002732998877236203
39830,0,0,4.5647426809169304e-05
39835,0,0,0.22465701929834958
39844,0,0,0.005428853449590559
39847,0,0,9.306220699308103e-06
39848,0,0,0.00036194464858983787
39867,0,0,0.1542422246935364
39875,0,0,4.603107226310649e-05
39876,0,0,0.014590457560101126
39878,0,0,0.026413863120952893
39880,0,0,0.000510547900823533
39882,0,0,0.00030040792421328445
39883,1,0,0.008709657040047924
39884,0,0,0.00025569073620835354
39888,1,1,0.5523514573270865
39898,1,1,0.9939540822535309
39905,0,0,0.005560694810166247
39913,0,0,0.013598040728992164
39914,0,0,5.105227723603934e-06
39921,0,0,0.10831508220798305
39922,0,0,0.004062220292473121
39923,0,0,0.0005878733495451185
39924,0,0,0.011164608083864118
39927,0,0,0.004922753980323895
39930,0,0,0.0025524633071896553
39940,0,0,0.0012963386394918026
39942,0,0,0.009358206876700489
39946,0,0,0.006235133303140425
39949,0,0,5.064020178981227e-05
39952,0,0,0.013028480073591572
39968,0,0,6.509176686814614e-06
39974,0,0,0.00010838544436764834
39979,0,0,9.459281001842899e-06
39983,0,0,0.00014876983462282784
39998,1,0,0.03725919723395868
40001,0,0,1.905053613930477e-05
40002,0,0,6.22512939779433e-05
40003,0,0,0.09414998633729704
40005,1,0,0.18159018272823305
40008,0,0,0.00042882895916629703
40012,0,0,6.407750541522889e-05
40014,0,0,0.006782802481543312
40016,0,0,0.0012904506446146928
40027,0,0,0.09852632453295325
40029,0,0,0.00025341332524167953
40042,0,0,8.074476140192282e-06
40051,0,0,0.0005878190575641971
40056,0,0,0.0014583264025301397
40057,0,0,0.00020058651608884123
40062,0,0,0.0010485277659885385
40069,0,0,0.22026609574165892
40071,1,1,0.713595027888299
40078,0,0,0.0006371109849343435
40089,0,0,0.018500007834272424
40090,0,0,2.178315364013968e-05
40099,0,0,1.286286097197473e-05
40101,0,0,0.003507879440597928
40102,0,0,6.372328628512721e-05
40104,0,0,0.0004901338306775754
40109,0,0,0.036885079364947754
40114,0,0,0.003653990072523447
40116,0,0,0.04578655713685305
40122,0,0,0.0062991458083677815
40127,0,0,0.0362623382712512
40133,0,0,0.002160933799502174
40146,0,0,0.0007576505288716325
40159,1,0,0.35267131798232737
40162,0,0,0.005767826266194239
40164,0,0,0.003435377959859772
40168,0,0,0.065396753291244
40178,0,0,0.16871021605406267
40187,0,0,5.072514962906914e-05
40198,1,1,0.937162582425962
40201,0,0,0.00028403756285318496
40204,0,0,0.006273738208221139
40208,0,0,0.0009241007025898713
40210,0,0,0.010814631186170499
40211,1,1,0.6836914278704833
40219,0,0,0.00854579838214651
40227,0,0,0.001363424610857828
40230,0,0,0.005276675189794557
40237,0,0,0.000896725999528954
40245,0,0,0.010138380509486974
40246,0,0,3.267967774144837e-05
40248,0,0,0.0006991746021464085
40255,0,0,0.0020893964507997507
40257,0,0,0.019335314749581677
40269,0,0,0.048057380129911995
40270,0,0,0.0075071793923332485
40271,0,0,0.004270127901012949
40275,0,0,0.04015265852513845
40297,1,0,0.20467260526321165
40305,0,0,0.02185195647391516
40309,0,0,0.0247336160446478
40310,0,0,1.1227440630522259e-05
40312,1,1,0.9972547840543307
40313,0,0,0.0003202688616939776
40324,0,0,0.0005429671750382872
40331,0,0,7.565228194896144e-06
40332,0,0,0.12113690172742717
40334,0,0,7.503861253434054e-06
40335,0,0,4.233915926258116e-05
40341,0,0,4.75101763047804e-06
40344,0,0,0.020763469793891542
40354,0,0,0.00017296064924506371
40358,0,0,0.00021739343032895915
40360,0,0,6.827202456591878e-05
40361,0,0,0.2918285813519475
40364,0,0,2.2255087173922174e-05
40370,0,0,4.808072916100696e-06
40372,0,0,0.35442145107349743
40378,0,0,0.00016922992558030355
40382,0,0,0.019188023371915906
40383,0,0,0.03285202278537396
40384,0,0,0.0014311927436804865
40390,0,0,0.0044448375024587795
40392,0,0,0.0016368404865230507
40395,0,0,4.782653530350493e-05
40398,1,0,0.27912391139912496
40413,1,1,0.9614788815249318
40415,0,0,0.11678517278271631
40419,0,0,0.007619276352651696
40421,0,0,0.00016482615340702292
40428,0,0,0.026822963023333424
40433,0,0,0.017993957490597838
40440,0,0,0.054552864408170705
40456,0,0,0.028054233840529325
40466,0,0,0.06127805814204997
40473,0,0,4.264168387489925e-05
40484,0,0,0.0014020194230346668
40500,0,0,0.1114755129505689
40510,0,0,0.12450416778012464
40513,0,0,0.015486253923106506
40527,0,0,0.00423092734139417
40528,0,0,0.002786300853701853
40531,0,0,0.12285880324389618
40532,0,0,0.00535120879783285
40541,0,0,0.0021495096341678363
40544,0,0,0.029181285965532915
40545,0,0,0.30290089213367405
40557,0,0,9.192265032127749e-07
40572,0,0,0.003176626404633887
40574,0,0,0.002431482866129607
40586,0,0,0.0020335258585899374
40596,0,0,0.0002465451110548438
40599,0,0,0.0006931889246892379
40601,0,0,0.012066184484627013
40603,0,0,0.009660567758171774
40607,0,0,0.14129525907601873
40609,0,0,0.009201413560098152
40612,0,0,0.004408468148666329
40617,0,0,0.061787939834532464
40622,0,0,0.0018329168103263234
40627,0,0,1.2025535800383391e-05
40631,0,0,8.357610709651392e-05
40632,0,0,0.08882018223522181
40634,0,0,0.2020327163184956
40642,0,0,0.014437278443287847
40644,0,0,6.117619101666083e-06
40647,0,0,5.156293454891284e-06
40652,0,0,0.0021862528617069953
40656,0,0,9.606338480361258e-05
40666,0,1,0.5915633527428908
40687,0,0,0.0003349610173865825
40688,0,0,0.01605884631050499
40696,0,0,0.0010822500686139692
40700,0,0,0.021181587011712237
40713,0,0,0.00378092815371186
40718,1,1,0.9842315500260302
40723,0,0,0.0009138434902714804
40726,1,1,0.9075782861912293
40732,0,0,9.029691761847086e-06
40735,0,0,0.011904017340984618
40736,0,0,0.0014268161126619924
40739,0,0,0.005494929320400953
40740,0,0,0.015543547149715248
40744,0,0,1.7773793590323173e-05
40747,0,0,0.07104320396720577
40760,0,0,1.107850314630017e-06
40773,0,0,0.04498884112074784
40777,0,0,0.0002100080365173128
40778,0,0,0.4065474164636187
40779,1,0,0.0854675080722092
40782,0,0,4.0144952972292327e-05
40788,0,0,0.12029283802590819
40789,0,0,1.2944321566652942e-06
40793,0,0,0.0005629595415816834
40803,0,0,0.05415513224540036
40810,0,0,0.007297840534979236
40818,0,0,0.011146110430845551
40820,1,0,0.03358885442836913
40822,0,0,0.0015266843202638059
40835,0,0,2.0413138101450657e-05
40838,0,0,0.0008664095397165132
40847,0,0,0.0011592281808552856
40851,0,0,0.00025552908962417326
40852,0,0,0.03418232621193756
40853,1,0,0.4576462378649953
40859,0,0,0.0019203465915809338
40865,0,0,0.055187899048265036
40869,1,1,0.9992471055263454
40876,0,0,0.000296164747396249
40878,0,0,0.02905309563160695
40882,0,0,0.0069199265714257165
40891,0,0,0.021379725648835238
40901,0,0,2.0698098409074596e-06
40906,0,0,0.0005802034666519283
40908,0,0,0.007003935891647356
40911,0,0,0.00024008758319959768
40913,0,0,0.00010367871650990206
40921,0,0,0.0003268374821397596
40923,0,0,0.0005858002947355618
40933,0,0,2.6117651906915986e-05
40934,0,0,0.20588657521136025
40942,0,0,4.2575638175977995e-06
40948,0,0,0.0035532129735086795
40950,0,0,0.00015947758970618562
40955,0,0,1.2842664190008275e-06
40956,0,0,0.028011047740581746
40959,0,0,0.08273207083345652
40978,0,0,0.15172104766210692
40991,0,0,4.282696972415955e-05
40997,0,0,0.2876375012085109
41001,0,0,0.05462617433852916
41003,0,0,2.5916207075723996e-06
41005,0,0,0.07981827518563618
41011,0,0,1.2519882733814864e-05
41014,0,0,0.004512121900476709
41015,0,0,0.019936011760358727
41017,0,0,0.0028870082081780967
41023,0,0,3.1659143559031195e-05
41026,0,0,0.0008440412367215284
41033,0,0,0.001847030357478985
41039,1,0,0.4524293529817591
41052,1,1,0.9886596725700793
41066,0,0,0.012312256922203717
41067,0,0,0.08772082293793544
41069,0,0,0.027017626685106915
41076,0,0,0.001210516161881689
41079,1,1,0.5459065656890054
41080,0,0,0.09334195734849833
41081,0,0,0.008754210595613838
41083,0,0,0.0001498868950352589
41101,0,0,1.3082682341622364e-05
41114,0,0,0.018373730624507083
41116,0,0,0.23399335371624566
41117,0,0,0.0004877255708792795
41120,0,0,0.23829379114018515
41130,0,0,4.016734108850145e-05
41136,0,0,5.498459322291445e-06
41142,0,0,1.9962671616469988e-05
41155,0,0,0.023783348848350497
41160,0,0,0.044148724068176416
41178,0,0,0.0001831470200435589
41182,0,0,0.010461892312570083
41185,0,0,9.530774012688776e-06
41197,0,0,0.0015949621150056301
41198,0,0,0.0012999288760735458
41205,0,0,0.3301806697851099
41212,1,1,0.9982488474917436
41214,0,0,1.4942002177290951e-06
41221,0,0,9.531077774521577e-05
41223,0,0,0.10466140239950805
41233,0,0,0.02340549955350604
41239,0,0,2.221614278669806e-05
41241,0,0,0.008613510973134753
41249,0,0,0.0010221532566515436
41253,1,0,0.07820444293473025
41254,0,0,0.01036888834113304
41256,0,0,1.5922448035892587e-05
41260,0,0,0.0018033849808841962
41276,0,0,0.009405150657654786
41279,0,0,3.7653620278706165e-05
41286,0,0,9.637347284671973e-05
41290,0,0,0.10925100345312222
41292,0,0,0.001795533629867205
41308,0,0,0.03571233141648886
41309,0,0,0.0010079745372765028
41313,0,0,0.20934040323641825
41329,0,0,0.00490154890548179
41330,0,0,6.090509283957924e-06
41338,0,0,0.0228522612766
41339,0,0,0.02091082700490222
41351,0,0,0.0039635237694091935
41353,1,1,0.8126147107641107
41356,0,0,0.003813938211377769
41360,0,0,0.010717077421320623
41362,0,0,0.009514015654231473
41366,0,0,3.179896103320567e-05
41367,0,0,0.02400812221816622
41371,0,0,0.006198831954927319
41373,0,0,7.224113666261403e-05
41375,0,0,3.2972152257964065e-05
41377,1,1,0.9670170958453476
41390,0,0,0.0002567574098491082
41391,0,0,0.018102254175158743
41392,0,0,0.008024937005146478
41402,0,0,8.491041475261716e-06
41405,0,1,0.5759089127332144
41407,0,0,0.0013467921692090234
41408,0,0,0.00037535331702504037
41410,0,0,0.03358294697985393
41412,0,0,0.05212356519847176
41416,0,0,0.09380134607537344
41418,1,1,0.9168402674842651
41424,0,0,0.010664123175714947
41425,0,0,0.002083037906977636
41427,0,0,1.4264324764055444e-06
41445,0,0,3.0304202562543212e-05
41446,0,0,2.8644682106162815e-05
41452,0,0,0.00014589957345947233
41454,0,0,0.01705948476578377
41455,1,0,0.14813612055249925
41456,0,0,0.0001778710711630146
41462,0,0,2.206356963657589e-06
41463,0,0,0.014056185587914502
41465,0,0,0.0002005291911390981
41467,0,0,0.0068651251952544495
41477,0,0,0.0376103260773301
41478,0,0,0.0007013506515045567
41480,0,0,0.0011108788428466686
41489,0,0,0.11972222955785043
41490,0,0,0.07921076911958803
41503,0,0,0.005326632073523003
41510,0,0,0.001763090939704307
41517,0,0,0.001771648106560648
41529,0,0,0.056352632653349444
41532,0,0,0.14906282324987966
41533,0,0,1.193426903626321e-06
41535,0,0,0.005817809991913575
41537,0,0,0.0005158114874269541
41540,0,0,0.011393754968404708
41544,1,1,0.9593757692223464
41546,0,0,0.0006615772015316128
41549,0,0,0.005958192306092349
41550,0,0,0.0008211888714539155
41553,0,0,2.68658425740934e-06
41561,0,0,0.019494113992210817
41568,0,0,0.0019428213100044233
41570,0,0,0.18143760628407019
41584,0,0,0.0002587092895507082
41594,0,0,0.0019435677271923877
41604,0,0,0.00407253223671213
41609,0,0,0.02574089948167684
41615,0,0,0.10149479071653893
41620,0,1,0.5516765190105952
41627,0,0,0.007993477379623385
41634,0,0,0.038771667226754014
41637,1,1,0.9462110979613388
41644,0,0,0.0507741730512702
41653,0,0,0.007179118014979403
41660,0,0,0.026806502795765335
41661,0,0,0.020066562302298356
41667,1,0,0.07517097159355138
41668,0,0,0.0010922678542201816
41674,0,0,0.021455823151634985
41675,0,0,0.0009219903230128115
41681,0,0,0.011545657858058719
41683,1,0,0.26563702208113843
41690,0,0,0.002656927282445733
41692,1,1,0.9984540595649963
41693,0,0,0.003999611141406187
41697,0,0,0.0005008731438988235
41703,0,0,0.024233390538061148
41705,0,0,0.40781975197148035
41715,0,0,0.02706605386425022
41721,0,0,3.5453967081455223e-06
41728,0,0,0.007433204206681325
41732,1,0,0.04668664730656865
41739,0,0,8.17780130459128e-05
41742,0,0,3.684574586207156e-05
41744,0,0,0.00041814876445318117
41746,0,0,0.008858004689804742
41747,0,0,7.67620650013983e-05
41752,0,0,0.0026208725409484794
41754,0,0,0.025046043002548035
41759,0,0,0.03555884821900783
41772,0,0,0.007759872194973819
41774,0,0,0.017506881761540014
41778,1,0,0.3483977045297026
41784,0,0,0.007730533643525344
41790,0,0,3.099355068312421e-05
41791,0,0,2.6140417087842796e-06
41792,0,0,0.004011474913452037
41798,0,0,0.007210544431599136
41804,0,0,8.716485607306075e-05
41811,0,0,0.0018106286905886617
41812,0,0,0.00023052065570727007
41816,0,0,0.0003417137803929526
41819,0,0,6.080316641857997e-05
41825,0,0,0.0204608162850129
41843,0,0,6.034149946965933e-06
41860,0,0,0.0008674383450130395
41862,0,0,0.3199733333859873
41869,0,0,0.009081177655373038
41871,0,0,8.715547563441207e-05
41875,0,0,0.0010174197246898618
41882,0,0,0.02894014852991334
41883,0,0,0.014276933214527214
41888,0,0,0.001277110352555299
41907,1,1,0.9674967872464766
41916,0,0,0.06281766584979606
41924,0,0,0.002759326628704422
41931,0,0,0.0007536602755919051
41938,0,0,0.026886709697799178
41942,0,0,2.0383580182871324e-05
41944,0,0,0.000299866026549429
41949,0,0,0.0032327156142465518
41957,0,0,0.0017428568865646941
41958,0,0,0.012902148872337678
41961,0,0,1.234681492901566e-06
41963,0,0,0.001252772651950187
41964,0,0,1.0818202837317984e-05
41968,0,0,0.0008045936863666297
41969,0,0,0.004991983520606643
41975,0,0,0.001031983668322018
41983,0,0,0.019554239131544134
41991,0,0,0.0018317776144559266
41994,0,0,6.781535234447769e-05
41995,0,0,0.0001958944950869711
41997,0,0,0.08506884608873115
42005,0,0,0.020333646561488745
42023,0,0,2.1877057553727454e-05
42028,1,0,0.24234108238813254
42030,0,0,0.0005144231595957676
42036,0,0,0.006519071818079039
42047,0,0,3.374940393550677e-06
42049,0,0,0.004932254952133255
42056,0,0,0.44860331049989244
42062,0,0,0.0001029110782203024
42067,0,0,0.0002158257449575493
42069,0,0,0.004252491887539297
42070,0,0,0.0032548451115473284
42079,0,0,0.00014839563178229245
42084,0,0,0.019147945708590044
42087,0,0,0.014628559622270304
42090,0,0,0.004902238997263895
42092,0,0,0.00012711146790508497
42093,0,0,7.868687649111254e-05
42099,0,0,0.002973870518985318
42102,0,0,6.997037703379018e-05
42105,0,0,0.006201007630367246
42106,0,0,0.02188810152077042
42108,0,0,1.1616684390377405e-05
42111,1,1,0.8616130849790129
42113,0,0,0.021219081820686922
42118,0,0,0.0002087684026745073
42122,0,0,0.0031361438282361985
42123,0,0,0.044135044971397114
42125,0,0,0.0026783903676895686
42139,0,0,0.03706219630594868
42152,0,0,0.0014562338931172363
42157,0,0,0.10012127013452636
42158,0,0,0.00014123449927845087
42162,0,0,0.08725146726414178
42171,0,0,0.0003291453129033524
42172,0,0,0.0990198396688921
42176,0,0,0.019631303177567748
42179,0,0,0.029692502196681632
42190,0,0,2.1899659977273322e-07
42194,1,1,0.9956767896101215
42200,0,0,0.006075550810924551
42210,0,0,0.12375496112885027
42212,0,0,0.001062528785525131
42221,1,1,0.9517262498053926
42225,0,0,0.000985040047327874
42226,0,0,0.008519391037653088
42235,0,0,0.028525674847689624
42244,0,0,0.0057076631838861415
42245,0,0,0.00010187284158412551
42250,0,0,0.00039133364497795863
42253,0,0,0.00019233324223358884
42255,0,0,0.0009668824674044529
42258,1,1,0.605396360900708
42266,0,0,5.470939513754686e-06
42267,0,0,0.00021593980101136158
42272,0,0,0.0007070956100787865
42276,0,0,0.04324719659464653
42277,0,0,0.023034802584976883
42279,0,0,0.004741754709289941
42281,0,0,0.0025515083094782435
42286,0,0,0.02825339973654115
42287,0,0,0.14441615658501755
42295,0,0,0.05626953414914685
42305,0,0,0.00039619595098960565
42311,1,1,0.9991368678287198
42315,0,0,0.001001962693482182
42319,0,0,1.1908159678177212e-05
42321,0,0,0.01524052713036631
42331,0,0,0.00138619251270029
42333,1,1,0.5323561704278709
42336,0,0,0.018439344446885927
42337,0,0,0.002854795889743322
42341,0,0,0.027126377553868652
42351,0,0,6.972405652539537e-05
42354,0,0,0.001930273273595615
42357,0,0,9.292833409387472e-06
42363,0,0,0.04465362452393457
42379,0,0,0.0018715641333315065
42391,0,0,0.0005246745045286873
42395,0,0,0.003497702894098443
42397,0,0,0.0004209885373697765
42406,1,0,0.40929227111887556
42425,1,0,0.27604624446308396
42437,0,0,0.06782086371607156
42442,0,0,0.011625571297675781
42443,0,0,0.005403724184038835
42446,0,0,0.03892581998336759
42451,0,0,0.00042511643906103445
42465,0,0,0.017640874083124813
42482,1,1,0.9515651430461187
42485,0,0,0.0005883447704825274
42486,0,0,0.0006387238012892838
42488,0,0,0.001223651615603729
42492,0,0,0.00048319060790328656
42498,0,0,0.0001407122142438669
42500,0,0,0.0009598141643997536
42505,0,0,0.07173131809354474
42511,0,0,0.005224716290015758
42513,0,0,0.0005557801231686623
42516,0,0,0.01047099821027221
42521,0,0,0.004604559117518251
42525,0,0,0.005398170843149462
42534,0,0,0.0007878722259192655
42540,1,0,0.2883208792869112
42541,0,0,0.010263286746474387
42545,0,0,0.00593995238670961
42546,1,1,0.7485569371930936
42548,0,0,0.004863043233839869
42555,0,0,0.0018855442064895191
42558,0,0,0.0005333642125747516
42561,0,0,0.0033711035296732366
42562,0,0,0.16191186062072088
42564,0,0,0.1744352537108088
42566,0,0,0.0036001006619138546
42568,0,0,0.008018746585373698
42570,0,0,0.00035075606213338153
42599,0,0,0.2797019250298693
42603,0,0,1.096585635481688e-05
42604,0,0,0.027399847941379056
42608,0,0,7.354292612762084e-05
42630,0,0,0.04436185737937847
42637,0,0,0.0013641104401508183
42641,0,0,0.0007358882569050755
42642,0,0,0.13444833164520673
42647,0,0,0.00013797232489083696
42650,0,0,0.1535544671197025
42651,1,0,0.2288373967266398
42654,0,0,0.23610583483140252
42660,0,0,4.518792752815434e-05
42662,0,0,0.00010392403671502515
42667,0,0,0.005452187574506405
42671,0,0,0.018293595855733598
42673,0,0,5.8043292646057947e-05
42679,0,0,0.2823475624534789
42687,0,0,1.1505777551988139e-05
42694,0,0,0.018316669153017082
42696,0,0,0.03453689519266811
42702,0,0,0.00027666417853486504
42704,0,0,0.000568972172173849
42707,0,0,0.012003596351836504
42708,0,0,0.005824721751142098
42710,0,0,0.23862146342888302
42712,1,1,0.9364419812953438
42715,0,0,0.00039182685853535285
42723,0,0,0.0027632540192487048
42724,0,0,0.0014571989136057339
42727,0,0,0.06909901630936569
42730,0,0,1.188806156305821e-05
42737,0,0,0.0010103983187528672
42740,0,0,0.0004235882315132352
42741,0,0,0.000355256904398992
42744,0,0,8.8374626410405e-06
42754,1,0,0.22196306331651255
42764,0,0,0.0001836834039087831
42772,0,0,0.0013366856356455909
42773,0,0,0.030879171613909483
42776,0,0,0.00018252831489527283
42779,0,0,3.3915793924971666e-05
42781,0,0,0.22328304174306265
42792,0,0,0.00032535691585273226
42801,0,0,0.007643786858359329
42804,0,0,0.006646979642417319
42821,0,0,9.973016159865755e-05
42826,0,0,0.0012160582794559726
42836,0,0,5.6749910465907096e-05
42839,0,0,0.027660518407503512
42840,0,0,0.031712075874391385
42845,0,0,0.07663464265503482
42856,0,0,0.0001049638632367155
42863,0,0,0.00402433693615632
42872,0,0,0.00040884171966466316
42877,0,0,0.025856645107162582
42882,0,0,0.057810885072424684
42883,0,0,0.0041436911872180845
42893,0,0,0.0028730052249799766
42898,0,0,0.008870623499082228
42899,0,0,2.047240832107051e-05
42901,0,0,0.0006151245696218973
42903,0,0,0.345809132724585
42906,0,0,0.005099753295772487
42910,0,0,6.625482986218767e-05
42914,0,0,5.720037855912903e-06
42920,0,0,0.00012407915904281416
42921,0,0,0.01702118769924706
42932,0,0,0.0016093573749931742
42942,0,0,0.003692754664277454
42951,0,0,0.0001249825574075082
42958,1,0,0.06876500606968432
42959,0,0,0.010544917968032882
42965,0,0,0.009323223971863605
42974,0,0,0.0022475757301901227
42976,0,0,0.05698138072047153
42994,0,0,0.06586671010378592
43000,0,0,0.01939485447362824
43001,0,0,0.00014363162619118606
43002,0,0,6.766713201211335e-06
43003,0,0,0.32803074803953663
43007,0,0,1.8853864362018025e-06
43010,0,0,0.037535321635112424
43011,0,0,0.0014158291570430792
43015,0,0,0.2519159920723847
43016,0,0,0.0016077959920758203
43022,0,0,0.0009753804519585291
43024,0,0,0.03144457590878839
43025,0,0,0.004328480532348952
43029,0,0,0.004322818572902242
43036,0,0,0.13419315493526934
43039,0,0,0.000338193785243725
43047,0,0,0.009025473195761222
43052,1,0,0.2756323740637958
43065,0,0,0.013320447514506485
43066,0,0,2.8108260496738295e-05
43068,0,0,0.003947661505048891
43078,0,0,0.0001456849076483631
43079,0,0,0.029578551087673186
43081,0,0,0.16940568845362972
43082,0,0,1.1361443562512456e-05
43084,1,1,0.8103613810607952
43085,0,0,0.0007799653261785926
43096,0,0,0.00019390055916039737
43099,0,0,0.06089012764607944
43121,0,0,0.010296196316704998
43124,0,0,0.12021273217430045
43145,0,0,0.00878892736559888
43149,0,0,7.38580176298487e-05
43150,0,0,9.425562107118795e-05
43164,0,0,0.004053413542888409
43165,0,0,0.04109473604083101
43167,0,0,0.12521356712302395
43169,0,0,0.0013153190073896806
43183,0,0,0.04954542684144881
43190,0,0,0.01140255443719428
43194,0,0,0.0005990897214714841
43195,0,0,0.00015595312237119764
43199,0,0,0.04382200253974901
43202,0,0,0.3358816848970856
43205,0,0,0.0004538097382361159
43208,0,0,0.47650420260649307
43229,0,0,0.0007164430005225344
43230,0,0,0.0002495657947042292
43242,0,0,0.00923192689928873
43245,0,0,0.015528951125620543
43247,0,0,0.0002330176377966973
43257,0,0,0.0003832650682609456
43258,0,0,0.023447106782288427
43265,0,0,0.0009899326022194993
43272,0,0,0.050241105145253075
43273,0,0,3.076322781391508e-06
43274,0,0,0.0011467348946504366
43276,0,0,0.008242325854465812
43277,0,0,0.2530530578030785
43288,0,0,0.10935217298840069
43289,0,0,0.00023705934611296722
43293,0,0,0.03687588308285906
43295,0,0,0.1621358745113264
43300,0,0,0.11198936356178048
43303,0,0,0.24017620124594458
43306,0,0,0.0003944497737175471
43310,0,0,2.8229669718908585e-06
43314,0,0,0.2423210661596993
43318,0,0,2.6402511732345205e-05
43322,1,1,0.7278695797016099
43331,0,0,8.000209990850466e-05
43333,0,0,0.0455579916859922
43347,0,0,0.0018120103255296928
43349,0,0,0.0007590545293027686
43355,0,0,0.0064612253770044955
43377,0,0,0.00015387112868667542
43379,0,0,0.017128133075492387
43390,1,0,0.08669506860774237
43393,0,0,0.019817628231039563
43399,1,0,0.29882301078920637
43419,0,0,0.0005053791098563719
43424,1,1,0.7551907355556242
43428,0,0,0.0030274265387147045
43429,0,0,0.0002078518126053694
43444,0,0,6.959181983498102e-05
43445,0,0,0.0032939117258430324
43449,0,0,0.0030289560139520506
43451,0,0,0.03548781615242927
43453,0,0,0.0023813453993752434
43454,0,0,0.1298028696789682
43458,0,0,0.16425818872371603
43466,1,1,0.9855433167236709
43472,1,0,0.12924141398125902
43474,0,0,0.016611218887819038
43477,0,0,2.124232674193208e-05
43487,0,0,0.0019371976182134343
43497,0,0,4.877971265500403e-07
43498,0,0,0.0011525154280536951
43505,0,0,0.06028482028440141
43507,1,0,0.07904724764108093
43537,0,0,0.0018062015865816896
43538,0,0,0.06979924666639656
43543,0,0,0.0011134013631708326
43545,0,0,0.1033109534287541
43558,0,0,0.0011996819890574644
43563,0,0,0.00758125747498369
43569,1,1,0.9603039045233789
43584,0,0,0.030346517233455612
43591,0,0,0.06655033795882018
43595,0,0,0.014971858246180733
43599,0,0,1.0159013108792056e-05
43605,0,0,0.07488208969382298
43607,0,0,0.050069305335807335
43608,0,0,0.012837592752780529
43616,0,0,0.0012773322589176332
43621,0,0,0.005487819560734319
43622,0,0,0.005763705810521776
43624,0,0,0.0017088078308615151
43631,0,0,0.054606509679498545
43642,0,0,0.0034206591019782543
43643,0,0,9.750516517775462e-05
43651,0,0,6.423195151753714e-05
43658,1,0,0.488788113990703
43661,0,0,0.0004542490240219403
43662,0,0,0.005231123259369897
43663,0,0,6.773565438560774e-05
43676,0,0,0.006056335637821949
43678,0,0,4.058274921709108e-05
43680,0,0,1.4274076967485503e-05
43685,0,0,8.263593343297957e-07
43688,0,0,0.14077846399130603
43691,0,0,0.012336249540805425
43694,0,0,0.0004967345056286245
43696,0,0,0.00012298078303049056
43697,0,0,0.0011391379243293784
43703,0,0,0.001194994095439364
43711,0,0,0.005281997772333884
43713,0,0,9.485584909405624e-05
43715,0,0,0.05801930485387299
43716,0,0,3.5482819124559777e-06
43721,0,0,0.005487317157661008
43727,0,0,0.016819259521022378
43735,0,0,4.365725864340345e-05
43739,1,0,0.1345127031380117
43748,0,0,0.02586251838579728
43758,0,0,0.0027289638302600886
43767,0,0,0.004246546360000946
43770,0,0,0.1022378643649721
43782,0,0,9.655938979441613e-05
43786,0,0,0.35366964601990725
43792,0,0,0.015086446123373613
43809,0,0,0.00010740783664326562
43813,0,0,0.12953219530552385
43815,0,0,0.0002990047333863053
43818,0,0,1.926209558138386e-05
43820,0,0,0.04466844136195644
43832,0,0,0.00426529742919247
43833,0,0,0.0201715417732044
43835,0,0,0.0018630225733569674
43839,0,0,8.291405147042953e-05
43841,0,0,0.0011739843520155238
43852,0,0,0.01676451230461862
43862,0,0,0.00028140890226670896
43864,0,0,0.15591685976478392
43866,0,0,0.011785016219335894
43878,0,0,1.3604241061393307e-05
43880,0,0,0.0021100418263963203
43883,0,0,0.001803988159867677
43895,0,0,0.0008427819073064902
43897,0,0,0.013537920209344747
43904,0,0,0.012547726471994008
43906,1,1,0.9535142396282323
43907,0,0,0.026865283667309607
43912,0,0,3.056780722064954e-05
43916,0,0,0.02771633660443668
43918,0,0,1.4955980877739168e-05
43921,0,0,0.0017178755329930401
43924,0,0,1.4441533137109263e-05
43931,0,0,0.0006684539364270779
43932,0,0,0.0068890944015225115
43938,0,0,0.16643097785138025
43942,0,0,0.014695961326494068
43943,1,0,0.14515406871388783
43951,0,0,0.009718300689117583
43953,0,0,1.6504863253462084e-05
43958,0,0,0.041020924871010014
43962,0,0,0.0007217017638063849
43965,0,0,0.0019282826369579427
43982,0,0,0.0011538664152254531
43986,0,0,0.0029716536066376293
43997,0,0,0.018081404390779654
43998,0,0,0.002150319933894961
43999,0,0,8.652950590587394e-05
44003,0,0,0.0025438348387291864
44019,1,0,0.05115451983224684
44021,0,0,0.0013267618555754654
44028,0,0,0.00927686831635252
44036,0,0,0.02041978244366354
44037,0,0,0.24963325723535273
44039,0,0,0.016966797553387158
44040,0,0,0.0010420763043690452
44043,0,0,0.07593532236624868
44044,0,0,0.0023422310001750234
44045,1,1,0.9895155277337063
44051,0,0,0.0031768810144659153
44063,0,0,0.0009410081440410691
44072,0,0,0.00011942837139639223
44074,0,0,0.08534250138799783
44077,0,0,0.017128599976954702
44086,0,0,0.019480034336658507
44088,0,0,3.304158028146907e-05
44089,0,0,0.2789636825142138
44095,0,0,0.023020510235583734
44104,0,0,0.0008523768052771279
44119,0,0,0.03169930832136423
44120,0,0,0.0025486098211268487
44123,1,1,0.9934970427855584
44129,0,0,0.011224813771065288
44130,0,0,0.0006439301895853464
44134,0,0,0.009846406768724343
44148,0,0,0.0012357642634189534
44152,0,0,0.0017550201405213595
44165,0,0,0.004957581102233202
44166,0,0,0.0023713663709748643
44168,0,0,0.005124453253110535
44170,0,0,0.0004235287860348804
44187,1,1,0.7242328750470396
44188,0,0,0.0002540962573734567
44191,0,0,0.0033226156742749706
44199,0,0,0.03179276238393523
44203,0,0,0.0003857282377023013
44207,0,0,0.11899376468635153
44215,0,0,0.0022897123634243177
44227,0,0,7.130999200551571e-05
44237,0,0,0.029320867551139745
44243,0,0,0.004391944627399668
44245,0,0,0.45998259827510724
44249,0,0,0.001242769228314823
44251,1,0,0.022878312007209044
44258,0,0,0.0013317459779949813
44260,0,0,0.00021304488004061738
44265,0,0,0.0004338722749130337
44267,0,0,0.0007570897767110418
44280,0,0,0.00013898984785439084
44294,0,0,0.00017559206366394661
44313,0,0,3.2267604415893475e-05
44319,0,0,0.014381049676326009
44328,0,0,0.0010208102105763372
44353,0,0,0.30826521319682415
44355,0,0,0.0394280376843037
44371,0,0,1.986076673038013e-05
44372,0,0,0.0018093331067122692
44373,0,0,0.08385101960268056
44375,0,0,0.005118083192137125
44388,0,0,1.89254288933821e-05
44389,0,0,0.050826081693726446
44390,0,0,0.008326303680805993
44392,0,0,0.00011877816242049401
44397,0,0,4.907047879443298e-07
44406,0,0,0.27786060114203515
44412,0,0,0.0011117569291747382
44415,0,0,5.116318338950174e-05
44421,0,0,0.0018866929453236023
44422,0,0,2.464757043860099e-05
44428,0,0,0.0004003523971922663
44431,0,0,0.012943629664537767
44433,1,0,0.41766927478766064
44436,0,0,0.00013616554112841586
44442,0,0,0.004916070643444859
44443,1,0,0.29583788580095344
44446,0,0,0.00012817249192792135
44457,0,0,0.010541344476936507
44458,0,0,0.21482701430224838
44475,0,0,0.00014859744772158118
44477,0,0,0.016856926933012762
44480,0,0,0.00017169750156591362
44494,0,0,6.420817910146733e-05
44505,0,0,0.06117444396740621
44516,0,0,4.313834442365245e-05
44522,0,0,0.22309091499672776
44526,0,0,0.00031054336632899533
44527,0,0,0.0026059587723068485
44534,0,0,0.1737754372616822
44543,0,0,0.0003868449475422776
44545,0,0,0.07842844894393523
44556,0,0,0.05475516720109288
44559,0,0,0.0029941993479519658
44563,0,0,0.00024998722260319176
44565,0,0,0.09653777500662081
44567,0,0,0.0006081898059289302
44572,1,0,0.11156132916243247
44573,0,0,0.0018261070966631985
44578,0,0,0.0020463824990499297
44585,0,0,0.09646427858577689
44594,0,0,2.5136664230849086e-05
44598,0,0,0.1314303296378875
44600,0,0,0.004263751341931713
44601,0,0,6.7787789593435166e-06
44608,0,0,0.0003692299080452275
44611,0,0,0.057381004076995375
44629,0,0,0.0008416917045726164
44639,0,0,0.11955798822231414
44641,0,0,0.00624472327753627
44643,0,0,3.0255382799550905e-05
44650,0,0,0.05962521392044016
44653,0,0,0.08611971384454778
44667,1,0,0.2394396718878434
44668,0,0,0.002589373423543761
44673,0,1,0.6056337098351058
44675,0,0,0.0006243362748813159
44678,1,1,0.6289786985909883
44684,0,0,0.004024229700342523
44693,0,0,0.005881222910121292
44694,0,0,0.006892225069043652
44697,1,0,0.3475287699176345
44703,0,0,0.2681598896590491
44705,0,0,0.0004515056488454546
44729,0,0,0.004258133948936603
44736,0,0,0.00014986989025524998
44748,0,0,0.06127295952108721
44764,0,0,0.0011514331067076866
44768,1,1,0.9509907146252696
44770,1,1,0.9961701469486526
44787,0,0,0.0754270809775671
44788,0,0,0.0009081600098947653
44789,0,0,0.0005695224628430944
44790,0,0,3.0169117218585965e-05
44794,0,0,0.09109538369678895
44802,0,0,0.010440874866278626
44810,0,0,1.9228837916673027e-05
44811,0,0,0.37786335487289924
44814,0,0,0.042238782414290854
44825,0,0,0.00020170553124942305
44832,0,0,0.023269901043035477
44835,0,0,0.08835542042099778
44840,1,1,0.7417803058150172
44841,0,0,0.002264777813874929
44848,0,0,0.0009096818259380451
44849,0,0,0.028890657680606637
44853,0,0,0.0021688450422403536
44856,0,0,0.06717851207348743
44859,0,0,0.016290933427246235
44864,0,0,2.2034299297112375e-05
44867,0,0,0.10297179474797723
44872,0,0,0.0011315383201499268
44873,0,0,0.007394357273684495
44875,0,0,0.0006635095924827962
44878,0,0,0.0009634398821182632
44882,0,0,0.014130073701168758
44883,0,0,2.3432053280075225e-05
44884,0,0,0.012262975879585443
44890,0,0,3.488381266442115e-05
44893,0,0,0.00012010315698439258
44894,0,0,0.10776282002887046
44899,0,0,0.011142037489960573
44905,0,0,0.00043951061333199234
44908,0,0,0.0008285063145817954
44929,0,0,0.00016183914448640626
44937,0,0,0.00048291710351782585
44938,0,0,0.0007538810721935182
44944,0,0,0.061292055051397
44958,0,0,3.3843649221803326e-06
44961,0,0,0.004743203930140881
44968,0,0,0.000281902379791333
44975,0,0,0.0008268976428866578
44980,1,1,0.996309523664979
44982,0,0,0.002579108223598551
45000,0,0,2.6208472863468546e-05
45003,0,0,8.313202363009896e-06
45005,1,0,0.2871695076289421
45010,1,1,0.9891708012364557
45015,0,0,0.0007446121530897378
45018,0,0,0.005180812433024163
45021,1,1,0.8272193633175935
45027,0,0,0.0011240266954896804
45040,0,0,0.44645542201632465
45044,0,0,0.0025591221906203303
45051,0,0,0.03014304388969165
45052,0,0,0.0005355931003459374
45058,0,0,0.03978534163209093
45060,0,0,0.023986699032851104
45061,0,0,0.006724166844970088
45067,0,0,0.05854256199256614
45068,0,0,0.04706320457035757
45075,0,0,0.002590968556858934
45082,1,0,0.3791519617496842
45089,1,1,0.639207133208829
45101,0,0,0.042978212212607864
45114,0,0,2.318823528235679e-05
45124,0,0,8.208424575877198e-05
45128,0,0,0.004059238384699493
45132,0,0,0.007569110214184112
45135,0,0,0.0009746377688334975
45141,0,0,3.0204306256553332e-06
45144,0,0,0.0003771749164460716
45145,0,1,0.5282416340324084
45149,1,1,0.998657918060666
45152,0,0,0.0004731716976604009
45159,0,0,9.563110678694978e-07
45166,0,0,0.0028552226570779586
45175,0,0,0.008146437756135327
45179,0,1,0.6330412471127661
45193,0,0,0.21893191887943872
45196,0,0,0.0015089760714505239
45197,0,0,2.878406287729715e-05
45199,0,0,0.0015034966040676624
45209,0,0,0.05753035289963126
45214,0,0,0.043388243233644465
45220,0,0,0.19842536726437557
45227,0,0,1.364665889528463e-06
45228,1,1,0.7239986195836925
45235,0,0,0.0005596740038693532
45236,0,0,0.055344610677817686
45243,0,0,0.024204027382105177
45247,0,0,0.0002432191409813024
45250,0,0,0.009450331457960235
45252,0,0,0.0016639313015519147
45253,0,0,0.40889168836328355
45259,0,0,0.0935577359834752
45262,1,1,0.8885923876602817
45268,0,0,0.007265167703849272
45275,0,0,0.001441167807717934
45279,0,0,0.002001636058035972
45280,0,0,0.0011076888599343172
45287,0,0,0.05895143156085745
45300,0,0,0.00011871813965372174
45302,0,0,0.025711318529701252
45314,0,0,0.11843358145682117
45321,0,0,0.07371921233473899
45323,0,0,0.004219429098133348
45325,0,0,5.8723251712320156e-05
45345,0,0,0.004777452191465871
45347,0,0,7.692577666480826e-05
45364,0,0,7.2563329139041574e-06
45366,0,0,0.00016804536462118009
45384,0,0,0.02843420442905566
45387,0,0,0.43281505821873045
45392,0,0,0.003376648747460091
45401,0,0,0.04668686358338152
45416,0,0,0.0345725897236159
45423,0,0,0.07259881458878836
45425,0,0,0.008350028406893363
45431,0,0,0.15442743672130163
45433,0,0,0.00626248418514872
45434,0,0,0.014526891497168064
45435,0,0,1.0011390775655017e-05
45438,0,0,0.005042855266858984
45439,0,0,4.247746101141228e-05
45442,0,0,0.0047439193577975755
45451,1,1,0.8777500735801265
45458,0,0,0.033813736091455555
45465,0,0,0.03728031540891492
45469,0,0,0.014660416188813172
45472,0,0,0.0005471686522961306
45500,0,0,0.00041162683309101095
45502,0,0,7.048361336991227e-06
45503,0,0,9.239971654997527e-06
45508,0,0,0.0075667099525514245
45519,0,0,2.5722604678847055e-05
45527,0,0,0.00016522215447888387
45530,0,0,6.0101121632881805e-05
45533,0,0,0.47680842153001685
45534,0,0,0.004432261927696087
45537,0,0,0.15161492851105288
45540,0,0,0.002129815192096484
45542,0,0,0.12530466588602035
45543,0,0,0.021294099783899827
45545,0,0,0.00027117098731449697
45547,0,0,0.0032439799751532578
45551,0,0,5.260334220875662e-05
45555,0,0,0.07292783853074092
45561,0,0,0.0016846961288855427
45562,0,0,0.045269600703349205
45568,0,0,0.01394592632195166
45574,0,0,8.069983807946949e-05
45577,0,0,0.04317934840016832
45582,0,0,0.000418788923347871
45588,0,0,0.050957965041417336
45599,0,0,1.8894107033224818e-06
45609,0,0,0.3979469763840602
45617,0,0,0.419053833059399
45618,0,0,0.008718376685337224
45624,0,0,0.02597332806066412
45627,0,0,0.008150753473876176
45636,0,0,1.5867075895556914e-05
45639,0,0,0.0010128636428566595
45640,1,1,0.7414783412840672
45648,0,0,0.01656759778732487
45661,1,0,0.09319097810131434
45666,0,0,0.0024916071092083688
45670,0,0,0.03775787196673014
45678,0,0,0.000123683766702302
45682,0,0,4.478884216820281e-05
45685,0,0,0.0007427298695055446
45690,0,0,0.09208918220018766
45695,0,0,0.001288885285968145
45698,0,0,0.00013253706339660668
45703,0,0,0.003997714642516722
45705,0,0,0.00018947244735218702
45708,0,0,0.0004819613960039982
45710,0,0,0.0308973881562115
45714,0,0,0.013906890912300681
45719,0,0,0.0018605895205418875
45722,0,0,0.0017999747642461104
45725,1,1,0.9884873857314717
45742,0,0,1.4737455754290626e-05
45756,1,1,0.8748150679940122
45760,1,0,0.4409205564218518
45768,0,0,9.331929042674754e-05
45772,0,0,0.0022597915774801576
45775,0,0,0.018430086016947463
45776,0,0,0.00865431469759492
45784,0,0,0.04156951217639641
45792,0,0,0.07009654849318168
45795,0,0,0.0007924499276335585
45796,0,0,0.0011423619469801175
45797,0,0,0.11580513871730881
45800,0,0,0.003156403462314605
45813,0,0,0.02753430075660418
45830,1,0,0.016944447013019687
45831,0,0,0.00721066729780172
45833,0,0,0.3011258173054135
45840,0,0,0.10778257352471463
45847,0,0,0.01748130670308155
45851,0,0,0.00047409727624612264
45852,0,0,0.020902813458258455
45863,0,0,0.038919407949270665
45879,0,0,0.008013345390269211
45888,0,0,0.0004478097593449755
45892,0,0,0.0014298023621548916
45898,0,0,8.834276465304874e-05
45900,0,0,0.0013167086194066759
45905,0,0,0.01037152761896997
45914,0,0,0.12411340174150758
45939,0,0,0.004670113138400197
45950,0,0,0.004025381126518114
45951,0,0,4.22149124896907e-05
45954,0,0,0.125853474632225
45955,0,0,0.01239326544427456
45958,0,0,4.187390091499242e-05
45973,0,0,0.0006285618246824504
45978,0,0,0.08770275524422187
45984,0,0,0.0006877253048696714
45985,1,1,0.9255954457017408
46003,0,0,0.0019654379939402942
46006,0,0,0.0008034372407847023
46017,0,0,0.05187466921885217
46019,0,0,6.860049940410908e-06
46020,0,0,0.00044453332226434433
46022,1,1,0.9889483687806856
46027,0,0,1.6442552045136098e-05
46030,0,0,0.0028536956247879053
46033,0,0,0.0001067545662322547
46038,0,0,0.00014269998768725721
46060,0,0,6.765192250912949e-05
46065,0,0,0.0005891169151234832
46066,0,0,0.002182684596847779
46072,0,0,0.006154676159551825
46075,0,0,0.00012140217254442642
46078,0,0,0.13624018523796436
46080,0,0,0.0003029697831857793
46082,0,0,0.014798728058021219
46086,0,0,0.00024817580495937195
46109,0,0,0.24652977106632376
46111,0,0,6.226511409721632e-05
46114,0,0,8.693333216303384e-06
46119,0,0,0.00020190337047181988
46122,0,0,0.0005782463200384453
46127,0,0,0.0004564122893490735
46130,0,0,0.0031359577096831625
46133,0,0,0.0003835975895497457
46137,0,0,0.07216476701587637
46139,0,0,0.004517147765563559
46150,0,0,6.793334851184407e-05
46152,0,0,0.0019214495219971055
46156,1,1,0.9956452089848509
46160,0,0,0.00018776034241523354
46176,0,0,0.01744202734860284
46183,0,0,8.723486693580512e-06
46186,0,0,0.0007827359667119589
46188,0,0,0.0009141488942390465
46191,1,1,0.9752875440450193
46205,0,0,0.050838899886099305
46210,0,0,0.06556028251744224
46212,0,0,0.07629053354547168
46217,0,0,7.056888648293935e-05
46221,1,1,0.9969671496633167
46227,0,0,0.021533716780452388
46229,0,0,0.017095588367218365
46232,0,0,0.0008964503014032117
46239,0,1,0.6131830268379818
46246,0,0,0.2013542920620579
46261,0,0,0.000995258947026073
46263,0,0,1.5022661604484874e-05
46295,0,0,0.010686701862234492
46301,0,0,2.5647741673508924e-05
46302,0,0,0.00043068443916972513
46313,0,0,0.0001764516956310479
46323,0,0,5.576726109647167e-05
46328,0,0,0.032240437375984324
46332,0,0,1.096935457328799e-05
46335,0,0,6.503102962503584e-05
46340,1,0,0.1696109424886417
46342,0,0,0.004868464369883302
46353,0,0,0.0012573840515290003
46365,0,0,5.326530656038778e-05
46366,0,0,0.3445211519587184
46384,0,0,0.03353923451977348
46385,0,0,6.541512924497252e-05
46394,0,0,0.00013059485575683886
46403,0,0,0.0006077230191123703
46416,0,0,9.511256837179649e-07
46417,0,0,0.0032815144394127715
46420,0,0,0.050472510599947874
46430,0,0,0.05323583257278525
46434,0,0,0.0005468205187220746
46435,0,0,0.006349190545971116
46440,1,0,0.17660737899756052
46452,0,0,0.0006051527872592653
46457,0,0,0.0009736490367812126
46461,0,0,0.0006266729188302047
46467,0,0,0.21268789775831867
46473,0,0,0.01926788713347757
46477,0,0,0.1464496728238318
46481,0,0,0.000587520664392775
46490,0,0,0.00023580759110227296
46499,0,0,0.07763610511667693
46501,0,0,0.005239832352396578
46506,0,0,0.0045984874414514015
46509,1,1,0.966413324194926
46526,0,0,0.0003584462108845658
46532,0,0,0.057567126613036486
46534,0,0,0.08013853540884179
46535,0,0,0.003484626206130848
46539,0,0,0.19484003319595625
46545,0,0,0.01613550436293634
46546,0,0,0.004645044697657885
46551,0,0,0.041467549738965395
46557,0,0,0.006312610552336541
46558,0,0,0.49913313967363776
46564,0,0,7.0298213553747524e-06
46578,0,0,0.01464968927073982
46590,1,0,0.1092847423735383
46597,0,0,0.02329366259358215
46603,1,1,0.9144897586152936
46616,0,0,0.01643402223650907
46626,0,0,0.0001635619377555826
46648,0,0,0.00020682975800460159
46657,0,0,3.2684884828279748e-06
46662,0,0,0.00010491714133781692
46663,0,0,0.0028847044341020673
46664,0,0,0.0002847688437375447
46672,0,0,0.00022129345447130164
46688,0,0,0.19116011684844128
46690,0,0,0.06495088185939978
46696,0,0,0.0001356445564552959
46698,0,0,0.0014043139204032557
46700,0,1,0.5123577432125724
46719,0,0,2.6180676759919237e-05
46722,0,0,0.009181486901972862
46725,1,1,0.9905625487983793
46727,0,0,0.0028083981336103985
46729,0,0,4.7380971640377427e-05
46733,0,0,0.02686909781281028
46735,0,0,0.00015323748259238654
46736,0,0,0.005646209348074762
46737,0,0,0.018018257226167147
46742,0,0,0.027520620365944916
46749,0,0,0.014041331632111274
46751,0,0,3.4461972016395747e-06
46762,0,0,0.00047588981270710247
46766,0,0,2.8327308578169116e-06
46784,0,0,0.0071076090723045365
46785,0,0,0.0077751223329817895
46786,0,0,0.02590277268699642
46787,0,0,8.442665399050056e-05
46799,0,0,0.0005613587652030501
46801,0,0,0.05456693578223286
46803,0,0,0.00116325000869929
46805,0,0,0.013032717499100562
46812,0,0,0.0004054454163459522
46814,1,0,0.028582043137765665
46821,0,0,0.0005295731601055411
46828,0,0,0.02117552902103026
46833,0,0,0.0008928441589198534
46834,0,0,0.003630914607838573
46836,0,0,0.014388612457921404
46848,0,0,0.001199984147541308
46874,0,0,0.002880900917370261
46876,0,0,0.013642999747354483
46877,0,0,0.009388514521482712
46881,0,0,0.0001446341072603822
46882,1,1,0.6416179534427291
46885,0,0,0.003063684884284828
46906,1,0,0.07579595171977435
46909,0,0,2.6817816878648313e-05
46911,0,0,0.05357778898022378
46915,0,0,0.01316306221949813
46924,0,0,0.21380822455429932
46925,0,0,0.00404426940464111
46929,0,0,0.011328462068804335
46939,0,0,0.00043574859856640864
46940,1,0,0.22091110486874013
46941,0,0,2.533650370341217e-05
46947,0,0,9.284592048607733e-06
46952,0,0,9.580193310951444e-06
46956,1,0,0.12396061660129458
46958,1,0,0.006452410209408698
46959,0,0,0.00023093800856853589
46964,0,0,0.010453087100173107
46972,0,0,0.0007114106415122834
46973,0,0,0.25515892788549127
46978,0,0,0.01525909056203926
46982,0,0,0.0002091597244251949
46984,0,0,0.0003355987136601994
46995,0,0,0.001026033981478835
47000,0,0,0.0048092280999112455
47013,0,0,4.594372306031737e-06
47017,0,0,0.1705434249898179
47020,0,0,0.042494080268196524
47024,0,0,0.0013442585521738432
47027,0,0,0.01334634443690452
47031,0,0,0.010535865162401865
47039,0,0,0.0008340858956721079
47045,0,0,0.002159708591673746
47055,0,0,0.05791350089931863
47062,0,0,9.520894675074977e-05
47074,0,0,0.002173944466178628
47076,0,0,0.0002540643715458745
47077,1,0,0.20132664836613484
47080,0,0,0.009489852380552697
47091,0,0,0.06515958138517866
47095,0,0,1.341298383638023e-05
47102,0,0,0.0006849600652656445
47105,0,0,0.0005968709145241365
47109,0,0,0.0241538456732615
47116,0,0,0.0011158419373557334
47117,1,1,0.9754572086986946
47125,0,0,0.00445715539076725
47130,0,0,0.07679143654771796
47141,0,0,0.04236267070803264
47143,0,0,0.0018831671008182143
47145,0,0,0.008849296231563681
47151,0,0,0.0018927197834151643
47160,0,0,8.67910086626259e-05
47187,0,0,0.15830445344768163
47198,0,0,0.03173520045387407
47205,0,0,0.01704501750978547
47211,0,0,0.057387454415293304
47219,0,0,0.0005052903947382685
47221,0,0,0.024331217732783805
47227,0,0,0.00134107233010893
47230,0,0,0.02005859222807737
47235,0,0,0.0034107997500218276
47238,0,0,0.002096108953184111
47246,0,0,0.003972559975952627
47247,0,0,0.005738984075700577
47252,0,0,0.0001808300120739785
47255,0,0,0.029836683179734667
47256,0,0,0.03573150169960076
47257,0,0,0.021442801349229917
47259,1,1,0.8814443791366596
47262,0,0,4.67238861921472e-05
47267,0,0,0.004137981428837789
47275,0,0,0.0003336406108499101
47283,0,0,8.8571378534101e-05
47293,0,0,0.01589928610916031
47303,0,0,0.000219952775529971
47307,0,0,0.000284418850963746
47313,0,0,0.00040424235803863235
47316,0,0,3.392200953713004e-05
47318,0,0,0.006284141813961229
47319,0,0,0.005876730138556479
47326,0,0,0.0040902417099021576
47339,0,0,0.0005937751714042799
47344,0,0,0.0023336385414431744
47345,0,0,0.005668745738571175
47346,0,0,0.10352313694450746
47348,0,0,0.006232813686683914
47349,0,0,9.22029783571045e-05
47350,0,0,0.00689803744199345
47353,0,0,9.848034908289171e-05
47370,0,0,0.0007937976773309376
47375,0,0,0.0007896389814760216
47379,0,0,0.00097678013846528
47382,0,0,0.0008378496994735961
47390,0,0,0.0032993780022466763
47395,0,0,0.10627762501951321
47398,1,1,0.9980170359150803
47404,0,0,4.065486405403687e-05
47406,0,0,0.004877021035458105
47409,0,0,0.008062833473482444
47418,0,0,0.0037472906051601537
47436,0,0,0.14496503031183106
47444,0,0,3.762053455852899e-05
47445,0,0,0.001714475844352877
47458,0,0,9.230028826537417e-05
47464,0,0,0.052236725984011856
47467,0,0,0.0017921266127113732
47469,0,0,0.011501556062284504
47471,0,0,0.001130183018634369
47473,1,0,0.017743795901013767
47474,0,0,8.412785486196427e-05
47481,0,0,0.008236254551289181
47486,0,0,0.009733865028877155
47491,0,0,0.0011026140013951746
47504,0,0,0.002771215298201022
47505,0,0,0.053217045592228104
47507,0,0,0.006128636173434321
47509,0,0,0.010861490931622898
47513,0,0,1.2418757031389242e-06
47515,0,0,0.0002029601953199591
47524,0,0,0.00378342568707187
47532,1,1,0.9384356048634678
47534,0,0,1.460009141148551e-05
47536,0,0,0.005189429367593209
47544,0,0,0.004248958939830262
47549,0,0,0.003339793862393529
47551,0,0,0.07702169166507336
47553,1,0,0.06176478964363374
47555,0,0,3.216688894408844e-05
47557,1,1,0.9959376202425776
47563,0,0,0.0011598645528820024
47572,0,0,0.00037570264873948233
47576,0,0,0.02060751945939609
47588,0,0,0.00303836029499566
47589,0,0,1.6670141039973103e-06
47591,0,0,0.09848867557141425
47592,0,0,0.0038538141591050565
47603,0,0,0.0025153895817487545
47610,0,0,0.10073282576606635
47615,0,0,0.034685287626696835
47620,0,0,1.398530702334438e-05
47643,0,0,6.716985337498557e-05
47662,0,0,0.012005231222818907
47665,0,0,0.0008290021667848837
47666,0,0,0.0005141933809063053
47668,0,0,0.24811913487113454
47672,0,0,0.026923436859220173
47676,0,0,0.0008124483520931915
47685,0,0,0.0050156078400372395
47687,0,0,0.025328678016885958
47689,1,1,0.5136093933173307
47695,0,0,0.15481457115001185
47696,1,1,0.7630861144949896
47697,0,0,5.972427184497561e-08
47702,0,0,0.0013163461793025725
47711,0,0,0.258669815780271
47717,0,0,0.0003464992287143464
47720,0,0,0.00014892504267120704
47727,0,0,2.8141754805120788e-05
47728,0,0,0.00022734832813061637
47744,0,0,8.153927478962525e-05
47751,0,0,0.0009205922412347514
47754,0,0,0.0029335385894451674
47756,0,0,0.00235806501257516
47757,0,0,0.0008024894934271131
47764,0,0,0.03831932969111829
47766,1,0,0.2634737482730132
47767,0,0,0.00044586413322970285
47773,0,0,0.013126665435057562
47775,0,0,6.10831505353135e-05
47796,0,0,0.1261621750753903
47802,0,0,0.0012119319432299489
47803,0,0,0.005715113689150204
47805,0,0,0.029932782432158467
47806,0,0,0.02448904395864552
47809,0,0,0.025926072151046833
47814,0,0,0.0030497950014977673
47817,0,0,0.0005601261234289308
47819,0,0,0.10677695930136386
47820,0,0,0.00021943292740167472
47821,0,0,0.007667376729025623
47825,0,0,0.04544055601767166
47827,1,0,0.48963654881877466
47839,0,0,0.015433222641603548
47840,0,0,0.0004133677585679862
47841,0,0,0.002777052005880225
47844,0,0,0.013463710539895687
47848,0,0,0.0044324788346570675
47865,0,0,0.00013289409660572734
47866,0,0,0.018702294649271017
47879,0,0,0.0008530805048014443
47885,0,0,0.004748246990481688
47896,1,0,0.1853337605102809
47899,0,0,0.01873640839233798
47900,0,0,0.042177365304291094
47905,0,0,0.0035944143839547727
47908,0,0,0.0030988626972658496
47915,0,0,5.440489347064786e-05
47918,0,0,0.0005561187422046742
47919,0,0,0.44920924657622635
47921,0,0,7.856732681602027e-06
47922,1,1,0.7113850308889853
47925,0,0,0.013918904253011092
47927,0,0,6.740741053608316e-05
47933,1,1,0.8767373263287068
47934,0,0,0.0015916903564913284
47939,0,0,0.0009106310578110931
47945,0,0,0.033148895369171885
47948,0,0,0.0004023288704072314
47952,0,0,0.021277764261946726
47953,0,0,0.002689705338693707
47957,0,0,1.1356468897735665e-05
47961,0,0,0.010340777850355823
47968,1,1,0.7209156937776003
47973,0,0,0.0011136672450608046
47974,0,0,0.00011686361388200679
47975,0,0,0.00024579467403317907
47980,0,0,0.0012449720082115695
47984,0,0,0.02693912977019607
47985,0,0,0.07323195763297786
47986,0,0,0.04326227267016285
47991,0,0,0.010771922115147632
47992,0,0,0.006036881346326159
48001,0,0,0.0004285602367067479
48003,0,0,0.04167831223680432
48015,0,0,0.0902360988887066
48019,0,0,0.11971564681913995
48024,0,0,0.0003770809015097777
48025,0,0,0.00547483538103402
48028,0,0,0.01809781713200305
48029,0,0,4.762678137505317e-05
48031,0,0,0.0005554668822132205
48032,0,0,2.4445143325347115e-05
48036,0,0,0.0033356952616062307
48040,0,0,0.00027856084619113644
48045,0,0,0.004423223339350197
48048,0,0,0.05951124166075957
48050,0,0,0.07802272093889664
48059,0,0,0.08482043766119658
48060,0,0,0.0004069268900232035
48061,0,0,0.01690597516816473
48063,0,0,6.185097289727995e-05
48067,0,0,0.025248016026967038
48070,0,0,6.453002748770122e-07
48072,0,0,0.009638650425549506
48086,1,1,0.6285874608523502
48088,0,0,2.2108304264402843e-05
48091,0,0,0.0034032647965579225
48093,0,0,0.0004526422835248988
48094,0,0,0.04251799459687568
48102,0,0,0.00010066801730559537
48111,0,0,0.015547320290472946
48116,0,0,0.04292497786639658
48128,0,0,0.12444746614650029
48131,0,0,0.00255500983338218
48135,0,0,0.03721916400209127
48137,0,0,6.452661099825118e-05
48143,0,0,0.0004369725221046443
48146,0,0,0.05015586322127623
48149,0,0,0.008421937698249518
48151,0,0,0.0031522449702026736
48156,0,0,8.480511893044993e-05
48162,0,0,0.07658107328835052
48164,0,0,6.276264740559325e-06
48171,0,0,8.622201428723775e-05
48181,0,0,8.108548369575433e-05
48185,0,0,0.005805743565639754
48189,0,0,0.03477812080592817
48193,0,0,6.165322072954588e-05
48194,0,0,0.06191067002973607
48201,0,0,0.0018914185831462856
48210,0,0,0.0020877681255330608
48227,0,0,0.0001724110661759283
48230,0,0,0.006304390972487002
48236,0,0,0.060604153253446744
48237,0,0,0.0023023087704788876
48241,0,0,0.0031206789966767936
48254,0,0,0.0038605658011676047
48262,1,1,0.62519135608679
48264,0,0,0.020036394624664323
48274,0,0,0.14013819372624228
48278,0,0,4.682019156661746e-05
48279,0,0,0.0025141005955799972
48297,0,0,1.2524999185184265e-06
48298,0,1,0.5035880523808197
48301,0,0,0.000681502925041055
48302,0,0,0.0006185445878707363
48303,1,0,0.07721659296464158
48306,0,0,7.836087326583241e-07
48311,0,0,0.00468998267856724
48315,0,0,0.068665394575298
48320,0,0,0.00023708614507897524
48321,0,0,0.013509287777084478
48323,0,0,0.001455466946443005
48329,0,0,0.038776334679437904
48341,0,0,0.11574813699572262
48345,0,0,0.0011805039303259253
48356,0,0,0.000785000149440267
48357,0,0,1.5632431505708587e-06
48358,0,0,0.003332036609697603
48359,0,0,0.0026724635448017744
48363,0,0,2.2928951962984598e-05
48367,0,0,0.20084832978106829
48379,0,0,0.021168388544271957
48380,0,0,0.029456315771233327
48385,0,0,0.001580491975032979
48386,0,0,6.732060854393506e-06
48399,0,0,0.0011695869417616043
48403,0,0,0.0012462639714492614
48409,0,0,0.00011180579290243417
48419,1,1,0.9899789443313389
48421,0,0,0.014117333118980124
48426,0,0,0.0027801854591501603
48430,0,0,0.02027134563089533
48440,0,0,5.614230144884451e-05
48454,1,0,0.21899185463490506
48456,0,0,3.9702877554691195e-06
48458,0,0,0.04370092493849732
48464,0,0,0.02146962548937896
48471,1,1,0.683909526094514
48474,0,0,0.00030795283429633895
48479,0,0,6.475222440281537e-05
48482,0,0,0.07235320818896335
48483,0,0,0.37071812450523256
48484,0,0,0.0007267293727441938
48485,0,0,0.004035071950596717
48486,0,0,0.039691303604260396
48491,0,0,0.0285396164770146
48495,0,0,0.011683690589827916
48504,0,0,1.516844996708984e-06
48512,0,0,0.001855342208127664
48515,0,0,0.00017339790742035345
48531,0,0,0.004021965466655399
48536,0,0,0.011036676384602213
48537,0,0,5.364194070280245e-07
48544,0,0,0.004028968954984412
48553,0,0,0.001149230550753171
48554,0,0,0.008646648674024041
48555,0,1,0.7452359110242877
48566,0,0,0.003344307756316583
48576,0,0,0.0033370600591303818
48577,0,0,0.04458184560971672
48581,0,0,0.021087101295208487
48583,0,0,0.0017804163160692469
48587,0,0,0.006315280484428902
48596,0,0,0.000279759187730476
48616,0,0,0.10916899129981672
48622,1,1,0.9686506060899726
48629,0,0,0.0008669588079554352
48636,0,0,0.005204921447567006
48648,0,0,0.00017486445192086667
48653,0,0,0.0002796051044505519
48655,0,0,0.15838295372533734
48657,0,0,0.1679347383126863
48664,0,0,0.020277401668667483
48668,0,0,0.0005758309969189786
48669,0,0,4.066004096020486e-05
48678,0,0,0.016659967096069282
48681,0,0,0.00032484525952523294
48688,1,0,0.06734319804776741
48689,0,0,9.005920373985318e-06
48717,0,0,0.0013235357072239682
48728,0,0,0.008146702766204831
48729,0,0,0.00011636225389009521
48731,0,0,0.019842061529756958
48745,0,0,0.013825722077302505
48747,0,0,0.14586699102960476
48761,0,0,0.005123642926791133
48762,0,0,0.008920774556314556
48767,0,0,4.946673228780401e-07
48770,0,0,0.020028560515347564
48787,0,0,0.013189793200450741
48793,1,1,0.9691415148359586
48797,0,0,0.4837842047905666
48812,0,0,0.18455586282794018
48817,0,0,0.45696669499659703
48828,0,0,0.004607344477468364
48832,0,0,0.0021833566508742104
48835,0,0,0.004179730229131957
48836,0,0,0.00016417894322426325
48837,0,0,0.0003631498694568637
48844,0,0,3.3372212726047286e-05
48846,0,0,0.015623471139797297
48857,0,0,0.02705042336490449
48865,0,0,0.00038084684620346223
48869,0,0,0.0038226710722666646
48890,0,0,8.064117493192771e-05
48892,0,0,0.05984822334364426
48906,0,0,0.012616886717263158
48907,0,0,0.15687212546199975
48946,0,0,0.005538726322230257
48947,0,0,0.0015062563816238034
48957,0,0,0.0012656844062428612
48958,0,0,0.00738542781592063
48959,0,0,1.1938433346246814e-05
48965,0,0,4.80367093701737e-05
48969,0,0,0.001505912501676435
48977,0,0,2.2571876927481695e-05
48982,0,0,0.002258799005326624
48991,0,0,0.09732927222710806
48993,0,0,0.011059219290564717
48995,0,0,0.00028408595004952077
49005,0,0,0.08259438970599596
49010,0,0,0.0003432974930125961
49014,0,0,0.0017323114554134021
49015,1,0,0.23315859815069392
49016,0,0,0.004503521769179955
49033,0,0,0.006889832960388691
49035,0,0,1.6482738504306216e-05
49038,0,0,9.781749027140712e-07
49042,0,0,6.274721449613993e-07
49044,1,0,0.161686302538978
49048,0,0,0.00027294236754171595
49050,0,0,0.0005390626319799419
49061,0,0,0.028789544629004765
49071,0,0,0.008982420630071947
49075,0,0,0.0015139269454723832
49076,0,0,0.0037589854044648503
49081,0,0,0.00019130008152034957
49089,0,0,0.00026365698134708
49095,1,1,0.5778433401011879
49107,0,0,0.010122167107568348
49122,0,0,1.866728162437857e-05
49124,0,0,0.0013883458089021343
49126,0,0,0.02148605969814197
49128,0,0,0.01676109318293253
49132,0,0,0.00011998074416519659
49133,0,0,2.8041648837849142e-05
49136,0,0,0.004581048797237652
49137,1,1,0.5663121090304271
49140,1,1,0.9841020284921647
49142,0,0,0.0003624957529380351
49144,0,0,0.06517379480232638
49149,0,0,0.06819071596648639
49166,0,0,0.0009950600073570638
49169,0,0,0.007633348199437765
49181,0,0,0.000570358204024201
49185,0,0,0.02888960840040267
49187,0,0,0.003656996086038883
49200,0,0,0.003047672597350664
49203,0,0,0.005753436657543237
49205,0,0,0.08620450025612454
49215,0,0,0.06853870453190666
49216,0,0,0.0018751814068573857
49218,0,0,2.0757536607792358e-05
49220,0,0,0.01985592990591504
49231,0,0,0.0031943050207561977
49244,0,0,0.10993006582872299
49253,1,0,0.02003750804651743
49255,0,0,0.045324873437620025
49266,0,0,0.0007704587648034539
49271,1,0,0.08296725449872865
49283,0,0,0.001670063940380275
49284,0,0,5.0457365141966144e-05
49300,0,0,0.0005904425325907808
49307,0,0,1.2150638337408252e-06
49308,0,0,0.0022167949985446352
49312,0,0,3.13949088630677e-05
49313,0,0,0.0028127831790766
49318,0,0,0.006797937623457291
49324,0,0,0.40742139598493465
49341,0,0,0.006146756240663166
49344,1,1,0.9631924223886107
49345,0,0,0.021367155298973862
49347,1,1,0.6499557366910301
49349,0,0,0.00022530330502343172
49362,0,0,0.002960195867353631
49369,0,0,0.001059426564507179
49391,0,0,0.012350895516628322
49397,0,0,0.021898747478878183
49399,0,0,0.3257971554995509
49400,0,0,0.0003224481592091871
49404,0,0,0.00010951972940944023
49405,0,0,0.00826068021142852
49422,0,0,0.10706122259637597
49425,0,0,2.5511275664165936e-05
49429,0,0,4.76113555780952e-05
49430,0,0,3.304351178560687e-05
49433,0,0,6.37594224379558e-07
49434,0,0,0.00032774675597851017
49435,0,0,0.002120740388981171
49438,0,0,0.0008502748788326788
49440,1,0,0.08397978062671502
49444,0,0,0.18304001504935835
49445,0,0,0.46678300632074
49449,0,0,0.047618260764840464
49454,0,0,0.1566278805685854
49455,0,0,0.0004060472316778555
49458,1,0,0.13290215849848117
49477,0,0,0.0017775565153858863
49484,0,0,0.01753299201720125
49493,0,0,0.07412723986653462
49498,0,0,0.019085199366585513
49499,0,0,0.0005075221327488723
49522,0,0,0.018602431375094645
49525,0,0,4.479553419913433e-05
49527,0,0,0.04653850656849443
49529,0,0,0.010952733980268987
49540,0,0,0.2733931638094306
49541,0,0,0.46926548171076277
49542,0,0,0.05887757840510231
49551,0,0,2.8995735721754267e-05
49557,0,0,0.00010232199284854986
49559,0,0,0.004219978998627432
49564,0,0,0.0005550936840862204
49567,0,0,1.2935899450134548e-05
49568,0,0,0.00013063811851853188
49570,0,0,0.14294223928365177
49599,0,0,0.027355383661172263
49601,0,0,1.4904515824171391e-05
49604,0,0,0.00016366407378195887
49605,0,0,0.01803169922776701
49614,0,0,0.0583975111137619
49616,0,0,4.7031867714696486e-05
49631,0,0,0.0014082511328043267
49633,0,0,0.009736277220969699
49636,0,0,0.028203905205541915
49637,0,0,0.0040380783115368385
49640,0,0,0.0008993648866109998
49642,0,0,0.20428433159947282
49656,0,0,3.1231675020378636e-05
49660,0,0,0.003950679730460263
49662,0,0,0.10060306164133014
49666,0,0,0.04602915484423606
49670,0,0,0.00011669228787495998
49674,0,0,0.0014701037629057355
49676,0,0,0.000159425951673773
49682,0,0,0.0001278995687510472
49691,0,0,2.4979040597864026e-06
49696,1,0,0.05422391504491965
49701,1,1,0.7861721920262169
49704,0,0,0.14806339558358161
49705,0,0,0.003860389104546404
49717,0,0,0.4035977779206166
49720,0,0,0.003613831124823447
49726,0,0,0.033359482823805436
49729,0,0,0.0012867720319022365
49732,0,0,0.00042559534262904414
49734,0,0,0.0018694396839700285
49735,1,0,0.0531694707948043
49736,0,0,6.426438459048139e-05
49737,0,0,0.16060350443179003
49742,1,1,0.9944474492871423
49743,0,0,0.0007111907267497144
49748,0,0,3.5549227533028444e-05
49757,0,0,0.05979503692022366
49759,0,0,0.004962331902446488
49760,0,0,0.11086627703740588
49763,0,0,0.08041706032723217
49764,0,0,0.09050535313503726
49785,0,0,6.503258520270088e-05
49787,0,0,0.0020114892892505805
49789,0,0,0.0007436292312854375
49791,0,0,0.023771755073475065
49799,0,0,0.03387385800601086
49810,0,0,0.0017069914496264155
49812,0,0,0.004982085000782711
49818,0,0,0.011468232396594032
49828,0,0,0.0010203919729821803
49842,0,0,0.09555073384610398
49846,0,0,2.3899598904985174e-06
49848,0,0,0.002569168080217987
49854,0,0,0.021828911327053387
49858,0,0,4.057217139613613e-07
49859,0,0,0.030175237627316165
49866,0,0,0.0090346048589986
49876,0,0,0.08447479328234263
49879,0,0,0.023822547122981767
49884,0,0,0.0020050050637623884
49885,0,0,0.0036059100118202864
49890,0,0,0.00010029695391801438
49896,0,0,0.007428131196680817
49898,0,0,2.3290438655660936e-06
49903,0,0,0.0014353921599057815
49925,0,0,0.0069322568819398505
49926,0,0,0.028773105093774714
49927,0,0,0.03641544972057721
49935,1,1,0.8851394809359997
49942,0,0,0.04173795660768486
49945,0,0,0.002679724042498841
49948,0,0,0.00010921660621855605
49949,1,1,0.9851598809399364
49951,0,0,0.0012998804304077925
49964,0,0,0.0006657928952547073
49966,0,0,0.0023910245221947595
49974,0,0,0.07512424888667701
49983,0,0,0.000347342328370654
49991,0,0,0.03225464940969895
49994,0,0,0.15718852626580118
50000,0,0,4.9244521685700815e-05
50011,1,0,0.27529543274676044
50014,1,0,0.05656221674601309
50023,0,0,0.26882010593827094
50024,0,0,0.12442363048529942
50027,0,0,0.0032464483363488423
50029,0,0,0.07654055801661382
50032,1,1,0.9991621791189025
50048,0,0,0.008808449623288797
50060,0,0,0.00044593753424192786
50067,0,0,0.1959836154791916
50075,0,0,0.01574761719772909
50076,0,0,9.337995313074885e-05
50078,0,0,3.7032797985386024e-06
50086,0,0,3.7159119907075973e-06
50089,0,0,3.161244392176765e-05
50094,0,0,0.00822477603934247
50095,0,0,0.0957000162567045
50114,0,0,0.0012379751837619693
50117,0,0,0.01417152203387855
50120,0,0,0.0004378454926499899
50123,0,0,0.0416663628982067
50130,0,0,2.2242702498088518e-05
50132,0,0,0.00016736723976644
50133,0,1,0.6027997992600668
50136,0,0,1.7069526992515597e-05
50145,0,0,0.0002672816627749631
50148,0,0,0.027207929163030605
50149,0,0,0.00020422374324619233
50150,0,0,0.0003863898369003808
50151,0,0,0.025007380825725473
50177,0,0,0.06112345534089105
50180,0,0,0.094527487391861
50182,0,1,0.649059269431505
50184,0,0,0.0033223378070227107
50194,0,0,0.00039728988602631416
50200,0,0,0.000559651176467508
50208,1,0,0.15183753085295348
50209,0,0,0.00019750261778408014
50211,0,0,6.569745267782941e-06
50212,1,1,0.8455711306533136
50213,0,0,0.07676074803059187
50216,0,0,0.03080361097274557
50218,0,0,0.1635726353943119
50219,0,0,0.0002964243036223499
50222,1,0,0.2221763645311435
50227,0,0,0.0005987009598429979
50233,0,0,0.2327185428652313
50234,0,0,0.002980425168521833
50235,0,0,0.0011894430730175598
50240,0,0,0.17070913691237624
50246,0,0,0.00116107283445988
50247,0,0,0.03380749597412922
50252,0,0,0.26571642289879877
50261,0,0,0.001205145906290338
50268,0,0,0.05744128074425771
50275,0,0,0.002375578817419959
50277,0,0,0.000148730226725685
50287,0,0,0.0405408906870484
50289,0,0,0.00044665046620697357
50295,0,0,0.0013782531858671375
50299,0,0,0.0809456911408065
50315,0,0,0.2420598781267947
50317,0,0,0.0018314796449163662
50320,0,0,0.0030355519206854064
50322,0,0,0.04351163261426177
50328,0,0,0.022667780035096854
50330,0,0,0.003920644835894858
50346,0,0,0.004166904297690077
50360,0,0,0.0026936875103364573
50364,0,0,2.374072933829246e-05
50369,0,0,0.22245125504965405
50373,0,0,0.04564972023914873
50375,0,0,0.00015125256892627916
50384,0,0,0.0050441439670280705
50385,0,0,8.892805412059214e-05
50388,0,0,5.371992060744562e-06
50390,0,0,0.0006267373055545986
50400,0,0,0.06736534753133125
50404,0,0,0.007088387792441715
50407,0,0,0.1716642940450391
50413,0,0,0.06742395907093279
50415,0,0,0.03515122065991604
50421,0,0,0.007899267196988989
50428,0,0,0.09092785021269953
50429,0,0,0.42919951961981156
50431,0,0,0.015494207980065774
50439,0,0,1.2974493775450013e-05
50449,0,0,0.11418113641928991
50460,0,1,0.6605698329579293
50467,0,0,0.26071064151776524
50471,0,0,0.0026138774900125797
50482,0,0,0.014178337380907593
50496,0,0,0.002320630073370122
50497,0,0,0.011286362117574335
50498,0,0,0.1446339625176196
50502,0,0,0.07415611164408197
50505,0,0,0.018556131592369733
50507,0,0,0.0037584888612929458
50512,0,0,0.002243120829753673
50514,0,0,0.0004696399444467637
50518,0,0,4.809880332983991e-06
50525,0,0,0.0024488128424797304
50531,1,0,0.3738458403469707
50537,0,0,0.0026212534344652485
50558,1,1,0.9578412417956161
50559,0,0,0.05164725655172106
50562,0,0,0.02420175486932508
50574,0,0,2.7864801635559843e-05
50575,0,0,0.00011823645912588439
50576,0,0,0.0016996846687588384
50586,0,0,0.00044741777428448443
50587,0,0,0.000159177924788601
50588,1,0,0.03462451727085533
50596,0,0,0.003930239392097243
50612,0,0,0.00014186813433544947
50614,0,0,2.0009077567535133e-05
50618,0,0,0.022613741883238593
50623,0,0,0.23313569210570353
50624,0,0,0.0038196635804425647
50625,0,0,0.0002501515179665785
50626,0,0,7.655681231658162e-05
50628,0,0,0.00025674645297419805
50630,0,0,0.01705749213953963
50639,0,0,0.040466584880600405
50640,0,0,0.00173890883914031
50645,0,0,0.017742517509456174
50649,1,1,0.5210333130790976
50650,0,0,0.03370948316880617
50657,0,0,0.01322869247820044
50664,0,0,0.049174037157281025
50668,0,0,0.0017711599966659505
50676,0,0,0.1040408478660416
50677,0,0,8.075566964712385e-05
50679,0,0,0.004254505590150393
50688,0,0,0.0010985176566203417
50690,0,0,7.167335585978455e-06
50695,0,0,0.014476639991196359
50697,0,0,0.0005483349746276342
50701,0,0,8.992449329834507e-06
50703,0,0,0.005778395839051604
50712,0,0,1.1925838507354998e-05
50720,0,0,0.10023370886744017
50721,1,0,0.07648312080247772
50726,1,0,0.10991492619540795
50733,0,0,8.783261305936679e-05
50737,0,0,0.0013465940459462542
50745,0,0,0.00013649622076224665
50746,0,0,0.0070278069139350285
50747,0,0,0.0009981839505149592
50748,0,0,1.2562119938645601e-05
50755,0,0,0.35616253064481196
50760,1,1,0.8465064855155051
50768,0,0,0.008672881258548537
50769,0,0,0.0007284709839251554
50776,0,0,0.07797489708202639
50787,0,0,0.07474072967852552
50793,0,0,0.00027800553416363396
50794,0,0,0.001903897246294215
50820,0,0,0.1352967814924011
50828,0,0,0.020809180149094074
50829,0,0,0.00027649653192424265
50831,0,0,0.013575759946063446
50839,1,0,0.097124571601094
50843,0,0,0.0008271995863069134
50853,0,0,0.0005679612938458787
50862,0,0,0.0008070415706484993
50865,0,0,1.0266817470271216e-05
50871,0,0,0.000702504880376839
50879,0,0,0.010951391495251653
50897,0,0,0.002137945469078243
50899,0,0,1.5496746924403424e-06
50902,0,0,0.07767855623816158
50904,0,0,0.004538751545383918
50909,0,0,0.0014741179337322795
50920,0,0,0.001294764373338017
50933,0,0,0.050995181133416105
50938,0,0,3.1260746451529664e-06
50946,0,0,7.73826854593625e-05
50953,0,0,0.0004671213644004461
50957,0,0,0.11735017726003717
50963,0,1,0.6526217117209528
50975,0,0,0.0018536838962762245
50976,0,0,0.0002710079252905281
50987,0,0,0.0043550766577009955
50988,0,0,0.0022344151346241985
50993,1,1,0.9319223664361109
50998,0,0,0.006805057680693314
51001,1,0,0.11355706278613088
51004,0,0,2.892589225589578e-06
51007,0,0,0.006171706281296006
51010,0,0,0.2104800656389495
51013,0,0,0.028175652260220885
51018,0,0,3.187524116428453e-06
51019,0,0,0.04163115846813976
51020,0,0,0.014496108774228153
51021,0,0,0.12765839704654033
51024,0,0,0.00768239313866826
51026,0,0,0.08816907329909023
51042,0,0,0.00019244415604316437
51049,0,0,0.02446937176713085
51050,0,0,0.011326601772468855
51073,0,0,0.0023245616187208265
51074,0,0,0.000530044619253539
51077,0,0,3.0379635244726387e-06
51078,0,0,0.007687896007815845
51090,1,0,0.06344751282861678
51092,0,0,2.2985889958947754e-05
51096,0,0,0.03464231762392432
51097,0,0,0.0028801221066421558
51100,0,0,1.1480334786143983e-06
51102,0,0,0.030499000126647195
51105,0,0,0.09878744382193372
51110,0,0,0.00043252102238791363
51132,0,0,0.055767673783053244
51136,0,0,0.04600097204799784
51142,0,0,0.03074871922200289
51143,0,0,0.0007316703324593758
51145,0,0,0.02523618093047017
51166,0,0,0.00012639885677579439
51170,0,0,0.002210249678218266
51178,0,0,9.313186461875415e-06
51179,0,0,0.000367602726604112
51187,0,0,0.003631489060355921
51189,0,0,0.001244587330346663
51194,0,0,0.004707769104459207
51204,0,0,0.04976713600001937
51206,0,0,0.022386892951320733
51208,0,0,0.04426588158260442
51210,0,0,0.002364278475445425
51214,0,0,0.003986304702597901
51216,0,0,7.263924729919837e-05
51220,0,0,0.09661808764034237
51229,0,0,2.2214395541593078e-05
51240,0,0,3.968433568314994e-05
51247,0,0,0.0001685020028737707
51255,0,0,0.004808127863652466
51260,0,0,0.022246521890864433
51268,0,0,0.0017769344068343435
51271,0,0,0.004082973516834857
51272,0,0,0.00040922678452175995
51276,0,0,0.005076726742205013
51277,1,1,0.9161393838102413
51284,0,0,0.03673080559217176
51285,0,0,0.0020028080161838
51288,0,0,7.639507164025938e-07
51291,0,0,0.00011823920882572902
51296,0,0,0.07117915942958074
51297,0,0,2.2085887385418096e-05
51315,0,0,1.4436500916622266e-06
51317,0,0,0.02765597345636672
51319,0,0,2.579668132781624e-07
51322,0,0,6.515646643373087e-05
51324,0,0,0.0002729655969541523
51326,0,0,0.00023187476310560236
51327,0,0,0.00928906372505756
51332,1,0,0.15910474841067035
51333,0,0,0.0006654539583098736
51335,1,0,0.17842450025863654
51339,0,0,0.1519731213496504
51344,1,1,0.9258854963123264
51345,0,0,0.037199606079304316
51356,0,0,0.044141993165800676
51359,0,0,0.005205715341671093
51361,0,0,0.14991844996261156
51375,0,0,0.00023074893767086963
51376,0,0,0.05030329216314892
51389,0,0,0.013690305378639963
51398,0,0,0.0007557777948878605
51399,0,0,0.022437746382321017
51402,0,0,0.027562953435899335
51415,0,0,0.00027943698223330466
51416,0,0,0.03380272589953006
51418,0,0,0.00043042124931672233
51421,0,0,6.1594717736704e-05
51422,0,0,0.0020496479882800294
51425,0,0,0.005652926143531167
51433,0,0,0.0053001213230795576
51441,0,0,0.0003190673381502266
51453,0,0,5.4744802492741194e-05
51456,1,1,0.7084632592683316
51457,0,0,0.009758862522434558
51460,0,0,0.0018498988896567343
51471,1,1,0.9429072185279409
51472,0,0,0.00027040628027455427
51484,0,0,0.0024685207333617156
51489,0,0,0.0033572328844511273
51491,0,0,0.45357753184666805
51493,0,0,2.6091630628198846e-05
51502,0,0,0.010960844826686593
51506,0,0,0.00034830647294017465
51524,0,0,0.0707053626326811
51525,0,0,4.609744203373721e-06
51529,0,0,0.00030560999685025586
51538,0,0,5.89497313813656e-05
51541,0,0,2.1542751966712115e-05
51547,0,0,2.9472644485209857e-05
51548,0,0,2.507516128723739e-06
51555,0,1,0.5487017243891112
51563,0,0,0.002177149020075504
51564,0,0,0.0024639507391506148
51566,0,0,0.024150800860216412
51574,0,0,7.381872470445226e-07
51583,0,0,0.3495940804964628
51586,0,0,0.18695424870803815
51587,1,0,0.010750565269521535
51588,0,0,0.018004097784185207
51600,0,0,0.03118486095591207
51601,0,0,0.037628141397689545
51607,0,0,0.006419863181276799
51611,0,0,0.00035183407175492376
51613,0,0,0.0001803317132609519
51621,0,0,0.0018884278385333977
51625,0,0,0.009187514355288041
51639,1,1,0.8690298873749771
51642,1,1,0.949097682212432
51646,0,0,1.791180054391202e-05
51651,0,0,0.16413194073666632
51653,0,0,6.713271636816883e-05
51654,0,0,0.09732386050451637
51657,0,0,0.22175609588075354
51659,0,0,0.08345968520208284
51660,0,0,0.005537837625045413
51661,0,0,0.000234283101376989
51668,0,0,0.07560628118618029
51670,0,0,0.002379761165870837
51673,1,1,0.5436189975343307
51675,0,0,0.06209963296977676
51676,0,0,0.010563939014536804
51678,0,0,2.9899157707092615e-06
51679,0,0,0.00036898248564039537
51682,0,0,0.013928461336643855
51687,0,0,0.16932623018145943
51689,1,0,0.02547449928361773
51706,0,0,0.004494472824264995
51709,0,0,0.005833133353270637
51711,0,0,0.017860435419342017
51714,0,0,0.0006257786058885328
51716,0,0,0.0024829516732030356
51720,0,0,0.0563700053596105
51722,0,0,0.26183384421294503
51723,0,0,0.005301704589451581
51728,0,0,6.293328535516569e-06
51729,0,0,0.0002355005149689146
51734,0,0,0.0004181990348709191
51736,0,0,0.010333705981547385
51739,0,0,4.406402203710136e-05
51742,0,0,0.028162286090514417
51744,0,0,0.005528608698174233
51751,0,0,8.518648126208313e-07
51762,0,0,4.872648047832625e-05
51766,0,0,0.02737565256786744
51771,0,0,0.01250709560784171
51774,1,0,0.24018684406129662
51782,0,0,0.0004396697734617598
51785,0,0,0.0011569216647587491
51787,0,0,0.0014293853036907278
51789,0,0,0.00033277943394594754
51791,0,0,0.016070227945219215
51792,0,0,0.0035543941814761342
51793,0,0,0.08818516917257245
51795,0,0,0.009647033639731208
51797,0,0,0.023783913826185794
51800,0,0,0.2107609077718681
51801,0,0,0.00019259772931566157
51806,0,0,0.004322077563245894
51808,0,0,0.2326206225082115
51814,0,0,0.03759203815387065
51822,0,0,0.0005444596361455585
51826,0,0,4.560431283732811e-05
51829,1,0,0.13696378805786624
51851,0,0,0.07667078305697624
51862,0,0,0.03135580103600833
51868,1,0,0.1409044228013951
51869,0,0,0.08342360429593573
51871,0,0,9.19004092254637e-05
51879,1,1,0.8966349656952511
51884,1,1,0.7277839077365867
51886,1,0,0.31706201313184246
51888,0,0,1.3607476863337626e-05
51892,0,0,0.00013916084156157622
51894,1,1,0.9723823038799744
51895,0,0,0.005742150019762435
51899,0,0,0.003448459683223258
51905,1,0,0.07585740595638783
51907,0,0,0.0012617738062007946
51921,0,0,0.00018896190975563933
51925,0,0,0.001997147402867835
51928,0,0,0.0030738390607187266
51931,0,0,0.00013193857195196087
51932,0,0,0.0008133354163457656
51935,0,0,0.015929616429086954
51936,1,1,0.9959201976429002
51948,1,1,0.91379460849476
51949,0,0,0.002179135049826051
51962,0,0,0.00023019968988486698
51970,0,0,0.023007654733999863
51976,0,0,4.511946005915189e-05
51986,0,0,0.0009938384623064099
51996,0,0,0.0816837395193079
51997,0,0,0.011197448238965062
52007,1,1,0.8135083271505454
52012,0,0,0.10007673234844244
52013,0,0,0.04619558964839123
52017,0,0,2.527507603709742e-06
52021,0,0,0.001827386301172916
52022,0,0,0.034676754698398
52027,0,0,0.012699785111427705
52036,0,0,0.005113947104134864
52038,0,0,0.03276340276476279
52042,0,0,0.004056818480043577
52043,0,0,0.0008213649606903772
52059,1,1,0.9716428927692777
52063,0,0,0.0029369704577227526
52066,0,0,0.0009570348209045543
52070,0,0,0.012732196597295097
52086,0,0,0.051710692991482086
52092,0,0,0.0005067449860145494
52103,0,0,0.0008279925485438124
52108,0,0,0.00023187773433970446
52110,0,0,1.6416952298154348e-05
52121,0,0,0.01171283297904497
52125,0,0,0.1103003242694054
52133,0,0,0.019011119868152758
52136,0,0,0.006153875345033961
52138,0,0,0.08929524277154421
52148,0,0,0.46859755589250773
52149,0,0,1.3029778370614416e-05
52156,0,0,0.015503497953978025
52159,0,0,0.0009818257276735822
52165,0,0,4.329040875050186e-06
52166,0,0,3.0589098991708573e-07
52168,0,0,0.0044620257809625885
52172,0,0,0.026063334218383086
52175,1,0,0.38414280380436594
52180,0,0,0.11379150202744842
52190,0,0,0.0026841608003608125
52194,0,0,0.002983946646434732
52199,0,0,0.001126306885962792
52205,0,0,0.0009680707384042771
52216,0,0,0.0006620421523595991
52232,0,0,0.0012776053922445324
52240,0,0,0.015542649359629441
52247,0,0,1.0251073490990283e-06
52255,0,0,7.605523931997012e-05
52258,0,0,0.04617460960166965
52261,0,0,0.0004190372537206396
52264,0,0,5.8326050639158763e-05
52265,0,0,0.001745895251190042
52266,0,0,0.0022372855233287873
52275,0,0,0.005067351933599197
52286,0,0,0.013515940957024429
52288,0,0,0.055523218268664944
52289,0,0,0.006294618645271615
52302,1,1,0.7370802835749886
52303,0,0,0.004173056930322879
52304,0,0,0.0029075214609503145
52310,0,0,0.028243154874306092
52311,0,0,0.00038875031915255523
52313,0,0,0.02548087773306103
52321,0,0,2.4716471440112882e-05
52332,0,0,0.001977775149380373
52338,0,0,0.010353426114292926
52342,0,0,0.0991226349640702
52346,0,0,0.004209797098826499
52353,0,0,0.0010909803114474055
52355,0,0,3.584074054533153e-07
52358,0,0,0.05115748456045947
52364,0,0,0.07442911968102979
52365,0,0,6.782146739527882e-06
52366,0,0,0.19210603537270218
52377,0,0,9.759344296282813e-05
52381,0,0,0.1404596026810372
52382,0,0,2.630520503329404e-06
52387,0,0,0.005680450233330886
52388,0,0,0.06714397734862872
52396,0,0,0.00021474543895461863
52402,0,0,0.11824269478053949
52407,1,1,0.9991672346645298
52408,0,0,0.002017045573788885
52415,0,0,0.18534109961691764
52416,0,0,0.0006057440326456007
52417,0,0,0.04980448798684623
52419,0,0,0.0008527952784277861
52423,0,0,0.002366613048536405
52435,1,1,0.8525985970429406
52441,1,0,0.3819028271489669
52459,0,0,0.0011967768695367229
52460,0,0,0.12238401264369642
52465,0,0,0.01291738515146413
52467,0,0,0.013262478407306806
52476,0,0,0.23650122773569265
52481,0,0,0.00014671471006772865
52487,0,0,0.0008898900226365774
52491,0,0,0.009815308237716326
52493,0,0,2.9276461618379114e-05
52498,0,0,0.0003506773429506682
52503,0,0,8.035578144175453e-08
52507,0,0,0.0009262031132048533
52514,0,0,0.00039484366059928385
52516,0,0,0.0029123627782073084
52519,0,0,0.010349876498050461
52524,0,0,0.00034677164891054477
52528,0,0,0.009439302478398795
52539,0,0,0.0009107547755905023
52544,0,0,0.0005451340896978368
52552,0,0,0.007291039120556071
52572,0,0,0.018007345804440227
52573,0,0,0.0015260400410686584
52574,0,0,7.661876599921417e-07
52576,0,0,0.00010021858278985607
52582,0,0,6.3763899093021e-07
52594,0,0,0.11815072013333595
52598,0,0,0.012328701734479008
52602,0,0,0.0033647599120558962
52608,0,0,0.0009236958856499036
52609,1,1,0.7403102413117699
52613,0,0,0.06055082742890325
52620,0,0,0.04182099603614801
52623,0,1,0.709217593561856
52632,0,0,0.0013368805255062806
52646,0,0,0.012276277076930724
52647,0,0,0.00010273804047111817
52652,0,0,0.03523704109115618
52653,1,0,0.149685691666309
52654,0,0,0.04829120388992742
52656,0,0,0.00016738149194291785
52661,0,0,0.36812538718574367
52676,0,0,0.002293195469331083
52678,0,0,0.029243586700250884
52682,0,0,0.0018186994957006238
52687,0,0,0.004708491333398417
52690,0,0,0.004518589087886823
52699,0,0,0.012112375718636572
52700,0,0,0.1697378420847384
52707,0,0,0.021880979247957795
52711,0,0,0.04349130081917843
52715,0,0,0.042490610592509845
52726,0,0,0.0001126590259716979
52733,0,0,2.0133934966020172e-05
52737,0,0,0.0011010564391685097
52748,0,0,0.0029443287919746863
52750,1,0,0.2551713196361335
52751,0,0,0.0029079881732348555
52752,0,0,0.00627558605181237
52759,0,0,0.006281854197368833
52763,0,0,0.0026033285930742054
52773,0,0,0.0026208748450346933
52775,0,0,8.533883476175185e-07
52777,0,0,0.02740175170232617
52782,0,0,0.010820023345490945
52790,0,0,7.880418973665424e-06
52793,0,0,0.0008214020227085753
52795,0,0,0.0012312962296613737
52799,0,0,0.00029465981149046837
52811,0,0,0.009036630740714273
52813,0,0,0.00024358464372187933
52815,0,0,0.002268606976633065
52820,0,0,0.0016396336551028708
52837,0,0,0.28376251640243616
52849,0,0,1.2192808478171034e-05
52859,0,0,0.007318943910759592
52886,0,0,0.0010484649846978142
52887,0,0,0.009045513675106297
52893,1,0,0.22560913256360257
52904,0,0,0.016873590973143265
52908,0,0,0.01749784181366287
52912,0,0,0.026130429389774897
52913,0,0,0.0004576043936598217
52917,0,0,0.007756012263373512
52919,0,0,0.0009532619424029896
52932,1,0,0.01985168482829194
52936,0,0,0.08154373013944038
52938,0,0,0.004063028205930033
52941,0,0,0.0701642209055533
52944,0,0,3.9995676795377634e-05
52947,1,0,0.16405281935480548
52955,0,0,0.030421455495360832
52958,0,0,9.167955776301149e-05
52964,0,0,0.0016355723289376812
52974,0,0,0.015990490254972456
52977,0,0,0.006804099725147382
52981,0,0,0.06115890482005576
52985,0,0,0.00010000688669036933
52986,0,0,0.007472855696073804
53000,1,0,0.061598564692652215
53001,1,1,0.8337179601417196
53010,0,0,0.04504323972765921
53011,0,0,2.1533471405511719e-07
53018,0,0,0.03560622217229546
53020,0,0,0.030139891873639836
53022,0,0,0.2908208004680302
53026,1,1,0.865180286538996
53028,0,0,0.03735065982497689
53031,1,0,0.030081947594003615
53033,0,0,0.031309832718729204
53039,0,0,0.0002068974483942592
53042,0,0,1.4855167525123952e-05
53046,0,0,0.0003637801225934721
53052,0,0,0.07216911924094135
53053,0,0,0.027071652634404628
53059,0,0,0.00011400723860841136
53073,1,0,0.052783289708200926
53074,0,0,0.042096613801504
53081,0,0,0.00018844947280903532
53086,0,0,0.0015098309866882422
53101,0,0,0.0004896743143500495
53107,0,0,0.00013248112153704366
53108,1,1,0.6897943017599201
53109,0,0,0.002442283394752743
53112,0,0,0.004186909908928609
53113,1,1,0.9095100227236234
53114,0,0,0.012265544398613553
53115,0,0,0.00523752342342145
53122,0,0,0.04862413304476687
53125,0,0,0.009095229612731908
53126,0,0,0.0021706675087382723
53136,0,0,0.04487705874773692
53146,0,0,0.0018526038992495622
53153,0,0,0.0045857099020186805
53157,0,0,0.0019562224588748254
53163,0,0,0.0002004734728303871
53166,0,0,0.020150541730959842
53171,0,0,0.00031031468697151256
53179,0,0,0.005326434954134829
53180,1,1,0.9537804762825557
53182,1,0,0.07964129511241248
53187,0,0,0.00011476738551580566
53191,1,0,0.02421142090470007
53202,0,0,0.014006140523764561
53209,0,1,0.7173465771815056
53213,1,0,0.04279982481020049
53214,0,0,9.576312848891087e-05
53215,0,0,0.26685813182807555
53217,0,0,0.03130555240898884
53237,0,0,0.001661854465224482
53245,0,0,3.536327343107e-05
53263,0,0,0.03641981110144019
53283,1,1,0.8758370419422584
53285,0,0,0.0004543575816181706
53291,0,0,0.01183491845352661
53316,0,0,0.020933267475935324
53322,0,0,0.0001468096488979299
53333,0,0,0.0064124346889273326
53336,0,0,0.0039372939314020975
53346,0,0,9.121852339944495e-05
53347,0,0,0.0001547184229482376
53363,0,0,0.3377891503474315
53366,0,0,0.001132284079501781
53370,0,0,0.013313688212918583
53374,0,0,3.798752902695066e-05
53375,0,0,0.0033528481038304285
53381,0,0,0.026728038115612744
53382,0,0,0.0007335869504310024
53387,1,1,0.957544592760407
53392,0,0,0.020507343770938463
53414,0,0,0.00012067525992907782
53415,0,0,0.016949537563935697
53419,0,0,3.3357368222410685e-05
53421,0,0,0.12097367879591445
53428,0,0,0.06853851174575029
53429,0,0,0.001710074363575756
53433,0,0,0.006240436348137926
53437,0,0,0.007446303305008161
53440,0,0,0.0036948658512570482
53441,0,0,0.0004062323275778304
53442,0,0,6.583770724144657e-05
53444,0,0,4.3261846858652185e-05
53447,0,0,0.08561821100970768
53448,0,0,0.05929726246384751
53449,0,0,0.0003152256810860097
53457,0,0,0.10653775727979546
53469,1,0,0.16804080208307953
53472,0,0,0.015147808723758375
53480,0,0,0.2664863085299247
53490,0,0,0.00010887935986276934
53491,0,0,0.005942519497742509
53493,0,0,0.1122725603189581
53501,0,0,1.1629571883666391e-06
53510,0,0,0.00984222964519932
53513,0,0,2.5847775454469902e-05
53514,1,1,0.508154862454821
53524,0,0,0.0004826010711474825
53531,0,0,0.04497783785208961
53535,0,0,0.015757114682158208
53559,1,1,0.617054044453055
53560,0,0,0.0001572812657789631
53563,0,0,2.9547595981817015e-05
53565,0,0,0.00029631619438205963
53574,0,0,8.701785043549408e-05
53576,0,0,0.03126049526897353
53580,0,0,0.008843790035313161
53581,1,1,0.5802678162017055
53582,0,0,0.0075580015813633454
53590,0,0,0.005697082665638025
53599,0,0,0.0021746052637174017
53604,0,0,0.0014264034932448477
53606,0,0,0.00037355264833164193
53608,1,1,0.9883492368937202
53626,0,0,0.009965158876797294
53637,0,0,0.0004966784404985287
53640,0,0,3.130266075304873e-05
53645,0,0,0.1015780486933373
53647,0,0,0.0057624010311775435
53653,0,0,0.004596405004021588
53663,0,0,0.012024363110390297
53671,0,0,0.020381376132096073
53676,0,0,5.434024616382616e-05
53680,0,0,0.0937802732295748
53685,1,1,0.8895161160643149
53696,0,0,0.01314361556378564
53701,0,0,0.0393342601648251
53705,1,1,0.9878395664566404
53714,0,0,0.00016591718523465811
53717,0,0,0.15216192961044
53721,0,0,0.22122048849567724
53732,0,0,0.0038383424033521163
53734,0,0,0.0004250746337256393
53738,0,0,5.533729200356191e-05
53739,0,0,0.023603704894089816
53746,0,0,0.20450632658769174
53748,0,0,0.005189730642640115
53751,0,0,0.029190436822833305
53753,0,0,0.004151707023949686
53754,0,0,0.0024949471409017173
53755,0,0,0.00292694639139803
53756,0,0,0.007847287899862988
53759,1,1,0.9878398752943942
53760,0,0,2.8600689662492226e-05
53765,0,0,0.1161937395878296
53769,0,0,0.001277090995103592
53770,0,0,0.026573915763262207
53774,0,0,0.1065126613381095
53776,0,0,1.636070035670368e-07
53779,0,0,0.021117121688797962
53780,0,0,0.00011780133154512238
53781,0,0,0.0033076802901552444
53787,0,0,0.10427243002841138
53794,0,0,1.2574140785596285e-05
53796,1,1,0.7068532591399517
53797,0,0,0.003520955032308145
53800,0,0,0.002279010371465224
53801,0,0,0.0005526572254602515
53804,0,0,0.007635752726378352
53807,0,0,0.003959588799805394
53814,1,1,0.770610415562021
53828,0,0,0.006454005656430114
53829,0,0,0.002021444710659104
53833,0,0,2.0971750589880162e-07
53838,0,0,0.002057270481410463
53839,0,0,0.05655651064446753
53845,0,0,0.06143059182335204
53855,0,0,3.996149151258673e-06
53861,0,0,0.0486098085431428
53882,0,0,0.0056377031331475225
53888,0,0,0.015420779261095802
53909,0,0,1.001596390807573e-05
53911,0,0,0.013396605310939705
53916,0,0,0.0005861260736828896
53918,0,0,4.361104386809579e-05
53924,0,0,0.004973745592881833
53936,0,0,0.12195474255325536
53946,0,0,0.009372260339500178
53963,0,0,0.05455271826648397
53967,0,0,1.4513516604557543e-05
53968,0,0,5.4433593146069044e-05
53970,0,0,0.023359615870153
53973,1,0,0.04929851195590155
53974,1,0,0.2823914155324447
53979,0,0,0.00031747502951635253
53980,1,0,0.19146458320062548
53987,0,0,0.031360992003190535
53988,0,0,7.319275663481401e-05
53996,0,0,0.02731516402001493
53997,0,0,0.010257721252848469
53998,0,0,0.004028016798487928
54022,0,0,5.098043363961463e-05
54034,0,0,3.6928567936092865e-05
54035,0,0,0.038960817465385225
54039,0,0,6.912267879714981e-06
54049,1,1,0.9698583739882756
54062,0,0,2.0486577596402192e-05
54064,0,0,0.03245176259083817
54068,1,1,0.6268123792594896
54072,0,0,0.001856636329031765
54075,0,0,0.006701049790531665
54093,0,0,0.004109765937675841
54094,0,0,0.09866895899919656
54102,0,0,0.001804157159817464
54103,0,0,0.008935426676325445
54105,0,0,0.002865541849490396
54108,0,0,0.031118030534573304
54109,0,0,0.017132839857698843
54116,0,0,0.07873929115622429
54118,0,0,0.0001545137265152322
54119,0,0,0.0004709448620624431
54121,0,0,0.0007333632735825917
54122,0,0,1.697871924341447e-05
54145,1,1,0.9281475265349084
54153,0,0,0.001053467776765476
54155,0,0,0.007947643636844292
54165,0,0,1.057423336818941e-06
54166,0,0,0.26035035416175406
54167,0,0,0.11998462023718706
54170,0,0,0.11002626035156066
54172,0,0,0.1473225141587506
54175,0,0,0.001810425821926929
54176,0,0,3.979131146403757e-07
54192,0,0,1.7665742890583354e-05
54211,0,0,0.2945757835581842
54213,0,0,4.6149196972396606e-05
54219,0,0,0.007161204807802533
54221,0,0,0.0011205068790492865
54232,0,0,0.0007838673396731327
54240,0,0,0.2089276833797806
54244,0,0,0.05435674611164415
54246,0,0,0.05802382235425787
54247,0,0,4.887070144209639e-05
54248,0,0,0.0006440529989296121
54249,0,0,0.0005439493879626286
54253,0,0,0.00010921680435002069
54259,0,0,0.00099752564045839
54260,0,0,0.013149067465166238
54262,0,0,1.4487776915828395e-05
54263,0,0,1.352125432769105e-07
54265,1,0,0.3890430145817896
54278,0,0,0.0006510031217769694
54298,0,0,0.0030016563898442677
54303,1,1,0.9990068748164488
54304,0,0,0.009054932436152614
54306,0,0,0.011340500555111129
54311,0,0,0.0031679264734202186
54319,0,0,0.006604904729148909
54328,0,0,5.081808769107741e-05
54330,0,0,0.002646772197544341
54331,0,0,0.06841512110957274
54337,0,0,0.028044266859028038
54340,0,0,0.0012007375087989636
54343,1,1,0.5671580761133173
54344,1,1,0.9993094638688256
54345,0,0,0.0386390075414871
54351,0,0,0.0029092912641118245
54352,0,0,0.00042508820310933383
54356,0,0,0.10354334436917514
54366,0,0,0.0029498740314214
54369,0,0,3.8033847490925954e-05
54371,0,0,0.39414452926956334
54380,0,0,0.00019404380640084202
54385,0,0,0.08682239737256157
54395,0,0,0.04272176359313262
54398,0,0,0.005331755402548057
54406,0,0,0.0025693439631090244
54423,0,0,0.3707194656268794
54427,0,0,0.4600226487539231
54433,0,0,0.018308968651954
54439,0,0,0.00026325022788664193
54440,0,0,0.001103870664401857
54441,1,1,0.5119601833250442
54442,0,0,0.009813610541352208
54447,0,0,1.7256190704305875e-06
54461,0,0,0.0002995056810390837
54471,0,0,2.4120586344643397e-05
54472,0,0,0.0010175448813160043
54486,0,0,3.864345355304692e-05
54495,1,1,0.9862808145253812
54498,0,0,0.0009064513776788546
54501,0,0,0.0016297277300579222
54505,0,0,0.21214033901082485
54511,1,1,0.9967056288522622
54518,0,0,0.0006910414792030295
54519,0,0,0.007256870489166331
54523,0,0,0.16663809645331373
54530,0,0,0.0003939874627847723
54538,0,0,0.024925415595815188
54544,0,0,5.609286793865943e-06
54559,0,0,2.2097949405134495e-05
54563,0,0,0.008540115719152797
54566,0,0,0.09051117655783239
54576,0,0,0.06167577537214794
54578,0,0,0.3324386597698208
54580,1,1,0.9715541641182397
54585,0,0,0.00781103836168453
54595,0,0,0.0007793332733903692
54598,0,0,0.00305213893475895
54604,0,0,0.005945377311806104
54613,0,0,0.051161844829738914
54614,0,0,0.006575110158192254
54621,0,0,0.00022668405583461693
54623,0,0,0.007349046402335663
54626,1,0,0.38107111034007085
54640,0,0,0.1434695837590825
54641,0,0,0.00965354069752227
54644,0,0,0.0009187579100352314
54647,0,0,6.861343372008746e-05
54650,0,0,0.009544548639142406
54655,0,0,0.11751904651579277
54657,0,0,6.424045112939643e-06
54659,0,0,0.4946603539607162
54664,0,0,0.007141211276553982
54666,0,0,0.0018000607400424564
54672,0,0,0.14503398588988262
54675,0,0,0.00022176279695772675
54680,0,0,0.23868188425283035
54694,0,0,9.596441894684269e-05
54698,0,0,0.00024577632993000623
54699,0,0,0.0018982668847237062
54705,0,0,4.986436403568819e-05
54710,0,0,8.570921134186324e-05
54713,0,0,0.012808780729504204
54719,0,0,0.00023895089880339218
54721,0,0,0.005718330756304175
54730,0,0,0.001441619836378951
54734,0,0,7.792943229059546e-06
54737,0,0,0.0386920916058929
54740,0,0,0.00039002106219713253
54741,0,0,0.12973473135578922
54745,0,0,0.02669982949763605
54748,0,0,0.0014648417831037834
54749,0,0,0.00038190096871534385
54750,0,0,6.733044195092412e-07
54751,0,0,5.948693460901106e-05
54756,0,0,0.002921311106741455
54760,0,0,0.4040560969760211
54768,0,0,0.011090343219899775
54772,0,0,5.316206106708079e-05
54780,0,0,8.27663735137501e-06
54786,0,0,0.01971378965634608
54792,0,0,0.007892755507782498
54797,0,0,0.010102746532963733
54798,1,0,0.04978568124183064
54812,0,0,0.00374009379964215
54822,0,0,0.02167115526440701
54824,0,0,0.03229571266351907
54825,1,0,0.039445553412584336
54826,1,0,0.1649832075137682
54829,0,0,0.011283012268896171
54830,0,0,0.00036490316369861513
54846,0,0,0.003059215417146652
54848,1,1,0.9859782164463421
54849,0,0,0.0006447081392941872
54850,0,0,6.212535160949455e-05
54859,0,0,0.0012981592702818116
54860,0,0,0.00047057034391474544
54862,0,0,0.009725163532198105
54874,0,0,0.07532720752453595
54875,0,0,0.12006233216589061
54882,0,0,0.0010607720238033696
54884,0,0,0.022794358660156524
54886,0,0,0.0007609198423709655
54888,1,1,0.9878491052782795
54889,0,0,0.0002519755273230568
54892,0,0,0.07625276650411957
54901,0,0,0.0001941799164696587
54915,0,0,0.005207667929552709
54919,0,0,0.00188083977051132
54920,0,0,0.22482922599843644
54921,0,0,0.0006407173336507717
54923,0,0,9.32388140290657e-05
54925,0,0,0.0488039362917495
54929,0,0,0.0004782013527078801
54937,0,0,0.05459245356974254
54948,0,0,0.0026974455489014513
54970,1,1,0.9827206586983109
54972,1,1,0.95141385241354
54975,0,0,0.2536557230242721
54986,0,0,0.00596647876858639
54990,0,0,0.004564196316133482
54993,0,0,5.975663634132481e-05
54997,0,0,0.43599488653125446
55005,0,0,0.10086760989814904
55007,0,0,0.050529599119771916
55011,0,0,0.03837890227111997
55034,0,0,0.0072475790010550255
55035,0,0,0.0010995809593767278
55043,0,0,0.0499941316706764
55044,0,0,0.0010415401468173938
55053,0,0,0.02045383091736473
55056,0,0,0.003397968588982354
55059,0,0,0.0009575894133219637
55062,0,0,6.845212468396598e-06
55067,0,0,0.0035395253265652826
55068,0,0,0.0006411622585418824
55075,0,0,4.648957647894102e-05
55080,0,0,0.0019035876097541122
55084,1,0,0.06111647330471459
55093,0,0,0.07971295962405407
55095,0,0,0.013182587134388414
55101,0,0,0.046890972380233195
55103,0,0,0.0012088571759580307
55119,0,0,1.5439100696864166e-05
55120,0,0,2.6205798499181757e-06
55123,0,0,7.329352216481089e-07
55129,0,0,0.013619869724237215
55130,0,0,0.0743733019516411
55134,0,0,9.458365238181534e-05
55135,0,0,0.11984280414803704
55158,0,0,0.0824854279467326
55165,0,0,0.0037366026802944405
55170,0,0,7.036215269948111e-05
55174,0,0,0.0027085201653635656
55177,0,0,0.049925056721741606
55180,0,0,0.0001087434053355469
55188,0,0,0.006584157670163241
55191,0,0,0.03249358615352169
55198,0,0,0.00019936673316974586
55199,0,0,0.0010102534689157424
55200,1,1,0.9909715162846181
55202,1,0,0.17122948232454874
55216,0,0,0.0009207456531127109
55236,0,0,7.460274076020387e-05
55245,0,0,4.638521849623247e-06
55248,0,0,0.09386503988546578
55250,0,0,0.0523993705388953
55255,0,0,3.979930412305199e-05
55257,0,0,0.003095003360225033
55266,0,0,0.00018549146875347305
55270,0,0,0.00010955877723847097
55279,0,0,1.565678723191032e-05
55280,0,0,0.004012983994287651
55282,0,0,0.015160780532897494
55283,1,1,0.6940037500008432
55294,0,0,0.0010102404503634697
55296,0,0,0.02882386925519798
55301,0,0,0.1215687935753783
55307,1,1,0.995754876158515
55310,0,0,9.65323424372872e-05
55320,0,0,0.0006376425546009716
55327,0,0,0.005364825952396152
55333,0,0,0.00038722002276198714
55337,0,0,0.018728653547173235
55338,0,0,0.0009635584340072645
55346,0,0,4.8325858381934735e-05
55354,0,0,0.03413836685473674
55356,0,0,0.009268993154780641
55364,0,0,0.0219313307284662
55365,0,0,0.0019873589695372875
55373,0,0,0.0005083829259299503
55377,0,0,0.0044746567902407205
55379,0,0,0.004736478345968904
55394,0,0,1.670774566732615e-05
55397,0,0,1.7200597274616033e-06
55404,0,0,0.00237677754430871
55428,0,0,0.016317640460338737
55429,0,0,0.08264321336577915
55439,0,0,4.572596489431039e-05
55443,0,0,0.012827333638461945
55446,0,0,0.10604024732698497
55448,0,0,0.001629581334159824
55449,0,0,0.00029340293294977674
55456,0,0,4.888641078034221e-06
55462,0,0,0.0009303216861634989
55465,0,0,0.0025716598493808252
55471,0,0,0.004680370663528151
55476,0,0,0.00018599417752403926
55478,1,1,0.9928347484006045
55479,0,0,0.0032474996571904536
55484,0,0,0.09570124463813277
55486,0,0,0.02737822780872818
55488,0,0,0.00876794078694214
55492,0,0,1.9909407710751907e-05
55495,0,0,0.034238348566833186
55496,0,0,3.071521931619523e-05
55511,0,0,6.122734005606646e-05
55514,0,0,1.3416011713469367e-05
55515,0,0,0.002209634014024752
55516,0,0,0.05935469142354787
55524,0,0,0.0037162065431821482
55536,0,0,0.012207231093675507
55537,0,0,0.01940380573338508
55541,0,0,2.164272081928044e-05
55545,0,0,0.031733739717193676
55550,0,0,5.332213844581816e-05
55553,0,0,0.00038601108697815554
55562,0,0,0.020306484852927527
55570,0,0,0.014885367242971872
55572,0,0,0.03603841239498811
55586,0,0,3.319743860782413e-05
55591,0,0,0.06915982900125517
55596,0,0,0.003515535266533204
55614,0,0,0.041374865308798255
55617,0,0,0.00016548664660512156
55622,0,0,0.006637784017423977
55626,0,0,0.23279150657116732
55643,1,1,0.9385005587077467
55644,0,0,0.16040599829074817
55647,0,0,0.022548937988114075
55648,0,0,9.972081455600567e-06
55657,0,0,0.007107039310527789
55658,0,0,0.004030186696169084
55661,0,0,0.0004925822339374354
55666,0,0,2.752384009350325e-06
55669,0,0,0.07937829870607865
55670,0,0,0.0918682764174691
55674,0,0,0.0002754668299404858
55677,1,1,0.9978555870778674
55678,0,0,0.0007571971913829982
55684,0,0,0.2090345139431787
55685,0,0,0.0024329298867000458
55686,0,0,0.011457127517492035
55691,0,0,0.0003294612754310124
55694,0,0,6.338742058242277e-05
55705,0,0,0.00014716353227296983
55710,0,0,0.08538479645487543
55711,0,0,0.01906949495260546
55712,0,0,0.1337641035813116
55713,0,0,0.01175680297189085
55716,0,0,8.276783682857338e-05
55727,0,0,0.0016770448033936905
55729,0,0,0.18047939578566896
55730,0,0,0.0002196703897170316
55738,1,0,0.047414586929657034
55752,0,0,0.002242013558640491
55765,0,0,1.2277633364995965e-06
55771,0,0,0.1075490419360984
55772,0,0,2.207550732067518e-05
55776,0,0,0.00017147385095112006
55778,0,0,0.007472295100900826
55780,0,0,0.015205573776604952
55781,0,0,5.026062314954651e-05
55784,0,0,3.39496980466621e-05
55788,0,0,0.09176456298991939
55793,0,0,0.15210346404605857
55799,0,0,0.0012239609575963577
55802,0,0,4.846476179647814e-05
55805,0,0,2.7880205341022123e-06
55806,0,0,0.0031640024219936583
55807,1,1,0.9998562899787793
55817,0,0,4.206004111383876e-06
55819,0,0,0.08983905826651975
55820,0,0,0.033225542995259934
55827,0,0,0.02872608605873101
55833,0,0,0.00019891693617888134
55841,0,0,0.03684912113197714
55843,0,0,0.0019922663400124305
55849,0,0,1.9287696955554785e-05
55853,0,0,0.0032862439131858224
55855,0,0,0.06671487292602679
55864,0,0,0.004134773587836624
55866,0,0,0.006014711983553379
55867,0,0,0.04502652788741505
55875,1,1,0.5545207923269133
55876,0,0,0.049582729179674975
55885,0,0,1.56724907700997e-05
55910,0,0,0.020308684503569124
55911,0,0,0.000645865533619956
55912,0,0,1.209682038312965e-05
55915,0,0,0.00048556661532300175
55917,0,0,0.05527615664128606
55919,0,0,0.002664874454687512
55932,0,0,0.008711395952343421
55933,0,0,3.678448927208523e-05
55934,0,0,0.3535833688405703
55942,0,0,0.001847728348745395
55943,0,0,0.009396312005489668
55952,0,0,3.8311409018085094e-05
55955,0,0,1.0913292014094638e-05
55957,0,0,0.00017179777718394706
55960,0,0,0.049872821221976185
55963,0,0,0.0023459139801496305
55964,0,0,0.0015234965399733471
55973,0,0,0.0004706276343053604
55987,0,0,0.02396661883430963
55988,0,0,0.00019013779402646676
55989,0,0,0.007032202597165181
55990,0,0,0.0004025781756749474
55992,0,0,0.09476256756467713
55995,0,0,0.0072830033513697
56005,0,0,4.003961633440215e-05
56008,1,1,0.7314099830185741
56010,0,0,0.014987051726475527
56024,0,0,0.2183938979372222
56041,0,0,0.004849834533931864
56042,0,0,0.001668534607778547
56051,0,0,0.000305272553710413
56054,0,0,0.00020672744328585236
56072,0,0,9.485186250560999e-07
56073,0,0,0.0032334150208725267
56075,0,0,1.828025771138793e-05
56079,0,0,0.0077580567779935855
56081,0,0,0.004624584560097463
56086,0,0,0.001057862254983942
56093,0,0,0.00014064494876447203
56104,0,0,0.005444805188194949
56107,0,0,3.2197624747813156e-06
56116,0,0,0.04877594336189434
56118,0,0,0.0002911422071958824
56122,0,0,0.00767095110953365
56125,0,0,0.0041446202343606246
56128,0,0,6.3759886645992e-06
56129,0,0,0.084953106348356
56132,0,0,0.25918980048454676
56143,0,0,0.006239699351328705
56147,0,0,0.0017375990516163133
56149,0,0,7.728892142995889e-05
56151,0,0,0.06096742597546777
56152,0,0,0.06169495403925775
56156,0,0,0.00019229969120437696
56158,0,0,0.008438109000356192
56162,0,0,0.00012915706732786995
56165,0,0,0.01594283302781812
56182,0,0,0.05711096889376557
56184,0,0,0.000162013679524168
56190,1,1,0.5045171274897822
56200,0,0,0.28807398658828803
56205,0,0,2.7020690504256274e-06
56206,0,0,0.00017600284844142785
56208,0,0,0.0008690126896299579
56211,1,1,0.9868541572282852
56215,0,0,0.0034165350425406004
56216,1,1,0.6369162992522348
56217,0,0,0.07766777389697602
56218,0,0,0.001210988135737575
56219,0,0,0.011058003685580629
56222,0,0,0.0029299203978879586
56230,0,0,0.06869059391200094
56235,0,0,0.0034465141435530895
56240,0,0,0.04236773723571329
56245,0,0,0.028754356062184627
56250,0,0,2.0258258450927955e-05
56252,0,0,0.011105980475479699
56259,0,0,0.05959728162059869
56261,0,0,0.011951996875098899
56263,0,0,0.04120105922975475
56266,0,0,0.0038813142003173025
56268,0,0,1.5435544483272475e-05
56270,0,0,0.001499778003724395
56272,0,0,0.003541971508079237
56277,0,0,4.2866438832448473e-07
56280,0,0,0.00012865326030026133
56282,1,0,0.09245257726412973
56286,0,0,0.18560954816661104
56293,0,0,0.01226916259718297
56294,0,0,7.334520600492423e-05
56310,0,0,7.877974787088412e-06
56315,0,0,9.078384331148576e-05
56344,0,0,0.005534853418987564
56347,0,0,0.0005512190080559103
56349,1,1,0.9994448717422315
56357,0,0,0.005366054994040024
56366,0,0,0.01992977071080225
56378,0,0,0.00010682792405363958
56383,1,1,0.9668715947202323
56394,0,0,0.0012739346969773827
56399,0,0,3.210386873712772e-05
56401,0,0,0.21518447902707435
56405,0,0,1.090104199712549e-06
56409,0,0,0.003094216998422275
56416,0,0,0.0006719760364696703
56423,0,0,0.398545552699658
56426,0,0,0.11483436005708537
56429,0,0,0.0001168957698792755
56430,0,0,0.004034977822732759
56433,0,0,0.0018048388769745629
56450,0,0,0.048024864854500596
56456,0,0,0.00039740059705282256
56461,0,0,0.0009585167132094735
56468,0,0,6.1808322087261725e-06
56470,0,0,0.0014015435871258704
56479,0,0,0.0076431680678209
56482,0,0,0.0059312725403478424
56484,0,0,0.006163257196555445
56486,0,0,0.00038572645845026075
56493,0,0,0.0003092728433324147
56496,0,0,0.02284510505620326
56500,0,0,0.0002798367816274831
56509,0,0,0.006448176222501089
56510,1,0,0.12363160952957306
56517,0,0,0.0165547507758278
56520,0,0,0.0017646784634979165
56523,1,1,0.6043388857010789
56524,0,0,0.05041714169280749
56525,0,0,0.13105102444536207
56529,0,0,4.0870699919463926e-05
56531,0,0,0.04051717304352895
56533,1,1,0.7359641715027374
56534,0,0,0.013015030834111287
56546,0,0,0.00024334438158135304
56548,0,0,0.00020081719417746913
56553,0,0,0.0003382908703801616
56569,0,0,0.006883699378469257
56580,0,0,0.0253971057977159
56583,0,0,0.010482801831856509
56585,0,0,0.01176672710983584
56586,0,0,0.0007514987447416361
56588,0,0,6.523153932472286e-05
56589,0,0,0.013248245797813965
56592,0,0,0.0025650280550538478
56595,0,0,0.0027827532598029186
56596,1,0,0.33651854856353447
56608,0,0,0.023752582035539854
56610,0,0,0.0006761897617855989
56613,0,0,0.006256230429850002
56622,0,0,0.16388992429417773
56630,0,0,3.6658630041778227e-06
56634,0,0,0.008023835825512275
56642,0,0,0.0008262143920573495
56645,0,0,0.014831292007159458
56652,0,0,0.03281244309146575
56655,0,0,0.0030929048049506184
56662,1,1,0.999598275774696
56665,0,0,0.004905417305404246
56668,0,0,0.007919483655999034
56678,1,1,0.9570954463142058
56679,0,0,0.17652918623093103
56688,0,0,0.0039892536707720186
56689,0,0,8.617357451080245e-05
56692,0,0,0.00043686367982265434
56703,0,0,0.07206629608458219
56707,0,0,2.278469421945025e-05
56708,0,0,0.00013590698217925365
56709,0,0,6.503749347880793e-06
56715,0,0,0.0016267902455410256
56724,0,0,0.001678246958777133
56730,1,0,0.06309003591741542
56731,0,0,0.1839438431545291
56733,0,0,0.01160597959075625
56736,0,0,2.1457205317849742e-05
56737,0,0,0.008880635399001966
56739,0,0,7.955017221325064e-05
56741,0,0,8.898528453251028e-05
56746,0,0,0.0014331289013841044
56748,0,0,7.081912604066883e-05
56749,0,0,0.010585845808624605
56750,0,0,0.03979061835132582
56759,0,0,0.03344665543854205
56766,0,0,0.00447189874090185
56767,0,0,5.0125212352537856e-05
56771,0,0,0.008286931965814603
56774,0,0,0.33372173767520874
56784,1,1,0.8415505213628877
56791,0,0,0.003954545454572205
56794,1,1,0.9370850224098849
56796,0,0,0.0013862247487690157
56798,0,0,0.010535818008732758
56799,0,0,0.007227282449171086
56801,0,0,0.11325574711105396
56808,0,0,0.00012806400287974443
56814,0,0,0.0004949254709897217
56826,0,0,0.017646177967967847
56828,0,0,1.9215396324497402e-05
56830,0,0,0.005670367085662654
56831,0,0,0.0010360871385769123
56834,0,0,0.002039660700189849
56841,0,0,0.1671484695106534
56842,0,0,0.14256717988449655
56846,0,0,0.0030714014006838937
56853,0,0,0.0027231056320038065
56856,0,0,1.8493365323849758e-05
56858,0,0,0.001961565874092336
56861,0,0,0.03042922742655039
56868,0,0,0.001266857756216523
56869,0,0,0.0072578073595364065
56871,0,0,6.12604939178817e-06
56876,0,0,0.01710649125902236
56880,0,0,0.020753390443477366
56889,0,0,8.954884662471969e-05
56894,0,0,0.004329598762982331
56895,0,0,0.010522092687756678
56901,0,0,6.478223483196171e-06
56905,0,0,6.678137479449653e-06
56907,0,0,0.1363193604059049
56910,0,0,0.00030924680162330875
56915,0,0,0.0002444039288726717
56929,0,0,0.04265369867998292
56936,0,0,0.027145602968955684
56941,0,0,3.5029309047274e-05
56947,0,0,0.000872780464233399
56952,1,1,0.9476465373928045
56953,0,0,0.015452382251088989
56955,0,0,0.06579107913030664
56956,0,0,0.09225637869752266
56958,0,0,0.00658727046983715
56961,0,0,0.009854215472695554
56963,0,0,0.0017325432533739453
56965,0,0,0.00011066019868741487
56968,0,0,0.019116978947910368
56973,0,0,4.540344959742918e-06
56975,0,0,0.00415738256316232
56976,0,0,1.9702601641181365e-05
56980,0,0,0.06728077604669332
56981,0,0,0.0009323805515732904
56991,1,1,0.5432280306611281
57004,0,0,1.8172962674597303e-05
57012,0,0,0.24234036464828007
57025,0,0,0.08317968459640931
57028,0,0,0.02497254822134056
57035,0,0,0.4268110117297136
57054,0,0,0.00021230880369684115
57057,0,0,9.055681748336418e-06
57058,0,0,0.021819306919475593
57061,0,0,0.001126150725646448
57063,0,0,0.003725286106126346
57064,0,0,0.0003425200150754851
57068,0,0,1.1191090097132424e-05
57076,0,0,0.45023006895829665
57080,0,0,0.003016885498169782
57088,0,0,0.00019998894413543876
57091,0,0,0.0001876201821197225
57095,1,0,0.2975024952225017
57100,0,0,0.019715884659927723
57110,0,0,0.00016471500501445227
57121,0,0,0.13472827091234832
57123,0,0,0.0006081171049483287
57129,0,0,6.280407274240463e-05
57132,0,0,5.7551815600652504e-05
57141,0,0,0.0008896032822684041
57142,0,0,0.010600254660413588
57154,0,0,0.009117236608044815
57162,0,0,0.004176158482264778
57170,0,0,0.0073602322765250845
57174,0,0,0.0003683222691363563
57176,0,0,0.004973971134477008
57180,0,0,0.022491957968471758
57181,0,0,6.61641483194718e-05
57182,0,0,0.0002141778004546618
57186,0,0,0.003606146502617838
57192,0,0,0.013520319531354573
57198,0,0,0.0003290246807149145
57206,0,0,0.021065450789353644
57209,0,0,0.03963816336588138
57214,0,0,0.0844811899329307
57215,0,0,0.05367249196987859
57222,0,0,0.04725958743181692
57223,0,0,7.530807859076197e-06
57226,0,0,0.0011812943950743385
57227,0,0,0.010337123338067841
57230,0,0,0.00029295289176284073
57233,0,0,0.04969626996483292
57241,0,0,0.1452010270351213
57249,0,0,0.013896811572563115
57251,0,0,0.01880249433506412
57255,0,0,0.49945251179991135
57259,0,0,0.001929863407592901
57266,0,0,0.015026989175289576
57270,0,0,0.002708280965069315
57273,0,0,1.1291260017315565e-05
57278,0,0,0.0015066099626966398
57281,0,0,0.0033143215342054198
57283,0,0,0.4421128770718961
57285,0,0,0.008931259669915413
57286,1,1,0.9979046900720848
57293,0,0,0.002951207371052186
57297,0,0,0.00014788425271626017
57306,0,0,4.280506581164304e-05
57310,0,0,0.00018088446258005607
57311,0,0,2.399774138076667e-05
57313,0,0,0.000336812812181425
57316,0,0,0.00036778674227900865
57323,0,0,0.024037817001818326
57324,0,0,2.0961366096678e-05
57326,0,0,0.05307044170719537
57328,0,0,0.0007594046025099782
57332,0,0,9.042090566711428e-05
57333,0,0,0.018379362311788723
57337,0,0,0.00028153591839151965
57342,0,0,7.432098806000294e-05
57374,0,0,0.0005821533740611026
57378,0,0,0.0013693027323946137
57389,0,0,0.008424520396115881
57390,0,0,0.1623378889078305
57398,0,0,0.06423649330525794
57406,0,0,0.13714093122232554
57409,0,0,0.0007335136019993937
57410,0,0,0.03495623764398144
57413,0,0,0.023897440271408717
57425,1,1,0.9853730204830358
57431,0,0,0.004276439776019688
57434,0,0,0.01827677089834329
57435,1,1,0.9258412310864866
57440,0,0,0.00024051644999849075
57443,1,1,0.9853672029199732
57447,0,0,8.167706157886626e-06
57450,0,0,0.0007938253830911208
57452,0,0,0.0016319162852184868
57463,0,0,0.00026074426845687715
57468,0,0,7.424541657346387e-05
57485,0,0,0.00016330112928757828
57488,1,1,0.5919368882104238
57501,0,0,0.0014580446242031633
57502,0,0,8.714976610034325e-05
57520,0,0,0.004473640099471829
57530,0,0,0.20719800815054015
57531,1,0,0.18137729157473892
57533,0,0,0.08420474540582217
57535,0,0,0.00035418866052140045
57558,0,0,0.000667181234944326
57568,0,0,0.08247417738662391
57570,0,0,0.0003222931843361576
57588,0,0,0.006238974076887102
57600,0,0,0.14203515187540694
57603,0,0,0.0025442322648087765
57609,0,0,0.0005807068351284919
57616,0,0,0.020448341824801902
57618,1,1,0.5045872916245187
57625,0,0,0.005958276505454822
57629,0,0,0.02321449121485401
57631,0,0,0.007578231796652564
57632,0,0,0.01605434150221101
57638,0,0,3.993615359944358e-05
57642,0,0,5.598287633100088e-06
57644,0,0,0.010382362558316274
57650,0,0,9.902599941016603e-05
57651,0,0,0.024521094734299673
57655,0,0,7.990220545491788e-08
57659,0,0,0.08080407942291937
57683,0,0,0.0018675743585935575
57684,0,0,7.670332072357713e-05
57686,1,0,0.029608306029833657
57688,0,0,0.009796864358439948
57692,0,0,0.0005020486741958548
57698,0,1,0.6106409366993936
57699,0,0,0.0066120057629987985
57703,0,0,0.004016534010127077
57704,0,0,0.03455732658535532
57721,0,0,0.013413040688525658
57735,1,0,0.1257420032004097
57736,0,0,0.0029439723974950083
57746,0,0,0.43315631238743796
57748,0,0,0.028357530938745573
57750,0,0,0.00022429925066882236
57753,0,0,0.0001622716714475181
57756,0,0,0.0005956733923368408
57766,0,0,0.000621082104151404
57771,1,0,0.09077991072754912
57773,0,0,0.00047134438967697255
57776,0,0,1.985347253127364e-05
57777,0,0,0.008701170053789564
57778,1,1,0.5679684355987805
57780,0,0,5.253225582200862e-06
57790,0,0,0.0013360232083859762
57794,0,0,0.06814819131696019
57801,0,0,0.14324205671120144
57804,0,0,0.009106808456390537
57811,0,0,0.014968905817896377
57813,0,0,0.0018625503862046955
57816,0,0,0.0018094782602827075
57824,0,0,0.32951975082566953
57832,0,0,0.29059199457599544
57833,0,0,0.05298015627830875
57845,0,0,0.0007531559218452829
57852,0,0,0.00627194436434465
57853,0,0,0.00418100954871877
57854,0,0,0.014492577830320378
57859,0,0,1.591925177469027e-05
57866,0,0,0.01628861509345126
57877,0,0,0.09838046284784348
57883,0,0,0.013868140693365076
57890,0,0,0.03508709164482217
57895,0,0,0.0018819672350027766
57899,0,0,0.001085243739333032
57900,0,0,0.1152167290498629
57907,0,0,0.0009922995298990173
57911,1,0,0.08530461045103309
57913,0,0,0.0031960684968621775
57919,0,0,0.1175654350094981
57929,0,0,0.0001682811786421844
57933,0,0,0.06734319804776741
57936,0,0,0.056758859743830416
57942,0,0,0.0011613609208138158
57946,1,1,0.5396462151811816
57954,0,0,0.005877396744452452
57955,1,0,0.07825235036495294
57958,0,0,0.004137245621329543
57974,0,0,0.4446782013090005
57976,1,0,0.04311850294380517
57984,0,0,0.12667210901215964
57988,0,0,0.05005938462696732
57990,0,0,0.04702711985346453
57993,1,1,0.9912081003557625
58000,0,0,0.07640038904408242
58002,0,0,0.00948285316652854
58005,0,0,3.318058090893527e-05
58006,0,0,0.022695723071492976
58007,0,0,0.009017421036894421
58015,0,0,0.00012810543570004694
58018,1,0,0.16624493346937722
58024,1,1,0.9786360020332877
58025,0,0,2.026125769243321e-06
58026,0,0,0.006961649573814814
58030,0,0,1.9625933713618883e-05
58040,0,0,0.013679186127639091
58043,0,0,0.002943813986284454
58046,0,0,6.362560529257138e-05
58050,0,0,0.0867128842243296
58054,1,0,0.05767567289781695
58056,0,0,0.08220488068055598
58057,0,0,0.008503042999568423
58078,0,0,0.0006915994553937904
58079,1,1,0.9989072873363717
58082,0,0,0.00011794408709680833
58091,0,0,1.4295295555230443e-06
58096,0,0,0.0018160250441933072
58098,1,0,0.3928759161826669
58099,1,0,0.03237855045044097
58103,0,0,0.10106648294306038
58108,0,0,0.010139093749614594
58110,0,0,4.848108717880523e-05
58113,0,0,0.00013455508395907327
58120,0,0,0.07480002418719116
58121,0,0,0.005883920407570095
58124,0,0,0.03466795138669745
58140,0,0,0.06833607058021038
58143,0,0,0.005901015053892378
58154,0,0,0.004366752371670346
58158,0,0,0.0023029770159708213
58160,0,0,0.10184716525317021
58176,0,0,0.12092757644877326
58188,0,0,7.607241725794951e-07
58192,0,0,8.298618749993898e-05
58195,1,1,0.8484884951679611
58204,0,0,0.23046088766424538
58206,0,0,0.007067928524455568
58207,1,1,0.9292963992471668
58210,0,0,0.006043385529283821
58214,0,0,0.006976479806851174
58222,0,0,0.0459835896707387
58228,0,0,0.0030877467112756427
58238,0,0,3.88309205761303e-05
58243,0,0,4.194075587874813e-05
58245,0,0,0.04950761271038832
58247,1,1,0.9173724286948864
58258,0,0,0.00021788519056100834
58275,0,0,0.07393570968310006
58278,0,0,0.01586113495903018
58289,1,1,0.983179945831789
58290,0,0,0.03673512594920097
58298,0,0,0.17775200817377285
58300,0,0,0.005337923156353583
58303,0,0,0.00014342313141433804
58306,0,0,0.0012690992281233647
58307,0,0,0.00020002295543111888
58309,0,0,0.014174471035412048
58310,0,0,0.0008613242678440251
58318,1,0,0.4655212582733959
58324,0,0,0.02716088408032741
58329,0,0,0.00011950927444864336
58341,0,0,0.18719907745382083
58348,0,0,0.030852422234676935
58349,0,0,0.004863217778783611
58350,0,0,2.4482961039090468e-05
58354,0,0,0.01747779540485367
58355,0,0,0.19356820186301305
58359,0,0,0.0038141205490364754
58365,0,0,0.038677442409898934
58370,0,0,0.0002385878327387513
58371,0,0,0.016420254253685665
58377,0,0,0.006026867684781484
58387,0,0,0.020756347997689887
58389,0,0,4.884118307650051e-07
58390,0,0,0.023788643701687488
58397,0,0,0.03409209953392447
58408,0,0,0.0015529169298051997
58417,0,0,0.00025009918023685457
58428,0,0,0.0018745763331511644
58432,0,0,0.0020236485933919656
58433,1,1,0.988143761107078
58434,0,0,0.03101581550730497
58436,0,0,0.04408290571318701
58442,0,0,0.18699806758903934
58449,0,0,3.3021063967974975e-05
58458,1,1,0.8963459529627227
58468,0,0,0.0024193728013406366
58494,0,0,0.0009591842345376173
58506,0,0,0.0029924884258248
58508,0,0,0.0067647349792093235
58514,0,0,0.009413397692848775
58518,0,0,0.0014133530121411566
58528,0,0,0.0060167690498584845
58529,0,0,9.881143173108385e-05
58535,0,0,9.503336869681368e-05
58545,0,0,0.040804827644493356
58546,0,0,0.00016129352733896112
58552,0,0,1.140043122281111e-05
58558,1,0,0.35884864824954754
58560,0,0,7.173545954392159e-06
58561,0,0,0.04279430284439727
58563,0,0,0.01479776032657358
58569,0,1,0.6344057218561632
58572,0,0,0.05346728968808002
58573,0,0,0.00042495033105857216
58586,0,0,0.0025973766660469205
58588,0,0,2.1825344917175806e-07
58589,0,0,0.0005397104674863928
58591,0,0,2.586800456632758e-06
58594,0,0,0.05828463940882871
58597,0,0,0.05525866103259759
58598,0,0,0.01854105949446448
58603,0,0,0.48629598681130104
58609,0,0,0.0018087559997868306
58612,0,0,0.002058681924533692
58615,0,0,0.12556989087556544
58623,0,0,0.07203824812786327
58625,0,0,0.008597323819085779
58626,0,0,0.00043567608781181605
58630,0,0,0.12753207955149506
58632,0,0,1.2649865663509495e-05
58633,0,0,0.2726613546272271
58649,0,0,0.008913727402364078
58650,0,0,0.021135717770964506
58653,0,0,0.03426557513477195
58655,0,0,6.995032187707288e-05
58657,0,0,0.11754978240768794
58658,0,0,0.002479952661858097
58665,0,0,0.0031754483267130403
58668,0,0,0.0022463519825478176
58671,0,0,0.000821174839856747
58674,0,0,4.9119589727321266e-05
58695,0,0,0.006382507722595853
58696,1,1,0.9956428616194468
58699,0,0,5.572004913306785e-06
58702,0,0,0.11535091307864924
58709,0,0,0.43417157698346714
58710,0,0,0.2091462219549716
58712,0,0,0.16811512616436425
58713,0,0,0.0003273270191746975
58721,0,0,5.513255349345303e-05
58728,0,0,0.013468857823926084
58729,0,0,5.189726350676349e-05
58731,0,0,0.06108497771482531
58733,0,0,0.006925235052724611
58737,0,0,4.607382290989155e-06
58746,0,0,0.14320440010313887
58749,0,0,0.0025984173482414665
58750,0,0,0.0005214508615500555
58753,0,0,0.12124789172642939
58757,0,0,0.0352768121834327
58766,0,0,0.00012424603821684907
58773,0,0,0.0023264992405469935
58785,0,0,0.008955891027656001
58792,0,0,0.03676562214330146
58797,0,0,0.00023131383680273325
58807,0,0,2.8494378774648716e-05
58813,0,0,6.286050916472949e-06
58814,0,0,9.903039095276051e-05
58815,0,0,0.12895271778382655
58816,0,0,0.006486545564192908
58817,0,0,0.015832561591006954
58818,0,0,0.0006534256494136152
58822,0,0,0.011547532469825646
58827,1,0,0.05327092431031147
58830,0,0,0.0004818452741476007
58832,0,0,8.237540232737474e-06
58835,0,0,0.0006439282237808182
58837,0,0,0.0016655444081942763
58846,0,0,1.821724876805456e-05
58866,0,0,0.19188310484405527
58882,0,0,0.040211180196091816
58886,0,0,1.2021169200748423e-05
58888,0,0,0.026713427110048128
58889,1,0,0.20247494679743697
58904,0,0,6.737758370565547e-05
58908,0,0,0.0017691598836533334
58909,0,0,0.002251085307844793
58930,0,0,0.01821140842851489
58935,0,0,0.056321666785197594
58948,0,0,0.024853388003178652
58952,0,0,0.0013616307826447235
58957,1,1,0.9120111128069642
58959,0,0,0.004707381229379233
58987,0,0,0.006710539888402105
58998,0,0,0.027357595827742803
59003,0,0,0.0032192781225126818
59009,0,0,0.0017155114162282707
59011,0,0,0.01009490705795413
59013,0,0,1.9131325418240982e-05
59017,0,0,0.021804786976855228
59027,0,0,5.343411439996547e-05
59028,0,0,0.07994921062521158
59050,0,0,0.1823118377391293
59051,0,0,4.784360076249945e-06
59063,0,0,4.394975092785394e-05
59064,1,1,0.558985066653092
59077,0,0,0.002034777753963887
59078,0,0,0.005961158240070748
59111,0,0,0.0037335232184445635
59113,1,0,0.18149172795169768
59116,0,0,0.0040115745903100235
59124,0,0,0.005323888078803285
59140,0,0,0.0003915334445214642
59149,0,0,0.011821379951731808
59158,0,0,0.0006665899579985041
59166,0,0,1.2011010678674908e-05
59176,0,0,0.0018723234473073892
59179,0,0,0.0001979891205336449
59189,0,0,0.013678539889067545
59190,0,0,0.0661352457928495
59195,0,0,0.07249329407145384
59199,0,0,1.1565206431361404e-05
59207,0,0,0.045346205100724284
59209,0,0,0.009887702171680753
59216,0,0,0.059521614599094774
59219,0,0,0.0029949369398449446
59232,0,0,0.2546817618660778
59241,0,0,0.012555860845252707
59256,0,0,1.2077384686583779e-05
59264,0,0,0.023000014052969895
59267,0,0,0.016909876636908548
59270,0,0,0.37223602797885036
59277,0,0,0.00038594765676049753
59278,1,1,0.9237835644788037
59285,0,0,0.004049717991998455
59291,0,0,0.1745538008325497
59292,0,0,0.0004115576607473237
59295,0,0,0.009855130357046502
59308,0,0,0.0001431153996110566
59316,0,0,0.0091486934215807
59326,1,0,0.37783007376099775
59332,0,0,0.0011776178215660209
59333,0,0,0.0019711007128529155
59335,0,0,0.008648639266056654
59337,0,0,1.437688069465367e-05
59341,0,0,0.05224534271213893
59342,0,0,0.01093154866743537
59358,0,0,0.0003331069255058489
59359,1,1,0.9964009097655665
59360,0,0,0.00011026460428907695
59361,0,0,0.00014790057721299443
59362,0,0,2.5126512066922518e-05
59363,0,0,0.028225227874157557
59366,0,0,0.013635230486335944
59369,0,0,0.002199264222382279
59379,0,0,0.010191421049576817
59381,0,0,0.042820380670912955
59402,0,0,0.00557662069858326
59403,0,0,0.00042017352418509163
59407,1,1,0.9805493720636832
59427,0,0,0.0007643052657467003
59443,1,1,0.9173974345882376
59446,0,0,2.777954046695796e-07
59451,1,0,0.08565436250776774
59454,0,0,0.0002158733326741607
59459,0,0,0.0005859655576400038
59463,0,0,0.00022241115507619448
59466,1,0,0.019361838922849123
59467,1,1,0.9053032300496762
59473,0,0,0.09101764487135595
59477,0,0,0.0031696089343786434
59481,0,0,0.0013815285576262337
59516,0,0,0.10764630253496134
59522,0,0,0.017235124844563396
59527,0,0,0.01624328037697539
59546,0,0,0.0003548152521751839
59547,1,1,0.7946247719244591
59548,0,0,0.00010960510654996145
59552,0,0,0.001083434802326369
59554,0,0,3.192391509558796e-05
59560,0,0,0.002122688843336672
59567,0,0,0.00014175554265581495
59576,0,0,0.05302628418320709
59581,0,0,0.00011776420984413775
59584,0,0,0.07234216633112771
59594,0,0,0.00023955123922249016
59597,0,0,0.009616657563889311
59599,1,1,0.9997233079288343
59600,1,0,0.1068220320051541
59603,0,0,0.00010177317070429106
59606,0,0,0.08717202247606094
59610,0,0,0.0005558487382973364
59613,0,0,0.0008380019745763377
59614,0,0,0.00043623139113498646
59618,0,0,0.003326320674904272
59619,0,0,0.022256441301257042
59620,0,0,5.8942670857762095e-05
59627,0,0,0.004713430887359071
59631,1,1,0.9965554532858532
59633,0,0,0.007306099349184368
59634,0,0,0.0012626726134515355
59635,0,0,4.5600257964935034e-05
59636,0,0,0.01400425036833037
59637,0,0,0.0006875048185401945
59641,0,0,0.004826211239507517
59655,1,1,0.9978739084721522
59657,0,0,0.02168933081580996
59662,0,0,0.009652751579568486
59664,0,0,3.096723802359736e-05
59674,0,0,0.006528190852662742
59690,0,0,0.001422548121703395
59694,0,0,0.000756641868604108
59697,0,0,6.129570232936928e-06
59698,0,0,4.320538486742679e-05
59702,0,0,0.16255861176396952
59714,0,0,8.658753851497773e-05
59715,0,0,0.011112003570202872
59723,1,0,0.00682754121422918
59733,0,0,0.0002811963372560853
59742,1,0,0.015159435648001915
59747,0,0,0.0012590374699360308
59752,0,0,0.014376001981814174
59757,1,1,0.8438545392401932
59782,0,0,0.0002755412329707291
59783,0,0,0.0008152287805236328
59789,0,0,5.930143646869384e-06
59803,0,0,0.0003821092674760332
59811,1,1,0.923917756761313
59814,1,1,0.566790047905872
59816,0,0,0.07547055915960083
59818,0,0,2.0014723359618867e-06
59820,0,1,0.6686015195705265
59822,0,0,0.13099538736433144
59826,1,0,0.35472651518330944
59857,0,0,0.013075105933611528
59859,1,1,0.9991739142331667
59868,0,0,0.02089218155277355
59872,0,0,0.00042334262945297303
59877,0,0,0.00156926131815155
59879,1,0,0.21070607015680604
59880,0,0,0.0010093309653711265
59892,0,0,0.03454025759208031
59897,0,0,0.0026471272400105605
59901,0,0,3.3868175728929314e-05
59902,0,0,0.15658547868988354
59910,0,0,0.0023546869707018287
59918,0,0,0.00015894551937557718
59921,0,0,0.0009695230074089458
59923,1,1,0.6618812843022057
59931,0,0,0.004294345553023629
59934,0,0,0.03837811714234059
59938,1,0,0.3322559287046709
59943,0,0,0.01332428019680728
59952,0,0,0.007357168832479496
59968,0,0,0.13246538323224455
59974,1,1,0.9978022569101114
59977,0,0,3.5611684392125236e-05
59987,0,0,0.09511911352464203
59989,0,0,0.06500976657727839
59991,0,0,0.0006195725474228394
60006,0,0,0.1837821995660078
60008,1,0,0.03823835479200088
60011,0,0,0.002596284464691124
60013,0,0,1.7108970242114345e-06
60015,0,0,0.00012582165207544925
60038,0,0,0.00034323492736194325
60039,0,0,0.12035532846315884
60050,0,0,0.0004194547468634503
60052,0,0,0.0010477031872009506
60053,0,0,0.37600481632276095
60059,0,0,6.253552247490451e-06
60065,0,0,0.15875984045808472
60072,0,0,0.0727669355513585
60077,0,0,0.010260355141173174
60083,0,0,0.01502917193862357
60088,0,0,0.002148572538124115
60106,1,1,0.588855520225936
60107,0,0,2.419717768819124e-05
60109,0,0,0.0530012565585583
60110,0,0,0.00012195769954574041
60117,0,1,0.6601284709371354
60144,0,0,0.0018456055801252076
60145,0,0,2.583873328308197e-05
60147,0,0,4.3440957509659476e-06
60154,0,0,0.007644172352659979
60156,0,0,0.057484158465239986
60163,0,0,0.13815128524829304
60167,1,0,0.4512706038279184
60168,0,0,0.00011550701643410126
60178,0,0,0.1651403311334837
60179,0,0,0.19610024799585346
60207,0,0,1.1739314902868557e-05
60216,0,0,0.0002591785599196877
60230,1,1,0.970641012512202
60232,1,1,0.9986092316892392
60234,0,0,0.0006587233146599205
60236,0,0,0.01284993972758615
60239,0,0,0.0017444208291307027
60240,0,0,0.002190271226678408
60246,0,0,0.0017401808762969016
60255,0,0,0.013296732880522943
60257,0,0,0.012334846442447615
60267,0,0,0.1224507831833377
60270,0,0,1.2924043233595572e-05
60275,0,0,0.014580223492266543
60278,0,0,1.1558954585597161e-05
60279,1,0,0.2094728389692663
60280,0,0,0.06753244180742539
60300,0,0,0.0301627147236134
60310,0,0,0.00028989574284494135
60321,0,0,0.025673917381553876
60324,0,0,0.02363891863994683
60340,0,0,0.0002899051125410675
60349,0,0,0.31358346822555744
60352,0,0,3.136080138481761e-05
60358,0,0,0.0012828153047943914
60362,0,0,0.0017189891063643591
60366,0,0,0.010610930517808212
60368,0,0,0.16834633810370078
60370,1,0,0.047959523865107594
60374,0,0,9.748749000478886e-06
60385,0,0,0.023727994104090096
60392,1,1,0.9809132359603153
60403,0,0,0.00014097812084847583
60407,0,0,0.03842857909350099
60417,0,0,0.027884243399425447
60421,0,0,0.011771381525261033
60426,0,0,0.0028495797735710285
60432,1,0,0.004353484055026179
60434,0,0,0.0005727519760657259
60449,0,0,0.006222977283797409
60488,0,0,0.10846261990675328
60489,0,0,6.65065685756033e-05
60493,1,1,0.9985007205459251
60494,0,0,0.00024959099685958425
60497,0,0,0.07891970150669696
60521,0,0,0.031948754004044275
60526,0,0,1.3879645384649648e-07
60530,0,0,3.781997769842094e-06
60541,0,0,0.0006300301043399783
60548,1,1,0.6875003389042802
60549,1,1,0.9984970997644766
60550,0,0,0.016316124990239808
60560,1,1,0.9862523905768524
60561,0,0,0.002572296633117993
60566,0,0,0.001852438197702001
60568,1,1,0.9491454141720655
60570,0,0,0.015648256709916573
60575,0,0,1.0740493956922996e-05
60577,0,0,7.698102804929027e-05
60582,0,0,2.393772707428872e-05
60588,0,0,0.0005025616892392582
60602,0,0,0.0008777854518646503
60605,0,0,0.14166289534204926
60620,1,0,0.2864891594040019
60632,0,0,0.03261108477933562
60634,0,0,0.0008223104535277484
60640,0,0,0.00021904680597345302
60649,0,0,0.0014096736294439303
60652,1,1,0.9930424297927704
60656,0,0,0.00018388955342338033
60674,0,0,0.0023853063057628567
60685,0,0,0.27713121983316463
60686,0,0,0.03645746474151537
60688,0,0,4.703865211359817e-05
60692,0,0,0.08677871010578184
60708,1,1,0.9086740332877574
60709,1,1,0.9753400997054703
60711,0,0,0.0004977076949076466
60713,0,0,0.00010076188928300377
60718,0,0,0.00044766265989446555
60722,0,0,0.012157861424419677
60728,0,0,0.019348595700275903
60732,0,0,5.381308398133147e-05
60733,1,0,0.48406357903455993
60735,0,0,0.0003353355827105525
60753,0,0,6.408305806483764e-05
60756,0,0,0.002886085001128474
60758,1,1,0.9445541005950996
60762,0,0,3.4134455371861145e-05
60777,0,0,0.026049563074185014
60789,0,0,0.008705542270886085
60815,0,0,0.02008374864270351
60818,0,0,0.015410014274814528
60819,0,0,0.0015547627164609874
60827,0,0,0.026594753553705483
60829,0,0,0.001024789808740851
60833,0,0,0.2566709729791217
60842,0,0,2.644201950028819e-05
60846,1,1,0.6074014512511384
60848,0,0,0.006920385342231606
60866,0,0,4.6830052747697287e-05
60875,0,0,6.945107212487e-05
60882,1,1,0.9896209156535499
60887,0,0,6.862613425489743e-05
60888,0,0,0.02525923528897994
60890,0,0,0.0012009457705059695
60904,0,0,0.0003220251464612498
60906,0,0,0.008515648374978322
60911,0,0,0.0744231157245544
60912,0,0,0.002096512011897718
60924,0,0,0.002965684923154879
60935,0,0,2.915014097318361e-05
60937,0,0,0.021152469235280746
60946,0,0,2.4706884570293783e-05
60960,0,0,1.839621687915938e-05
60961,0,0,0.020570657355150554
60965,0,0,0.027983927250662295
60973,0,0,0.006977247490018093
60979,0,0,0.000829045764526455
60984,0,0,0.016012550390416942
60997,0,0,0.02031657890790778
61003,0,0,9.033284349109974e-06
61010,0,0,0.027685280567995074
61017,0,0,0.31488860102679467
61021,0,0,0.0011715901855343211
61022,0,0,0.0026279148751053205
61025,0,0,0.00582444919757519
61027,0,0,0.08077972010407766
61034,0,0,0.004568178366430179
61037,0,0,0.00035329053870936425
61039,0,0,0.0008580018842161324
61043,0,0,5.335576235228028e-05
61044,0,0,0.20930859728837783
61050,0,0,4.270791647242902e-05
61060,0,0,0.0829352851713481
61062,0,0,0.06716044700223862
61063,0,0,0.018890930839357077
61066,0,0,6.874515213247793e-05
61071,0,0,9.524108258862057e-05
61080,0,0,0.011933766151308022
61081,0,0,0.009195766787332613
61088,0,0,2.302552235170016e-06
61098,0,0,0.008326973680333508
61104,0,0,0.004007831714790374
61105,1,1,0.9501314632175408
61113,0,0,0.00015158088183791368
61123,0,0,0.0001519573821389852
61135,0,0,2.6301416314155835e-06
61138,0,0,0.0007906509554742357
61140,0,0,0.031725913581542045
61144,1,1,0.7688023718002032
61147,0,0,0.008064490822983897
61148,0,0,0.45093966652564277
61150,1,0,0.3208910922735452
61153,0,0,0.0022785812309630035
61155,0,0,0.003597380385626596
61156,0,0,0.003409374394158976
61164,0,0,0.001541614906670146
61167,0,0,0.09585996859123727
61170,0,0,0.004069749264717692
61174,0,0,0.03606318890806481
61175,0,0,0.0028969073858891897
61178,0,0,1.8434900144783057e-06
61179,0,0,0.005832561191955229
61189,0,0,0.006596339281620484
61196,0,0,0.0625586185150839
61203,0,0,0.04510810958130675
61206,0,0,0.00017236623555448523
61226,0,0,2.8167609960002398e-05
61229,0,0,2.209764266047412e-06
61230,0,0,2.253133489553837e-05
61234,1,1,0.9866745882800733
61235,0,0,0.020319122891445218
61239,0,0,0.0010361983543566362
61248,0,0,0.16370103731819877
61249,0,0,0.0793701924004046
61250,0,0,0.008682901944868466
61261,0,0,0.10853910225539803
61267,0,0,0.0002771412221082636
61284,0,0,0.028704974918216445
61288,0,0,0.0012185110107115677
61290,0,0,0.0002492692920975183
61311,0,0,8.359590604854604e-06
61318,0,0,0.0024736385952412706
61319,0,0,0.15746831352406773
61321,0,0,0.0002149098242629444
61326,1,0,0.08912198122165349
61331,1,0,0.06072444964576255
61333,0,0,0.0034781145485701334
61335,0,0,0.00252796179296892
61342,0,0,0.0012171754241743298
61343,0,0,0.005668872514359147
61351,0,0,0.015159435648001915
61352,1,1,0.7867976242257582
61370,0,0,1.349675230996808e-06
61378,0,0,0.09744704130968605
61387,0,0,2.566709080222368e-06
61390,0,0,0.0001593590858505119
61405,0,0,0.00020936365912530597
61407,0,0,4.320101897038625e-06
61417,1,1,0.9499283624726709
61420,1,1,0.8828540874430597
61423,0,0,0.0004283280256470169
61424,0,0,0.050344403903615026
61434,0,0,0.012387513275879405
61436,0,0,0.035196521077203405
61451,0,0,0.007205345188109758
61460,0,0,0.04464658084421435
61468,0,0,0.004410703864570692
61472,0,0,0.0037960194035211075
61479,0,0,0.00024046892006052492
61483,0,0,0.013615050011589726
61489,1,1,0.5862814104379761
61492,0,0,0.02106068617200267
61494,0,0,0.004365598014386799
61495,0,0,0.057819733458706536
61498,0,0,0.04266373994165209
61505,0,0,0.0003621921510830926
61510,0,0,0.000570975094822607
61514,0,0,1.2474202296449135e-05
61516,1,1,0.5282367396483508
61524,0,0,2.6702193485475464e-05
61529,0,0,0.04621481310174517
61530,0,0,2.272272486892527e-05
61535,0,0,0.001532378299175131
61537,0,0,0.010321669839391017
61538,0,0,9.126065071506559e-06
61541,0,0,0.18289171976848848
61552,0,0,3.620110553500333e-05
61565,0,0,0.0017334421691343692
61570,0,0,0.0008167581303732685
61574,0,0,0.00042064678330463356
61576,0,0,0.0038087092791366023
61587,0,0,8.064703126059977e-06
61589,0,0,0.003263960933429525
61596,0,0,0.0019069721280767036
61599,0,0,0.023544336759039313
61604,0,0,0.007068395841568928
61609,0,0,0.00012433037786484594
61611,0,0,0.045256465028944544
61612,0,0,1.4190562605565632e-05
61613,0,0,0.006593616102105979
61615,0,0,0.011130480914980213
61616,0,0,0.00011453562101141943
61624,0,0,0.007988862018308552
61637,1,0,0.13422143084856816
61646,0,0,4.176310764983528e-06
61654,0,0,0.00045274557971027214
61658,0,0,0.002459189647846199
61665,0,0,0.00014924762356674994
61668,0,0,8.659963293834876e-05
61680,0,0,0.06730108734175735
61686,0,0,0.0037982757881785184
61688,1,1,0.9916284361855355
61690,0,0,0.028035000318505258
61698,0,0,0.00016299297129104644
61703,0,0,0.0006909185513997443
61713,0,0,0.06364430237540336
61714,0,0,0.0006128287067838059
61715,0,0,0.07242389435060997
61720,0,0,0.008069599574118763
61729,0,0,0.003976662082283627
61733,0,0,0.0010159946195490556
61737,0,0,6.753476214030073e-05
61739,0,0,0.022234120877170308
61748,0,0,2.5086519490917565e-05
61762,0,0,0.04663580679902268
61767,0,0,0.004875071665437094
61768,0,0,0.0004037647894744447
61769,0,0,0.012667354029799033
61771,0,1,0.5272230593809907
61773,0,0,0.0005446158231010773
61777,0,0,0.010204394304836138
61784,0,0,0.005772915861820405
61789,0,0,0.009020211354127863
61797,0,0,0.02812127050809198
61799,1,0,0.02138937846229051
61808,1,1,0.7334983490285202
61810,0,0,0.00029747356911960114
61816,0,0,0.0007984898570976281
61825,0,0,5.911443135933409e-05
61843,0,0,0.03789049605630474
61845,0,0,0.017060540450637235
61846,0,0,0.046854009771261064
61847,0,0,0.30802014523113724
61851,0,0,0.02266402887016324
61852,0,0,0.21332227810461646
61855,0,0,4.808008946010756e-05
61869,0,0,0.04083725271283588
61871,0,0,2.626760876894843e-05
61878,0,0,0.02910406987910507
61880,0,0,0.024082363047670995
61890,0,0,0.018795624215643354
61898,0,0,0.05049123559800366
61905,0,0,0.027016598034200527
61914,0,0,0.020474350822841342
61917,0,0,0.00025010578297300184
61939,0,0,0.001114662114676979
61959,0,0,0.40156500069721135
61962,0,0,0.004590548515023604
61967,0,0,0.0005943381544591829
61971,0,0,0.0037246575680201046
61976,0,0,0.04923019879264759
61981,0,0,0.07533017600919889
61984,0,0,0.012612797040974278
61985,0,0,0.007655045607473749
61986,0,0,0.30197341742444905
61987,0,0,0.1788124447133924
61992,0,0,0.007629699122846868
61994,0,0,0.005067370830311208
61997,0,0,0.12813477241815288
61999,0,0,7.241875407364931e-06
62000,0,0,0.004818703429381315
62002,0,0,0.076639152987472
62004,0,0,0.04140447431414307
62015,0,0,0.00795886936503423
62019,0,0,1.2722415649527202e-05
62025,0,0,9.387255814479876e-06
62033,0,0,0.0007095505953185082
62034,0,0,0.09200717186784842
62044,0,0,0.0022000584825085517
62047,0,0,4.878944446816321e-07
62053,0,0,0.0012470876636526598
62054,0,0,0.051261410087472384
62056,1,0,0.11667817732357738
62057,0,0,0.0009677420123150842
62061,0,0,0.02924701573062415
62066,0,0,0.23897801676664113
62067,0,0,0.00022417923572900776
62071,1,1,0.9977639275483219
62075,0,0,0.0006127315535627774
62081,1,1,0.9869110531969362
62089,0,0,0.01930645729134609
62096,0,0,8.875445140683799e-05
62103,1,0,0.012303388214033708
62119,0,0,0.001094306382589906
62125,0,0,0.0023557458116772274
62137,0,0,4.9569602241756484e-05
62138,0,0,0.0026118678907894035
62141,0,0,0.00317147574295405
62144,0,0,0.004900552957811059
62152,0,0,4.749632718931036e-06
62153,0,0,5.3980954692904404e-05
62155,0,0,0.0027144227050957697
62157,0,0,0.017122007988187398
62159,0,0,0.010837163794603703
62161,0,0,0.005021315934388356
62163,0,0,0.01819445737097109
62164,1,0,0.4581374930646089
62166,0,0,0.02941448925858804
62171,0,0,0.0037767155685531134
62176,0,0,0.0004723090659846671
62182,0,0,0.00833389111127231
62187,0,0,1.3103550183752069e-05
62189,0,0,1.2308714010347058e-06
62191,0,0,0.05544673267820918
62198,0,0,3.6444131226040836e-05
62203,0,0,0.06502941804158739
62215,0,0,1.0772215108562484e-05
62221,0,0,0.03817528281810139
62227,0,0,2.9089898122344828e-05
62230,0,0,0.005045337982912167
62231,0,0,1.722347278640656e-05
62235,0,0,0.03144959927695402
62236,0,0,0.009857807528676247
62243,0,0,0.03532436362572253
62244,0,0,0.0006669568338078495
62253,0,0,0.007156083051912798
62255,0,0,8.11723052025118e-05
62257,0,0,5.87674885453828e-05
62260,0,0,0.0001559942187554942
62261,0,0,0.03541858198741226
62269,0,0,0.004290371331794287
62272,0,0,0.03344621527949022
62276,0,0,0.04032319405876533
62279,0,0,5.216513997851947e-05
62281,1,0,0.1405046682383866
62296,0,0,0.012060771445886591
62304,0,0,5.828842481330122e-05
62311,0,0,0.04883683521207711
62313,0,0,0.0006319186312279396
62314,0,0,0.0031301514804565798
62316,0,0,0.00986720982727109
62319,1,1,0.9985269995137815
62320,0,0,0.01267922895268802
62322,1,1,0.9754285740742865
62324,0,0,0.010911374125202716
62330,0,0,0.0013236482092211345
62335,0,0,0.0001162685107699446
62338,0,0,0.002938816294768832
62339,0,0,0.0001509391791485215
62344,0,0,0.0015072670214811466
62349,0,0,0.00841632126520563
62357,0,0,0.007168378678961389
62359,1,1,0.9979048266001612
62363,0,0,0.009352493920287303
62372,0,0,0.059049106693845776
62384,0,0,2.7530086427193943e-05
62385,0,0,0.0006596953791507921
62395,0,0,1.7348912103007767e-05
62404,0,0,0.014276377605943781
62406,0,0,0.003731832357654067
62409,0,0,0.005502189932749531
62415,0,0,0.004777037747106837
62418,0,0,0.4895168980223598
62429,0,0,0.00013896358450314237
62432,0,0,0.00011599019259194821
62433,0,0,0.12276400062851867
62435,0,0,0.0006135466168085
62436,0,0,0.03145208417751897
62440,0,0,7.827553935530388e-06
62441,0,0,0.002860296433824017
62442,0,0,0.0004513135317013325
62447,0,0,0.0015296670054725564
62451,0,0,1.2431890871539445e-05
62453,0,0,0.347755858585959
62459,0,0,0.0013649771146640795
62473,1,1,0.9525940118365034
62485,1,1,0.9567878048550407
62495,0,0,0.001680593807383048
62496,0,0,0.00032850105648350784
62501,1,0,0.46220623545480694
62505,0,0,1.306990058967424e-06
62509,0,0,0.0016767467965615737
62510,0,0,0.2514069428027823
62514,1,1,0.7695410519493402
62520,0,0,1.1341315166273857e-06
62525,0,0,0.05630404364048055
62534,0,0,3.5315740967579675e-05
62536,0,0,0.023434646277399666
62542,0,0,0.031157943767708408
62548,0,0,0.26313661505535324
62550,0,0,0.02633732203741332
62553,0,0,0.042600763181224285
62573,0,0,0.002549702468010694
62575,0,0,0.009534537424877976
62592,0,0,0.0010219266095644734
62595,1,1,0.9573334607154644
62599,1,0,0.459417466201234
62601,0,0,0.0001406276300207952
62603,0,0,0.0002319865122780752
62608,0,0,0.0012928641987400807
62612,0,0,0.007132605519433076
62615,0,0,0.07621002754392499
62620,0,0,0.0020144788844250376
62627,0,0,0.001125133699694692
62642,0,0,6.120991463383444e-07
62651,0,0,1.5040286380453582e-05
62652,0,0,0.273762137527842
62666,0,0,0.058081300621488356
62669,0,0,1.3476899124664665e-05
62676,0,0,0.0008711997827960573
62677,0,0,0.005351071553677587
62679,0,0,0.11896958049185793
62685,1,1,0.93729997752614
62695,0,0,0.0003282610340993878
62707,0,0,0.023099204226045767
62710,0,0,0.007827359158078884
62716,0,0,3.4613009639025293e-06
62720,0,0,7.176331201424904e-06
62721,0,1,0.6958743357365835
62723,0,0,0.002315857358876675
62729,0,0,0.0017547386959274036
62732,0,0,0.020749446651047335
62740,0,0,0.008421305990912838
62744,0,0,0.0357115992890969
62747,0,0,0.0758759612105039
62753,0,0,9.523548905952545e-06
62759,0,0,0.00019053245021979787
62761,0,0,0.014594389681549906
62766,0,0,0.009718963730083262
62769,0,0,0.2610385829828927
62782,0,0,0.000343416488208299
62783,0,0,0.0008119772845150584
62787,0,0,0.0012316264691995978
62790,0,0,0.07772768813060477
62795,0,0,0.0020434712773331333
62801,0,0,0.3814839988377745
62805,0,0,0.005740465743702229
62808,0,0,0.0001560996875541005
62810,0,0,0.21512060883804773
62815,0,0,0.0009170054411775657
62821,0,0,0.0010949723497466189
62823,0,0,9.657341036409753e-05
62824,0,0,0.0006471459641945954
62830,0,0,0.052646675401675294
62833,0,0,0.02202778230098675
62834,0,0,4.006752973699042e-05
62840,0,0,0.0017559820744128718
62845,0,0,0.00048264119540998216
62853,0,0,0.0006358576415551932
62855,0,0,5.540446942873608e-07
62857,0,0,0.0034183230450673422
62861,0,0,0.003863237438942311
62862,0,0,0.0012504940195078875
62864,0,0,0.00043750843874604484
62869,1,1,0.8525746286233208
62870,0,0,5.347942399607547e-05
62884,0,0,0.11793238132816593
62885,0,0,0.003936817434249171
62893,0,0,0.00014507858861454205
62897,0,0,0.01767373672776927
62898,0,0,0.06581948672189852
62909,0,0,0.06609813097186797
62911,0,0,0.026110025698204625
62913,0,0,0.0006994321324041618
62916,0,0,0.03994032695895132
62918,0,0,0.08282504507815248
62920,0,0,1.7291440600816805e-05
62921,0,0,0.0015658393516442416
62923,0,0,0.026442596457773294
62926,0,0,0.005261706504782891
62930,0,0,0.06459695339506002
62932,0,0,0.05300845099116507
62933,0,0,0.009011809063884237
62948,0,0,0.03267029980686447
62953,0,0,0.0002780412379361076
62955,1,1,0.9783545599654153
62957,0,0,0.0001064844962595104
62967,0,0,0.001147021655611935
62973,0,0,0.01644318376765882
62990,0,0,3.041426134549326e-05
62992,0,0,0.009713102623327039
62995,0,0,0.0067812957297543885
62996,0,0,0.0002653080705269322
63003,0,0,2.2633644331901575e-06
63013,0,0,9.16494374514396e-06
63015,0,0,0.011298186877288764
63016,0,0,0.000987117648861246
63018,0,0,0.0013016286136819603
63019,0,0,0.20756506778676787
63022,0,0,0.015736067579968923
63034,0,0,1.1782545227420937e-05
63044,0,0,2.340977642535064e-05
63051,1,1,0.8475079549564181
63059,0,0,0.001671323847947422
63061,0,0,0.024803518501665494
63067,0,0,0.36120260884671407
63069,0,0,1.4121991472761436e-05
63071,0,0,0.048033207506808895
63088,0,0,0.00035349866396990266
63089,0,0,0.001374135280870036
63095,0,0,0.00012073959007767709
63097,0,0,0.008187862595338175
63113,0,0,0.001004012581029547
63130,0,0,9.978172404209984e-06
63135,0,0,0.0001707519225412579
63137,0,0,7.733267479903948e-05
63144,0,1,0.6435332308454221
63149,0,0,0.005350941594907576
63158,0,0,4.408297255094121e-07
63163,0,0,4.1133488515271035e-05
63169,0,0,0.0021644171202150745
63174,0,0,0.004784627878931452
63180,0,0,0.2512065007997464
63189,0,0,0.002337873194548492
63197,0,0,0.03573254993629362
63207,0,0,0.019414984633828323
63208,0,0,4.1822300996927954e-06
63211,0,0,0.005426161105739912
63215,0,0,0.005258588169769724
63216,0,0,0.015041833699928774
63218,1,1,0.6251875690622951
63226,0,0,0.13745550627794817
63239,0,0,5.696431534022314e-05
63241,0,0,0.0031276807060942025
63242,1,0,0.039253381097459766
63243,0,0,0.05691944533562319
63252,0,0,0.026586850647233335
63254,1,1,0.9854785728703529
63265,0,0,0.008125172661215187
63266,0,0,0.01315423462596784
63267,0,0,0.11160960828874258
63273,0,0,0.08343160728492789
63276,0,0,0.008032674719942026
63278,0,0,0.0021734247164626186
63279,0,0,0.00019074687737078626
63283,0,0,1.37650053114394e-05
63287,0,0,0.11774997145175331
63288,0,0,0.0025330036777900526
63291,0,0,0.0051327812830723515
63298,0,0,0.00021776506078772373
63304,0,0,0.01661736224974047
63312,0,0,0.04002407739082154
63314,0,0,1.9102740712550257e-05
63316,0,0,0.02777864369373793
63318,0,0,0.00023465254274186365
63319,0,0,0.14103095710894378
63324,0,0,0.04754721125095526
63337,0,0,3.310802871657203e-05
63340,0,0,0.005105376723255441
63352,0,0,0.001197774467265689
63355,0,0,0.020070096004049548
63369,0,0,0.0014638079587531896
63375,0,0,0.004681838273229326
63381,0,0,0.0018385574828482954
63382,0,0,0.27326856133214067
63383,0,0,0.006120505158628071
63384,0,0,0.08226463220120939
63387,0,0,0.013545606900940678
63391,0,0,0.000161773871896603
63393,0,0,0.04413093049358201
63396,1,0,0.21317632916918786
63402,0,0,0.004922778844620855
63404,0,0,0.0009907080971895824
63405,0,0,1.284587343569427e-06
63406,0,0,1.2844324133798867e-05
63422,0,0,0.01387005476912154
63431,0,0,0.005774921106231024
63433,0,0,2.5088545123247643e-05
63436,0,0,8.487647155275538e-07
63451,0,0,0.0001697089125439927
63452,1,0,0.17987394160785364
63461,0,0,0.07081172921949776
63470,0,0,0.022806251560787617
63471,0,0,0.02448227864520285
63472,0,0,3.4569672943104575e-05
63474,0,0,0.0034276520335902077
63478,0,0,0.054385543793791694
63482,0,0,1.0831546680423639e-05
63484,0,0,6.6190171240521666e-06
63486,0,0,3.1638968355483787e-07
63487,1,1,0.8218984456782347
63491,0,0,0.04997263046792602
63492,0,0,0.021875241045838413
63498,0,0,0.0004965266467938994
63499,0,0,0.2283213240432263
63512,0,0,1.344702721978875e-05
63526,0,0,0.00017753246549105187
63528,1,0,0.008720416168651856
63529,0,0,0.029645506626493803
63531,0,0,3.750596510161252e-05
63534,0,0,0.004597325237409727
63536,0,0,0.00099966830102906
63546,0,0,0.02391742530631072
63550,0,0,0.00024361987862198632
63551,0,0,0.00018984761798829692
63554,0,0,0.00017900105259907674
63562,0,0,2.0716640767373117e-05
63564,0,0,0.07184632550335919
63568,0,0,0.06989716989378912
63572,0,0,0.0017319203721652605
63573,0,0,0.13341912779262063
63574,0,0,0.0013977160339760032
63582,0,0,0.06834454850658221
63584,0,0,0.001230800321203598
63587,0,0,0.041399146718777015
63590,0,0,0.08706814121316954
63592,0,0,0.0007118440581177347
63600,0,0,0.010375878641028338
63619,0,0,0.000796274461828592
63622,0,0,0.00038917622621050034
63623,0,0,5.899372479158678e-05
63629,0,0,0.0004138596195584559
63630,0,0,0.18992719542375608
63644,1,1,0.9784433593083514
63649,0,0,0.0012869247986997555
63674,0,0,0.0009345243500591168
63682,0,0,0.09098806942868394
63686,0,0,2.9127565888722135e-06
63687,0,0,0.2210505287564856
63689,1,1,0.8988909040607902
63690,0,0,0.002105415792243321
63697,1,1,0.9961247115793858
63703,0,0,0.00980489573219384
63719,0,0,0.01839061267808096
63726,0,0,0.001768186642034109
63728,0,0,1.4223873560466288e-05
63731,0,0,0.001939956327056004
63736,0,0,0.10878263703866049
63737,0,0,0.06476805075271105
63744,0,0,8.249655367095726e-05
63746,0,0,0.000730870349044392
63755,0,0,0.00611117696739129
63756,0,0,0.0002568698684625121
63757,0,0,0.011061833431821908
63758,0,0,0.018247901768578795
63767,0,0,0.0746479223229802
63773,0,0,0.0011760552134560624
63775,0,0,0.00407060561691904
63777,0,0,0.0021481490282275364
63781,1,0,0.023774126745989898
63783,0,0,1.967613280938663e-05
63786,0,0,0.037523126435596924
63787,0,0,0.17344496711281673
63788,0,0,0.000638168156304787
63789,0,0,0.2671614775977173
63793,0,1,0.520710709771781
63799,0,0,0.005670187289882652
63802,0,0,0.02795331168493766
63804,0,0,0.00010644447211835617
63817,1,1,0.5968699609944458
63819,0,0,0.00011174624586951329
63830,1,1,0.9842711402932899
63840,1,0,0.41524302736525226
63841,0,0,0.0006567285866898427
63850,0,0,0.0010739604475455589
63852,0,0,0.002896617123604957
63853,0,0,3.554768635544081e-05
63855,0,0,0.00016110791282326496
63858,0,0,3.507287833960623e-05
63862,0,0,0.004202236532032702
63864,0,0,0.0010527265255007399
63867,0,0,0.006791091143062137
63883,0,0,0.05635778851717368
63887,0,0,0.06173941005928351
63893,0,0,0.0019297137630228073
63910,0,0,0.13637380261508458
63916,0,0,0.038379310168898687
63919,0,0,0.006221503129522086
63926,0,0,0.03377950452424225
63933,0,0,0.05297092360002319
63935,0,0,0.01127079365018061
63936,0,0,2.1351917813873374e-05
63942,0,0,0.00024106259783539247
63963,1,0,0.41635341539240067
63973,0,0,0.005616999778179493
63975,0,0,0.028320262579655052
63980,0,0,0.0007134225422051405
63990,0,0,0.022024188882959123
63991,0,0,0.09104360006908603
63995,0,0,8.917265036704237e-05
63998,0,0,0.05546231851321507
64003,0,0,0.005154545559521221
64007,1,0,0.38294923527060637
64015,0,0,0.023412613079968055
64032,0,0,0.07736763763144826
64043,0,0,0.011696641288954443
64045,0,1,0.6714148456616982
64046,0,0,0.010738282488675421
64048,0,0,0.06946125092379475
64052,0,0,0.009858621323009688
64053,1,0,0.10066194282292938
64055,0,0,0.0002868991941525985
64060,0,0,2.0854311958211505e-05
64064,0,0,0.0019005249274682743
64070,0,0,0.017472127200295128
64075,0,0,0.03189379771882746
64084,0,0,0.0005404042659049206
64087,0,0,0.023050764528224084
64088,0,0,1.918492322862689e-05
64092,0,0,0.010286227052982554
64105,0,0,0.03556276846715854
64109,0,0,0.0024553317501352315
64111,0,0,2.494957525509156e-07
64122,0,0,0.22625832158073367
64126,0,0,0.04727320290161943
64129,0,0,0.0015307938543471834
64130,1,1,0.9994930580877449
64142,0,0,0.00014793188237295784
64143,0,0,0.0005954157302516662
64144,0,0,0.06640807528570315
64146,0,0,0.00018798946634022496
64150,0,0,0.007039653265065007
64152,0,0,0.02841186577168391
64153,0,0,0.0004085522777497254
64156,0,0,0.0032085986943153886
64157,0,0,0.01134459233633215
64169,0,0,0.04962391983189786
64177,0,0,0.009360311353371455
64180,0,0,0.15949048597928864
64187,0,0,0.3424323842954117
64190,0,0,0.0626300824771866
64191,0,0,0.0004817993341312848
64192,0,0,0.004641312161887789
64213,0,0,0.000722287270211443
64219,0,0,0.002495462538828416
64222,0,0,0.0003455236107144131
64227,0,0,0.00029888534073674024
64230,0,0,0.11222615083409383
64231,0,0,0.0009630397627331935
64237,0,0,0.004301603422810803
64238,0,0,0.0021359610673307695
64240,0,0,0.0012974067336694803
64247,0,0,0.009702524109105956
64250,0,0,0.0031955043643162786
64252,0,0,0.00037275703540241053
64255,1,1,0.994543352290027
64256,0,0,0.07576342284418343
64258,0,0,0.012358213269723816
64259,0,0,0.04763947052590934
64262,0,0,0.0007079553474237941
64273,0,0,0.0008222309960217385
64279,0,0,0.09009076547240415
64285,0,0,0.033113605303121345
64289,0,0,0.001165155924885387
64290,1,1,0.9973517702094334
64291,0,0,4.224793110287299e-06
64293,0,0,0.00024250819222193003
64298,0,0,0.0030831047532152984
64299,0,0,0.015448032899770802
64303,0,0,0.005070664563317383
64309,0,0,0.0009567252175682091
64310,0,0,0.0019021150227803499
64319,0,0,0.06373660574559853
64320,0,0,0.059621048439992365
64336,0,0,0.03497287249868155
64338,0,0,0.004602401773286892
64343,1,1,0.6143342030763106
64345,0,0,0.07308175387029392
64348,0,0,0.0053034871578898305
64355,0,0,7.06324046461166e-06
64373,0,0,0.0001850214816332438
64375,0,0,0.0078094555289626106
64388,0,0,0.002686055070557599
64389,0,0,0.0042752117245772265
64393,0,0,9.326763827925707e-05
64401,0,0,5.703117897017843e-06
64412,0,0,1.9890556586875545e-06
64422,0,0,0.02368698759010172
64424,0,0,0.015257353762870072
64425,0,0,4.266461419571516e-05
64430,0,0,0.3198935257681913
64433,0,0,0.00510535290431294
64437,1,1,0.7001793330042597
64443,0,0,0.004242580119713847
64447,0,0,0.1045734001524961
64448,0,0,0.020333306937728172
64452,1,1,0.9907297031389154
64468,0,0,6.710519632968133e-05
64473,0,0,0.009016470482301382
64474,0,0,0.002201996715336779
64482,0,0,0.13352726029122974
64483,0,0,0.000540145368952403
64489,0,0,0.15285712955481517
64496,0,0,0.004667081685817446
64499,0,0,0.2157346042226642
64506,0,0,0.0018892448180224247
64507,0,0,0.00010512385991067019
64509,0,0,0.005396579660694468
64511,1,0,0.18090303099053065
64520,1,1,0.8238628127912812
64526,0,0,0.0005488060464980506
64530,0,0,0.022636624885201958
64533,1,1,0.7877894021715413
64535,1,0,0.07841130969929776
64536,0,0,1.1032326107710228e-05
64538,0,0,0.004302928578806874
64542,0,0,1.2178977981644121e-05
64544,1,1,0.9930002499216457
64552,0,0,0.022144830013990247
64568,0,0,0.005562610333904634
64569,0,0,0.004100301682883747
64577,0,0,0.0017866531806877328
64579,0,0,6.461196334586046e-05
64580,0,0,0.04636754257736072
64582,0,0,0.06773550401999971
64590,0,0,0.007717206308244293
64592,0,0,0.0005536066122021163
64604,0,0,1.7586203823933223e-05
64607,0,0,0.009411699889818614
64612,0,0,0.024306791986824356
64615,0,0,8.520655624524717e-06
64617,0,0,1.9841689151896775e-05
64639,0,0,0.019087213258667916
64643,0,0,0.032771681191889064
64645,0,0,1.2910630576912934e-05
64650,1,1,0.7062141117490417
64651,0,0,0.00021445021288096905
64653,0,0,0.0008417157578868335
64668,0,0,0.0018162931594220314
64676,0,0,0.008268549329610611
64694,0,0,0.00010422096805374257
64695,0,0,0.06314990340863662
64698,1,0,0.37060814524538466
64704,0,0,2.222159271863262e-07
64705,1,1,0.9268652643216875
64712,0,0,0.001047469306568375
64716,0,0,0.007677271375931469
64717,0,0,0.09740092963190936
64720,0,0,0.0026472861987027084
64724,0,0,0.0002560546691095582
64725,0,0,0.01713304282261454
64740,0,0,1.8960537641585193e-07
64745,0,0,0.0009613516884057741
64747,0,0,0.014990688283984996
64748,0,0,0.0008117142255132074
64757,0,0,6.114923469801775e-05
64759,0,0,1.9946847064778802e-05
64766,0,0,0.1271894325703013
64768,0,0,0.00157577935719967
64772,0,0,0.0013658243969345643
64776,0,0,0.011187484761750409
64777,0,0,0.0037337152680915874
64785,0,0,0.00016180529026719887
64794,0,0,0.0003517233798856164
64804,0,0,0.005375747826007404
64810,0,0,0.00016436701078132053
64818,0,0,0.00015576709565612025
64832,0,0,0.0003708950766249268
64841,0,0,1.8763151204572134e-05
64846,0,0,4.8182287397684936e-05
64857,0,0,0.004294129377228299
64863,0,0,0.00017549319219831063
64873,0,0,0.013170123468843864
64878,0,0,0.012774735153720084
64888,0,0,2.5209870418159676e-06
64901,0,0,0.1696500856720964
64904,0,0,0.0009043991645458953
64907,0,0,0.007613322595148039
64917,1,0,0.18593239332275174
64919,1,0,0.035889617024848115
64920,0,0,0.022858619548827556
64939,0,0,0.019069654495444004
64952,0,0,0.042398145718598804
64954,0,0,9.883101139263208e-05
64960,0,0,0.0900186435471359
64961,0,0,0.009680366837876368
64967,0,0,0.0007857345558404731
64969,0,0,0.00908556920467148
64972,0,0,1.8087923737671625e-05
64973,0,0,0.03099655208338299
64976,0,0,0.2073095726212755
64987,1,0,0.31531900454940204
64988,0,0,0.00042382123033255555
65001,0,0,0.017787868808706638
65006,0,0,0.0002357751325155912
65012,0,0,1.3995492561780883e-06
65014,0,0,0.00842116139994716
65018,0,0,8.695373509932221e-06
65037,0,0,0.005322725417935915
65039,1,1,0.9694384938411857
65041,0,0,0.0012624927369375262
65055,0,0,0.16959389964928726
65056,0,0,0.0004435372332929721
65066,0,0,0.010385167295052105
65069,0,0,0.029865337167251815
65078,0,0,0.036654604598524605
65079,0,0,0.00025820732537397043
65082,0,0,0.0026189891686250535
65091,0,0,6.982766263468397e-07
65094,0,0,7.410225474625038e-05
65097,0,0,0.0007865685302076731
65099,0,0,0.0012267886594505822
65104,0,0,0.04304894551779748
65114,0,0,0.12327077305015852
65117,0,0,0.0013226169190840283
65125,0,0,0.00019599506034190372
65127,0,0,0.11761742156306791
65133,0,0,0.05327650347335858
65140,0,0,0.03862469262062948
65142,0,0,0.12807192220463523
65144,0,0,0.0008479264825111995
65145,0,0,0.1742654478913541
65149,0,0,0.09173660027835583
65159,0,0,0.00045057191232399953
65161,0,0,0.0011197719997211868
65163,0,0,0.19800109250515543
65175,0,0,0.0033532639008763514
65176,0,0,0.4011212266520425
65178,0,0,0.004897624442444321
65181,0,0,0.01436818543411049
65182,0,0,0.006889221539609779
65183,0,0,0.007337182461348667
65184,0,0,0.0014371374367566424
65186,0,0,0.00405074094462193
65192,0,0,0.004754847947971302
65193,1,1,0.9991363645511325
65196,0,0,0.02016367525560174
65203,0,0,1.6280277343147515e-05
65207,0,0,0.010162414963998072
65212,0,0,0.032463722410431405
65221,0,0,0.00217645005664299
65238,0,0,0.0002894046312771443
65240,0,0,0.021190365194920614
65242,0,0,0.0001603186000297877
65243,0,0,0.00010401564951364153
65246,0,0,0.01050766987961423
65256,0,0,0.3899408359953333
65257,0,0,0.031656879792028386
65265,0,0,0.00013009771570681965
65270,0,0,0.0006473920136895172
65280,0,0,0.0004149287928859372
65281,0,0,0.16809477663849062
65284,1,1,0.9697560154110291
65287,0,0,0.01189386698421438
65288,0,0,0.0014645279619890303
65295,1,1,0.9979624604580974
65296,1,1,0.9627342881821117
65303,0,0,0.2431395205826425
65308,0,0,0.00042622956872799414
65310,0,0,5.2258223907018965e-06
65319,0,0,0.006950107927150061
65322,0,0,9.650083128849262e-05
65325,0,0,3.077756495351617e-05
65331,0,0,5.080545326408757e-05
65334,0,0,0.2995787114916897
65338,0,0,0.018886883427420276
65340,0,0,0.03814656693383486
65346,0,1,0.634729944028248
65359,0,0,0.352193434151979
65361,0,0,0.0015605272846577166
65376,0,0,0.05006948188935602
65387,1,1,0.6743325937474856
65392,0,0,0.1238995734858842
65393,0,0,0.022824295844578863
65398,0,0,0.08983956989474129
65399,0,0,0.1971253971291535
65400,0,0,0.010587752402142504
65405,0,0,0.016591970699966877
65407,0,0,0.0009236051661648796
65415,0,0,0.002610154247029365
65416,0,0,0.13618912185026524
65419,0,0,3.5839122365656006e-05
65422,0,0,5.1160349497510723e-05
65428,0,0,0.03863993752687952
65433,0,0,0.00017090083886328144
65443,0,0,0.0062919726921725665
65444,0,0,3.4813413692222914e-05
65448,1,0,0.25452340073601887
65451,0,0,0.1003945209964062
65452,0,0,0.06970935270960926
65467,0,0,1.5151573126826237e-05
65468,0,0,0.00011920552634698853
65471,0,0,0.008497242875256461
65473,0,0,0.033038771802232025
65477,0,0,0.006584095112251703
65486,1,0,0.009238956665091766
65490,0,0,0.0031433719821598576
65491,0,0,0.0004326165348089689
65492,0,0,0.001474588954445201
65495,0,0,0.0217152260083298
65498,0,0,0.21912999198262786
65525,0,0,0.011243127886308076
65527,0,0,4.028099000304585e-05
65536,0,0,0.0019821370527612877
65557,1,1,0.9885187965460336
65559,0,0,9.416590920207552e-05
65560,0,0,0.0024967375258882992
65567,1,1,0.7322554274610085
65577,0,0,0.0017715256737851777
65579,0,0,4.30616200228732e-06
65582,0,0,0.026122572660968728
65588,0,0,0.041697453087078
65598,0,0,0.00017960732999213052
65599,0,0,0.0012053797411975503
65610,0,0,0.007006676344698535
65614,0,0,1.458477245955601e-05
65619,0,0,0.0012005968021318654
65620,0,0,0.04594702620346655
65626,0,0,0.01048690593213832
65629,0,0,0.017369875023658058
65630,0,0,3.826570843577937e-06
65633,0,0,3.541989681633047e-06
65640,0,0,4.395695954872156e-05
65651,0,0,0.0001120655873560348
65656,0,0,0.005755956461018825
65662,0,0,0.15438970800681817
65666,0,0,0.21239592634497473
65673,0,0,0.004459237567541163
65676,0,0,0.0010554652958259868
65680,0,0,0.0009239288999870174
65683,0,0,0.01183465228131848
65689,0,0,0.012159496549906586
65692,0,0,0.006268959973454786
65698,0,0,0.03700426697319027
65700,0,0,0.001137171705785893
65704,0,0,0.0021206749093247365
65709,0,0,0.0005524254352922804
65720,0,0,0.02726234191393224
65724,1,0,0.273292500432332
65725,0,0,1.2452609960351974e-05
65732,0,0,4.063737913380315e-06
65736,0,0,0.0038295079252593446
65737,0,0,0.024893291100324674
65783,0,0,0.002918338936181932
65785,0,0,0.0001867156533879768
65792,0,0,0.10299104565482348
65793,0,0,0.0013529703259297706
65801,0,0,0.001515712417499166
65807,0,0,0.3040437422565777
65822,0,0,3.7033984178609766e-05
65850,0,0,3.5106420630706893e-05
65859,0,0,0.2754178879637836
65860,0,0,0.007049069713174277
65864,0,0,0.014870657606332624
65867,0,0,3.57139787177537e-05
65869,1,1,0.9187067759907572
65880,0,0,1.4670171094858194e-05
65887,0,0,0.04067399529561956
65891,0,0,0.0031663792097458092
65892,1,0,0.2678413584333189
65894,0,0,0.00027438903749477686
65908,0,0,0.0026296729040596375
65910,0,1,0.5583697851726274
65920,0,0,0.02723270999500585
65921,0,0,0.004512938981323406
65925,1,0,0.3844270537886877
65931,0,0,4.0038373534395714e-05
65943,0,0,0.0005406650491053581
65944,0,0,0.0005029646950232488
65954,0,0,0.00267471888512126
65959,0,0,0.0006705608247203236
65960,0,0,0.00020589678619096247
65961,0,0,0.01789665160079801
65962,0,0,3.2282999380299744e-06
65980,0,0,0.03533635271888946
65983,0,0,0.496327447756318
65995,1,0,0.49063786228703216
65996,0,0,0.002127618555261372
66013,0,1,0.5774934893496911
66017,0,0,0.05144129503538229
66022,0,0,0.041205437392592116
66026,1,1,0.9552396272742153
66032,0,0,0.0010121639520910828
66039,0,0,7.837474618926038e-05
66044,0,0,0.036099212832088536
66049,0,0,0.0029192334470103942
66052,0,0,0.00712592959655674
66057,0,0,0.012897880931573975
66067,0,0,0.00011842721267943886
66069,0,0,0.0026026804241480695
66073,0,0,0.010341107361785555
66075,0,0,1.4344002782129995e-05
66076,0,0,0.0026879969579765824
66078,0,0,0.003693884634110336
66079,0,0,0.003638707192413563
66090,0,0,0.013588511905977275
66091,0,0,0.0029205241828670187
66092,0,1,0.6699282416131116
66096,0,0,0.0001285758838546452
66098,0,0,0.001492740259255259
66104,0,0,0.0012782118174119571
66106,0,0,0.012080579158868475
66107,0,0,0.008774806560337876
66117,0,0,4.4707621005880566e-05
66119,0,0,4.262523067166368e-06
66128,0,0,0.020288334406304762
66131,0,0,0.016144287322641993
66136,1,0,0.4874721344596335
66146,0,0,0.4184398736766915
66148,0,0,0.0001779902546584682
66153,0,0,0.04754905595618469
66156,0,0,0.1754385690324911
66159,0,0,0.2585973255723126
66160,0,0,0.014043481593389043
66178,0,0,0.00028464696937464707
66201,0,0,8.580099978269957e-05
66210,0,0,0.01932276607014437
66212,0,0,0.23064250447473764
66213,0,0,0.00024034790736743192
66215,0,0,0.012500957717860374
66223,0,0,0.0025682148057601844
66227,0,0,6.405278651188478e-05
66238,0,0,0.014394309072798959
66243,0,0,0.13674217161716332
66248,0,0,0.17700162124221674
66249,0,0,0.0007017769594185641
66253,0,0,0.004884579152503433
66255,0,0,0.003903721815903539
66259,0,0,0.39347000219691847
66270,0,0,2.2311916920144684e-05
66271,0,0,0.006922985850616778
66275,0,0,0.005630450585464575
66276,0,0,0.005547237498754032
66278,0,0,0.07345481315794743
66280,0,0,0.00823016325838936
66281,0,0,0.0023469506467663067
66286,0,0,0.032170673258258724
66289,0,0,0.0007596328668373351
66300,0,0,7.207759718194573e-05
66302,0,0,0.017459308375159036
66307,0,0,0.035336318708180464
66308,0,0,0.1649904521756215
66314,0,0,0.05455139434896516
66315,0,0,0.010642936468813965
66322,1,1,0.9954089513020274
66323,0,0,0.0019000224618618245
66327,0,0,0.12977871543604405
66330,1,1,0.9242860430732482
66332,0,0,0.0039276832593399735
66336,0,0,0.0037290583086244224
66338,0,0,0.006454259367563425
66343,1,0,0.02012868191716037
66350,0,0,0.11606861170846643
66352,0,0,0.0017566042431573622
66366,0,0,0.0007971054780235938
66372,0,0,0.0008007828801584403
66374,0,0,0.06060661737019956
66383,0,0,0.00018927705615645816
66388,0,0,0.07609986525939158
66389,0,0,0.01588706168321756
66393,0,0,0.03860055510158366
66394,0,0,0.00044332913009116593
66398,0,0,0.00043631936440900835
66399,0,0,0.00628404095875898
66404,1,1,0.973021103355679
66406,0,0,0.0004404417278574616
66435,0,0,0.000996928259865886
66437,0,0,0.07248706020447662
66438,0,0,9.131991834608063e-05
66442,0,0,0.015876896144593828
66443,0,0,2.396062950794904e-05
66452,0,0,0.006960028806452318
66453,0,0,0.0771545504173138
66458,0,0,0.00024495283770896637
66469,0,0,0.00018614409336605017
66472,1,1,0.9978599771025576
66482,0,0,0.0029282947660508652
66484,0,0,0.11437388813901955
66488,0,0,0.0005123485772452973
66489,1,1,0.758865314388402
66497,0,0,9.432150530693905e-05
66501,0,0,0.012419773693242578
66506,0,0,0.0011615635493354736
66520,0,0,4.4035234024286896e-05
66522,0,0,0.3291512309604406
66531,0,0,5.498679737420418e-06
66536,1,0,0.025463958359733828
66537,0,0,0.0009010397480981712
66548,1,0,0.30739899947887095
66561,0,0,0.01975446735483236
66562,0,1,0.6321238806336682
66568,0,0,0.005253522300929059
66577,0,0,0.05721235960015403
66579,0,0,0.0006792844199362002
66583,0,0,0.0016759948102171094
66589,0,0,0.00513657942322216
66590,0,0,0.17039157918138798
66600,0,0,0.0024078905766795884
66603,0,0,0.003989359151072773
66611,0,0,0.022372568334656638
66613,0,0,0.020860362487221326
66614,0,0,0.0003248811073423796
66617,0,0,0.008673052610585772
66618,0,0,0.01583022759049133
66627,0,0,7.171828407085165e-06
66630,0,0,0.12046493479823825
66637,0,0,4.832673333414818e-05
66641,0,0,0.007347505743508884
66660,0,0,0.001278139942657027
66667,0,0,0.02848560026509164
66673,1,1,0.9897173406295414
66675,0,0,0.013170598734052338
66677,0,0,0.11749228259791612
66696,0,0,0.008310735847209965
66698,0,0,0.00020649531248889894
66702,0,0,7.385452391566035e-05
66708,0,0,0.00862175979963747
66717,0,0,8.138771140282409e-05
66727,0,0,0.0005071908817872402
66732,0,0,0.0024902272092587295
66738,0,0,0.026597746140806382
66739,0,0,0.006618583214411117
66746,0,0,0.2599977466881495
66747,0,0,0.035621827249508076
66748,0,0,3.6750350337455646e-05
66753,0,0,0.21468378979733987
66758,0,0,0.0016382035653325687
66765,0,0,9.92859233162053e-05
66767,0,0,0.0001371425729636928
66768,0,0,6.513742044386072e-06
66769,0,0,0.06511907661631493
66770,0,0,0.003028124103834846
66774,0,0,0.05566350273861761
66780,0,0,0.14118434217041903
66785,0,0,0.005121536459551649
66786,0,0,0.26638062592868006
66789,0,0,0.003589810499596185
66791,0,0,5.7886365660292275e-06
66794,0,0,0.37315741955815496
66798,0,0,0.010774584924070253
66805,0,0,0.06575918776462451
66812,0,0,0.03669805129796581
66814,0,0,0.0032162173874879588
66817,0,0,0.011697462022051117
66821,0,0,0.0036797012454970763
66824,0,0,0.04363550241855533
66825,0,0,5.976211105399066e-05
66828,0,0,0.016013811398783794
66833,0,0,0.008914462388021694
66837,0,0,0.0002484950550836795
66848,0,0,0.00017171057994434474
66849,0,0,0.0011763286848319654
66851,0,0,0.0002201932941321196
66856,0,0,0.0010340671899615943
66859,0,0,0.03300706596290607
66860,0,0,0.001475167584599364
66861,0,0,0.0002291473716863653
66865,0,0,0.0015601576155909761
66874,0,0,0.007204295468069578
66875,0,0,2.022351824212117e-05
66888,0,0,0.0007342807615925375
66903,0,0,0.002279143418901651
66906,0,0,0.21785202316956218
66909,0,0,0.00013145530452316295
66918,0,0,0.0002860029852419533
66919,0,0,0.000236854526905082
66921,0,0,0.00012911219338386566
66927,0,0,5.32948302522387e-05
66937,0,0,0.0004627515752530483
66938,0,0,0.0005603322929599795
66939,0,0,0.06497666093162663
66950,0,0,3.1597099284923066e-05
66962,0,0,0.0001204778658998549
66973,1,0,0.04274094983816723
66982,1,1,0.9559257457879802
66987,0,0,0.18169546873629236
66997,0,0,1.2866663132364924e-05
67003,0,0,2.097653521192246e-05
67015,0,0,0.0002500912977106593
67020,0,0,0.00016510166132695356
67023,1,1,0.9870374975963614
67025,0,0,0.001252127216328876
67029,0,0,0.0031836452442459136
67037,0,0,5.275133828146507e-06
67040,0,0,0.04508134657459653
67054,0,0,9.976500550069437e-05
67060,0,0,2.341298165012203e-06
67087,0,0,0.001010265214879187
67096,1,1,0.9979784395977854
67106,0,0,0.04653959970395324
67109,1,0,0.0035338632153144585
67110,0,0,6.389475248927998e-06
67111,0,0,0.24355635508407056
67115,0,0,0.006725214146938707
67126,0,0,0.0001832748496597374
67128,0,0,0.0022633027545965606
67135,0,0,0.0009143404697711333
67136,1,0,0.19849256416645947
67142,0,0,3.7298987485252e-05
67149,0,0,0.00035175762934485023
67162,0,0,0.01975211241453617
67171,0,0,0.31618853891850035
67182,0,0,2.406972439366821e-05
67188,0,0,0.00011397270119462488
67198,0,0,1.6564728044280053e-06
67199,0,0,0.3047687452089922
67202,0,0,0.0002838181129398084
67208,0,1,0.667116020712978
67209,0,0,6.770004209886113e-05
67212,0,0,2.7301138705142754e-05
67219,0,0,0.15811276707833177
67230,0,0,0.0006027976282051283
67264,0,0,0.1263629492553568
67270,0,0,0.0909392516040318
67271,0,0,0.01427841572933975
67277,0,0,1.95907340789493e-05
67282,0,0,0.000713907607026089
67285,0,0,0.1603871751233418
67290,0,0,0.005592494130930037
67291,0,0,0.001915113109063015
67295,0,0,0.0065879388448846065
67296,0,0,0.0058766216454545425
67300,0,0,0.015875410118436375
67305,0,0,0.0012223896704027337
67310,0,0,0.05513273183707501
67318,1,0,0.031625561946974856
67323,0,0,0.02877555092836695
67324,0,0,0.0002760840481810499
67325,0,0,0.026738119530540793
67331,0,0,2.364223334764238e-05
67337,1,1,0.6163672504377085
67340,0,0,0.011654347216223776
67343,1,1,0.9938537745326753
67346,0,0,0.017527515258647763
67348,0,0,0.0005294342457979732
67350,0,0,0.047098731104099054
67356,0,0,0.07660762727895247
67357,0,0,3.740589792706211e-06
67358,1,1,0.5214854078660112
67374,0,0,0.07246780325340249
67376,0,0,0.00038772984389334145
67392,0,0,3.739079141626735e-05
67400,0,0,0.008862330081515105
67401,0,0,0.0037608693131340807
67403,0,0,0.4355742091221961
67416,0,0,0.02918973247194619
67421,0,0,7.726693478951696e-06
67437,0,0,0.03023458065487473
67442,0,0,0.03200470506544439
67445,0,0,0.007804419984241454
67454,0,0,0.020033152865637706
67455,0,0,0.005229056640560445
67457,0,0,2.165658319387982e-05
67469,0,0,0.00013055405926976952
67475,0,0,0.021012779375796303
67480,0,0,1.3470876139269624e-06
67481,0,0,0.011640277188269576
67483,0,0,0.1374636580672514
67488,0,0,0.033145388664100245
67492,0,0,5.361505892073858e-05
67503,0,0,0.00022113609311579972
67506,0,0,0.0028947213973966593
67509,0,0,0.000219412826572092
67515,0,0,0.03422889620957807
67518,0,0,9.963154883978817e-06
67520,0,0,0.023373792190523553
67535,0,0,0.00017223669130030797
67539,0,0,0.0034348743717024528
67542,0,0,4.552178508565704e-05
67551,0,0,0.0009971115707465281
67553,0,0,0.0019871375255673617
67565,0,0,0.027036490197327828
67567,0,0,0.001081353401707468
67583,0,0,0.00017117205382376183
67585,0,0,0.012210463818831042
67588,0,0,2.6964023377241652e-05
67599,0,0,0.005481093001047475
67602,0,0,0.026890975910958653
67605,0,0,0.001498160689054694
67610,0,0,0.0023000548573844934
67612,0,0,7.819233325611078e-05
67620,0,0,0.044469627038612854
67622,0,0,0.0008273197493956926
67648,0,0,2.497788465117217e-05
67667,0,0,0.005366665349093801
67672,0,0,0.09211733002403082
67677,0,0,0.008897376936976177
67678,0,0,0.00916565654532732
67681,0,0,0.1385921082890979
67686,0,0,0.020688887131732548
67688,1,1,0.9638188660630903
67700,0,0,0.005233764668721101
67702,0,0,0.05508597202696562
67714,1,1,0.9912310116785914
67715,1,1,0.5557040723112996
67718,0,0,0.0594767143378008
67719,0,0,0.0025302206123869347
67735,0,0,0.0006542141130477978
67741,0,0,4.675263056602138e-06
67747,0,0,1.5412303826788297e-05
67749,0,0,2.6813066450110287e-06
67754,0,0,0.010356802737204452
67755,0,0,0.0067750063063233695
67756,0,0,0.008110639809366429
67765,0,0,0.07965425229498443
67766,0,0,0.1032298206198031
67774,0,0,0.003022042515527883
67776,0,0,1.553588662920534e-05
67784,0,0,0.0027023614232761415
67786,0,0,0.0023330676073992427
67790,0,0,0.006842835908829277
67792,0,0,0.1943047489256985
67805,0,0,1.7823325082029433e-05
67809,0,0,0.023075040791914553
67814,0,0,7.989643604139832e-06
67818,0,0,0.006986210861981267
67825,0,0,0.018148594001689083
67842,0,0,0.39751730249317857
67848,0,0,0.002496432712145908
67850,0,0,0.002659699420555129
67853,0,0,0.00151825591203241
67854,0,0,5.838245566820096e-06
67855,0,0,0.0003874837279609056
67856,0,0,0.0004010612509000199
67860,0,0,0.027248114878979504
67863,0,0,7.812310333719206e-05
67865,0,0,0.002733716035728315
67873,0,0,0.472390901332688
67878,0,0,0.004711849933448954
67884,0,0,7.317246747635818e-06
67891,0,0,0.002550772140909559
67897,0,1,0.668560913151463
67901,0,0,0.0013706426851721918
67907,0,0,3.158338453263676e-06
67914,0,0,0.15255767043383148
67916,0,0,0.014685160519331324
67920,0,0,0.00012228278646857576
67922,0,0,0.42662176138098956
67928,0,0,0.0007869964433304262
67941,0,0,0.05008383587750368
67945,0,0,2.789795685676029e-06
67947,0,0,0.002796819166399447
67956,0,0,0.002589259133095191
67959,0,0,0.017183655363772588
67962,0,0,0.0012839958217891823
67966,0,0,0.016388257199826815
67975,0,0,0.003909990276037627
67995,0,0,0.4358848468884403
67998,0,0,7.940664162209728e-07
68007,0,0,0.09827332397729358
68019,0,0,0.002549917160687994
68029,0,0,1.2417270706033197e-07
68030,0,0,3.2624742241573594e-05
68031,0,0,1.1935799631781002e-05
68042,0,0,0.003258331416073751
68047,0,0,0.00029670642326729723
68049,0,0,0.0002797475769960335
68052,0,0,7.778814195502242e-05
68053,0,0,2.701999867217152e-06
68056,0,0,0.00016925223140367552
68058,0,0,0.20248902627964616
68061,0,0,0.0039977121718581515
68066,0,0,0.00029605637775100165
68073,0,0,0.00022772130985030954
68075,0,0,0.0002658586182154243
68076,0,1,0.5095156606825192
68082,0,0,5.021702860287322e-07
68084,0,0,0.4710532594082956
68088,0,0,0.00022528739437162912
68089,0,0,0.04851821830755546
68091,0,0,0.02466482415594829
68121,0,0,0.00014056012682314595
68128,0,0,0.0002644110546820597
68134,0,0,1.0133904620859779e-05
68137,0,0,1.7944241348433066e-05
68142,0,0,0.0027035050402725216
68151,0,0,0.11343338148220591
68154,0,0,4.1949287852350294e-05
68164,0,0,4.226739808197331e-06
68176,0,0,0.01054862261640787
68192,0,0,4.769127896408884e-05
68193,1,1,0.9957462737606937
68198,0,0,0.0013911859512727787
68200,0,0,3.473268775029395e-05
68214,0,0,9.38881861432377e-06
68221,0,0,0.002913220146388753
68224,0,0,0.007688611099889429
68226,1,1,0.9952688475655992
68233,0,0,0.0001883098639980612
68258,0,0,1.2886430968142719e-05
68259,1,1,0.9938430526062779
68264,0,0,0.07593014679566927
68281,0,0,4.202629057586518e-06
68282,0,0,0.0064871849418372115
68285,1,0,0.012999095698789993
68300,0,0,0.002698445871599958
68304,0,0,0.019218260258628495
68309,0,0,0.0005681883685101638
68313,1,1,0.9909280459863646
68328,0,0,0.06008331215324492
68329,0,0,6.332103075005697e-06
68330,0,0,0.02692847003277199
68331,0,0,4.933255088427055e-07
68335,0,0,0.08908532434755068
68338,0,0,0.03350305875646015
68343,0,0,0.015746467582083003
68349,0,0,0.012207891436243694
68360,0,0,0.07283263714065476
68373,0,0,0.006651901771603364
68376,0,0,0.02165025214528083
68377,0,0,8.518858212189206e-05
68382,0,0,7.481672786668151e-06
68393,0,0,0.0014022744518239945
68401,0,0,0.009900213529748002
68405,1,1,0.9449504309780116
68409,0,0,0.004141909214896844
68416,0,0,0.019180093028640967
68422,0,0,0.0004728855284525413
68427,0,0,0.0008428622177168646
68434,0,0,0.04417197871640505
68435,0,0,1.3437837660265813e-05
68438,0,0,0.1315910900846294
68440,0,0,0.0014380882016912827
68450,0,0,0.03895237989494366
68459,0,0,0.11557947845579093
68464,0,0,0.0982909621578767
68477,0,0,0.0010000451300536037
68478,0,0,0.01025197658117548
68487,0,0,4.963860207231169e-06
68488,0,0,0.055433515251639455
68489,0,0,0.005320945764515518
68493,0,0,0.0018871570279224673
68498,0,0,0.0013869173676389782
68499,0,0,0.0031865785143324506
68501,0,0,0.027234471138211667
68504,0,0,0.006021554063459182
68518,0,0,0.005020270608181102
68519,0,0,7.325083652926325e-05
68521,0,0,0.08656908745023004
68529,0,0,0.0017277568544240684
68532,0,0,0.0026271217286603318
68540,0,0,0.0029910422261719737
68546,0,0,0.0020181210596604488
68549,0,0,2.8360451425346837e-05
68554,0,0,2.2200250079409286e-05
68562,0,0,0.0026852506196988887
68564,0,0,5.469963376754821e-07
68569,0,0,0.0010825614491511302
68570,0,0,0.16388319690811914
68582,0,0,6.757502035687776e-06
68583,0,0,0.0024635632463976993
68590,0,0,0.0013408948633532195
68596,0,0,0.00015992026034795766
68602,0,0,0.0014452666983074567
68604,0,0,0.04128320126236977
68620,0,0,0.006036888796451696
68622,0,0,0.00016722708227740832
68631,0,0,0.007567592984125226
68643,1,0,0.4178811303463872
68649,0,0,0.00186642190134953
68658,0,0,0.00037133192873307403
68668,0,0,0.006272088948640232
68670,0,0,0.009383311962241604
68674,0,0,1.2695813963024914e-05
68678,0,0,0.17832275448013699
68696,0,0,0.00602605813707692
68697,0,0,0.11920101866982988
68705,0,0,0.19145246680445618
68715,0,0,0.0004923477669785555
68747,0,0,0.03878408890268723
68751,0,0,0.013970187908149549
68753,0,0,0.005493632119044036
68756,0,0,0.000709468603414285
68764,1,0,0.2523849267007389
68783,1,0,0.11008233874599034
68784,0,0,0.04059269400002785
68785,0,0,0.0016904265144326118
68788,0,0,1.1102472600481092e-05
68790,0,0,0.03561090304115644
68794,1,1,0.9766660987409623
68796,0,0,0.0021840525844193754
68801,0,0,0.0172775934398995
68809,0,0,0.0021028406248909926
68812,0,0,0.008727880505417535
68813,0,0,2.1275171889630575e-06
68815,0,0,0.13998766184543995
68823,0,0,0.006505384808587373
68825,0,0,0.00022204302259210706
68833,0,0,0.000677677425292044
68834,0,0,0.0002890940594962557
68844,0,0,0.003728268027722432
68845,0,0,0.02355363307816726
68857,0,0,0.032439719633337735
68861,1,1,0.9759471838489507
68874,0,0,0.0061402043952064195
68877,0,0,7.98263433548231e-05
68887,0,0,0.0575995344861718
68910,0,0,0.02958103732844729
68914,0,0,0.0146010206994217
68918,0,0,0.017093113047062028
68923,0,0,0.0026716987685136903
68933,0,0,0.0006266542676645835
68934,0,0,0.009575701044301712
68950,0,0,0.09920589565883285
68951,0,0,0.008780667497349348
68959,0,0,0.00015689735524116445
68962,0,0,0.01080441435441545
68966,0,0,0.01086429891579409
68970,0,0,0.004256876189504577
68972,0,0,3.428272222576976e-05
68974,0,0,0.04276290580777571
68975,0,0,0.09520215289959745
68992,0,0,0.012172957812218294
68994,0,0,0.12742368884287733
68998,0,0,0.011020509364277216
68999,0,0,0.0006908253549863983
69005,0,0,0.00017114326045774013
69011,0,0,0.03963582851606145
69026,0,0,0.001395026054351182
69027,0,0,0.004376031100614759
69035,0,0,0.0031420616436981614
69052,0,1,0.5025762264320125
69055,0,0,0.003972129309561674
69056,0,0,0.0003621277081383697
69065,0,0,0.01897058840117474
69075,0,0,0.018614047135405293
69081,1,1,0.5695340612305542
69090,1,0,0.02134162305365042
69091,0,0,0.0019228920814673039
69094,0,0,0.009275172181639329
69098,0,0,0.07255320361109725
69103,0,0,0.01694617766801105
69104,0,0,0.2167501006089563
69117,0,0,0.15644123977808275
69120,0,0,0.003647664327019278
69122,0,0,0.0009933461045854683
69137,0,0,0.0007165671753468163
69150,0,0,0.006265346171078118
69155,0,0,0.011012802072715872
69156,0,0,0.0001935170955116545
69157,0,0,0.15317205876314027
69158,0,0,0.16283577348255815
69160,0,0,6.543966309126067e-05
69167,0,0,0.0012729764146904275
69171,0,0,0.0005050094489773913
69175,0,0,0.08577981795958246
69178,0,0,0.00037783629087482135
69179,0,0,0.024656343774353304
69180,0,0,4.083594783491323e-05
69183,0,0,0.03566858127841633
69185,0,0,1.2075308035500751e-05
69188,0,0,0.001155433548548597
69208,1,0,0.22920746019343002
69209,0,0,0.08047375344442037
69210,0,0,0.0005236767005371231
69221,0,0,0.17406776762174347
69222,0,0,0.11391831429490151
69230,0,0,0.0006258972379767006
69231,0,0,0.00731303871472155
69235,1,1,0.9881045744835707
69246,1,1,0.9969482749615944
69252,0,0,0.016277736514015807
69255,0,0,0.4336375753547063
69257,0,0,0.0003411706946051399
69261,0,0,0.007056752312466889
69264,0,0,0.016010962540003754
69265,0,0,0.04144112062358169
69271,0,0,0.0034736895905551554
69277,0,0,0.007463017944103219
69278,0,0,0.04461998437973109
69285,0,0,0.018011967895391886
69287,0,0,0.0003526722206513699
69294,0,0,9.488516113337555e-06
69296,0,0,0.00252570570149545
69303,0,0,0.00018917857131945146
69311,0,0,0.018759906434105304
69312,0,0,0.000323538967963901
69317,0,0,0.011195946768617189
69319,0,0,0.06900389136051409
69322,0,0,0.0035433629972997246
69327,0,0,0.0003460821197582734
69329,0,1,0.810833549498074
69335,0,0,0.01298323404333002
69338,0,0,3.097086422117958e-05
69341,0,0,0.048066978211390804
69344,0,0,0.02022187966608871
69348,0,0,0.00012659099297944755
69350,0,0,0.01443255569252367
69351,0,0,0.06405226663838462
69353,0,0,0.08293340881234833
69369,1,0,0.2460591932560041
69372,0,0,0.0003351145480310359
69375,0,0,0.07307234786616429
69382,0,0,0.008085227019899832
69393,0,0,0.03205946477287901
69397,0,0,0.005199239009327271
69400,0,0,0.0007102149320933046
69408,0,0,2.638763841202716e-05
69414,0,0,0.0010692519479147415
69420,0,0,0.0005997862922051948
69421,0,0,0.1194621962745581
69425,0,0,0.238856521343845
69433,1,0,0.08744525300995867
69444,0,0,0.005318581219313515
69447,1,1,0.9768914757439092
69449,0,0,0.043703303821241046
69458,0,0,0.09159112263075807
69459,0,0,2.376253221803284e-06
69465,0,0,0.028945303778328314
69467,0,0,1.0458880526729962e-05
69468,0,0,0.005599924027994098
69472,0,0,0.0014610395536993582
69477,0,0,0.040413779263521285
69479,0,0,0.0020945739322182307
69481,0,0,0.0024956678255776002
69488,0,0,5.364756043830376e-06
69494,1,0,0.4832005234637243
69506,0,0,0.0049367493184138906
69512,0,0,0.01886722017073172
69516,1,0,0.010532224641098277
69518,0,0,0.031496679635566176
69522,0,0,0.0008626444799961641
69526,1,1,0.9518965971067006
69533,0,0,0.1252616260534695
69538,0,0,0.22528561682063009
69547,0,0,7.707278429098712e-05
69548,0,1,0.6505522704062094
69550,0,0,0.02555543616308782
69551,0,1,0.5276186414317129
69552,0,0,0.0010098007912694282
69559,0,0,6.25430002533808e-05
69560,0,0,3.63582569318294e-05
69563,0,0,0.0010624610285637885
69566,0,0,0.11043422660913223
69570,0,0,0.14933638564129056
69572,0,0,0.030491222294344464
69573,0,0,0.0010860558868152485
69575,0,0,0.04235174448972726
69595,0,0,0.05808164420130665
69597,0,0,0.0016179767980900117
69611,0,0,0.004739306128557741
69615,0,0,0.023555289357629034
69635,0,0,4.87591346321632e-05
69641,0,0,0.00023845358946376766
69651,0,0,0.013755962517281787
69654,0,0,0.06907646579345257
69660,0,0,1.7415937061973608e-05
69664,0,0,0.010463199006365944
69666,0,0,0.09938930098109844
69670,1,1,0.949858305086922
69675,1,0,0.02575454368883006
69677,0,0,0.009397993820333862
69685,0,0,0.04610119479306119
69687,0,0,0.0010815968869245117
69688,0,0,0.08258513802021722
69693,0,0,0.21978661233388613
69694,0,0,0.048712370414591796
69695,0,0,0.0008532697000768854
69698,0,0,0.0017292489028158595
69704,0,0,0.004953068539529332
69708,0,0,0.004483648407502865
69709,1,1,0.9956534290739476
69716,0,0,0.0021237810868167954
69730,0,0,0.0013043494854537408
69731,0,0,0.0037871562692247626
69732,0,0,5.271689568248749e-05
69737,0,0,0.0020040932744276544
69739,0,0,0.0018571388653755812
69742,0,0,0.0427898899477951
69745,0,0,0.006180178342160942
69752,0,0,0.13651255086717087
69758,0,0,0.048593531772544614
69762,0,0,0.0006490744709953897
69770,0,0,1.5937071677507103e-05
69780,0,0,0.1563885212566607
69786,0,0,1.3629375146460914e-05
69792,0,0,0.007959371821553733
69800,0,0,0.0013444855582775196
69806,1,0,0.01332518163920535
69807,0,0,0.010784449321260617
69810,0,0,0.0002663836167927041
69815,0,0,3.889562598948421e-05
69816,0,0,0.0029015224462223864
69819,0,0,0.04954101017259385
69821,0,0,0.004780123805725803
69824,0,0,0.000327754396850122
69831,1,1,0.9471100755735404
69834,0,0,0.17253296549455516
69843,1,1,0.9898312154062563
69844,0,0,0.00495041627420935
69847,0,0,4.1643115322547275e-05
69848,0,0,5.6974080196906414e-05
69857,0,0,0.008747925922624947
69861,0,0,0.005502606523778886
69864,0,0,0.0008321847626922363
69866,0,0,0.011468688012636785
69867,0,0,0.00013342445842131395
69875,0,0,2.5771902435612116e-05
69876,0,0,0.0009063875064510769
69884,0,0,0.1362026461246879
69894,0,0,0.20838394921645917
69902,0,1,0.8439068831830333
69908,0,0,0.1300223712872166
69910,0,0,0.005304562924792452
69912,0,0,0.005638360743786913
69913,0,0,0.0016911213026679591
69926,0,0,0.000802406706440333
69927,0,0,0.02840257525171472
69928,0,0,0.0006488667816852854
69930,0,0,0.002690038834483724
69932,0,0,0.0007698441571719698
69934,0,0,0.006290354490569699
69936,0,0,0.006318648597740669
69939,1,0,0.14428447947592307
69940,0,0,6.137729721361408e-07
69944,0,0,0.0012724091866495888
69950,0,0,0.12098425574725385
69960,0,0,0.00919873871651258
69968,0,0,0.06732706935008825
69974,0,0,2.661694519342511e-05
69977,0,0,0.0001584554470157376
70003,1,0,0.21988048962084164
70015,0,0,0.0006883918695265327
70017,0,0,0.0055662397097040826
70021,0,0,0.08094434647717746
70025,0,1,0.8435435530318794
70026,0,0,0.04759425507945625
70028,0,0,0.043598154230774934
70033,0,0,4.349601486157728e-07
70038,0,0,0.0019168025426287453
70039,0,0,0.039633924455111595
70046,0,0,0.08231853832397902
70048,0,0,0.0012036333373695908
70058,0,0,6.530423850658842e-05
70063,0,0,0.00016018952160849376
70066,1,1,0.9980473036578741
70073,0,0,0.004157620469678494
70079,0,0,0.002525191583218978
70080,0,0,0.00016191430197584118
70093,0,0,0.00027747400548702196
70096,0,0,7.75441763565576e-05
70104,0,0,0.0029330186299813404
70107,0,0,0.008679840183061758
70108,0,0,0.0011016421237304201
70114,0,0,0.19930635859203624
70121,1,1,0.5414850781986129
70123,0,0,0.0031481612335845033
70142,0,0,0.011534494647333894
70146,0,0,2.0731485945671122e-05
70151,0,0,0.0004481479358482781
70159,0,0,0.15329089155455386
70160,0,0,0.009335549561230332
70168,0,0,5.329984192153065e-05
70171,0,0,0.0006247477626647333
70181,0,0,0.00010229780372177822
70187,0,0,7.524736589788325e-05
70193,0,0,0.006977959612630274
70196,0,0,0.0024213258616043623
70197,0,0,0.002749275546252857
70200,0,0,0.028763147834482916
70203,0,0,8.285507319157623e-07
70217,0,0,7.644965653048118e-05
70220,0,0,0.014083812983688642
70226,0,1,0.562780589163805
70234,0,0,0.05763056827407205
70239,0,0,0.02632036337538863
70241,0,0,1.0031338201919237e-05
70242,0,0,0.020047329889062538
70249,1,0,0.13417316828675468
70253,0,0,0.08893316519989364
70270,0,0,0.0006085309408313036
70276,0,0,0.004839843744028477
70281,0,0,0.0002553410915356449
70282,1,1,0.9766997308782827
70283,0,0,0.002559498818935319
70284,0,0,0.0007134297266727327
70294,0,0,0.003322662462257042
70303,1,1,0.9221525072694279
70308,0,0,0.0015875991274310036
70309,0,0,0.04236090871663359
70312,0,0,0.02389701208742732
70321,0,0,0.014919830175632913
70324,0,0,0.0001942295563606141
70325,0,0,0.010786068650676151
70344,0,0,0.00698550267379717
70353,0,0,0.0007131645218817447
70354,0,0,0.010125358027727498
70360,0,0,0.004560722451820738
70362,0,0,0.30101358759330915
70363,1,0,0.06132404191185038
70372,1,1,0.8550493224493225
70373,0,0,0.00017049669563024879
70382,1,1,0.9615578942380025
70395,0,0,0.003400329922770358
70400,0,0,0.07523739662730179
70425,0,0,0.0006435422827603578
70429,1,1,0.9926386969702583
70430,0,0,0.11125227199054886
70438,0,0,2.759726149836331e-06
70448,0,0,0.1634667551425262
70454,0,0,0.024250445295174984
70458,0,0,0.07982957431757151
70482,0,0,0.001441271240136281
70494,0,0,0.008897681155691665
70495,0,0,2.186871756169454e-06
70498,0,0,0.007813033150545831
70499,0,0,4.3565067875091505e-06
70506,0,0,0.00019880343964010912
70507,0,0,0.0002177354469340042
70513,1,1,0.9995826417147625
70528,0,0,0.009783303400451703
70529,0,0,0.003955129251232406
70530,0,0,1.753636662691978e-06
70540,0,0,0.0002505783734184706
70542,0,0,0.0012713205802145817
70545,0,0,0.0002212641212321014
70550,0,1,0.5623024905998867
70552,0,0,0.0002023280472951176
70559,0,0,0.0003033891850924419
70565,0,0,0.0023678947209351655
70569,0,0,0.0018538304971708625
70580,0,0,0.00014040118048971547
70593,0,0,0.16892770395701034
70602,0,0,0.00031838919688797693
70604,0,0,0.034976848825864076
70606,0,0,0.18805594876006745
70609,0,0,0.0005264747833174867
70614,0,0,0.000582302582921797
70615,0,0,0.008356657496208035
70621,0,0,0.02462909261617958
70622,0,0,1.6967512631784883e-05
70623,0,0,0.003967476568558321
70628,0,0,0.006325171859281977
70629,0,0,0.17690946736112997
70630,0,0,0.0006911656459714705
70631,0,0,0.060520450941650664
70641,0,0,0.000803549548097328
70643,0,0,0.0010980040574394643
70656,0,0,0.0003679520504748238
70661,0,0,0.003677001538454362
70663,0,0,0.1655855646173643
70668,0,0,0.0008950284643227463
70676,1,1,0.9461964802428587
70677,0,0,0.022059434366849557
70678,0,0,0.0015825417422162633
70681,1,0,0.3700298594834558
70687,0,0,0.005253987846779558
70705,0,0,2.4340831613442444e-05
70707,0,0,0.00019021176743881868
70712,0,0,0.09677490189147044
70717,0,0,0.12839519243492936
70726,0,0,0.00624921686371821
70733,0,0,1.3638117112360673e-05
70736,0,0,0.0035475592211563793
70749,0,0,0.006650217022188639
70755,0,0,0.4411638864801284
70759,0,0,0.20536625715941967
70760,0,0,0.003994751055072182
70778,0,0,0.20878763588554491
70779,0,0,0.11410144746117447
70785,0,0,0.00015304418581336631
70788,0,0,0.004442715753715502
70789,1,1,0.9721543633532113
70792,0,0,0.09461140147775002
70796,0,0,0.008152162313892658
70798,0,0,0.14829225405371557
70811,0,0,0.0068120795779284486
70814,0,0,0.033556531668821485
70816,0,0,0.05598961694725699
70817,0,0,0.31226560424453714
70818,0,0,0.00013335463678215974
70826,0,0,0.001014745282002181
70829,0,0,0.003771871334249867
70841,1,1,0.9850760219602782
70842,0,0,0.00016492630679422585
70843,0,0,0.00010687684403929825
70847,0,0,0.00022152896292457812
70856,0,0,1.3375288466866211e-05
70857,0,0,0.01929596339358741
70860,0,0,0.00173038188704676
70861,0,0,4.989703563116262e-05
70864,0,0,0.0005278556501213529
70874,0,0,0.016735593949208993
70877,0,0,0.24551519117855775
70896,0,0,0.0004065702781584586
70904,0,0,0.0031148153740807485
70905,0,0,0.02310087347945925
70912,0,0,0.022845398056261578
70920,0,0,0.00016938157144112182
70921,0,0,0.00028736667082534227
70922,0,0,0.0809221042167399
70925,0,0,0.0008290219537833154
70935,0,0,1.501245423170686e-05
70936,0,0,6.375371553925098e-06
70939,0,0,9.617297914169187e-07
70941,0,0,0.00034020501513910346
70948,0,0,0.08221120815312313
70954,0,0,2.7228974686724415e-07
70956,0,0,0.11460359537661009
70964,0,0,0.20005937386215836
70976,0,0,0.0002144101047870427
70977,0,0,0.015147684299358028
70978,0,0,9.31808284113093e-06
70985,0,0,0.0044484901315093575
70986,0,0,0.0006065512656170737
70988,0,0,0.016847481362745897
70989,0,0,0.0003409820356833533
71018,0,0,0.0007828200859539329
71025,0,0,0.08866424645166568
71032,0,0,0.0999224187826315
71035,0,0,0.15822996059185648
71042,0,0,0.0005502227587335123
71043,0,0,0.0009644698354705093
71045,0,0,0.08946903667721999
71048,0,0,0.0005346026697938554
71052,0,0,0.321837686610189
71059,0,0,0.0004265358834968399
71066,0,0,0.016581949836295497
71072,0,0,6.156433807342053e-05
71077,0,0,0.018347872675321304
71080,0,0,0.007023812705357756
71082,0,1,0.5338691981253896
71083,0,0,0.003428195490957012
71089,0,0,0.0032438265058563026
71097,0,0,0.00011746148400424665
71113,0,0,0.005697739257010026
71127,0,0,1.2104880432005133e-05
71130,0,0,1.0929614084472625e-05
71132,0,0,1.4643233483811595e-05
71139,0,0,0.00024461772296155546
71141,0,0,0.00117717510807516
71143,0,0,0.0059982169338883675
71148,0,0,0.0023812809501298714
71155,0,0,0.0003113281281290048
71156,0,0,0.0017832516112565218
71166,0,0,0.0024876100724434353
71168,0,0,0.0018312708382266331
71169,0,0,0.002292256919975366
71173,0,0,0.01963110487979482
71175,0,0,0.003645129798132032
71181,0,0,0.005574349392181546
71186,0,0,0.01396052746960105
71189,0,0,0.006934410700575051
71191,0,0,9.481950872842405e-05
71193,1,1,0.673029582252782
71206,0,0,0.055164644070561784
71210,1,1,0.9654194756457233
71220,0,0,0.12616926952558
71224,0,0,6.295408230442221e-06
71238,0,0,0.004459746623888669
71239,0,0,0.000260771620567876
71243,0,0,1.0096422070352094e-06
71244,0,0,0.0037014987231938144
71245,0,0,5.861442847242673e-05
71263,0,0,2.5553549552561973e-06
71270,0,0,0.02905058842376989
71273,1,1,0.9719252621514551
71276,0,0,0.017915634982589378
71283,0,0,0.0011726374990100698
71286,0,0,0.0019698620251128018
71287,0,0,0.0031161679121543004
71289,1,0,0.05570706538751426
71290,0,0,0.025856204545337096
71292,0,0,0.008185999433106796
71296,0,0,0.04522114320437684
71299,0,0,0.0008993187240657083
71303,0,1,0.5514209057155762
71304,0,0,3.581920863977213e-05
71312,0,0,0.018874976480769988
71317,0,0,0.00021673518476717597
71324,0,0,0.000338697787174194
71325,0,0,0.003340328708510483
71326,1,1,0.9919833180738874
71330,1,1,0.9906164082381186
71334,0,0,0.0030332117210714357
71341,0,0,0.016344954773007635
71344,0,0,0.003789398023066212
71350,0,0,0.15243435564202407
71352,0,0,0.001110065525852686
71355,0,0,7.089452376297078e-06
71358,0,0,0.030844006384579268
71367,0,0,4.294480319000198e-05
71373,1,0,0.29337110348683426
71379,0,0,5.7956210851189534e-05
71385,0,0,4.152129376990574e-05
71386,0,0,0.002055381731213349
71390,0,0,1.4754551722316948e-05
71391,0,0,0.001247120366744315
71394,0,0,0.0005520992570368458
71401,0,0,0.2109854120967508
71406,0,0,0.06671042382723717
71410,1,0,0.3023308624600503
71414,0,0,2.5950504692285716e-05
71426,0,0,0.0010259918986264853
71427,0,0,0.0003450847886733039
71430,0,0,0.0004480685873930695
71436,0,0,0.02600382259647913
71439,0,0,0.2843597066664685
71440,0,0,0.00018665381382536368
71441,0,0,0.01850649869318561
71447,0,0,0.12608481378504635
71448,0,0,0.00683173208773764
71451,0,0,0.17391704729817817
71453,0,0,0.3498474771196466
71461,0,0,1.9445961555103146e-06
71476,0,0,0.0003488351136650606
71489,1,1,0.724430241508226
71493,0,0,0.0003794047045958968
71497,0,0,0.2367486480911709
71498,1,0,0.41047427373953327
71514,0,0,0.00015359697440681629
71517,0,0,0.13382803535168578
71528,0,0,4.541149408598058e-05
71531,0,0,0.0024289786714489178
71534,0,0,0.0035288363987647942
71535,0,0,0.03780524944082963
71536,0,0,0.0004090419669836876
71538,1,1,0.6854155720718733
71545,0,0,0.08690430087710213
71550,0,0,4.2336636859113123e-05
71552,0,0,8.919346087323652e-06
71557,0,0,0.3889602196136545
71559,1,0,0.04583335483102806
71565,0,0,4.8856124456748314e-05
71571,0,0,0.1470565662075756
71572,0,0,0.0007867025504467418
71578,0,0,0.001970361498276512
71580,0,0,0.13821289081619959
71582,0,0,0.0037568708977207582
71592,0,0,0.0024780619864211853
71599,0,0,0.0001807261484692577
71602,0,0,0.007196179158628532
71604,0,0,0.00012953748980008741
71616,0,0,0.007144442306165509
71624,0,1,0.9271956123770602
71628,0,0,4.640504272413338e-05
71630,0,0,0.00233071787340096
71636,0,0,5.716877597729484e-05
71639,0,0,0.006193398057414596
71656,0,0,5.803228841815316e-06
71659,0,0,0.0686072722974452
71662,0,0,0.16213540138679514
71663,0,0,5.5458391952449145e-05
71673,0,0,0.011617513064683609
71674,0,0,0.022648532991363372
71679,0,0,0.011984063986489386
71691,0,0,0.0016802920396663213
71697,1,0,0.04131589112855716
71702,0,0,0.00869427481167978
71715,0,0,0.00712125168383758
71722,0,0,8.251065810240782e-07
71739,0,0,1.1784651942742141e-05
71740,0,0,1.9708602862464687e-05
71743,0,0,0.0002647598561837526
71746,0,0,0.02378292564172896
71752,0,0,0.0003493503009006837
71775,1,1,0.909989262704825
71803,0,0,0.003294519322456392
71805,0,0,0.014832369294331186
71816,1,1,0.999077773944855
71824,0,0,0.0033910932492881947
71835,0,0,0.00043711419756071416
71841,0,0,1.0491440625331953e-05
71856,0,0,0.005936254882594416
71857,0,0,0.14809443189681068
71861,0,0,0.0011944058426097432
71864,0,0,0.017471291158290225
71867,1,0,0.07993478167452782
71872,0,0,0.0013969323765336769
71878,0,0,0.0033545948111595517
71880,0,0,0.07279330649893714
71889,0,0,0.013453373102507174
71901,0,0,0.2485124188674783
71911,0,0,0.05562683919793538
71920,0,0,0.0001182466799650477
71941,0,0,0.052947057528130205
71942,0,0,0.005901991269087328
71943,0,0,0.004098444443334217
71949,0,0,0.0040425856969695
71954,0,0,0.004865975632522183
71967,0,0,0.030503165979809305
71970,0,0,0.00016768314932811627
71989,0,0,0.0006237055337698021
71991,0,0,0.3116317839547393
72010,0,0,0.002722267623312699
72030,0,0,0.40431077913525365
72031,0,0,0.006342446256925654
72032,0,0,0.01050600661911857
72041,0,0,1.6003752488510148e-05
72044,0,0,0.0005222629171255247
72051,0,0,0.001629095193086698
72052,1,1,0.9357716370561473
72058,0,0,0.038870610275304474
72062,0,0,9.361851563879483e-05
72065,0,0,0.013334225605100723
72066,0,0,0.003420726190492668
72069,0,0,0.006772321390145071
72076,0,0,0.0026606954640882507
72078,0,0,0.0006086914726366817
72081,0,0,0.0008509189036004123
72082,0,0,0.019856257084144246
72083,0,0,6.020318526581282e-05
72084,0,0,0.05393621631839448
72087,0,0,0.0008633739564310654
72101,0,0,0.002404576866066278
72107,0,0,0.00030705940855180403
72116,1,1,0.7234721349576795
72119,0,0,0.21468661575381248
72128,0,0,0.06031091146676264
72137,0,0,2.9850435599404704e-06
72140,0,0,0.002127362425378966
72141,0,0,0.009929806178378771
72149,0,0,1.1538481209679938e-05
72153,0,0,3.093259601916613e-05
72158,0,0,0.09240023301677651
72160,0,0,9.848738755023207e-05
72182,0,0,0.001453102713026258
72183,0,0,4.369880904957834e-06
72184,0,0,0.0005152983427533556
72196,0,0,3.97035105758859e-05
72201,0,0,0.021033884762154967
72203,0,0,0.01820133329024378
72204,0,0,0.009070074444303243
72208,0,0,5.5518390835909913e-05
72212,0,0,0.008010528496139504
72213,0,0,0.0006039173686126632
72222,0,0,4.2042730912450174e-05
72227,0,0,0.008112071262887724
72249,0,0,2.1373778604344542e-05
72250,0,0,0.007154469538895836
72251,0,0,4.016519045479407e-05
72259,0,0,0.0001499720346802349
72263,0,0,1.47962948747938e-05
72265,0,0,0.0012616501144917475
72266,0,0,0.001231569586914255
72268,0,0,0.10919330783956674
72269,0,0,0.002301786574571314
72273,0,0,0.00013773814444725688
72277,0,0,0.001173202058708196
72285,0,0,0.09038076161608252
72301,0,0,0.008716313354244398
72305,0,0,3.061681194682287e-05
72307,0,0,0.0013994727343129454
72309,0,0,0.04821860924775265
72311,0,0,0.019999729649136343
72315,0,0,4.635690560640771e-05
72326,0,0,2.1910911123764027e-05
72328,0,0,5.986631619745575e-05
72350,0,0,0.08203524625591567
72351,0,0,0.004863201440562368
72359,0,0,0.0005873950324386953
72361,1,1,0.5359080366854736
72362,0,0,0.022017131336227624
72365,1,1,0.6438026485965658
72372,0,0,0.002302305694018844
72377,0,0,4.857236919057667e-05
72378,0,0,0.20123898418292518
72383,0,0,0.0012701954672171987
72387,0,0,0.0018600513046513215
72391,0,0,5.571399610486684e-06
72392,0,0,0.0033652147663589724
72396,0,0,0.00998345686951608
72398,0,0,0.005520301958848291
72399,0,0,0.04462025925091843
72407,0,0,1.6800532593037362e-05
72410,0,0,6.478114255667434e-05
72423,0,0,0.03612061820586458
72424,0,0,0.0011884274150631645
72432,0,0,0.06677028071585857
72435,0,0,0.40941166295620135
72436,1,1,0.8198833870167455
72439,0,0,6.297059139599672e-07
72445,0,0,0.05892631762659037
72450,0,0,0.024645833925737343
72454,0,0,0.0006264872086830461
72455,0,0,0.013966344021603004
72470,0,0,0.024856572702968354
72474,0,0,0.0027102590615881404
72508,0,0,0.0031243757967488596
72509,0,0,0.038768026671448276
72517,0,0,0.00020970071661414476
72528,0,0,0.12459838850215443
72536,0,0,0.02952024149838637
72537,0,0,5.271496914118343e-05
72541,0,0,7.6796397184427e-05
72544,0,0,0.0021837717112622597
72545,0,0,0.01863029169516576
72546,0,0,2.0353142454202097e-05
72549,0,0,0.03196630745689506
72555,0,0,0.43100773277200527
72559,0,0,0.00032205475209476174
72572,0,0,0.0638323608812259
72574,0,0,0.0010541807316760265
72579,0,0,9.005303337143645e-05
72587,0,0,1.1260199854809558e-05
72601,0,0,0.00020239317561217997
72606,0,0,0.08267825729649446
72611,0,0,0.015718930749822963
72615,1,1,0.6943089714634059
72618,0,0,4.7287461858103665e-05
72649,0,0,0.0029019589463685474
72655,0,0,5.163518680980593e-05
72659,0,0,0.005093405185505265
72665,0,0,1.73892618837795e-05
72671,0,0,0.00011316162769267859
72673,0,0,3.1688411830879815e-05
72674,0,0,0.00018829843285168423
72676,0,0,0.0006357362151860544
72688,0,0,6.262089760448487e-05
72689,1,1,0.9318823760876028
72694,0,0,0.004421558470409893
72697,0,0,0.01735129219852029
72704,0,0,0.0003524235300797619
72709,0,0,0.037373267754225725
72713,0,0,0.07516510378245742
72714,0,0,0.011188089483118347
72715,0,0,0.019431912176202923
72721,0,0,0.004022480213596386
72725,0,0,0.0002551631443610153
72731,0,0,2.025916308070871e-05
72734,0,0,0.0013871219902724331
72747,0,0,0.01955500958736959
72750,0,0,0.20768312216330112
72754,0,0,0.0008643201188113565
72755,0,0,0.02433624758522626
72761,0,0,2.154242722039331e-05
72762,0,0,0.008747592280386705
72769,0,0,0.009635997795373018
72773,0,0,0.07683442954253378
72775,0,0,0.009140411195610116
72776,1,0,0.28839048271584
72781,0,0,0.00036707252457392095
72782,0,0,0.14053882120056332
72783,0,0,0.00011320721882328393
72784,1,0,0.40583968233951073
72812,0,0,0.00020954931937195695
72822,0,0,0.03747474613657421
72830,0,1,0.5089112324787425
72832,0,0,0.03730747536232869
72834,0,0,3.410591444370451e-05
72840,0,0,0.07867340743184797
72848,0,0,0.0001984534361617527
72856,0,0,0.3197473888622123
72873,0,0,0.0009125389524575937
72877,0,0,0.1560019761925801
72886,0,0,0.034926015628191545
72888,1,1,0.9792511638405267
72890,0,0,0.000156785095817059
72892,0,0,0.08648221588664227
72894,0,0,0.1425688753855755
72914,1,1,0.9977924358414033
72915,0,0,0.015690518180435716
72917,0,0,0.2346357649716217
72921,0,0,0.023069522383057154
72922,0,0,0.006144247856739663
72925,0,0,0.07605940383092737
72927,0,0,1.2425853001918015e-06
72937,0,0,0.009325611869600433
72956,0,0,0.0027665594086251108
72960,0,0,0.0024624119575832977
72963,0,0,0.00015235926648292654
72969,0,0,4.1120319386651654e-05
72970,0,0,0.020166257117466606
72974,0,0,0.25794704966476034
72975,1,0,0.2017412082684445
72977,0,0,0.015483849322640077
72979,0,0,0.0012361534367007273
72980,0,0,0.0022601746305279764
72998,0,0,0.01914914661613306
73014,0,0,8.168563753358822e-05
73017,1,1,0.988869344983011
73019,0,0,2.6735330887553784e-05
73024,0,0,0.0003795528909660577
73031,0,0,0.041855640677044066
73038,0,0,5.5014233968644554e-05
73045,0,0,5.089651188815687e-05
73047,0,0,0.0008128003188681867
73057,0,0,0.00016785277186162067
73085,0,0,0.010515455497967048
73088,0,0,3.205106202743807e-05
73092,0,0,0.0006573076130876194
73115,0,0,0.0016845808004001513
73123,0,0,0.07992507119692684
73132,0,0,1.9591837226123145e-06
73138,0,0,0.016278845240227588
73144,1,1,0.6588743632398044
73159,1,0,0.025122532944799048
73161,0,0,0.009652416859001206
73166,0,0,4.801668244315275e-07
73171,0,0,0.016036740708797695
73185,0,0,0.0029626462250307785
73193,0,0,0.006909758692239474
73196,0,0,0.000687281397824266
73217,0,0,0.0017914109660610948
73222,0,0,3.245755676474888e-05
73225,0,0,0.012338328297673298
73240,0,0,0.013986515698723133
73241,0,0,0.0003201332423881212
73258,0,0,0.008280487846326255
73260,0,0,0.03860296426173651
73265,0,0,0.001342959624365566
73271,0,0,1.4534056941333408e-06
73276,0,0,2.1758838895765924e-05
73279,0,0,0.04989897801534771
73285,0,0,0.005523742526855125
73289,0,0,0.1901028900534484
73290,0,0,0.0003076723503887879
73292,0,0,0.00032948371573097166
73297,0,0,0.00030889772036263216
73302,0,0,0.0019604223398291846
73312,0,0,0.01677311843232858
73328,0,0,0.0032874339300311252
73331,0,0,0.00023226148371238104
73334,0,0,0.13257728402828176
73349,0,0,0.010100499912279182
73350,0,0,0.015005653208717763
73360,0,0,0.0003582268631764313
73366,0,0,0.002051771710580151
73368,0,0,0.00019937519934604798
73369,1,0,0.42967992869100113
73372,0,0,1.875699424181832e-06
73377,0,0,0.10942681192639431
73393,0,0,0.046676741864936595
73396,0,0,0.18820733999467174
73399,1,1,0.9970866081068751
73404,0,0,2.5222346708325723e-06
73407,0,0,0.003228115605953628
73410,0,0,0.11868675012382743
73411,0,0,0.0137933414324396
73415,0,0,0.0479342238803127
73416,0,0,0.00016789126532177102
73422,0,0,0.1874439819842351
73435,0,0,0.0008952849679577438
73436,0,0,0.0026623423468857058
73441,0,0,0.000894149978430792
73454,1,1,0.9788907126331786
73458,0,0,0.057152895881640964
73460,0,0,0.00015339430841859603
73466,0,0,0.003682533325284072
73470,0,0,0.00490862403782206
73489,0,0,0.024001099789897982
73496,1,1,0.6760791347909776
73504,0,0,0.00011039018360332667
73518,0,0,3.215960972009166e-05
73520,0,0,0.045175952434831745
73529,0,0,0.00019286449540581427
73530,0,0,0.11831473363340612
73532,0,0,6.375645101018278e-05
73536,0,0,0.01396405392866935
73540,0,0,0.003099929019923391
73551,0,0,0.00017827868077249895
73552,0,0,0.0001231226513957399
73558,0,0,0.003316794292803022
73567,0,0,0.001081866549982853
73569,0,0,2.3392769111356464e-06
73570,0,0,2.6027753376156003e-06
73572,0,0,6.133231795194891e-06
73582,0,0,0.0003832920132440481
73585,0,0,0.0013911809249741484
73587,0,0,0.026850169445521443
73591,0,0,0.033187567809334025
73597,0,0,0.00043366836871278715
73602,0,0,0.00038713544607744054
73605,0,0,9.434590882670302e-06
73614,0,0,0.0032639190600795187
73622,0,0,0.00011279340226777733
73644,0,0,0.06304169014616436
73647,0,0,5.3151021193715205e-08
73648,0,0,0.0013682973477048414
73651,0,0,0.22484205364550217
73654,0,0,0.003204676515875712
73655,1,1,0.5254477382086085
73661,0,0,0.01811295646441137
73663,0,1,0.7908090653328242
73673,0,0,0.17119029642820544
73679,0,0,0.008563267192576577
73682,0,0,0.002412103291977332
73685,0,0,0.0021377995632197245
73690,1,1,0.9295551669623087
73697,0,0,0.0022215906606546402
73699,0,0,0.0007170523938809765
73708,0,0,0.0038253628766211027
73712,0,0,0.006055394015822039
73713,0,0,0.17921462390270027
73725,0,0,0.0012473127117984613
73728,0,0,0.03244991307504566
73737,0,0,0.46296847158099746
73742,0,0,0.06583798997272933
73743,0,0,4.062128683249828e-05
73745,0,0,0.04456910804222312
73746,0,0,0.0006559929307282928
73752,0,0,0.003136759564746317
73755,0,0,3.346479184080731e-05
73759,0,0,2.2404714080588192e-07
73760,0,0,0.07099047089800918
73761,0,0,0.003141539947286546
73765,0,0,0.09494647350320846
73778,0,0,2.411213374564153e-05
73787,0,0,0.007604931088215745
73789,0,0,0.0016473043528202674
73805,0,0,1.6577190373744626e-07
73809,0,0,0.007136978254189671
73820,0,0,0.006499382029284231
73825,0,0,0.056892210358870016
73826,0,0,0.0013288052729586778
73830,0,0,0.00010284712783299407
73841,0,0,0.002139108344828057
73843,0,0,0.1251574009945732
73850,0,0,7.601655868827166e-06
73852,0,0,3.548872620007757e-07
73855,0,0,0.08062698979805848
73857,0,1,0.5424151281239797
73858,0,0,0.00371965117064778
73868,0,0,0.003969973806352822
73885,0,0,0.0003262977936290767
73898,0,0,0.003005833068602008
73899,1,1,0.5010427879688322
73908,0,1,0.6270302527752462
73913,1,1,0.890234203215405
73914,0,0,0.0037821431456691104
73922,0,0,0.0011449847610109157
73923,0,0,0.0027761783232445924
73924,0,0,4.131045178195283e-05
73934,1,1,0.6225058536006838
73945,1,0,0.35043930916642557
73947,0,0,0.00750326093498383
73956,0,0,0.360280576606894
73968,0,0,0.020057173416296148
73973,0,0,0.05519764877571465
73983,0,0,0.0072314086693760675
73988,0,0,0.03493603009651743
73991,0,0,7.522606936699072e-06
73992,0,0,0.0020083944463098963
73995,0,0,0.0025243824884742696
73996,0,0,0.0015915201565622052
73998,0,0,0.0011476956892961974
74002,0,0,0.0007538028602307328
74006,0,0,0.0020473861378381723
74008,0,0,0.014584889301495978
74017,0,0,0.007200596387465492
74018,0,0,0.0002247009961611994
74019,0,0,0.01710428110435418
74021,0,0,0.03210021719974613
74024,0,0,2.51424843089799e-05
74028,0,0,0.17494652202772532
74036,0,0,5.823220460825076e-05
74042,0,0,0.1373695160908322
74043,0,0,0.0015866539236863084
74044,0,0,0.0361308237860256
74052,0,0,0.18672479064509298
74053,0,0,0.0007161602479747866
74054,1,0,0.36920913510274334
74062,0,0,1.677847889195204e-05
74072,0,0,0.0005078505840045003
74074,0,0,0.0001003310956146179
74087,0,0,6.705794817833978e-06
74094,0,0,0.05829660949289226
74101,0,0,0.06679450064366567
74103,0,0,0.01868580531048463
74107,0,0,0.00024445644804637614
74114,0,0,5.43142728217877e-05
74129,0,0,3.92667084297234e-05
74130,0,0,0.0022853495785303468
74134,0,0,0.0002696552785194514
74138,0,0,1.495356255314863e-05
74141,0,0,4.301963575109592e-06
74144,0,0,0.002454517639644149
74147,0,0,0.07718923162990934
74150,0,0,1.4076053901158976e-05
74165,1,1,0.8597602207000168
74175,0,0,8.931454286257539e-05
74178,0,0,0.023299427351284808
74184,0,0,0.0015884455884378104
74194,0,0,0.00016567824932946817
74195,0,0,0.0035506490940174803
74196,0,0,0.00022725808157698937
74204,0,0,0.0009913222698155143
74208,1,0,0.05483675154964498
74210,0,0,0.009039331947372867
74216,0,0,0.00048097976937764414
74221,0,0,0.007078612704969144
74227,0,0,0.02009609001705307
74231,0,0,0.006063759999076865
74240,0,0,0.12095968555472274
74241,0,0,0.02356184782712188
74262,0,0,0.2604945612603445
74268,0,0,0.02602886549676432
74283,0,0,0.0006287237372339423
74287,0,0,0.0004824214327076085
74290,0,0,0.04214401133316141
74297,0,0,0.001567432886284966
74308,0,0,0.012449105770195947
74309,0,0,0.10503384769124738
74312,0,0,1.098194384701938e-05
74330,0,0,7.397923879705392e-06
74331,0,0,0.018810300070601388
74343,0,0,0.19184362737144622
74344,0,0,0.00035180459896304897
74345,0,0,0.005120248432044919
74351,0,0,0.004589624392121359
74354,1,0,0.1122352220674445
74371,0,0,0.00234880063910911
74380,0,0,0.11812646653981139
74399,0,0,0.008436387229565818
74402,0,0,0.005960656068270753
74405,0,0,0.013491103731569226
74409,0,0,1.9668246139070414e-05
74411,0,0,0.20051142173295985
74414,0,0,0.0010495396440069814
74421,0,0,0.10053501184571952
74423,0,0,0.09344975853515616
74437,0,0,0.0018803340011105704
74461,1,0,0.17344515548516692
74473,0,0,0.0010998467952166159
74475,0,0,0.0028864121551408673
74476,0,0,1.782046520777381e-05
74478,0,0,0.01119155037835847
74479,0,0,0.0008992253861145658
74480,0,0,0.0010471927765336416
74505,0,0,0.05135838460531929
74508,0,0,0.015566294708681089
74515,0,0,0.005101726470372985
74517,0,0,0.0016509710964889598
74519,1,0,0.11848983095101204
74528,0,0,0.00020713503410461323
74532,0,0,0.0019727454695994294
74534,0,0,0.012494467019332572
74541,1,0,0.04892046544016864
74546,0,0,0.02438035386800527
74551,0,0,0.00023501869598189997
74558,0,0,3.2008285988989104e-06
74559,0,0,0.011151974485366912
74562,0,0,1.4569295275279749e-05
74586,0,0,0.19688044317451867
74593,0,0,0.035451680063761974
74595,0,0,0.00826393127993876
74598,0,0,0.4433467084951101
74599,0,0,0.0008128642912505076
74607,0,0,0.014891227271997178
74610,1,1,0.9654623282933363
74611,0,0,8.919764953628698e-06
74618,0,0,0.013008496234930464
74622,0,0,0.010883879532403724
74640,1,1,0.9884275392367268
74648,0,0,0.022957055061579242
74651,0,0,1.101103198523544e-05
74660,0,0,0.002918338350272152
74669,0,0,1.9942960762697875e-06
74675,0,0,0.021682821938541316
74680,0,0,0.004878238911559457
74684,0,0,0.005628506288757077
74692,0,0,0.00032718011049628367
74693,0,0,0.005468408925907311
74697,1,1,0.9861695059264276
74702,0,0,0.0004389682496492845
74711,0,0,0.024242379583753665
74718,0,0,0.0031038706797092484
74725,1,0,0.38267048545720256
74732,0,0,0.0005277175388643057
74738,0,0,0.15070421501380707
74739,0,0,0.00042503470886684085
74740,0,0,0.004201331965625605
74741,0,0,0.3407325396206622
74757,0,0,0.006589946253827235
74762,0,0,0.0009308450242988914
74765,0,0,0.0025543160862831404
74768,0,0,0.026151807348177545
74774,0,0,0.14040700081419863
74776,0,0,1.090079819007804e-05
74779,0,0,0.004691750516394029
74782,0,0,0.026019087426697902
74784,1,1,0.993366507224985
74786,0,0,0.005675883273519111
74787,1,0,0.3429553415931833
74789,0,0,0.023152823416265813
74797,0,0,5.649565812103478e-06
74803,0,0,0.00428493533490835
74810,0,0,0.00017968689009621573
74811,0,0,0.005439205518676165
74818,0,0,2.2766899601575682e-05
74819,0,0,0.0006185543505838903
74830,0,0,3.818641462067864e-05
74839,0,0,0.00015540755611099432
74840,0,0,0.014525317222058548
74845,0,0,0.0002206723540523448
74853,0,0,0.08841219139009884
74858,0,0,0.0010634148300007436
74859,0,0,0.097117415284013
74867,0,0,0.0008949171399568004
74868,0,0,0.0005962573784551758
74879,0,0,0.010166111857061979
74880,0,0,0.042273339006765796
74885,0,0,0.019482503046320963
74888,0,0,7.932537487445669e-06
74889,0,0,0.08455947869324741
74890,1,1,0.6000059668159872
74891,0,0,0.031207285170793075
74893,0,0,5.733387254075648e-05
74894,0,1,0.6648385590252632
74895,0,0,0.04440246667038016
74897,0,0,0.0002676220595337134
74909,0,0,0.09085659662055416
74910,1,1,0.9342081056357615
74912,0,0,1.7554106401660864e-05
74922,0,0,0.006957882774084936
74930,0,0,0.007771028705149583
74931,0,0,0.0002109265172867221
74932,0,0,0.12354622752402121
74944,1,1,0.9088858913443142
74949,0,0,0.006449316858860596
74954,0,0,4.675264093006642e-05
74955,0,0,0.00028802403384116154
74957,0,0,0.0003792174527307226
74961,0,0,0.053079035047015444
74965,0,0,0.16549379596073394
74969,0,0,0.0011065286264279007
74970,0,0,0.12349732730466678
74973,1,1,0.9143051419649058
74978,0,0,0.00019231600788855547
74981,0,0,0.2917438106703633
75011,0,0,0.049114634020345535
75027,0,0,0.0005671595389155938
75028,0,0,0.04331859707300369
75034,0,0,5.005479485829536e-05
75035,0,0,0.0010401174084142101
75038,0,0,0.004863836876890527
75039,0,0,0.18757143156911812
75046,0,0,0.0007319046197516288
75049,0,0,0.013369538687125981
75050,0,0,0.005216529672178512
75064,0,0,0.00556081175237917
75073,0,0,3.2427216187776183e-06
75076,0,0,0.00020345939264508704
75080,0,0,0.4254146066819431
75106,0,0,0.022088899478772805
75109,1,1,0.8742157127048303
75113,0,0,0.009732451888839857
75120,0,0,0.2947798673801837
75121,0,0,0.07975902564184947
75127,0,0,4.750231064917678e-06
75128,0,0,0.007744778744410855
75132,0,0,5.695360344456048e-05
75135,0,0,1.2979411816004977e-05
75143,0,0,0.00527678434941813
75149,0,0,6.140945896910536e-05
75153,0,0,0.008898551286477947
75157,0,0,0.021613548983771373
75166,0,0,9.598805597852683e-05
75168,0,0,1.7025599485560237e-05
75180,0,0,0.003035726861237484
75193,0,0,0.020070936231938053
75195,0,0,0.00039237670639696674
75205,0,0,0.002018077129351592
75208,0,0,1.980816547886727e-06
75210,0,0,0.0008670064710386366
75219,0,0,0.010436928397886304
75223,0,0,0.07603449238867012
75231,0,0,0.0005205346186861012
75248,0,0,0.06017981941584762
75281,0,0,9.192030773105977e-07
75283,0,0,0.00012338082455852031
75284,0,0,7.014506899149803e-05
75286,0,0,0.004505499091425559
75289,0,0,0.0020089509265718334
75297,0,0,0.010910204719470818
75302,0,0,0.006735754270962585
75303,0,0,0.03104936957215774
75306,0,0,0.0025921528124601924
75307,0,0,0.0006260749887313374
75316,0,0,0.016145210738724835
75328,1,1,0.9983068960990341
75329,0,0,0.008253016857299376
75331,0,0,0.006317164275802692
75356,0,0,0.0016751980944166513
75363,0,0,0.007375810298789927
75371,0,0,4.910382177703127e-05
75374,0,0,0.06523156551735249
75376,0,0,3.384866350910592e-06
75377,1,0,0.040479555890351335
75386,0,0,0.009106011971747107
75389,0,0,8.191580460855756e-07
75392,0,0,0.17255041764478896
75393,0,0,0.3086253511835728
75398,0,0,0.0056245701533302285
75399,0,0,0.006072729939978899
75404,0,0,0.057958419280664045
75405,0,0,0.011661673863102332
75417,0,0,0.02600792669911702
75422,0,0,0.006289138689147603
75435,0,0,0.006069126770819997
75437,0,0,0.00026055271206052393
75440,0,0,0.017966322987742103
75441,0,0,0.03097922087245577
75446,0,0,0.00016649751975256734
75456,0,0,0.15838338488716983
75460,0,0,0.024497642704479534
75461,0,1,0.9086763142454976
75467,0,0,0.45260562108878233
75473,0,0,5.952110836467167e-05
75474,0,0,0.39664203026778166
75477,0,0,0.007290975075146837
75478,0,0,0.002447781884363815
75480,0,0,0.17790112568933888
75488,0,1,0.57841106610431
75494,0,0,0.0008753279522764703
75502,0,0,0.014121558427764948
75504,0,0,6.532312679386513e-05
75507,0,0,1.382850838772443e-05
75508,1,1,0.9179678711133721
75511,0,0,0.008489156034270699
75512,0,0,0.00010523507051756907
75523,0,0,0.0009616754061989642
75531,0,0,0.0019142771793842685
75537,0,0,0.0051225232267712705
75548,0,0,4.056946187653586e-05
75552,0,0,0.0004545029615684624
75558,0,0,0.0030398378161293794
75560,0,0,0.0006544671431703575
75561,0,0,0.027113558041516335
75563,0,0,6.687543472920841e-05
75571,0,0,0.016725512775086143
75573,0,0,4.917753786962896e-06
75581,0,0,0.00829156108283871
75582,0,0,0.004396714328494319
75586,0,0,8.413770253459893e-06
75588,0,0,0.0004036909593390754
75593,0,0,0.00014132590456579532
75599,0,0,0.018231672391994448
75625,0,0,0.4659153571814939
75632,0,0,9.027736707889719e-05
75640,0,0,0.00252104995363637
75642,0,0,0.009864198349972044
75644,0,0,0.016697627884299043
75650,0,0,0.02964690299305356
75660,0,0,0.005111836174987477
75663,0,0,0.0014026026858542124
75666,1,1,0.9961595072815139
75692,0,0,1.325954544832541e-05
75699,0,0,4.738587477329623e-05
75700,0,0,2.9967566850728602e-06
75702,0,0,0.0002519595275723533
75703,0,0,0.00037824280902788466
75709,0,0,4.107148451970681e-05
75714,0,0,9.623273594412656e-05
75717,0,0,6.298470399765064e-05
75719,0,0,0.00046728937491123657
75722,0,0,0.04986360676983898
75723,0,0,0.00016394666075373834
75726,0,0,0.034741678114308464
75728,0,0,0.006470261636360108
75746,0,0,0.0009034285922219172
75752,0,0,0.0020380948179479236
75758,0,0,2.3956406187510438e-05
75766,0,0,6.459413925256256e-05
75769,0,0,0.040394861169822306
75770,0,0,1.8798562069774887e-05
75777,0,0,7.346992147713415e-05
75781,0,0,0.0012061273841321698
75790,0,0,0.0010780570777832578
75792,0,0,0.0021697184554797196
75794,0,0,5.895934469872134e-05
75816,0,0,4.2040362079369265e-05
75820,0,0,5.499980302194173e-05
75823,1,1,0.8146226587584279
75833,0,0,4.3474439987842896e-05
75840,0,0,0.025021837876269437
75848,0,0,0.164118785852864
75851,0,0,0.003777089284574719
75856,0,0,2.8635575070811303e-05
75870,0,0,0.00025236147935475364
75871,0,0,0.09236925138973039
75878,1,1,0.9948629050289887
75880,0,0,0.12201846203524395
75885,0,0,0.002013515235677297
75887,0,0,0.007944126147214958
75893,1,1,0.9621830647776167
75900,0,0,9.20963839436886e-05
75903,0,0,0.008354741929207585
75906,0,0,0.03163567132076323
75910,0,0,9.932347507466775e-05
75915,0,0,0.017475448585423613
75920,1,1,0.8843725278516917
75941,0,0,5.8020966789437505e-05
75944,0,0,0.12559513436289535
75951,0,0,0.020038152416458357
75957,1,0,0.22961380353477082
75971,0,0,0.001477699866045529
75979,0,0,0.00024680968041734927
75991,0,0,0.0004165911698386913
75992,0,0,0.001367266838503353
75994,0,0,0.012972895676340624
75997,0,0,0.02143396508075039
76000,0,0,0.017039912848350266
76002,0,0,0.0010268843851746463
76007,0,0,0.07819718245312557
76008,0,0,0.0024698747024586355
76010,0,0,0.0163609684607097
76011,0,0,0.00031964141192435705
76021,0,0,0.0017371390895684063
76037,0,0,1.0758447271333258e-06
76046,0,0,0.00177264517229894
76059,0,0,0.17240802532329325
76060,0,0,0.000736723747044346
76066,0,0,0.06143640375515393
76075,0,0,0.0012916642910684002
76079,0,0,0.00038877361622198216
76088,0,0,0.0011249520812656826
76113,0,0,0.45528297628640124
76114,0,0,0.002028133674278134
76115,0,0,0.0008709660819186105
76116,0,0,0.000297862390110736
76117,0,0,5.56640609648904e-07
76122,1,1,0.9922732094838898
76125,0,0,0.08535781944527922
76127,0,0,1.1772138654118684e-05
76135,0,0,0.0010870938633580267
76147,0,0,0.11735809814551358
76155,0,0,0.022567736266160664
76161,0,0,0.028641270547825982
76163,0,0,0.0011380022879987116
76166,1,1,0.7190321818463263
76170,1,1,0.9926676508619966
76171,0,0,0.38657317691409515
76172,1,0,0.030239573441922286
76175,0,0,0.0023566936255785343
76176,0,0,0.142603459396111
76179,0,0,0.020793635858138104
76187,0,0,0.006180422282416857
76202,0,0,0.053525837272588396
76211,0,0,0.08417205864145944
76215,0,0,0.0007157597744154335
76226,0,0,0.007066101436860889
76229,0,0,0.0029472397112006695
76235,0,0,0.03499793367792268
76254,0,0,0.017184540620537404
76258,0,0,0.0005504277265002734
76264,0,0,0.008521570262623285
76266,0,0,0.0030676688866574033
76267,0,0,0.0001438303798561907
76268,1,0,0.01595078223263728
76273,0,0,7.949471206520256e-05
76291,0,0,6.734622916833881e-05
76302,0,0,0.0016380561396549566
76309,0,0,1.1984145949012795e-06
76316,0,0,0.0027274549583928935
76319,0,0,0.02054181615450723
76320,0,0,0.002327828276471752
76321,1,0,0.1591731827769159
76324,0,0,0.0010639559822866094
76325,0,0,0.002380953383377677
76326,0,0,0.05466755145585451
76327,0,0,0.02300416911460079
76328,0,0,0.006110904943160822
76332,0,0,0.004314596057501563
76333,0,0,0.0012136281592418047
76353,0,0,0.0937771088123131
76355,0,0,0.001800969241183239
76356,0,0,0.0178898159206722
76359,0,0,0.003530749527852732
76374,1,1,0.9910778174455237
76382,0,0,3.1002463073083906e-06
76384,0,0,0.0005429380451241743
76389,0,0,5.388370238518512e-06
76391,1,0,0.08887778791186905
76395,0,0,0.0036522225916307645
76396,0,0,0.08083702264898016
76398,0,0,0.0005574168380388165
76408,0,0,5.0549123287903344e-05
76415,0,0,0.061241587218881524
76416,0,0,6.448469468429582e-05
76425,0,0,5.4001613765249704e-05
76430,0,0,0.002049737042309534
76438,0,0,0.0022908864865242937
76443,0,0,8.113299223680712e-05
76453,0,0,0.03322016095348049
76455,0,0,0.4172455710448769
76457,0,0,0.00872058074916643
76464,0,0,1.1686295511403496e-06
76465,1,1,0.6420670129039417
76468,0,0,6.410411925896067e-05
76473,0,0,6.137308924191035e-06
76476,0,1,0.5391671390986345
76480,0,0,1.4308062108917103e-05
76485,1,1,0.9990601518407269
76486,0,0,0.00012452687744908092
76497,0,0,0.0009110872729289454
76498,0,0,0.08518614787963645
76499,0,1,0.628498025267816
76503,0,0,0.014748552755949232
76505,0,0,0.0013765815722781478
76507,0,0,0.014905719404569532
76508,0,0,0.007846672139104704
76516,0,0,0.03560562076269063
76519,0,0,7.08633735602822e-06
76520,0,0,0.06684232202568754
76522,1,1,0.7741222169358632
76524,0,0,0.08725576297929585
76527,0,0,0.015251731341900056
76536,1,1,0.5152197442557354
76537,0,0,6.183565033309747e-06
76550,0,0,0.0070316577383573485
76553,0,0,0.011072698487308559
76555,0,0,0.04591146934806587
76556,0,0,0.0014344599540631147
76562,0,0,0.03873228703687195
76564,0,0,0.04483852789815496
76572,0,0,0.03440261414933924
76576,0,0,0.0023860899229850388
76579,0,0,0.052570798817709076
76594,0,0,0.01689916030909211
76604,0,0,0.003753443793070422
76610,0,0,5.5575682036494416e-05
76611,0,0,0.07971917343112647
76615,0,0,0.002929796041077746
76616,0,0,0.006181382208174826
76619,0,0,0.0013430406459045273
76630,0,0,0.009014000609282488
76635,0,0,0.00039234171227676474
76636,0,0,0.028129838600616176
76651,1,1,0.9426809454112575
76656,0,0,0.37186722181024057
76682,0,0,0.06602803724842843
76688,0,0,0.010264972302503391
76694,0,1,0.7045437693719339
76696,0,0,0.003652511597115076
76701,0,0,0.0004291247832227866
76710,0,0,6.534512607780741e-07
76714,0,0,0.0410353623267074
76716,0,0,0.09181415494869426
76717,1,0,0.04594255301439066
76721,0,0,0.00019321043637836986
76724,0,0,0.11054904733248609
76727,1,0,0.4996700500674092
76737,0,0,0.0010126261293417049
76742,0,0,0.4330771892808445
76746,0,0,2.7645251146132062e-05
76747,0,0,0.10193541187453795
76759,0,0,0.0005820087545716859
76761,0,0,6.451024746640463e-05
76783,0,0,0.0029076248903080497
76786,0,0,0.0004340263208236738
76790,0,0,0.0007128135508422082
76794,0,0,0.0008306344559886778
76797,0,0,0.009657594884609462
76800,0,0,0.02001366601096287
76805,0,0,0.001944191752945824
76810,1,1,0.9979319497746904
76812,0,0,0.058123476005729736
76814,0,0,0.21879636855765577
76825,0,0,0.001081815546784692
76841,0,0,0.005145765217012527
76848,0,0,3.555161721588031e-06
76858,0,0,0.0005091030052657812
76860,0,0,0.23464961707622672
76862,0,0,3.739366198638037e-05
76870,0,0,7.432812102464842e-05
76871,0,0,0.006261207460927928
76874,0,0,6.528139965013135e-05
76894,0,0,0.0030227085896727293
76896,0,0,0.0003320384707488376
76904,0,0,3.844173341481438e-06
76906,0,0,0.011656306420447031
76911,0,0,0.001034050507112492
76912,0,0,0.0018145493687026046
76914,1,1,0.9980950754113163
76918,0,0,5.89219865497426e-05
76923,1,1,0.9842437507807729
76925,0,0,0.007179105531261903
76928,0,0,0.0027802991026582005
76932,0,0,0.053490886080565014
76939,0,0,0.07291381923118422
76947,0,0,0.06758480335168973
76955,0,0,0.06452819110208685
76962,0,0,0.02260228534989865
76964,1,1,0.5226728723833753
76978,0,0,0.021961783429676054
76982,0,0,0.029090890510446193
76991,0,0,0.0030866295915333917
76992,0,0,0.00059398749888163
76998,0,0,0.03079906414859172
76999,0,0,0.0010420545260443614
77012,0,0,0.0005717520060569087
77014,0,0,0.00851150333602935
77020,0,0,0.0004605027871072262
77022,0,0,0.003476987203196241
77024,0,0,0.00024822999486105377
77034,0,0,2.946990976992106e-05
77047,1,1,0.9616801344621921
77059,0,0,0.07158573465708457
77060,0,0,0.015395243530494646
77061,1,1,0.7462412689041906
77073,0,0,0.007333311326533492
77083,0,0,0.024481317096380163
77089,0,0,0.005970321674969992
77097,0,0,0.0001474115236492523
77099,0,0,0.00011814298976937695
77103,0,0,0.02654906639801631
77104,0,0,0.0008464466492775972
77110,0,0,0.00157192042920697
77115,0,0,8.578013390389122e-07
77127,0,0,0.00024888867453883154
77134,0,0,0.009707309510340642
77139,0,0,0.00017822780999427165
77140,0,0,0.0016186325963563593
77141,0,0,0.0012974205632554931
77146,0,0,0.0008757244943393925
77151,0,0,0.0024450438596657687
77157,0,0,0.00014060642373344418
77164,0,0,0.0007726833654033313
77165,0,0,0.0074817419588374965
77171,1,1,0.632493586339563
77173,0,0,0.0015613914481703087
77180,0,0,0.0006223906564831025
77184,0,0,0.003423930891902566
77197,0,0,0.00044579184803808866
77202,1,1,0.6026442445176109
77205,0,0,0.020961446714832965
77206,0,0,8.92336333182816e-06
77210,0,0,0.05337966807565791
77224,0,0,0.015020249019787742
77227,0,0,0.005154759787485171
77228,0,0,0.002247859628628303
77234,1,1,0.9937993986102018
77236,0,0,0.00459510793050559
77239,0,0,0.017225199222506277
77246,1,0,0.061662664859221325
77247,1,0,0.08236262246733031
77251,0,0,0.05104093880865281
77254,0,0,0.03169266511629622
77255,0,0,2.630543824955779e-05
77266,0,0,2.1544611044320217e-05
77267,0,0,0.07965568385761013
77275,0,0,8.303778622768436e-05
77287,0,0,0.0031225633755535046
77299,0,0,0.0004655855923566089
77304,0,0,0.0005371841913162945
77312,1,1,0.9971371978350676
77313,0,0,0.013823539210321652
77324,0,0,0.0015795515246755602
77326,0,0,0.025443295457859942
77330,0,0,2.115025803802078e-05
77333,0,0,0.00010530712150063975
77336,0,0,0.0017991743139641639
77340,0,0,0.03424144917447204
77342,0,0,0.02107210025438846
77343,0,0,0.06520954761825996
77344,0,0,4.1870515702849745e-07
77359,0,0,0.00010299164360740347
77365,0,0,5.682631006494234e-05
77369,0,0,0.0063427144152706
77381,0,0,0.04024528352792452
77386,0,0,0.001593007945750375
77387,0,0,0.0001167646519602271
77395,0,0,0.0025654911441069395
77400,1,0,0.23726581259399634
77404,0,0,0.031217776026944342
77406,0,0,0.008306730536331875
77407,0,0,1.2120252322961652e-05
77409,0,0,0.0014955627475233325
77414,0,0,0.05446955943437331
77417,0,0,0.006142530865816036
77420,0,0,3.4174559781030335e-05
77423,0,0,0.028823957052445313
77427,0,0,0.23879662628685622
77449,0,0,0.01787206926772201
77457,0,0,1.152622285179647e-05
77465,0,0,0.029500698758344407
77477,0,0,0.004274707688273954
77491,1,1,0.8520287069150482
77494,0,0,0.0009762751325411374
77496,0,0,3.6463894739970075e-05
77497,0,0,0.024337155176492854
77504,0,0,0.17158012770128214
77506,0,0,0.00023565023714408826
77512,0,0,0.037259018906077516
77517,0,0,0.1173702898541188
77518,0,0,0.0017847698266794676
77520,0,0,0.0002941459740579376
77523,0,0,0.11379415302646402
77524,0,0,0.0019637118716346012
77525,0,0,0.017211960169531648
77529,0,0,3.65255211246014e-05
77538,0,0,0.0013171402476017404
77548,0,0,0.08695837452403217
77549,0,0,0.09599660744491946
77565,0,0,4.2396221049012446e-07
77567,0,0,0.0004150573465780678
77571,0,0,0.0037523201513141114
77585,0,0,1.943196294504904e-05
77589,0,0,0.09066362583484067
77603,0,0,0.0002936660373772692
77612,1,1,0.9573669523427347
77618,0,0,0.001145519435373248
77638,0,0,0.0002618345395306749
77640,0,0,0.01917065970455991
77641,0,0,0.03756615493763494
77643,0,0,0.0014848281326341898
77646,0,0,0.004095608761269899
77655,0,0,1.5455607718623597e-05
77657,0,0,0.007458096710197377
77667,0,0,8.665134106072187e-06
77673,0,0,0.005449970655036933
77683,0,0,0.00023839260306733918
77685,0,0,0.1884023166618124
77690,0,0,0.00048532864768797583
77692,0,0,0.0004119548440575532
77719,0,0,7.506788335543935e-05
77723,0,0,0.04474428300181798
77726,0,0,0.04078480561746198
77733,0,0,0.04068627041775107
77741,0,0,0.0029498843698130056
77742,0,0,0.00040378475939867005
77746,0,0,6.851953253797576e-07
77749,0,0,0.0005354603097938662
77757,0,0,0.0007980933024283249
77758,0,0,0.04249313418025452
77760,0,0,0.006103071373592917
77762,0,0,7.357962264339086e-05
77767,0,0,0.07996996488436313
77772,0,0,7.203704586021587e-05
77785,0,0,0.05665145651944108
77788,0,0,0.001882375657348592
77794,0,0,4.4943988981389506e-05
77820,0,0,6.571355854371107e-08
77837,0,0,0.13400432173831564
77840,0,0,0.0029664034068361076
77844,0,0,0.00018410821246220876
77847,0,0,0.018070737361734864
77856,0,0,0.00040417937516514527
77867,0,0,0.05989655823579891
77868,0,0,0.005649852885487166
77870,0,0,0.007874181498372717
77871,0,0,0.04340714835791847
77879,0,0,0.018708818859123177
77882,0,0,0.013174366932943564
77884,0,0,0.14525514292690922
77894,0,0,0.4991141752963951
77897,0,0,0.00043035595546930464
77903,0,0,0.30595025557544814
77911,0,0,0.025138743600951762
77912,0,0,0.003111031620878174
77914,0,0,0.004050653054844242
77916,0,0,0.07557696816293903
77921,0,0,0.0015534611187969782
77929,0,0,0.10005261378725688
77930,0,0,0.0025001725115188288
77937,0,0,0.00021518003181638892
77938,0,0,4.56471016346166e-05
77943,0,0,0.0005016622316582156
77945,1,0,0.09555295099021005
77947,0,0,0.0027929819190303353
77948,0,0,0.016939338878218427
77952,0,0,0.3745651353103892
77966,0,0,0.000545303275073088
77967,0,0,0.009051990954056392
77972,1,0,0.318002185902584
77973,0,0,0.009885901794538878
77975,0,0,0.009934982408506958
77985,0,0,4.954323878257906e-05
77987,0,0,3.5772934439335245e-05
77988,0,0,0.00012246315689479526
78004,0,0,0.005741405341765114
78005,0,0,3.497394619180509e-06
78007,0,0,0.12159561686248373
78010,0,0,0.004792676337116939
78015,0,0,0.13486414526095428
78017,0,0,0.030149603541005602
78020,0,0,0.011335018003296973
78023,0,0,0.03923219899209207
78026,1,0,0.051699429369345275
78030,0,0,4.5630228154547504e-06
78034,0,0,0.05095948686367462
78035,0,0,9.019188196320293e-05
78040,0,0,0.0018952668170129914
78045,0,0,0.20939763688184734
78051,0,0,0.000732502281507879
78059,0,0,3.081802599010986e-05
78061,0,0,0.03284554322787431
78066,0,0,6.804236293986411e-05
78078,0,0,0.11410609734472849
78080,1,1,0.8388223193295643
78089,0,0,0.006288074122740209
78096,0,0,0.05396006981048182
78116,0,0,0.10740565187676629
78123,0,0,0.0024504521196022956
78125,0,0,0.42382759183888935
78126,0,0,0.01110469401023456
78141,0,0,0.10859486847460781
78164,0,0,5.977848402374307e-05
78171,0,0,2.402547984153605e-06
78180,0,0,4.506986299585433e-06
78182,0,0,0.0006486333147479785
78188,0,0,8.47331746098412e-05
78203,0,0,0.0047696334859900396
78205,0,0,0.005348522722552028
78207,0,0,0.046924580152230215
78214,0,0,0.0015771323417978604
78216,0,0,0.08454092201593488
78222,0,0,0.03628515816135934
78229,0,1,0.6557209612542158
78230,0,0,2.189944880805184e-05
78239,0,0,0.012140865695468522
78241,0,0,1.295225455023113e-05
78247,0,0,0.00015905805714956964
78248,0,0,0.007947846946794537
78249,0,0,0.010207513525579545
78261,0,0,0.0002560869424871534
78264,0,0,0.008033887701078516
78265,0,0,0.17312271157180995
78278,0,0,0.018822702727451512
78283,0,0,0.00010955825404732473
78303,0,0,0.012252805574954466
78309,0,0,0.0034794166212910546
78311,0,0,0.0003096184199402953
78312,0,0,0.0007978971314487461
78319,0,0,5.463798517640705e-06
78327,0,0,0.16522054614064902
78332,0,0,0.0002643551957880271
78336,0,0,0.0808178306422251
78342,0,0,0.0038775315686638417
78352,0,1,0.5349970759961714
78354,0,0,0.0001348054172788298
78357,0,0,0.00014635740610836607
78358,0,0,0.0004823726743807768
78360,0,0,0.00010583983924954056
78363,0,0,0.0005677867290186446
78365,0,0,2.886873359887231e-07
78370,0,0,0.0003702597913628318
78379,0,0,0.010383762860647232
78407,0,0,0.0046013468471021324
78412,0,0,0.038824166012005557
78414,1,1,0.858384755986428
78425,0,0,0.0020626713235443665
78430,0,0,0.009026819009999642
78436,1,1,0.9609078042608893
78439,0,0,6.674729345644498e-06
78442,1,1,0.848973383980478
78444,0,0,0.03230915832641142
78446,0,0,0.10922797499063609
78449,0,0,0.005267179133265883
78450,0,0,0.0038176508396901986
78451,0,0,8.517483126214416e-05
78452,0,0,0.11137530885024917
78456,0,0,0.009595301562842674
78464,0,0,3.3009367032035494e-07
78465,1,1,0.9837538047422185
78467,0,0,0.00027877771897026014
78472,1,1,0.6112138078946269
78475,0,0,0.16128860638526576
78480,0,0,0.11871978093120768
78492,0,0,0.0006715644448621851
78498,0,1,0.7736959584991627
78500,0,0,0.002111131360329205
78508,0,1,0.6496872990562818
78511,0,0,0.26959836414966426
78514,0,0,0.19338187741284568
78518,0,0,0.021391991713169668
78519,1,0,0.03986603934539495
78520,0,0,0.0015952611874395688
78525,0,0,0.0003384550338544765
78526,0,0,0.001876485757302576
78530,0,0,0.0004480732125998162
78535,0,0,0.0050041482447851495
78558,0,0,0.022412837147463
78561,0,0,0.05467424416022868
78569,0,0,0.0007502789380243283
78574,0,0,0.022129363939455648
78580,0,0,3.753863844102983e-05
78582,0,0,0.3217003804713342
78583,1,0,0.04921631284671814
78584,0,0,0.000111279469122615
78601,0,0,0.12767254905221628
78604,0,0,0.0012284346971067142
78617,1,1,0.9975977361039153
78629,0,0,0.0024455213506603297
78635,1,1,0.970832650490625
78637,0,0,0.0003015225938927146
78649,0,0,0.0001808639939844317
78650,0,0,0.009198104276383677
78651,0,0,0.0018654216668974144
78656,0,0,0.04135500490850364
78661,0,0,0.00020805501751432423
78668,0,0,0.03052504198957459
78671,1,1,0.9931552337818288
78672,0,0,0.005846261587480713
78677,0,0,0.07082018867447802
78688,0,0,0.00921506565058208
78692,0,0,2.2683237996629807e-06
78696,0,0,0.03292788643456978
78709,0,0,0.01932111576084686
78712,1,1,0.9630531191245806
78719,0,0,0.024388049064236302
78721,0,0,0.00013308100329537193
78734,0,0,0.04951906221783575
78735,0,0,0.000519880218406902
78736,0,0,0.008072779665331696
78738,0,0,1.1525660404974066e-05
78743,0,0,0.00011157766286707759
78749,0,0,5.137330047506929e-06
78752,0,0,0.0751200442608407
78754,1,1,0.9774444667262243
78755,0,0,0.021748938965277166
78760,0,0,0.023487251021972674
78769,0,0,0.0005082002347457861
78782,0,0,3.110874242448937e-06
78790,0,0,0.17004455210599334
78811,0,0,0.0021428935632976805
78812,0,0,0.17025506454292355
78816,0,0,0.00047222559562535557
78818,1,0,0.02621634926964608
78826,0,0,0.00601600807260309
78830,0,0,0.038919407949270665
78836,1,0,0.09720872475620863
78838,0,0,0.13453034589605287
78844,0,0,0.15451595870278298
78846,0,0,7.500708760464157e-06
78848,0,0,0.022778703673911587
78853,0,0,0.00042019031755624375
78854,0,0,1.6885590545216313e-05
78855,0,0,0.00539752691780425
78866,0,0,0.0001785520491462863
78871,0,0,0.0003908329224320561
78885,0,0,0.00923119144799405
78909,0,0,0.08701712190856514
78912,0,0,1.9026239470040695e-06
78920,0,0,0.012010464843944885
78924,0,0,0.00018585190394961558
78931,0,0,4.108275822530836e-05
78934,0,0,0.044190500360930245
78939,0,0,0.0883598483749952
78948,0,0,0.00126423171919335
78959,0,0,0.0008999185725007168
78963,0,0,0.002915932139934745
78973,0,0,0.006492623343337943
78975,0,0,0.0002049270027265207
78993,1,0,0.3418540115512309
79009,0,0,0.00013506085165180713
79025,0,0,0.04079214463080456
79026,0,0,0.00027965821637083554
79028,0,0,2.0313939706164625e-05
79037,0,0,0.0042363655793217925
79043,0,0,0.10658045310125022
79045,0,0,0.00013629160513064815
79046,0,0,0.02598618152601764
79058,0,0,0.1738854846105657
79067,0,0,0.03299033439115448
79072,0,0,0.1965438094288739
79076,0,0,2.126730051075432e-05
79078,0,0,0.009358719194977234
79081,0,0,6.28863495514655e-07
79100,0,0,0.006506154165462195
79105,0,0,0.020261754619427787
79106,0,0,3.3662675292084936e-05
79107,0,0,0.0024221932675683186
79108,0,0,0.005892073384923894
79120,0,0,0.0004014404475995083
79125,0,0,0.0031274713212970247
79127,0,0,0.05818169061199466
79128,1,0,0.008459285274733523
79131,0,0,0.020631712404263137
79140,0,0,0.0096259717312016
79147,0,0,0.38161740895021845
79149,1,0,0.12157674419288213
79158,0,0,0.07016553883703322
79176,0,0,0.04537327319978628
79179,0,0,0.11110469851154266
79185,0,0,0.0051356491124757665
79186,0,0,0.017099940496479324
79187,1,1,0.9709261200597163
79189,0,0,0.00594370390356046
79191,0,0,0.001896497757870305
79195,0,0,0.000390566092247531
79204,0,0,0.035059317150379056
79208,0,0,0.08589680460384348
79211,0,0,1.9838426599067028e-05
79212,0,0,3.820334440508857e-06
79214,0,0,1.2569548675537678e-06
79216,0,0,0.13089953983461752
79225,0,0,0.0012092142443069216
79240,0,0,0.006573885897375099
79251,0,0,2.4695504596139706e-06
79255,0,0,7.663098236784118e-05
79259,0,0,0.0255878629344144
79289,0,0,0.0004716205592923326
79291,0,0,0.006475228259722837
79305,0,0,0.0029688087369226764
79310,0,0,0.020126719082617223
79314,0,0,0.00011032895997400202
79320,0,0,0.07343373607045592
79321,0,0,0.002580142793983943
79326,0,0,0.00019944663874443822
79327,0,0,0.14240418521178586
79330,0,0,0.0004627367000786421
79334,0,0,4.1522409064803264e-05
79344,0,0,0.010390666215852003
79347,1,0,0.36357310561833867
79349,0,0,0.10438586427280737
79354,0,0,0.0019014237876243006
79356,0,0,0.011012420400729932
79366,0,0,3.926178513856186e-05
79370,0,0,0.03809688720940742
79372,0,0,0.0024117288879916656
79375,0,0,0.000211867925268136
79381,0,0,0.006631894168274915
79385,0,0,0.003387681878422849
79397,0,0,0.0004443186140002249
79399,0,0,7.084420258750985e-06
79401,0,0,0.002597301679834302
79407,0,0,0.004552328244404257
79412,0,0,0.009137034917462816
79421,0,0,6.0173211147635436e-06
79422,0,0,0.0005229539650009517
79424,0,0,0.038341624635851376
79430,0,0,0.07396571774695386
79433,0,0,0.01671399083321783
79441,0,0,1.139340136286883e-05
79447,0,0,1.1471277010637077e-06
79448,0,0,1.8461703831208145e-07
79466,0,0,0.03375646158213294
79467,0,0,0.15355620841180578
79476,0,0,0.006202023662026968
79482,0,0,0.005814974680371961
79488,0,0,0.02364005228353017
79495,0,0,0.005736422884056858
79502,1,0,0.13806308226824499
79506,0,0,0.002813991637993137
79510,0,0,0.2128533288871245
79511,1,1,0.974230527341142
79513,0,0,0.000263237760709255
79515,0,0,0.0015052916152341013
79519,0,0,9.493319641523722e-05
79521,0,0,0.10598550233996851
79524,0,0,0.0017983530052885096
79526,0,0,0.076399878043711
79529,0,0,0.013349185030242976
79533,0,0,6.722975060629582e-05
79534,0,0,0.040650472620804234
79541,0,0,0.006118397689786064
79542,0,0,0.0023948885658927285
79550,0,0,0.15374533622420106
79552,0,0,5.80575347105363e-05
79557,0,0,2.13684356553185e-06
79571,0,0,1.050397400219593e-05
79572,0,0,0.00020482815151968577
79573,0,0,0.002426421401655174
79584,0,0,1.8479119519488867e-06
79589,0,0,0.00016676817457844718
79594,0,0,0.0011683157587690349
79595,0,0,0.07741393715841371
79598,0,0,0.004559314023795513
79612,0,0,2.948852907096209e-05
79620,0,0,0.00035679679044692004
79623,0,0,0.04214451003750562
79625,1,1,0.9850106508786699
79638,0,0,0.003071450955479575
79642,0,0,0.023610348201516765
79646,0,0,0.011477209204110954
79650,0,0,0.001171764931518777
79654,0,0,0.0026258597550576674
79659,0,0,5.297326063776578e-06
79662,0,0,0.005310418022320647
79667,0,0,9.749058077820926e-05
79669,0,0,0.0019032075076150189
79678,1,1,0.884948988981322
79679,0,0,0.00226036433902788
79681,0,0,0.0003058817814859135
79693,0,0,8.066205324378778e-07
79709,0,0,0.00014559654164702417
79719,0,0,3.7281304557698208e-06
79727,0,0,0.022020810838497308
79730,0,0,0.01547036944416745
79735,0,0,0.008634184865141673
79739,0,0,0.00016673543047162058
79740,0,0,0.014809166563006052
79742,0,0,0.0003268951599150423
79749,0,0,0.00030858568482166487
79752,0,0,2.306884678848741e-06
79754,0,0,0.07970744738583412
79761,0,0,0.00027811200814390716
79763,0,0,0.002380113605085455
79764,0,0,6.8104879171073635e-06
79777,0,0,5.04124452405906e-06
79781,0,0,0.030595128459210044
79783,0,0,9.03199427747068e-05
79790,0,0,0.011126318607832498
79799,0,0,0.00014235532725772804
79800,0,0,0.005267680586000426
79807,0,0,0.00429638595443649
79809,1,1,0.9976279826452558
79811,1,0,0.31030602052814527
79814,0,0,6.867200440429433e-06
79818,0,0,0.00012284142708283272
79821,0,0,0.0007540194025433468
79823,0,0,0.23343597356463175
79825,0,0,0.023476890457799614
79830,0,0,3.4829201752542168e-06
79833,0,0,0.0531962656662548
79838,1,1,0.9140016486069443
79839,0,0,0.05735536528897875
79841,0,0,8.363133289975476e-05
79843,0,0,0.00034355980974256527
79847,0,0,7.699733154227605e-07
79850,0,0,0.12060845632462476
79864,1,1,0.9484793990419541
79866,0,0,0.0016565229682630699
79869,0,0,0.05070625983932444
79878,0,0,0.006518222717367248
79879,0,0,0.00012897547594666663
79889,0,0,2.509679138183158e-06
79911,0,0,0.01588169099545433
79912,0,0,0.031087453327334962
79919,0,0,0.00014079868254975936
79924,0,0,0.014182065648324907
79934,0,0,0.0024373244731634683
79940,0,0,0.0009881512989110587
79941,0,0,0.01478085664068498
79954,0,0,1.802493014866016e-05
79967,1,0,0.09652612578601397
79968,0,0,0.007309107436084684
79970,0,0,0.06351590716292208
79971,0,0,0.05008874934237407
79975,0,0,0.0716331445042451
79983,0,0,0.039891785720459046
79986,0,0,0.08491613844780574
79989,0,0,0.28524921419521243
79992,0,0,0.017965247782359788
79995,1,1,0.996876758219598
80000,0,0,0.006873927036102817
80016,0,0,0.0018694546810117778
80021,1,0,0.015065531580666702
80022,0,0,0.0425642800816252
80026,0,0,8.392216491892395e-05
80035,0,0,0.00019292048069301072
80036,0,0,0.0920523033207822
80042,0,0,0.00012670669852386866
80043,0,0,0.0007448609801850249
80044,0,0,0.05164604643222769
80054,0,0,0.007872409066747741
80059,1,1,0.9873529266541236
80065,0,0,0.014219758793722182
80084,0,0,0.008970462282979909
80086,1,0,0.37684088330571563
80091,0,0,0.0037375414136609237
80097,0,0,0.09306609218833015
80100,0,0,0.00010966717418334064
80108,0,0,0.08555120758717971
80127,0,0,0.0862309507322468
80134,0,0,0.00016076535990667146
80141,0,0,0.0005405902504535641
80144,0,0,6.283437008112658e-06
80154,0,0,0.0003573884061972503
80155,0,0,0.20863738410969931
80160,0,0,0.0010583997079664728
80167,1,1,0.8071058865770543
80185,0,0,0.005380797099854749
80186,0,0,0.0005352277520127653
80203,0,0,4.926786874224901e-05
80209,1,1,0.9040173325146382
80217,0,0,0.02294522854205301
80219,0,0,0.0013428211659268874
80225,0,0,0.198163251216423
80238,0,0,0.003208765567502087
80243,0,0,0.0016149036561422057
80247,0,0,0.17897193054305127
80249,0,0,0.00028073071980462636
80254,0,0,0.16252254079803938
80261,0,0,0.0029000417198050635
80262,0,0,0.4952987753397464
80265,0,0,0.006921811917876733
80273,0,0,4.565347113761423e-05
80286,0,0,0.07288949986590156
80296,0,0,0.2596155850790817
80303,0,0,8.460593333840123e-05
80315,0,0,5.503959449609534e-05
80321,0,0,8.304921753693908e-06
80335,0,0,0.0013591755724368648
80340,0,0,2.4073219018861818e-05
80349,0,0,0.0029384428698614215
80351,0,0,1.9141474300324668e-05
80357,0,0,0.020747573334390694
80359,1,1,0.8740579749802452
80376,0,0,0.09457932365635437
80377,0,0,0.028757823727611626
80394,0,0,0.013756237409895802
80406,0,0,7.094973660137014e-05
80414,0,0,0.0022513868462119666
80417,0,0,0.07212441476965913
80418,0,0,0.00020837931259675156
80420,0,0,8.576235989159848e-06
80428,0,0,9.078023072306608e-05
80430,0,0,1.7803140528596324e-06
80432,0,0,0.001454827279192827
80435,0,0,0.03476281711308624
80442,0,0,0.004897950395877831
80446,0,0,0.0008784351431340835
80449,0,0,0.2051619738956078
80462,0,0,0.005183434199547201
80466,0,0,0.018491669109661494
80472,0,0,0.006683259290416322
80475,1,0,0.045342980221975186
80484,0,0,0.0028315933119039236
80487,0,0,0.005078523508756283
80489,0,0,0.0009448930324963388
80491,0,0,0.00014099988160606915
80499,0,0,0.00537808560690533
80502,0,0,0.0003553053957795548
80509,0,0,0.0015007294050174062
80512,0,0,0.004561751741039452
80513,0,0,0.19304067962053517
80521,0,0,0.11699075721309678
80534,0,0,9.574284991187045e-05
80550,0,0,0.002752976572170857
80553,0,0,0.025212213238043
80556,0,0,0.0008502877854034124
80563,0,0,0.019170181696044505
80578,0,0,0.0005699662657066907
80579,0,0,0.09348693380845538
80584,0,0,0.0012075379566743216
80589,0,0,0.017917737128321537
80590,0,0,2.5697542259690423e-06
80591,0,0,0.0002576924661788183
80601,0,0,0.0006105714502578611
80602,0,0,0.007059030181478247
80606,1,0,0.17454710910728058
80612,0,0,0.1049280288802127
80617,0,0,0.00043153362893302724
80619,0,0,0.003298650199215929
80620,0,0,0.0107055176323021
80623,0,0,0.01902867833985965
80625,0,0,5.00393589189328e-06
80631,1,1,0.7244420627434756
80647,0,0,0.0026635672259452624
80650,1,1,0.658161609589922
80653,0,0,2.292712160669275e-06
80655,0,0,0.0003918002295791256
80656,0,0,0.0022353210985736746
80665,0,0,5.288931916766635e-06
80672,0,0,0.005038891804005766
80679,0,0,0.0004798390584090214
80681,1,1,0.9945640784300216
80686,1,1,0.9328274946992027
80687,0,0,0.022879025247838174
80693,0,0,0.007451338228168743
80695,0,0,0.0001590833474614889
80706,0,0,0.00019986502032502736
80710,0,0,4.9917308025832835e-06
80718,0,0,0.008304763869188112
80724,0,0,0.00031689080347904654
80739,0,0,0.0828748900379151
80742,1,0,0.2423693362384299
80757,0,0,0.02433555359468225
80761,1,1,0.6009120917441092
80777,0,0,0.00011520020930638106
80780,0,0,0.24517742599229747
80784,0,0,9.95974556859529e-05
80791,0,0,0.003660818808241874
80794,0,0,0.0006914084621759306
80802,0,0,0.004757469622294433
80803,0,0,0.002501371611180327
80804,0,0,0.0244498772776727
80806,0,0,0.0014344217548547889
80809,0,0,0.0020655897966690736
80812,1,1,0.7046113300079762
80814,0,0,0.01837051338934245
80815,0,0,0.004069087941396346
80820,0,0,2.441168764102899e-05
80821,0,0,0.3147262838230155
80822,0,0,0.022390663917859367
80823,0,0,0.0036795204683878462
80834,0,0,1.0718219120818178e-06
80845,0,0,0.00885667836215124
80850,1,1,0.9982335687345214
80856,0,0,0.003869087669500524
80858,0,0,1.5870407866441656e-05
80866,0,0,0.24671807243694976
80873,0,0,0.00043001300045573525
80874,0,0,0.08306393619168354
80882,0,0,0.0031343030743410977
80893,0,0,0.0010319500803111622
80894,0,0,0.3224535312015873
80895,0,0,0.0019719040739596305
80922,1,1,0.9930882249535219
80932,0,0,0.14101304753599314
80935,1,0,0.2801280582369934
80936,1,0,0.4347952013899652
80938,0,0,0.014360205037696807
80940,0,0,1.4468920452446351e-05
80942,0,0,0.00016767749357206468
80945,0,0,0.0032006043916372956
80952,0,0,0.03277812818056558
80958,0,0,0.0015497031013185169
80965,0,0,0.0012403485449167578
80969,1,0,0.22769530401169177
80973,0,1,0.7570398842307955
80975,1,0,0.3004958289719813
80977,0,0,0.011097767018827212
80987,0,0,0.2624369167682069
80990,0,0,0.00020704153951963154
80991,0,0,1.429382562543895e-05
80996,0,0,0.07724786695831116
81008,0,0,0.05934971589165656
81015,0,0,0.25635344032204727
81018,0,0,0.0008417130264574581
81046,0,0,0.005761347157467965
81048,0,0,0.03209016356919509
81053,0,0,0.007881501485411896
81060,1,1,0.9995393444643419
81063,1,0,0.07923202467030781
81071,0,0,8.296978998184861e-05
81074,0,0,0.006613980905706786
81077,0,0,0.019391582811334934
81079,0,0,0.12305427957222749
81082,0,0,0.0026970538499928804
81092,0,0,0.00019493093929563284
81103,0,0,0.14786724918413457
81108,0,0,0.00032231887811653336
81110,0,0,0.00046456540926851313
81127,0,0,0.06875059130898219
81132,0,0,7.633809502501046e-05
81147,1,1,0.977907544592489
81148,0,0,8.473227744543939e-05
81151,0,0,0.16649306518638077
81160,0,0,0.4451271969725578
81161,0,0,0.006232225947548472
81166,0,0,0.00911638680678027
81169,0,1,0.5118908937664957
81175,0,0,0.00827818456822497
81176,0,0,0.020005961207878255
81183,1,1,0.9974907817373192
81184,0,0,0.0022971789286904097
81185,0,0,0.006778245831920453
81186,0,0,3.17733104736376e-05
81190,1,0,0.1832442491167122
81197,0,0,0.00251229759088166
81213,1,0,0.2824418722565817
81214,0,0,0.2336593321176282
81222,0,0,0.0026122737494637055
81225,0,0,0.008719756433704732
81231,0,0,0.14751144564478816
81236,0,0,0.08976089265283418
81243,0,0,0.009310138961372293
81244,0,0,1.8999523386186037e-05
81245,1,1,0.9866386756678552
81246,0,0,0.0008254412483417309
81252,0,0,0.0001520957461674519
81257,0,0,0.30915767934252464
81258,0,0,7.394403278938249e-05
81264,0,0,0.00021895780256605087
81267,1,1,0.8629477561408658
81270,0,0,0.0007637124864716873
81271,0,0,0.048775659185676265
81277,0,0,0.019139681172729878
81278,0,0,0.10683659212477506
81288,0,0,0.0027053067418264178
81295,0,0,0.012273548981157576
81296,1,1,0.6110610862213496
81298,0,0,2.156055944550076e-05
81302,0,0,8.336898468066774e-06
81307,0,0,0.009575801861285337
81316,0,0,0.027280062150670612
81320,0,0,0.00036296290143620225
81329,1,1,0.9942037290332255
81330,0,0,0.010719156362935963
81332,0,0,0.001212498629175414
81333,0,0,0.0012798914208936357
81334,0,0,0.2831366925866768
81335,0,0,2.1850670176469712e-07
81346,1,1,0.8550035239466588
81351,0,0,0.00024781395813195035
81364,0,0,0.04535987266053488
81371,1,1,0.7731086606162241
81385,0,0,0.003803175250505834
81387,0,0,0.003363905328959345
81397,1,1,0.7643066452137207
81401,0,0,0.00010694481323099278
81402,0,0,0.0024584430711653183
81403,0,0,0.24455721054695437
81405,0,0,0.06811526745199176
81407,1,1,0.6725041497004712
81408,0,0,0.006995643134069338
81411,0,0,0.4526301410699888
81419,0,0,0.1435118914886585
81422,0,0,0.0009143894103872493
81423,0,0,0.00011033527091821913
81426,0,0,0.00021343484222837968
81427,0,0,0.03036704099860279
81430,0,0,0.03446357619721753
81450,0,0,0.016857917601584126
81459,0,0,0.0017259060771254826
81469,0,0,0.0028370823862784184
81481,0,0,0.0035188355888583042
81482,0,0,1.7082135702248297e-05
81494,0,0,0.30209947195953696
81495,0,0,0.05277706398637453
81501,0,0,0.00431923821925489
81507,1,0,0.005423624449750433
81509,0,0,0.02021584297373475
81511,0,0,0.007201888460231712
81517,0,0,0.0001958415221881854
81521,0,0,0.0038350026938912987
81528,0,0,0.005510851365744265
81530,0,0,0.024181525877063598
81535,0,0,0.044143930991442856
81538,0,0,2.465201625391884e-06
81545,0,0,0.006001744607941259
81565,0,0,0.021931812565337945
81573,0,0,0.01640256710833923
81574,1,0,0.39097039364886516
81579,0,0,0.00036852922931314126
81583,0,0,0.0067907901065687015
81590,0,0,0.011844617700186426
81602,0,0,0.004663186333639956
81614,1,1,0.9862557972413301
81615,0,0,0.05979981373296451
81616,0,0,0.004276891471912748
81617,0,0,0.0018756774350728092
81619,0,0,3.7068866558092612e-06
81620,0,0,0.04466713634732921
81622,0,0,0.12419807160633464
81626,0,0,5.128667453198848e-05
81631,1,1,0.9892783346556847
81638,1,0,0.057875537028749334
81646,0,0,0.07310604049587863
81647,1,0,0.07008506484794445
81648,0,0,0.3405259771702261
81655,0,0,3.8170756455989275e-07
81658,0,0,0.007869678093408784
81661,0,0,0.00019980131129739375
81669,0,0,0.00011479324870969457
81684,0,0,0.01239182730460666
81691,0,0,5.94806541312608e-05
81701,0,0,0.0005168926580190014
81702,1,0,0.4215130215754682
81704,0,0,0.05146094599536523
81709,0,0,0.00794419283755819
81710,0,0,0.00021781118519649493
81716,0,0,0.020152975724494652
81720,0,0,0.28018332684172015
81722,0,1,0.6277895620455022
81723,0,0,0.027474981942564244
81725,0,0,1.439990514831468e-05
81727,0,0,0.00021139454603672167
81729,0,0,0.46142910630585315
81731,0,0,1.9720394174660615e-05
81739,0,0,0.047147792940047784
81741,1,1,0.9858788990035481
81743,0,0,0.015702472843918246
81744,0,0,7.153677233372242e-05
81750,0,0,6.818045937332092e-05
81751,0,0,0.23718033747373043
81752,0,0,0.0024508333781625875
81754,0,0,0.0030875389321057636
81755,0,0,0.035224080761452836
81761,0,0,0.001901660746663919
81762,0,0,1.3994798278306864e-06
81773,0,0,0.002644592048112484
81775,0,0,0.00032584120757681874
81782,0,0,1.6933958063992187e-06
81783,0,0,0.03082740653482603
81784,0,0,0.03828357246031754
81785,1,1,0.7906488405342844
81813,0,0,0.024467334960061708
81832,0,0,0.0006452279466326613
81836,0,0,0.00023759559673076385
81839,0,0,0.0006129608712942867
81851,0,0,0.009971954570129378
81854,0,0,0.002777115186337754
81863,0,0,0.0007214740844017234
81868,0,0,0.026260781470956084
81869,0,0,0.026706530040320167
81870,0,0,0.00042871420666952266
81874,0,0,0.07290665439350767
81875,0,0,0.03860005026372735
81878,0,0,0.000567904222384063
81890,1,1,0.9964997285774667
81895,0,0,0.0019032445715426985
81896,0,0,0.0015237653590513924
81900,0,0,0.000795719970526866
81910,0,0,0.22017264412174523
81918,0,0,0.2129293020458427
81943,0,0,0.00014597116509713863
81947,1,1,0.9642495798604427
81948,0,0,0.07919722884385225
81949,0,0,0.16897345691542762
81953,0,0,0.044755171430856396
81955,0,0,0.014415783120228088
81967,0,0,0.00010478654519151431
81969,0,0,0.15981621794043352
81970,0,0,0.015953929399342582
81973,0,0,0.004366951296534867
81975,0,0,0.00394456601447828
82002,0,0,0.0039894193864052005
82003,0,0,0.004781230520319717
82004,0,0,0.3803840417544598
82006,0,0,0.0007529355296964567
82009,0,0,0.0017490303545000918
82012,0,0,0.00041219174306621225
82019,0,0,8.572720331226983e-05
82023,0,0,0.0027534536424616155
82024,0,0,0.0015394780581100543
82027,0,0,0.013080208529441447
82029,0,0,0.00349769549159183
82039,0,0,0.020922347846387145
82041,0,0,0.007210224641257998
82042,0,0,0.04748552228194244
82043,0,0,4.2118676987665634e-07
82045,0,0,0.05415015880044096
82051,0,0,0.003075831137971126
82053,0,0,0.00025379164523412786
82054,0,0,0.00031555398535975033
82058,0,0,0.0004607488304815948
82062,0,0,0.002301618806086799
82067,0,1,0.5939033736637986
82075,0,0,6.953340866829979e-05
82085,0,0,0.013008111130667514
82091,0,0,0.03370809437112199
82095,0,0,0.023841938238992992
82099,0,0,0.0006521945852553159
82101,1,0,0.15688548827198098
82109,0,0,0.10547559755004383
82119,0,0,0.0025011804422320405
82126,0,0,0.004985979827346758
82135,0,0,0.00089643910394998
82150,0,0,0.01738633061132815
82159,0,0,0.0017812053422834868
82161,0,0,1.555283676314022e-06
82162,0,0,0.00899777009556486
82165,0,0,0.22605142685219323
82181,0,0,0.001090303808883152
82183,0,0,0.0006322417978721753
82187,1,1,0.9993522145146737
82191,0,0,0.0011808410528315757
82200,0,0,0.005621906678288314
82204,0,0,8.56728595156942e-05
82207,0,0,0.008766971463000515
82210,1,0,0.20154432714593065
82212,0,0,6.845879851110725e-05
82219,0,0,1.5258036523956204e-05
82221,0,0,0.0015442801900520749
82224,0,0,2.6306320185921818e-05
82231,0,0,0.0038254365506940995
82237,0,0,0.058116010407468915
82241,0,0,7.34141396533215e-05
82242,0,0,0.005602610468522853
82243,0,0,0.00021707383721639327
82248,0,0,0.0005675164870821651
82249,0,0,0.00028979167186698383
82250,0,0,0.0001581067941197978
82255,0,0,0.4064570759436872
82261,0,0,0.00024052547890520903
82263,0,0,2.4548859166863044e-05
82266,0,0,0.001003808772118686
82268,0,0,0.0195804140868907
82269,0,0,0.006395991213550976
82271,0,0,0.0857876151478597
82278,0,0,0.0967810746143073
82291,0,0,0.0013859799425751293
82293,0,0,6.179434756146273e-06
82295,0,1,0.6882824300799393
82308,0,0,0.0011164126483014052
82314,0,0,0.00014104343090839055
82332,0,0,0.006530701760344828
82337,0,0,0.08856545077751292
82338,0,0,0.009660884122150987
82347,0,0,8.259100605828767e-05
82365,0,0,2.9505657813524656e-05
82366,0,0,0.05292577818328534
82367,0,0,0.008928212183177518
82373,1,1,0.7771664941320034
82377,0,0,0.4711663865872977
82379,0,0,0.04240390671615736
82388,0,0,0.0012468884209490645
82403,0,0,0.0681761219472057
82405,0,0,0.14153198773577466
82408,0,0,0.0003648225103475269
82414,0,0,0.0023113925579119265
82416,0,0,0.00011952737467639758
82420,1,1,0.8102445638898452
82421,0,0,0.08906130221917363
82422,0,0,3.975579108219692e-06
82432,0,0,4.3109202525459616e-05
82436,0,0,0.02941921129972665
82437,0,0,0.008038588793200628
82440,1,1,0.9829285538798762
82441,0,0,0.00022688685888198553
82445,0,0,0.022865701950260234
82458,1,1,0.9934553525888633
82460,0,0,0.0005401421073458892
82464,1,1,0.9085250946557434
82465,0,0,0.07626611435822163
82476,0,0,0.0015270933207274392
82479,0,0,0.0001314908926618538
82480,0,0,0.10024467215824442
82481,0,0,3.610647150008976e-05
82482,0,0,0.0006821646852223581
82483,0,0,0.005584698817499834
82491,0,0,0.006602784265938923
82492,0,0,1.2616270095620929e-05
82493,0,0,2.207647884344519e-05
82496,0,0,0.0013196831662008687
82500,0,0,5.80366257907894e-05
82502,1,0,0.13969198865750632
82508,1,1,0.9377670793532645
82513,0,0,0.00013438536662693004
82520,0,0,0.013324115373514423
82536,0,0,0.0016383969866650776
82537,0,0,0.0001023051839854318
82543,0,0,0.003515325450448505
82551,0,0,7.352344075812612e-05
82553,0,0,0.0015441949626399934
82555,0,0,0.05312821098616627
82558,0,0,0.0007925748137402571
82561,0,0,9.502962286225685e-05
82579,0,0,0.008716171310979312
82581,0,0,0.003252056750286477
82582,0,0,8.486232875821189e-05
82599,0,0,0.001425137202301608
82602,1,1,0.9796437082501765
82608,0,0,0.00019612141105523475
82617,0,0,0.00022062746259506082
82618,0,0,0.2994003047619604
82623,0,0,0.00032214377316282667
82624,1,1,0.8372535659320367
82625,0,0,0.0011928345327423488
82630,0,0,0.0011615565243457012
82635,0,0,0.00028913812752793145
82637,0,0,0.0032501628648548306
82645,1,1,0.9992796173566473
82649,0,0,0.328344450084052
82650,0,0,0.012005289642164556
82652,0,0,6.529160439213668e-05
82655,1,0,0.01884670155765987
82658,0,0,0.005012361378019463
82665,0,0,0.004970523765288692
82669,1,1,0.9992764448688995
82671,0,0,0.02461245437486069
82679,0,0,0.012407857932783409
82680,1,1,0.9978237963338993
82683,0,0,0.044318352935264115
82685,0,0,0.0018273991818846336
82697,0,0,0.00595327383001322
82702,1,0,0.16150751706953315
82705,0,1,0.6394319564076922
82709,0,0,0.0009192571559061633
82711,0,0,0.014140849826497234
82716,1,0,0.07771487937613956
82720,0,0,0.059255438185883046
82721,0,0,7.2815122869728076e-06
82731,0,0,0.0017778364164056622
82754,0,0,0.029352656123499098
82770,0,0,0.0089567501206177
82771,0,0,0.004043835931545848
82775,1,1,0.76978551270245
82776,0,0,0.00014164639996053972
82779,1,1,0.5159049356420512
82790,0,0,0.05280688850533011
82793,0,0,7.326370997320712e-06
82804,0,0,0.00047801965702468557
82805,0,0,0.01780185765898811
82809,0,0,8.875783220436589e-05
82812,0,0,1.171043040330117e-06
82815,0,0,5.1682494181802e-05
82821,0,0,0.10282653596831584
82830,0,0,1.0360676236056261e-06
82846,1,1,0.9994002407664784
82862,0,0,0.00054679463454281
82873,0,0,0.027351436425983536
82878,0,0,0.0002382273826404434
82879,1,0,0.23706712164606852
82887,0,0,0.05550622687274142
82899,0,0,0.020086005966377923
82910,0,0,0.00047380371038204433
82917,0,0,0.002989103339258659
82930,0,0,0.23970327090445787
82931,0,0,0.4242481838190089
82932,0,0,0.006601365090398154
82935,0,0,0.024889992259814673
82936,0,0,0.015555169621680024
82940,0,0,0.0005042270924323889
82944,0,0,0.018273094046711544
82951,0,0,0.0001445026637780542
82964,0,0,0.012707663779379638
82965,0,0,0.00444050198364226
82976,0,0,0.012091497459856475
82978,0,1,0.5209395874547535
83003,0,0,0.010127653704243785
83006,0,0,0.00011686298888109835
83007,0,0,0.007436555313705013
83008,0,0,0.0004963276657513011
83011,0,0,0.06221218613637093
83031,0,0,0.00278518931759916
83038,0,0,0.00292997414740549
83039,0,0,0.06553547264194597
83046,0,1,0.519959160480596
83054,0,0,0.03242544403004543
83057,0,0,0.0006982639134060156
83061,0,0,0.2806376254918535
83066,0,0,3.9245447084127445e-05
83067,0,0,0.003986845293823861
83068,0,0,0.0013945509664404607
83078,0,0,0.0009628241405874109
83080,1,1,0.9815930977191261
83084,0,0,0.02958492179204482
83087,1,0,0.0576945200417655
83088,0,0,0.05198934389580054
83090,1,1,0.9949830417286714
83092,0,0,0.265986777656464
83096,0,0,4.396377662015289e-06
83105,0,0,0.00022791215667347135
83109,0,0,3.4963149598011486e-05
83116,0,0,0.000215456703573277
83121,0,0,0.005995375054586594
83125,1,0,0.05193277701701458
83138,0,0,0.006096841526191946
83139,0,0,0.0018196089683786987
83145,0,0,0.005818663793446283
83151,0,0,0.03936376200094264
83155,0,0,0.006632870572778973
83165,0,0,0.0001010004305959908
83168,0,0,0.007910126848707033
83172,0,0,0.023639863009129077
83174,0,0,0.0001501955808745574
83180,0,0,0.026350021952234622
83184,0,0,0.10000001378072454
83185,0,0,2.0520160620092883e-05
83186,0,0,0.10649468120195098
83193,0,0,0.002253209290436035
83199,0,0,0.003978897223344024
83205,0,0,0.0025538466449151324
83206,0,0,0.00045337180024410356
83218,0,0,0.015338317464498933
83237,0,0,0.024867248025379197
83242,0,0,0.03400771789276271
83244,0,0,0.005469589447221252
83254,0,0,0.0001637904385529773
83256,0,0,0.003228041301825293
83258,0,0,0.0214140043403147
83270,1,0,0.33883248172982217
83276,1,1,0.9969599295849926
83277,0,0,0.017039910253726236
83284,0,0,0.05724773691008647
83289,0,0,0.0015214985951353943
83290,1,0,0.24294933682380776
83293,0,0,0.059520065356871786
83295,0,0,0.00034504960323640375
83306,0,0,0.011402652611011617
83309,0,0,0.07614201544719763
83310,0,0,0.00026367768138779626
83311,0,0,2.0611168710357956e-05
83312,0,0,0.0036086297001837143
83318,0,0,0.00246136717155518
83324,0,0,0.001339040527714653
83329,0,0,2.053976544907377e-06
83331,0,0,0.005473990178749691
83333,0,0,0.0002703709167737683
83335,0,0,0.0001794488257286866
83347,0,0,7.753980653433714e-05
83352,0,0,9.051371875289671e-05
83353,0,0,1.9842525238902465e-06
83355,0,0,5.3010548042413116e-05
83357,0,0,1.7719195729870944e-05
83361,0,0,0.001278444450120575
83366,0,0,0.019777179536104816
83372,0,0,0.02427982451908907
83374,0,0,0.11568815435793463
83378,0,0,0.0002071472563310498
83381,0,0,2.967881741774957e-05
83383,0,0,0.011615644065583516
83391,0,0,1.2830667730423223e-05
83396,0,0,0.00011837545038047985
83400,0,0,0.09694343717331716
83404,0,0,0.007200849512056272
83406,1,1,0.8513250134094159
83417,0,0,0.11679997444518737
83424,0,0,0.0001515883497199137
83425,0,0,3.642466385456534e-05
83429,0,0,0.0002513804606066368
83434,0,0,0.0006005945114854959
83436,0,0,0.0024918005652860642
83439,0,0,0.13018759204014432
83444,0,0,0.35590125993700367
83450,0,0,0.00011563634619725399
83460,0,0,0.0005544488653779499
83464,0,0,6.733938425329542e-05
83477,0,0,0.02091299857800408
83479,0,0,0.0009092569755108864
83491,0,0,0.0308071133447202
83496,0,0,0.0731198406061346
83500,0,0,7.48309463118362e-05
83502,0,0,1.0982607403537273e-05
83504,0,0,0.04448763424984648
83514,0,0,0.024158688386826777
83516,0,0,5.2171352241786e-05
83517,0,0,0.00019970980172918096
83530,0,0,0.005624543175947478
83538,0,0,0.011886960607870579
83541,0,0,0.007461082891469885
83543,0,0,2.583412847195238e-06
83549,0,0,3.1206541090042063e-06
83552,0,0,0.00020120597090424219
83558,0,0,0.10029375274482005
83559,0,0,0.00028102224489572595
83565,1,1,0.9331034995712426
83566,1,0,0.07741110506618953
83573,0,0,3.6990452612395806e-06
83576,0,0,0.020408539228640894
83584,0,0,0.0005589834059933201
83594,0,0,9.445511744061237e-06
83598,0,0,0.4617483862396926
83600,0,0,0.0003780503305045553
83603,0,0,0.009224846879185272
83604,0,0,0.03888001991220765
83605,0,0,0.04195920727316104
83608,0,0,4.469234395339352e-05
83613,1,0,0.028502060309532694
83614,0,0,0.001740946114829001
83621,0,0,0.008588659771520001
83623,0,0,2.9360925960501085e-05
83629,0,0,0.2614863895567398
83640,0,0,0.009388238418346712
83643,0,0,3.160275832517544e-06
83644,1,1,0.9876176405109381
83648,0,0,7.841769916825532e-05
83651,0,0,0.0006229449058671282
83653,0,0,3.9233234686801854e-05
83656,1,1,0.9968564493548876
83659,0,0,0.003917057560437289
83662,0,0,0.00024856096838901366
83666,0,0,0.00019864047810047865
83669,0,0,0.2064771394930927
83673,0,0,0.0001850268207299884
83676,0,0,0.09402387505294867
83678,0,0,0.00043626642533541526
83682,0,0,0.01338181960073825
83684,1,1,0.6958718951686634
83686,0,0,0.0014801252699927648
83687,0,0,1.7155311965584683e-05
83699,0,0,0.0001045656212054462
83702,0,0,0.003367746538820247
83721,0,0,0.009595286444657623
83727,0,0,0.0008302469929098746
83728,0,0,0.00720977415384252
83731,0,0,4.130935880528753e-05
83735,0,0,0.007993869688781484
83736,0,0,0.19486410468585674
83737,0,0,0.06736303205292157
83747,0,0,0.12353555301402888
83748,1,1,0.6987000206490613
83756,0,0,0.018198007159566144
83757,0,0,0.06565664502735205
83772,0,0,0.0008715389847177309
83774,0,0,0.00017555426228416308
83777,0,0,0.07243185121876501
83791,0,0,0.04381693597239404
83793,0,0,0.030322530055724207
83803,0,0,0.00022423383103694752
83806,0,0,0.00018288268517842457
83810,0,0,0.0011305066669207806
83814,0,0,0.00010563831873098249
83816,0,0,0.010406022115370868
83819,0,0,0.035349103248848185
83826,0,0,1.7161298086463005e-05
83832,0,0,6.509878426391702e-07
83844,0,0,0.00014760425730932263
83851,0,0,0.09169732544819272
83858,0,0,0.004038785062964976
83861,1,0,0.048426689686213734
83863,0,0,0.00431290781008872
83866,0,0,0.029177500551504053
83870,0,0,0.23965131697969178
83871,0,0,0.0010576797016295571
83873,0,0,0.014048217814146377
83875,0,0,0.054431274048456664
83882,1,1,0.9918823432453641
83888,0,0,5.29706038926999e-05
83902,0,0,6.999227211161686e-06
83906,0,0,6.012878693354966e-05
83918,0,0,0.003420055730574497
83924,1,1,0.9820576246992038
83926,0,0,0.00010766036954489548
83933,1,1,0.6575280365761137
83939,0,0,0.006049285234955547
83940,0,0,0.00036760431856974106
83943,0,0,0.010319660491545906
83946,1,1,0.9476397877641585
83952,0,0,0.14320257959675256
83956,0,0,4.73299385976331e-05
83971,0,0,0.00030503241098516745
83975,0,0,1.3589774044709527e-05
83979,0,0,1.0663934592794424e-05
83983,0,0,0.11980236238112765
83988,1,0,0.22890253802479976
83989,0,0,0.0010216004351367987
83996,0,0,0.0004234280985154902
83998,0,0,0.0954256377472156
84009,0,0,0.08191538689559703
84011,0,0,0.04134565398549667
84015,0,0,1.1164369599457885e-05
84020,0,0,0.004418197469687928
84022,0,0,0.0055968042911732335
84024,0,0,0.0008244337855378047
84025,0,0,0.0006817174092113694
84028,0,0,0.0003284078259744819
84029,0,0,0.051699702697060354
84032,0,0,0.11412681500505842
84033,0,0,0.0244185337811563
84044,0,0,0.007928021652318536
84048,1,1,0.7037059470625017
84055,0,0,0.005108448385995296
84063,0,0,0.0007395389821444681
84068,0,0,0.006941276435860826
84071,0,0,0.0006165587225931312
84076,0,0,0.004600622845238924
84078,0,0,0.07326709994516038
84091,0,0,3.882337818001878e-05
84093,0,0,0.01963520213657365
84097,0,0,0.008903187111416315
84098,1,0,0.24000712765422597
84102,0,0,0.021912620454803702
84112,0,0,0.00027504213642381726
84116,0,0,0.19861009240050398
84123,0,0,0.0011488556205358374
84125,0,0,0.02672485441405289
84128,0,0,0.0064365519516121515
84132,0,0,0.1541401968143059
84135,0,0,0.009204480191961663
84147,0,0,0.0019934238086436453
84149,0,0,1.7512091378005376e-05
84161,0,0,3.078040749216023e-05
84162,0,0,0.008094197339249053
84175,0,0,0.11842658315955268
84177,0,0,0.1323689385037621
84179,0,0,4.6084358304244986e-06
84180,0,0,0.0012679084473244254
84183,0,0,0.002021380405940368
84189,1,1,0.9859789911311004
84198,0,0,0.0010798178454246882
84206,0,0,0.011455262628092168
84208,1,1,0.9528829863322711
84210,0,0,0.0001947868007909047
84213,0,0,0.012368975243439256
84219,0,0,9.731500036030995e-05
84224,0,0,0.0007370737053482926
84236,0,0,0.00015628787077346783
84242,0,0,0.003418543738492538
84245,1,1,0.9845527750664146
84246,0,0,0.008753380560538123
84247,0,0,0.006293151291390718
84248,0,0,0.0013753416196923961
84250,0,0,0.0007665712267803287
84251,0,0,0.15429762343141448
84253,0,0,0.36294988826009755
84256,0,0,0.04561918440061308
84258,0,0,0.00014707956687859953
84269,0,0,0.006550985388087314
84272,0,0,2.246581889004218e-06
84273,0,0,0.07035756682514585
84283,0,0,0.0002617097890425046
84284,0,0,0.03452589009383434
84291,0,0,0.17406946474466964
84293,0,0,0.08179952115550558
84295,0,0,0.00027540227023194896
84296,0,0,0.00011036781791212001
84297,0,0,2.055050702063032e-06
84307,0,0,5.817484924756965e-06
84324,0,0,0.05853685264769663
84353,0,0,0.005787189127478848
84356,1,0,0.4289291886449511
84364,0,0,0.017415139807737713
84369,0,0,0.0029789479953733523
84381,0,0,0.021556196414676765
84389,0,0,0.00524859884597818
84397,0,0,0.0023907535975567235
84401,0,0,0.006330817766176977
84404,0,0,0.411126224071502
84406,0,0,0.0003874829625482376
84424,0,0,0.0001280641465860308
84426,0,0,4.173137258582752e-06
84427,0,0,0.0319030534813657
84428,0,0,0.045532377691082766
84440,0,0,0.0010499490468982397
84448,0,0,2.1770251311926974e-05
84449,0,0,7.285285494566243e-07
84451,0,0,0.0001737625458848077
84455,0,0,0.10948221205946228
84458,0,0,0.08135690890746752
84463,0,0,0.06376950402751429
84468,0,0,0.0024340576646491637
84479,0,0,0.0018821638811884862
84481,0,0,0.0925233540323853
84482,0,0,0.008675025528775585
84488,0,0,1.1214538156512481e-05
84493,0,0,8.98857846928092e-05
84499,0,0,0.0458329634347373
84506,0,0,0.030068506458742435
84516,0,0,0.09594247890494409
84517,0,0,0.008477261377216471
84523,1,0,0.1673069603659275
84525,0,0,3.1163969760570955e-06
84530,0,0,0.0001203351432609277
84531,0,0,0.0037740245797733673
84533,0,0,0.003938619478848786
84537,1,1,0.8739564239524269
84543,1,1,0.9762458340296668
84544,0,0,0.0058789229134483005
84556,0,0,0.09799970903454208
84557,0,0,0.02448932332856371
84572,0,0,0.00023774668063200187
84596,0,0,0.00430288998104728
84606,0,0,0.00013539324557361435
84608,0,0,0.01069229718655057
84610,0,0,0.001337943066688997
84612,1,1,0.5652853378514195
84623,0,0,0.0006489296922425104
84629,0,0,8.882958545580326e-05
84644,0,0,0.002302305701958317
84647,0,0,0.020760761931322008
84649,0,0,6.681128265883371e-07
84652,0,0,0.0004982665247277578
84660,0,0,0.008052120759646746
84673,0,0,0.004274641024699517
84675,0,0,0.013715586820501984
84680,0,0,0.07576615480810131
84683,0,0,0.01163848030345297
84684,0,0,0.0024286428024492645
84689,0,0,3.875804765204377e-06
84704,0,0,0.0003972420252722953
84714,0,0,0.00032509319196597343
84718,0,0,0.010455345803933726
84721,0,0,0.008176127366732311
84725,0,0,0.00014561805720946194
84728,0,0,0.05905692303013079
84729,0,0,0.0987353672965796
84730,0,0,0.00014975196539852162
84733,0,0,0.00940351750930772
84736,0,0,0.0001590223784920418
84737,0,0,0.00046133124790293884
84739,0,0,0.16191654205512013
84742,0,0,0.008997815596811636
84743,0,0,0.007481706809812656
84746,1,0,0.14582781929647362
84752,0,0,1.4532896648277978e-05
84756,0,0,0.06710721326670259
84757,0,0,0.004391369358379146
84773,0,0,0.10889236268771026
84777,0,0,0.14736315640019176
84782,1,0,0.09763618996960662
84793,0,0,0.00045069547839198155
84797,0,0,0.00034158638690677485
84802,0,0,0.010341786680679525
84818,0,0,0.001565278805304865
84820,0,0,0.014175606942233146
84822,0,0,0.0085971936273455
84826,0,0,0.15287780409893564
84835,0,0,0.0003217462919138261
84839,0,0,1.331596031888333e-05
84840,0,0,0.01183700005058366
84842,0,0,0.19022026467025713
84846,1,1,0.9989193694860938
84853,0,0,0.0016570749732466223
84857,0,0,0.04374131378542052
84863,0,1,0.6959645918847346
84866,1,1,0.801210813252347
84868,0,0,0.24631583783376984
84869,0,0,0.04313528629020695
84874,0,0,0.014444449445683597
84883,0,0,0.15647182797311177
84888,0,0,0.012903786899865925
84894,0,0,0.49321861350269985
84897,0,0,0.017446226207321152
84899,0,0,0.0397937921042595
84908,0,0,0.014811841980506482
84911,0,0,6.799584011234346e-05
84918,0,0,0.0116802241183663
84927,0,0,0.0680305820071045
84937,0,0,0.00029133916963038287
84938,0,0,0.003246728727930969
84939,0,0,0.00016647312609093282
84953,0,0,0.009393707587334649
84957,0,0,0.18808089537956962
84971,0,0,0.0023802507996292734
84973,0,0,0.00361803530377963
84976,0,0,0.013349379493382284
84979,0,0,0.0007336938409409959
84990,0,0,0.06829131772115117
85004,0,0,0.0017919165158775264
85021,0,0,0.10877224677080882
85029,0,0,0.0045781178350423
85030,0,0,0.0038384687435199165
85033,0,0,0.00412862642516646
85035,0,0,0.00011649794216575318
85039,0,0,0.00014417919091450104
85040,0,0,1.9970596441020154e-06
85042,0,0,0.006642113905678819
85044,0,0,0.08472756351603004
85047,0,0,0.025202623499903213
85063,1,0,0.07624790085746219
85070,0,0,0.002174298086389942
85088,0,0,5.278565781222715e-06
85090,0,0,0.035215377211741304
85092,0,0,0.029394598552947605
85097,0,0,0.0023693965937443885
85100,0,0,0.0002610495177959641
85103,0,0,0.046420148167898766
85105,0,0,0.011204726494820306
85110,0,0,0.00460736352601089
85114,0,0,0.000177917156098889
85115,0,0,0.058768807388839245
85124,0,0,0.0002470685051982979
85131,0,0,0.04435135751402046
85134,0,0,0.02234841773520726
85139,0,0,0.0005190112954968092
85142,0,0,0.0055606397382030465
85145,0,0,0.00027966787375275514
85155,0,0,0.002453958280226544
85171,0,0,0.0028347401178357933
85178,0,0,0.0033775893128313926
85181,1,1,0.946346850141437
85183,1,1,0.8144904456269975
85185,0,0,0.007504730324172224
85212,0,0,0.4149969074531867
85213,1,0,0.060346538529014726
85214,0,0,0.010789519234508597
85219,0,0,0.00026663928324062664
85221,0,0,0.025414526945040452
85231,0,0,0.0022965966183738705
85233,0,0,0.00011244389731562172
85238,0,0,1.8080411314841503e-05
85245,0,0,0.041826738888313716
85248,0,0,0.002563475143337676
85249,0,0,0.0010589835702925548
85254,0,0,0.0022740947129089636
85256,0,0,7.21985670910693e-05
85257,0,0,0.005647743191314911
85263,0,0,0.001191985100926537
85266,0,0,0.004617576525676924
85268,0,0,0.14274181058801447
85270,0,0,0.13934131211977194
85287,0,0,0.0016364438129890097
85289,0,0,0.0024819428679290693
85294,0,0,0.00018692069108956633
85309,0,0,0.003155455037086862
85320,0,0,0.000248489057674586
85343,0,0,0.0008663717198736116
85347,0,0,0.004131374686389816
85348,0,0,0.001189799751748981
85350,0,0,3.9473029880487016e-06
85355,0,0,0.02841610349187419
85365,0,0,4.607166384045946e-05
85372,0,0,0.03169550436073808
85376,0,0,0.08912658843044385
85382,0,0,6.591175012766471e-05
85383,0,0,0.12270673910026722
85391,0,0,0.00010593337447241882
85396,0,0,0.011296609755273402
85399,0,0,0.15806553922729596
85403,0,0,0.00293805804405798
85405,0,0,0.0024916900707209378
85412,0,0,0.01470957472737134
85414,0,0,6.250429096500057e-05
85417,0,0,0.00019848677470074927
85429,0,0,4.116375912518694e-06
85434,0,0,0.01095981249360331
85439,0,0,0.005824327392721327
85443,0,0,0.0001589772193521547
85447,0,0,0.011590822436734536
85451,0,0,0.0007331931268284728
85453,1,1,0.9517941767444609
85455,0,0,1.2584807697904883e-05
85456,0,0,0.07609303522513289
85457,0,0,0.0023994973950700643
85459,0,0,0.002699086769368948
85460,1,0,0.36155637865078094
85462,0,0,0.05230338328854
85468,0,0,0.12534671139697906
85480,0,0,5.1413060986614525e-05
85487,0,0,0.0009036935957726321
85492,0,0,5.416231815383894e-05
85497,0,0,0.0005660514441354339
85498,0,0,0.005342915228173265
85500,0,0,0.3039508700513796
85504,0,0,0.006675745701771061
85505,1,1,0.9811572316351492
85509,0,0,0.0010265540270186168
85524,0,0,0.07628261763897864
85525,0,0,0.007957342702915954
85532,0,0,0.21034151001683246
85536,0,0,1.3710256061399686e-05
85537,0,0,0.03241945095828755
85539,0,0,0.013644056299694552
85541,0,0,0.00015811100200500955
85542,0,0,0.00675484576066503
85547,0,0,0.24040422865754793
85556,0,0,0.013022687114764696
85568,0,0,0.0032513793541867654
85569,0,0,0.07269557649444428
85572,0,0,0.13202844796423083
85582,0,0,0.0003437431447269144
85588,0,0,0.016255746701638814
85589,0,0,0.0006651852960490284
85590,0,0,0.000420460933648622
85611,0,0,0.0007262517902752723
85612,0,0,0.06055926075575058
85613,0,0,0.005074720553356973
85617,1,0,0.007817460917276817
85625,0,0,2.533755571705628e-05
85627,0,0,8.035458762114801e-05
85641,1,1,0.8274898393497877
85643,0,0,0.017000870127404283
85650,0,0,0.0002530950519849728
85653,0,1,0.5852424152633388
85656,0,0,0.2518700450941342
85658,0,0,0.07897831466895702
85662,0,0,0.0003146862881356691
85679,0,0,6.666152621300221e-06
85691,0,0,0.0020819184488188322
85696,0,0,0.03163732926185167
85702,0,0,0.008351227654140116
85708,0,0,1.5009697349119706e-05
85709,0,0,0.04826372494926327
85713,0,0,5.752104796076131e-05
85719,0,0,9.011923998573399e-05
85742,0,0,0.0008301254730820521
85747,0,0,0.009200376485038454
85762,0,0,3.7017698771647324e-05
85767,0,0,0.1970961209702074
85771,0,0,0.3638624831475688
85775,0,0,0.00019996132092504188
85777,1,0,0.088533511795011
85783,0,0,0.00044833974090328877
85784,0,1,0.5734230501388301
85791,0,0,0.0007875858573681462
85806,0,0,0.0004894076059215513
85814,0,0,0.0014416551691913762
85833,0,0,0.13428762278571174
85841,0,0,0.013506474343217566
85857,0,0,0.0868381685543031
85862,0,0,0.0010890370387486158
85865,0,0,0.010586917251570108
85867,0,0,0.003401745081782097
85869,1,1,0.8525992492712953
85871,0,0,0.008095488890573958
85874,0,0,2.940082005984935e-05
85887,0,0,3.8854304716686106e-05
85894,0,0,0.006181852255384076
85897,0,0,0.00015021156635338344
85898,0,0,3.8532955706896024e-05
85900,0,0,0.0028612351864452427
85904,0,0,1.04159454972156e-06
85914,0,0,0.001758100346403048
85917,0,0,0.026643426255762204
85919,0,0,0.002279261485478917
85923,0,0,0.00030844918380946046
85924,0,0,0.0008707406507962824
85931,0,0,0.0016040193654433509
85932,0,0,0.018060441902844178
85937,0,0,0.005680579977757281
85940,1,1,0.9995924665152642
85954,0,0,0.01699330128336931
85958,0,0,0.001221104880320854
85968,0,0,0.025580246846900086
85973,0,0,0.013531681492344995
85979,0,0,0.01921320558334417
85980,1,0,0.12691618828264936
85983,0,0,0.01092987595135927
85988,0,0,0.018769265020671857
86000,0,0,0.03689675099276328
86005,0,0,0.07224200067303939
86009,0,0,9.150548692014587e-05
86036,0,0,0.00019167152292701801
86040,0,0,4.00398752591528e-06
86050,0,0,0.000565281521950899
86053,0,0,0.00021186932016121
86054,0,0,0.0030024860989964685
86055,0,0,1.6762849425585957e-05
86056,0,0,0.11257779966006813
86057,0,0,0.00020402681318466454
86064,0,0,0.0008150594708218563
86065,0,0,0.001380820694743035
86079,0,0,0.004233053120165083
86088,0,0,0.0005276033024128115
86091,0,0,0.030397828073798892
86094,0,0,0.006399724031711087
86096,0,0,0.00014292923703138028
86103,0,0,3.0034778483623953e-05
86110,0,0,8.430176534139988e-06
86116,0,0,0.009467867319886096
86129,0,0,6.1143665788732155e-06
86131,0,0,0.000409602752756851
86132,0,0,0.0003759653105383202
86142,0,0,3.450533861009152e-05
86145,0,0,0.02061773297193835
86152,0,0,0.00862011124972243
86170,0,0,0.018187625259450866
86172,0,0,0.0017978767260195061
86174,0,0,0.014550448672568212
86181,0,0,0.008073274552725454
86187,0,0,0.00011822905597720857
86191,0,0,0.05397137399596526
86193,0,0,0.0027288993141463265
86200,0,0,0.02029071686212781
86203,0,0,0.00020120600488269199
86213,1,1,0.9962249403187697
86215,0,0,0.02369351592999983
86233,0,0,0.002444170733648615
86241,0,0,0.0014453656923175315
86242,0,0,0.03045613426812358
86244,0,0,3.313975295393865e-05
86250,0,0,0.11852874900294305
86257,0,0,0.0022690814842460084
86266,0,0,0.001044957740861082
86269,0,0,0.002299483527027504
86272,0,0,0.14081008512124404
86278,0,0,3.0036013255257777e-05
86279,0,1,0.5528944018754348
86283,0,0,0.01712948135627605
86302,0,0,0.029082767238381196
86305,0,0,0.005267186533592267
86307,0,0,0.05400443024821994
86316,0,0,0.06884726298604378
86318,0,0,0.00023947865162094308
86325,0,0,0.018115616876587082
86326,0,0,0.009504838108620912
86337,0,0,0.0008972554535138064
86339,0,0,1.1465441582434809e-05
86346,0,0,0.0699858584568305
86350,0,0,0.0004696929226968304
86355,0,0,0.00041180711116302267
86363,0,0,0.13911736765309735
86367,0,0,0.004841467969543054
86373,0,0,0.08924089548148337
86379,0,0,1.3708763051358515e-05
86381,0,0,0.0007487363606212727
86382,0,0,0.02031948772684533
86386,0,0,0.13537087803011494
86404,0,0,6.0931003220257126e-05
86418,0,0,0.03790513053420084
86419,0,0,0.002247431094744387
86427,1,1,0.9921086350232703
86430,0,0,0.00010452219978992621
86437,0,0,0.005166392033339032
86441,0,0,0.0032709600775756562
86442,0,0,0.018359529344863876
86449,1,1,0.9915193419893384
86451,0,0,0.009602101857907629
86470,0,0,0.0004555781599668121
86472,0,0,0.0037221878996602916
86478,0,0,0.0011360394778197795
86483,0,0,0.00548761184179946
86485,0,0,0.06289579550078302
86490,0,0,0.0007660601987837643
86492,0,0,0.0003297428598962534
86493,0,0,1.9906772089350294e-05
86495,0,0,3.867157759660393e-05
86499,0,0,0.0005978882997597519
86509,0,0,0.02246213522925795
86510,0,0,0.001728701656696487
86513,0,0,0.004357881981216086
86514,0,0,3.652514551627822e-05
86522,0,0,2.6703797283729677e-06
86524,0,0,0.017992827844152296
86533,0,0,0.006907674414387743
86535,1,0,0.07538219413637508
86536,0,0,0.002146490761809733
86539,0,0,0.1260733207789899
86544,0,0,0.0994805864322049
86557,0,0,0.02853165426863091
86560,0,0,0.007470959857862462
86562,0,0,0.007811508606698855
86566,0,0,0.0005970275622084101
86567,0,1,0.7842471983768629
86573,1,1,0.9168750048685822
86575,0,0,0.02242846366434118
86578,0,0,0.10558763188424876
86581,0,0,0.003396775895508234
86586,0,0,1.833806205782152e-06
86589,0,0,0.01346023109102224
86595,0,0,0.013665399141323193
86604,0,0,0.00040911953373493537
86605,0,0,0.007075277300085388
86617,0,0,0.00014847641686991097
86619,0,0,0.0010873122066671218
86622,0,0,0.0005139304817860409
86623,0,0,0.0007524526629735371
86626,0,0,0.014279904727845289
86629,0,0,1.9778268573492916e-05
86631,1,0,0.022284368329885947
86639,0,0,0.005179635782435057
86647,0,0,0.455862299112978
86651,0,0,0.0046517953953058465
86660,0,0,6.188946390391904e-08
86666,0,0,0.07094714389914226
86667,0,0,0.00018005881886053613
86669,0,0,0.0014229724755447156
86673,0,0,0.00030125856397408563
86683,0,0,0.011529030306758167
86685,0,0,0.07311302258810236
86687,0,0,5.3457691825319797e-05
86697,0,0,2.5748676013615323e-05
86699,0,0,0.008408893873747988
86701,0,0,0.07853690231619138
86710,0,0,0.0017958198200868987
86714,0,0,0.012341162540119814
86716,0,0,0.02418603453568973
86722,0,0,0.0015042699947485148
86724,0,0,0.02195725086758847
86729,0,0,0.09728957439163331
86730,0,0,0.021157848655506944
86732,0,0,0.0007295727655398475
86733,0,0,0.011168565808772898
86734,0,0,0.0002337100002905645
86742,0,0,0.0005743644404773515
86748,0,0,0.0004194272693160603
86754,0,0,0.13459724932245495
86755,0,0,0.005235889614584791
86757,0,0,0.002213015260885945
86760,0,0,0.0002930767807502698
86775,0,0,0.0028649573128845724
86786,0,0,0.00046217374461719827
86787,0,0,0.0011438813963079689
86792,0,0,0.051113178539562
86801,1,0,0.06981401412777175
86821,0,0,0.00958994339912239
86826,0,0,0.04005456570437049
86828,0,0,2.2095651000892764e-06
86829,0,0,0.12202458086928014
86835,0,0,2.7886351660291707e-06
86842,1,0,0.15057596162018105
86849,0,0,0.008688682459431952
86857,0,0,0.4138678337538013
86859,0,0,0.1338627853505243
86860,0,0,0.006084918288149936
86863,0,0,0.0033686886928532512
86866,0,0,0.005264334235748238
86869,1,1,0.9908156006719976
86870,0,0,3.195533303660033e-06
86873,0,0,0.000515548010237743
86880,0,0,0.00727546112364294
86883,0,0,2.032870501103135e-05
86884,0,0,0.047474887935709406
86885,1,1,0.9998508488372595
86889,0,0,0.010376710399858111
86890,0,0,0.16233122617960433
86906,0,0,0.004768143948094546
86908,0,0,0.0016047671323342727
86922,0,0,0.07124972782166275
86924,0,0,0.008921234198297656
86926,0,0,0.003793791173178385
86933,0,0,0.00015592825866659785
86937,0,0,8.45443387221049e-05
86946,0,0,0.06554495467664269
86948,0,0,1.296777229427102e-05
86954,0,0,0.013510552974543373
86956,0,0,0.00015409270030256763
86957,1,1,0.7769286367405198
86959,0,0,0.0028802171384022046
86962,0,0,0.0050300282473822715
86971,0,0,0.16762866757660488
86973,0,0,0.00042398868186032936
86977,0,0,3.057103794263253e-07
86981,0,0,8.510243807377662e-05
86984,0,0,0.012349201306469795
86986,0,0,0.20174508989859796
86993,1,1,0.9987920038116898
87000,0,0,0.0033299842445088687
87011,0,0,1.4975310765356026e-05
87015,0,0,0.16131465831054675
87019,0,0,0.00012425791165029457
87020,0,0,0.0017109416613867437
87021,0,0,0.0005170585421288501
87041,0,0,0.00033907745526303346
87043,0,0,0.019425543475390737
87049,0,0,0.0009510054325639407
87056,0,0,0.09702060015050312
87057,0,0,0.014323750827713057
87058,0,0,0.00011900030132643484
87066,0,0,0.014838246720498069
87070,0,0,0.010236449798074533
87084,0,0,0.021547983876402065
87094,1,1,0.9945880490348045
87095,0,0,0.0014253296590113764
87098,0,0,0.007562172466188375
87099,0,0,0.00017526910178263555
87114,0,0,0.00015928661620572728
87115,0,0,0.009828573449753308
87121,0,0,3.7977296605240175e-06
87122,0,0,0.0003515795083019863
87127,0,0,0.00774708568234532
87131,1,1,0.7901551946519744
87132,0,0,0.028412413970235584
87138,0,0,0.028335895271544106
87147,0,0,0.1284760848522415
87154,0,0,0.00012317497503516124
87157,0,0,0.010470459376780986
87161,0,0,0.0009051315886387163
87173,0,0,0.026201628402683384
87174,0,0,0.0050583119179486765
87175,0,0,0.17347378974245128
87182,0,0,0.00025403511507231377
87186,0,0,0.09269115700391861
87187,0,0,6.0144490094409355e-06
87191,0,0,0.029461483948230935
87214,0,0,0.0012562525210252412
87220,0,0,0.003132389503689153
87221,1,1,0.9989250936427342
87223,0,0,0.003917300337024791
87225,1,0,0.08402486381150642
87227,0,0,0.0010741770794067942
87229,0,0,7.464703851233414e-06
87235,0,0,0.0003261774504831724
87240,0,0,0.0034875146934121135
87245,0,0,0.02273342533011993
87247,0,0,9.658746303791608e-06
87248,0,0,1.520313482926986e-06
87257,0,0,0.023331167546285198
87270,0,0,0.029139313398185793
87272,0,0,0.009991990872619101
87274,0,0,0.4817530063622778
87276,0,0,0.00012690031455929947
87282,0,0,0.15040038288392246
87288,0,0,4.119777307931161e-07
87289,0,0,0.019966733063207998
87298,0,0,0.0008407034705449542
87301,0,0,0.0027599255144818823
87302,0,0,0.00015887932782419372
87303,0,0,5.822650676798355e-05
87308,1,1,0.7919415894239357
87312,0,0,0.19763448186637808
87313,0,0,0.14023973127678616
87315,0,0,2.7533932074095954e-05
87326,1,1,0.8870687736507602
87333,0,0,3.861236279536354e-06
87334,0,0,0.0001363290345129405
87336,0,0,0.000920457711173928
87339,0,0,0.0006296305572511136
87351,0,0,8.701741441558067e-05
87352,0,0,0.0054447377663407485
87353,0,0,0.006169795960357966
87355,0,0,0.0009379247289227842
87366,0,0,0.0006379843392679917
87371,0,0,0.05532843200288531
87372,0,0,0.007671851566171042
87375,0,0,0.003933277630060898
87378,0,0,7.005047059609685e-05
87394,0,0,0.0006426732103890167
87397,0,0,0.00402008309319323
87401,1,1,0.933351496193958
87406,0,0,0.05522217996058837
87407,0,0,0.02300364298155904
87411,1,0,0.08633969330042209
87414,0,0,0.016882183280516723
87432,0,0,0.02510561022265466
87435,0,0,0.01351454039912269
87441,0,0,0.0019720713905633513
87462,1,1,0.9446464026778562
87464,0,0,0.001183950094502924
87476,0,0,1.6119117534730016e-06
87479,0,0,0.009303288111867144
87480,0,0,0.018019420145998354
87481,0,0,0.015428808671391953
87483,0,0,0.01199519882491379
87497,1,1,0.9741887869631636
87499,0,0,6.472167818614473e-06
87510,0,0,0.006136591197374498
87518,0,0,0.0038163505769588523
87521,0,0,0.030452549480682555
87525,0,0,2.0054202479350437e-06
87536,0,0,0.18268366448884815
87544,0,0,0.010646701036544538
87545,0,0,0.09093415671702486
87552,1,1,0.9964695646113161
87559,0,0,0.0011223716981935813
87564,0,0,0.00015025569106651287
87579,0,0,0.01770106165812494
87580,0,0,0.003833471633531483
87583,0,0,0.011175668927992223
87585,0,0,9.698264015995455e-05
87593,0,0,6.583840091744669e-05
87596,0,0,0.001639216542358231
87598,0,0,0.06068209740480836
87600,0,0,6.635929903530401e-05
87609,0,0,9.558352068131244e-06
87618,0,0,0.0004387787473783846
87621,0,0,0.0006031012918369065
87624,0,0,0.0007385581208483615
87633,0,0,0.010967542643125201
87635,0,0,0.0009551938615877044
87636,0,0,0.00023188311119453495
87648,0,0,0.004674870480237661
87650,1,0,0.09081065516337226
87653,1,0,0.05817937987144314
87655,0,0,5.395740877401457e-06
87658,0,0,0.23162442018832627
87661,0,0,0.00022117567407416454
87667,0,0,2.5284791948810035e-05
87669,0,0,0.00041976438487222566
87671,0,0,0.01151933980180085
87676,0,0,0.006569958689195146
87683,0,0,0.07898052469007508
87684,0,0,0.00013230648762370523
87686,0,0,0.023845344456208208
87687,0,0,0.00014187673301877655
87688,1,0,0.2519536152584663
87689,0,0,0.00022856968246391578
87690,0,0,0.007502966999378983
87691,0,0,0.0014473084434676639
87694,0,0,0.009001068348004578
87699,1,0,0.3006589756927149
87706,0,0,0.22467943926525913
87707,0,0,0.0016673642751564206
87708,0,0,0.003527458021289878
87710,0,0,0.007976175821382709
87713,0,0,7.921500194835927e-05
87714,0,0,0.004536562137448431
87728,0,0,0.02709710433052606
87730,0,0,0.006212652794776851
87732,0,0,0.011540327039817172
87740,0,0,3.325438498127328e-05
87752,0,0,0.0001819202731885356
87761,0,0,0.00016224494536285145
87763,0,0,0.023445580869197208
87770,0,0,5.7005311213659105e-05
87780,0,0,9.747193049561456e-05
87787,1,1,0.9285292383180348
87807,0,0,0.1774685205870851
87809,0,0,0.00021784300416211
87813,0,0,0.012391115213379617
87820,1,0,0.3157957484085016
87823,0,0,0.00866189940432874
87829,0,0,0.0038413415334772813
87834,0,0,3.801010059221117e-06
87839,0,0,0.0011830743336722392
87843,0,0,0.008345283192885957
87846,0,0,2.6320915183333153e-07
87850,0,0,0.002609270133756514
87853,0,0,0.0003360762563674005
87857,0,0,0.2107746550624576
87870,0,0,0.0042199901606075115
87871,0,0,0.0003319316224550845
87876,0,0,0.0035813216109282947
87889,0,0,0.0654184078727874
87891,0,0,0.13585984247508165
87892,0,0,0.007444422866107394
87915,0,0,0.079536375200814
87917,0,0,0.0019634172258429887
87931,0,0,0.06684289619973097
87937,0,0,1.085031763211089e-05
87942,0,0,0.0008539603036226266
87944,0,0,0.002761574314416424
87948,0,0,0.0005583844528670768
87950,0,0,4.862666976573975e-05
87960,0,0,4.909687718119669e-05
87961,0,0,0.019942480739530626
87963,0,0,0.0009859561398023393
87966,0,0,0.008608831376953575
87968,0,0,0.14192658841205394
87973,0,0,0.01689244239934814
87983,0,0,0.07090818408596151
87985,0,0,0.00016588939146380835
87989,0,0,0.00014220561855782078
88002,0,0,0.005717726849302101
88007,0,0,0.003192792924002118
88008,0,0,0.01118131852394868
88013,0,0,0.002580708127606444
88018,0,0,0.0006477831857845651
88021,0,0,2.797547883017057e-05
88023,0,0,0.00034131088261945755
88033,0,0,0.017265363041725486
88035,0,0,2.689902376685086e-06
88037,0,0,0.012632805006578622
88042,0,0,0.440790796516952
88043,0,0,0.0020496028091326495
88046,0,0,0.0014227661244563606
88048,0,0,3.179797446347266e-05
88049,1,1,0.9859017774194515
88056,0,0,0.0013960546528664862
88065,0,0,0.023250171408021065
88066,0,0,0.03746991546914783
88076,0,0,3.167871456775873e-07
88083,0,0,0.0002773845752039025
88087,1,1,0.846859095537232
88092,0,0,0.015545970704662411
88093,0,0,0.0001280645213381151
88095,0,0,0.00044360000514730163
88100,0,0,0.09397885169132535
88105,0,0,0.0003455714812060329
88116,0,0,0.01444562784083826
88123,0,0,0.04931227277220138
88126,0,0,0.029175257429216443
88127,0,0,0.00023603628051801167
88142,0,0,0.00046881196907536034
88149,0,0,0.0001573808706036596
88156,0,0,0.015761959840178568
88173,0,0,1.9360244205665208e-07
88184,0,0,0.002755375570663628
88188,0,0,0.021743543177245226
88189,1,1,0.9504416079707844
88197,0,0,0.0018020902865403384
88202,0,0,5.051198869292315e-06
88203,1,1,0.7083115203804847
88210,0,0,0.01886762270008805
88215,0,0,0.10195208023062761
88224,0,0,0.00043822997930183813
88230,0,0,7.797991465734954e-05
88232,1,1,0.9803456179425252
88239,0,0,0.0034337302427025584
88244,0,0,8.224478653770256e-06
88246,0,0,0.008957259136900826
88248,0,0,0.05983113761086655
88250,0,0,0.00024260725105628998
88251,0,0,0.0009589003503993406
88253,1,1,0.999369375250421
88264,1,0,0.3830719451819633
88276,0,0,6.579342777107935e-06
88278,0,0,0.000151580568350042
88294,0,0,6.412075548022901e-05
88306,0,0,0.005563411839255009
88309,1,1,0.8853960945736247
88314,0,0,2.1029955700711062e-05
88329,0,0,0.07384757785193036
88336,1,1,0.8666575226045174
88338,0,0,0.032347782203032645
88341,0,0,0.001693764595457487
88350,0,0,0.09561209931922983
88358,0,0,0.04058386984289404
88363,0,0,0.040448183720814435
88370,0,0,0.002085638680065951
88371,0,0,0.0001356887463895181
88373,0,0,0.058769626493497276
88378,0,0,0.00961390140433931
88381,1,1,0.9937470021028221
88386,1,1,0.9947974696866225
88399,0,0,0.0122639416091162
88401,0,0,0.0059200622143167955
88407,0,0,4.646383357213103e-05
88408,0,0,0.11536442589676223
88419,0,0,0.15635398430374334
88420,0,0,0.0579115009022921
88421,1,1,0.9662999028418009
88422,0,0,0.039666338271061335
88426,0,0,0.0015937411604112826
88428,0,0,0.0028809292920184706
88436,0,0,0.007939532443600265
88442,0,1,0.5229398551643326
88444,0,0,0.00035262897326702276
88449,0,0,1.1398648616580176e-05
88450,0,0,2.878292151399695e-06
88460,0,0,0.00048327057014704286
88462,0,0,0.004335768811281367
88483,0,0,0.030984888941504876
88492,0,0,1.0313190265139916e-05
88497,0,0,0.06972024232840579
88499,1,0,0.28676654547617064
88501,0,0,1.847562730049418e-05
88504,0,0,0.03014446442009252
88506,0,0,0.0527358332113632
88522,0,0,0.00555163475882903
88525,0,0,0.02454424501952886
88527,0,0,0.13967173966699822
88531,0,0,0.004327597076024817
88536,0,0,1.3438410819667694e-05
88539,0,0,0.09316141712459168
88542,0,0,0.0191608492445656
88547,1,1,0.5425088417379007
88554,0,0,0.0798493628536616
88558,0,0,0.00039663930902008996
88567,0,0,4.9069674018236e-06
88570,0,0,7.079987566892934e-06
88572,0,0,0.007078335374019618
88574,0,0,0.0013218558748568949
88575,0,0,0.028729961313490936
88578,0,0,0.00016755689612803088
88588,0,0,0.04445366372818666
88591,0,0,0.276556268852012
88592,0,0,0.15535286540068466
88599,0,0,0.0467479277879186
88600,0,0,0.00028696159114241515
88601,0,0,0.0003426710803545034
88602,0,0,5.037524278566716e-05
88604,0,0,0.017672917521253793
88608,0,0,0.0002388743498582837
88612,0,0,0.16798527524187626
88616,0,0,0.030548302401902285
88619,0,0,0.01631633705665434
88621,0,0,0.011049991490486872
88623,0,0,0.0016684750533237144
88624,0,0,3.660408622371558e-05
88631,0,0,0.01275101036817362
88637,0,0,0.012578362014979576
88643,0,0,1.5215697058463812e-05
88661,0,0,0.0013382177925067723
88672,1,1,0.6632412949597486
88674,0,0,0.0027122838161664268
88680,0,0,0.025100460695521225
88683,0,0,0.005448103615536847
88692,0,0,0.0034927023263113485
88696,0,0,3.9406635074028476e-05
88704,0,0,0.04637836242032236
88709,1,0,0.4886361552839403
88711,0,0,0.0744756004184201
88714,0,0,3.2284815385915035e-05
88716,0,0,0.022966876728146467
88719,0,0,0.04784145039307638
88720,0,0,0.18082013407410752
88721,1,0,0.06900826726822509
88726,0,0,8.343784276737633e-05
88727,1,0,0.13030883493778025
88739,0,0,0.031181487830060143
88740,0,0,0.00040266971979564174
88744,0,0,0.0037731533631633904
88746,0,0,0.012149943733941761
88749,0,0,0.0001233209338186766
88754,0,0,0.2845583869312507
88765,0,0,0.0008177287735566097
88790,0,0,0.014268860391926312
88796,0,0,7.535503383957754e-05
88799,0,0,3.487049218860469e-05
88803,0,0,0.3457170331384606
88810,0,0,0.03213029669993827
88812,0,0,0.00043561356279222553
88817,0,0,7.930381564019302e-05
88818,0,0,0.000535454678366318
88827,0,0,0.0005545634762273214
88830,1,0,0.47578503236330344
88832,0,0,0.01832471882618625
88837,0,0,0.009755271031999623
88838,0,0,0.012661115581764082
88842,0,0,0.19520591321760508
88843,0,0,3.3688677643961174e-05
88846,0,0,0.042577134930143375
88849,0,0,7.703250204400641e-05
88853,0,0,0.0002326764989404415
88854,0,0,0.00017705200193349606
88859,1,1,0.706686662641223
88874,0,0,0.00011768148609013033
88878,0,0,0.004365751746021512
88881,0,0,0.000644711065223392
88884,0,0,0.00023176965702067156
88885,0,0,0.004381512714028182
88889,0,0,0.027311860998601122
88898,0,0,0.3414593595359526
88907,0,0,1.432824259590424e-05
88908,0,0,6.864621875621271e-05
88910,0,0,0.08293318906311818
88912,0,0,0.0031679027229897416
88914,0,0,0.2681261753822448
88917,0,0,0.005495506165452741
88918,0,0,0.07159854180285907
88922,0,1,0.5805108465077701
88925,0,0,0.0060223475011723735
88935,0,0,0.0010148468534366985
88951,0,0,0.00646719304151573
88959,0,0,0.004866850426208852
88962,0,0,0.008504950562136824
88971,0,0,0.01183541623777618
88975,0,0,0.008754382329301902
88978,0,0,0.015689889262745598
88980,0,0,0.001406815717875849
88985,0,0,6.351197124375518e-05
88986,0,0,0.002630807968733853
88994,0,0,6.742960541987425e-05
88997,0,0,0.010394498271148848
89004,1,1,0.6871239243046134
89014,0,0,0.15822543341884307
89020,0,0,0.02039749520672085
89031,0,0,8.582034943728057e-06
89032,1,1,0.9403245978647008
89036,0,0,0.03650118256780139
89037,0,0,0.00487434774394078
89045,0,0,0.0011282493346781736
89049,0,0,0.006664448073498231
89054,0,0,3.843232083238075e-06
89059,0,0,0.00017159688113310207
89060,0,0,0.03221459900375992
89061,0,0,0.015157144967993271
89065,0,0,9.626650355780284e-08
89074,0,0,0.0016686862305369538
89075,0,0,0.116073313394625
89080,0,0,0.0001328541591521897
89081,0,0,0.0029047068964992598
89084,1,0,0.16261612844139903
89085,0,0,0.02267236694074566
89101,0,0,0.055173186288101826
89111,0,0,4.174672406064896e-06
89116,0,0,0.003762844645963521
89120,0,0,0.0007694430902372572
89131,0,0,0.1572453948317101
89138,0,0,0.00041352369617151345
89148,0,0,0.0009769683120541823
89149,0,0,0.16906374742907984
89153,1,0,0.27684907798053604
89169,0,0,0.00011665426630740443
89178,1,0,0.17626851222996973
89183,0,0,0.0005412046282701055
89188,0,0,2.575406769415624e-06
89196,0,0,0.006396389842430288
89198,0,0,0.0017350915578671013
89203,0,0,2.3447068437592196e-05
89204,0,0,4.941723024913526e-05
89206,0,0,0.0004239810648846963
89208,0,0,0.0009075659554364789
89213,0,0,0.041410119845642336
89214,0,0,0.0001790507033466985
89216,0,0,0.0017659191178709655
89236,0,0,0.016214752843289264
89244,0,0,0.0001777379673333973
89245,0,0,8.510834283893773e-06
89255,0,0,0.07040021846768282
89261,0,0,0.008129289177654113
89262,0,0,0.00028509347488291586
89279,0,0,0.0071351808512463664
89283,0,0,2.4869728095777847e-05
89288,0,0,0.13842851899297426
89290,0,0,0.00409855699407895
89292,0,0,9.781118950856184e-05
89298,0,0,0.010075715750395193
89304,0,0,1.0748773285533935e-05
89305,0,0,0.00016127077516957984
89318,0,0,1.556553161967067e-05
89325,0,0,0.002824057711952509
89332,0,0,8.675612091974154e-06
89336,0,0,0.0006304616133144836
89337,0,0,0.026357892940758014
89341,0,0,0.016682302179434328
89345,0,0,0.0005138942557336325
89346,0,0,0.002008528910679212
89347,0,0,0.004201526058252159
89354,1,1,0.5882449201831959
89355,0,0,0.0003902797825314363
89356,1,1,0.9965703610421968
89365,0,0,4.476379197301977e-05
89373,1,0,0.019931910547090897
89375,0,0,0.0020414068459123193
89378,0,0,0.001027308239929445
89379,0,0,0.0038943987539303525
89382,1,0,0.02426792768354508
89387,0,0,0.0009480423538000065
89390,0,0,0.03970612349474403
89394,0,0,0.002234852619668184
89395,1,0,0.037928621889597065
89397,0,0,2.3575458055985867e-06
89403,1,1,0.9827094370968564
89413,0,0,0.006060986299048415
89423,0,0,0.14560494327579201
89424,0,0,2.3559306222998212e-07
89442,0,1,0.5557825432120201
89446,1,0,0.018731556566078132
89450,0,0,0.34158574636890165
89456,0,0,0.002515031543045966
89462,0,0,0.00010817091981537178
89463,0,0,0.00940908812712348
89468,0,0,0.00022110383717646392
89470,0,0,0.0019406449935925948
89473,0,0,0.0008479253717478261
89474,0,0,6.289411669742546e-05
89487,1,1,0.9628851604956016
89489,0,0,0.0051031751984398875
89491,1,1,0.7607991190549859
89492,0,0,4.536231826151449e-07
89506,0,0,0.10676422099466618
89519,0,0,0.05596921646225239
89520,1,0,0.12292751400683437
89526,0,0,0.001810626547162305
89540,0,0,0.00014207853599952056
89543,0,0,0.006391430699467554
89546,0,0,0.03603916033700884
89547,0,0,0.0029880573574870865
89557,0,0,8.16927486768055e-05
89560,0,0,0.05301307090437839
89561,0,0,2.6886177402349277e-05
89563,0,0,5.078403195975334e-05
89567,0,0,0.004164217740464205
89568,0,0,0.052055478563755
89575,0,0,0.0005482142914043879
89577,0,0,0.0002167767757426473
89584,0,0,2.502448805850897e-05
89590,0,0,0.0005649200822533528
89593,0,0,0.10806144954298487
89594,0,0,0.1207857684757888
89595,0,0,0.006972804684046614
89596,0,0,0.0005869871133857076
89598,0,0,0.00039282910420628296
89600,0,0,0.04603923632808819
89607,0,0,0.0001033373405213385
89612,1,1,0.9212436437723421
89617,0,0,0.002048706030968234
89618,0,0,5.192797408667889e-06
89620,0,0,0.0008603480226772335
89621,1,1,0.8454819977518324
89622,0,0,6.093038654918616e-05
89635,0,0,4.109221896219951e-05
89636,0,0,0.01111183245402425
89660,0,0,7.865971565933342e-06
89661,0,0,0.00036228571096300397
89673,0,0,0.0017741466828106584
89674,0,0,1.3026351490935506e-05
89676,0,0,0.08891341980985566
89678,0,0,4.882724180805322e-05
89684,1,0,0.006887447898011792
89695,0,0,0.18603566638223618
89698,0,0,7.656310337410818e-06
89704,0,0,8.881864812411489e-05
89710,0,0,0.0021635242249664396
89712,0,0,0.0009773475238688432
89717,0,0,0.0012640551032946851
89718,0,0,0.009344817379710662
89723,0,0,0.0009208533003855084
89724,0,0,0.12647103028702014
89725,0,0,0.05452944298723439
89729,0,0,0.00010614975319798672
89730,0,0,0.0032178033604012392
89755,1,0,0.28501665018929073
89761,0,0,9.681097099076258e-05
89783,0,0,1.552795001304417e-05
89784,0,0,1.6166865090828733e-06
89785,0,0,1.693640115254633e-05
89805,0,0,9.018132596140161e-05
89813,0,0,0.011477619071035774
89814,0,0,0.002542976216778355
89819,0,0,0.0032779141255534056
89826,0,0,0.0002524565901652952
89843,0,0,0.019575730393065642
89845,1,1,0.9364458229571045
89849,0,0,3.373377918368005e-06
89858,0,0,0.03656079831446687
89865,0,0,0.2142551608720817
89874,0,0,1.632624310006335e-05
89882,0,0,0.0004493407176452582
89901,0,0,0.023393598066351207
89908,0,0,0.009692781163456935
89912,0,0,4.7131925778697484e-07
89916,0,0,0.0608915969123854
89919,0,0,0.01550512573903032
89923,0,0,0.029215348388589444
89928,0,0,0.1162427967538243
89929,0,0,0.006069623935957028
89933,0,0,0.00022801304826822118
89947,0,0,0.04584568376686005
89973,0,0,0.0632772707196663
89980,0,0,0.00026758126872227054
89992,0,0,5.367422278132053e-05
90005,0,0,0.013115417752819243
90007,0,0,0.12262607441681334
90020,0,0,0.007442748853259085
90024,0,0,0.004076855660139979
90030,0,0,0.021017906162991526
90036,0,0,0.34731627160260836
90040,0,0,0.0006427283318596567
90044,0,0,1.4984635933073598e-06
90046,1,1,0.940745004044948
90052,0,0,0.00016591627500679054
90054,0,0,0.00026036860138717126
90056,0,0,0.00016613509606870015
90057,0,0,0.00048241008589661644
90071,0,0,0.0002860002674711838
90073,1,1,0.5170157993211615
90074,0,0,0.08652751028381431
90080,0,0,0.00010214046579539662
90082,1,1,0.9625308729119062
90092,0,0,0.00026408874118366056
90093,0,0,0.18532485143370828
90094,0,0,6.268331237170405e-05
90095,1,1,0.8387147494330517
90096,0,0,0.0001520523326730349
90097,0,0,0.30155805215705733
90113,0,0,0.007788125410376203
90116,0,0,0.026315240170511962
90119,0,0,0.007114062015093185
90120,0,0,1.1198600737434164e-06
90128,0,0,0.0002105790823904783
90143,0,0,0.05366540257319916
90152,0,0,3.371129613888846e-05
90166,0,0,5.411563351707535e-07
90169,0,0,0.002073272560667628
90173,0,0,0.00010260473083796676
90177,0,0,0.17701174825328841
90179,0,0,0.0002154885201657142
90181,0,0,0.0019912331017936
90186,0,0,0.4958470386198051
90191,0,0,6.179412282858008e-05
90199,0,0,0.0008230860323669596
90203,0,0,0.032674418119841064
90216,1,1,0.8454125617455566
90232,0,1,0.8364826429319814
90240,1,1,0.9909158794261707
90251,0,0,0.057492942619880444
90257,0,0,0.0022121027217359103
90258,0,0,0.059174351854480355
90259,0,0,0.0006370004457450135
90261,0,0,2.206337610047882e-05
90263,0,0,0.00170682008448513
90264,1,0,0.1538254855771991
90277,0,0,0.0006483958625543458
90282,0,0,0.09815390755269433
90288,0,0,0.005062407916715109
90292,0,0,0.010440783448314265
90302,0,0,0.000459624957734557
90307,0,0,0.01788968866362928
90314,0,0,0.03357762456435269
90323,0,0,0.002056963722133892
90332,0,0,0.0064183672706012345
90343,0,0,0.015171123812844372
90358,1,1,0.6784757589364295
90365,0,0,0.03512648276727308
90372,0,0,0.00011543959335870995
90386,0,0,0.0001532077455332821
90390,0,0,0.06221870811993433
90391,1,1,0.945063813463855
90395,0,0,3.500334357924798e-05
90399,0,0,3.819874276464865e-06
90403,0,0,0.0025097538602180404
90417,0,0,0.023862261197926997
90421,0,0,2.2181572244257086e-06
90422,0,0,0.21629809565987615
90423,0,0,0.00015105217332652218
90425,0,0,0.05294390500167501
90427,0,0,0.017496932872040172
90435,0,0,0.016608674260528096
90437,0,0,0.001052302081420641
90443,0,0,0.0001296358137343228
90447,1,1,0.9177961441016316
90448,0,0,0.04055707953889823
90449,0,0,0.0004647482304155859
90451,0,0,0.0001287135307705699
90452,0,0,0.0002273812500448806
90455,0,0,0.0008169407878374549
90462,0,0,0.08709885475679886
90477,0,0,0.014279607399112357
90481,0,0,0.015362840824995524
90487,0,0,0.0008230016467327395
90488,0,0,0.0010601710910434368
90489,1,1,0.7726009395392268
90493,0,0,0.00012280464723770184
90499,0,0,0.03174162380616113
90500,0,0,0.020199364398832555
90504,0,0,0.026230891380270516
90505,0,0,0.023665394457626825
90506,0,0,7.348580039742269e-05
90512,0,0,0.015201842038832916
90515,1,0,0.025666657334340745
90530,0,0,4.708582644987285e-07
90532,0,0,0.016516794880125626
90537,0,1,0.5701689411113472
90542,1,1,0.6022215160489818
90557,0,0,0.00038994446919686775
90560,0,0,0.005370759469403802
90562,0,0,1.9713929081362214e-05
90563,0,0,0.003775127088780146
90564,0,0,0.003445675995857989
90567,1,1,0.9938272455311596
90568,0,0,0.003523719704133298
90570,0,0,0.14767270570328342
90572,0,0,0.05362162517023888
90582,0,0,0.003315883105666821
90583,0,0,8.382196213273737e-07
90587,0,0,0.08224361910332889
90589,0,0,0.015100954848329266
90591,0,0,0.0008553566126027549
90608,0,0,0.00018870031414150706
90612,0,0,0.0021431413218955956
90615,1,1,0.8971017813625216
90625,0,0,0.00016253474444370233
90627,0,0,0.001549860399859502
90633,0,0,0.024302417360803328
90634,0,0,0.0005298329033627471
90638,0,0,0.002192060741258957
90646,0,0,0.023911978753548724
90651,0,0,0.00035663907668441355
90652,1,0,0.06667481089285512
90653,0,0,0.024836310265875624
90657,0,0,0.1331176856789604
90658,1,0,0.08519256388712271
90670,0,0,0.009877410038471545
90677,0,0,0.2655379557415934
90678,0,0,0.21570474282501648
90699,0,0,0.0059851085027118
90702,0,0,0.022851964857462995
90703,0,0,0.45653124230321934
90704,0,0,4.428593165748537e-05
90707,0,0,0.0025819136944836853
90709,0,0,0.0008460923159995988
90715,0,0,9.143480637773663e-05
90725,0,0,0.0380847712532762
90736,0,0,1.5712264538422405e-07
90738,0,0,0.007735269300680818
90741,0,0,0.014983227867244257
90751,0,0,0.03458056099529012
90764,0,0,0.009094105768630003
90767,0,0,3.12030934178726e-05
90768,0,0,0.07077476603930578
90769,0,0,1.961373684436982e-05
90770,0,0,0.04236648267622149
90774,0,0,2.252970378221753e-06
90777,0,0,3.984233115716656e-05
90790,0,0,0.06862725390462159
90796,0,0,2.2975467027776697e-05
90800,0,0,0.01991562460790049
90803,1,1,0.9884253066256465
90804,0,0,0.31921964190440594
90808,0,0,0.009772008401203533
90810,0,0,0.0003657585292280584
90816,0,0,0.013182739321630966
90817,0,0,0.28708561242923947
90821,0,0,5.735171934780652e-05
90835,0,0,8.598950243652077e-05
90839,0,0,0.012692183854665655
90840,0,0,0.0004046074337080753
90842,0,0,0.0026368073347113924
90844,0,0,0.007020019922676484
90852,0,0,8.54759430620794e-06
90854,0,0,5.9742376509682115e-06
90861,0,0,0.034605118907667376
90866,0,0,3.3197791475835424e-06
90880,0,0,0.20482154853371096
90896,0,0,0.00520093434333026
90900,0,0,0.0019303758663226276
90901,0,0,8.34592364032735e-07
90902,0,0,0.01316663865851378
90903,0,0,0.0007189453016527222
90919,0,0,0.0008090822753100252
90923,0,0,0.002935695503229398
90924,0,0,0.0007121765932001741
90925,0,0,0.0003866486113366392
90926,0,0,0.01006865687193412
90928,0,0,0.007702579907064532
90933,0,0,0.0003604631102503167
90937,0,0,0.000826887505093583
90966,0,0,0.0013540299994427097
90967,0,0,8.258603180300967e-05
90969,0,0,0.017998314092611337
90986,0,0,0.011625682730143506
90989,0,0,2.691220479257733e-06
90991,0,0,0.00013256549709614657
90993,0,0,0.002072988448125686
91005,0,0,0.02902806093069461
91008,0,0,0.0010965872805720333
91011,0,0,0.0011439022153908955
91012,0,0,0.027821294900782785
91014,1,1,0.935021652980595
91015,0,0,0.00016102034550329427
91021,0,0,0.04042769996682913
91024,0,0,5.952360939884882e-06
91025,0,0,1.863135640484325e-05
91026,0,0,0.14078822516537626
91027,0,0,0.00022672312866539173
91032,0,0,0.01563956374590948
91057,0,0,0.001148265861758485
91058,0,0,0.004168990916066776
91063,0,0,0.20437289242990436
91065,0,0,0.022691219590371285
91072,1,1,0.8909168481577247
91074,0,0,0.04309472452978516
91083,0,0,0.009198680693420723
91084,0,0,0.0011328414479689197
91090,0,0,0.09837443408059643
91091,0,0,0.02376035002094592
91096,0,0,3.515776037259239e-05
91098,0,0,0.0015585970440014669
91118,0,0,0.007003732839269039
91120,0,0,0.024141384444903536
91121,1,1,0.9986376737856208
91126,0,0,0.007846390593993143
91127,1,0,0.4763430595008518
91131,0,0,0.0023881095670655575
91135,0,0,0.005469747542783926
91142,0,0,0.0061633019584845065
91154,0,0,0.001900621534437264
91169,0,0,0.0004833277610600379
91174,0,0,0.001438809288547501
91176,0,0,0.005483211331528719
91177,1,1,0.5147829844199647
91179,1,1,0.9881781573342596
91183,0,0,0.012481053506864539
91199,0,0,0.04302507197467429
91201,0,0,0.06916854589722835
91216,0,0,0.14065993789927644
91230,0,0,0.004543698395073099
91241,0,0,0.008183366611872992
91244,0,0,0.0007841474454593389
91265,0,0,0.00477996367870093
91268,0,0,0.04175540630431687
91269,0,0,0.00019084778427668045
91275,1,1,0.9901533313558827
91285,0,0,0.03307552182054267
91287,0,0,1.103656668194126e-05
91288,0,0,0.49334337705583503
91296,0,0,0.40978246028086013
91302,0,0,0.03131891849250323
91309,0,0,6.90574333353876e-05
91314,0,0,6.101556111767178e-08
91317,0,0,8.775954382068647e-05
91325,0,0,0.0012439190348315855
91332,0,0,0.000125480971303967
91344,0,0,0.00039069555145352633
91346,0,0,0.0177064866226798
91352,0,0,0.0012377171770151904
91353,0,0,0.00024291800221213746
91354,0,0,0.08995141386853561
91355,0,0,2.10708586588091e-06
91358,0,0,0.0001617084095790415
91363,0,0,0.03954034752992706
91367,0,0,0.0017872268627833765
91370,0,0,0.0971327141437405
91380,1,0,0.08093274270023411
91382,0,0,2.7195487006706375e-05
91390,0,0,0.0004010072890437512
91393,0,0,2.7061826124066843e-06
91396,0,0,2.1490309088966373e-06
91398,0,0,0.030450749099843327
91408,0,0,0.003347468737319363
91413,0,0,0.0008748625765981847
91418,0,0,0.11118884424783071
91434,0,0,0.0034384856930118283
91440,0,0,9.937836769829134e-05
91441,0,0,0.00647851736681188
91443,0,0,0.00011756590294577603
91447,0,0,0.1773933171211498
91452,0,0,0.0039721651745143255
91455,0,0,0.007029717489619344
91459,1,1,0.8927167785544085
91460,0,0,0.00026497424199649675
91466,0,0,0.02824447456664116
91471,1,1,0.9797551034027632
91498,1,1,0.7435729348986937
91503,0,0,0.05332586086713051
91506,0,0,0.004888532936314523
91516,0,0,0.0002803711311054866
91525,0,0,0.0002213076559991916
91547,0,0,0.0005316059292206153
91553,0,0,0.0003595216208313492
91570,0,0,0.007826408467970218
91573,0,0,0.03023173422624282
91578,0,0,0.0799118079026895
91587,0,0,0.0014194700704508142
91589,0,0,3.957467291244076e-06
91596,0,0,0.055505010517338034
91603,0,0,1.97997054749368e-05
91608,0,0,0.0007230047306302669
91613,0,0,0.0003823012346305279
91624,1,1,0.9751835707171429
91627,0,0,0.1253758286124891
91636,0,0,0.0161248609433881
91642,1,1,0.9646457195567604
91644,0,0,0.004754223331790171
91652,1,0,0.006353215596572451
91659,0,0,0.018303198665987907
91669,0,0,0.03653659326502015
91671,0,0,0.1386121725030858
91672,0,0,0.0033114296623100903
91677,0,0,9.807003772689978e-05
91678,0,0,0.04506895604448676
91680,0,0,0.024193899474049926
91685,0,0,3.5944907522379624e-06
91688,0,0,0.006969550118794661
91689,0,0,0.08896716772166637
91691,1,1,0.9652953811060583
91695,0,0,0.1370785732909662
91707,0,0,4.093857021446437e-05
91709,0,0,2.3273804741181068e-05
91715,0,0,0.09450041319317515
91716,0,0,0.25974701557896673
91717,0,0,0.0004897280076121831
91719,0,0,0.001557914539450123
91730,1,1,0.854271836674835
91731,0,0,0.19662028547405205
91734,0,0,0.0005928304712355266
91737,0,0,0.014931014089420427
91744,1,1,0.9951599763721117
91751,1,1,0.9865077239055847
91752,0,0,0.00034510541869837795
91761,0,0,0.0393139000850679
91773,0,0,3.4502555304329533e-06
91784,0,0,0.008691658781199485
91793,0,0,0.013119515137180546
91794,0,1,0.7896798364371924
91798,0,0,0.010865698968524254
91801,0,0,0.002009056427421598
91804,0,0,6.261875996041021e-05
91818,0,0,0.049939562243034315
91825,0,0,2.133554276468328e-05
91827,0,0,0.027153663904020776
91831,0,0,0.04076886218411845
91833,0,1,0.5579730906976238
91835,0,0,0.013497609853605036
91837,0,0,6.027124769145984e-05
91838,0,0,0.007065558306527435
91841,0,0,9.560051714152288e-06
91850,0,0,0.019863222813959733
91861,0,0,0.10126872058578122
91873,0,0,0.0018578729582085429
91874,0,0,0.00024897977997936514
91877,0,0,0.02551245100834531
91879,0,0,0.0072446502801037736
91885,0,0,1.2420028180300334e-05
91888,0,0,8.577823858030085e-05
91896,0,0,0.02101780219206861
91906,1,1,0.8719873086082117
91918,0,0,0.00014957255714588747
91924,0,0,0.0042470145907553105
91927,0,0,0.08187923866078484
91932,0,0,0.0009472656236456194
91933,0,0,0.005535768570404081
91936,0,0,0.05973027930885634
91939,0,0,0.0007150570947734615
91943,0,0,0.035820823416108524
91948,0,0,0.00013627073444412172
91950,0,0,0.005057903590937839
91951,0,0,0.025187352567986966
91952,0,0,0.0030389892530318175
91953,0,0,0.08732329258576335
91954,0,0,9.998102157138505e-06
91955,0,0,0.0038215342788435647
91957,0,0,0.008963186942316428
91964,0,0,0.03823679880260271
91971,1,1,0.9924797392699047
91977,0,0,0.002341037632087442
91980,0,0,2.3161341927581018e-06
91987,0,0,0.022617033615042102
91991,0,0,0.0003936623148191822
91992,0,0,6.536643005161934e-05
91993,0,0,0.002451349370162849
91994,0,0,0.0011452780826469145
91999,0,0,0.005277847008662507
92001,0,0,0.03986709061158868
92004,0,0,0.017271443426620032
92007,0,0,0.07809860243295308
92008,0,0,0.014177045730658462
92015,0,0,0.001092007687795259
92024,0,0,0.031106564779132765
92027,0,0,3.2451023279400344e-05
92032,0,0,0.008326006946081857
92041,0,0,0.012947077770646551
92043,0,0,3.6401998936123907e-06
92048,0,0,0.0007197063706125058
92052,0,0,7.509147584601869e-05
92056,1,1,0.8477533167902332
92061,0,0,0.006221303350482385
92069,0,0,0.005130308588003604
92076,0,0,9.127190769833329e-05
92087,1,1,0.9527886240597699
92090,0,0,4.628494376427935e-05
92096,0,0,0.00013080796086391958
92106,0,0,0.004647426392809115
92110,0,0,0.05338551696662648
92125,0,0,0.01926584563588018
92131,0,0,2.588257040572118e-07
92132,0,0,0.0020001528334661327
92137,1,0,0.14045537631066818
92139,0,0,0.03201589244327356
92140,0,0,0.001599668882232118
92147,0,0,0.17862526326379785
92153,0,0,0.034566998361913945
92154,0,0,0.0043280634605179025
92155,1,1,0.9995815849655916
92157,0,0,0.09404787287061268
92158,0,0,0.008425491312477992
92159,0,0,0.004614527636190963
92160,0,0,0.004184332103674073
92164,0,0,0.012179249366463654
92173,0,0,0.07712039798931959
92180,0,0,0.00016510215872166044
92181,1,1,0.9518859046791267
92183,0,0,0.005874818289048966
92188,1,1,0.734798617896289
92189,0,0,0.005383528926140248
92209,0,0,9.353830772480095e-05
92214,1,1,0.9537799051577925
92239,0,0,0.0034909921444401773
92242,0,0,8.682833430675446e-05
92251,0,0,0.0014489204928059152
92252,0,0,0.012116395340744874
92265,0,0,0.011875401504059753
92269,0,0,0.04819429949514237
92270,0,0,0.07991906187301961
92272,0,0,0.11239717484445602
92274,1,1,0.9973452678341114
92288,0,0,0.1266396264252552
92294,0,0,0.022199690561129373
92298,0,0,0.0033738765205529567
92303,0,0,0.010633688477647993
92309,0,0,0.00182521085171698
92313,0,0,0.007194921999605471
92314,0,0,2.2059036073658116e-05
92318,0,0,0.0014377598576193439
92326,0,0,0.0002184700374389547
92355,0,0,0.3608293868058792
92362,1,1,0.7314792957349211
92364,0,1,0.519246777202216
92368,0,0,0.0005949346827841794
92377,0,0,0.0003149806338727678
92389,1,1,0.9682492139464272
92395,0,0,0.10100191664150365
92398,0,0,0.005427548910092368
92407,1,1,0.998064376345996
92409,0,0,0.0027243034519460097
92412,1,1,0.9686572449728099
92414,0,0,0.0004845838842593585
92425,0,0,0.01908571310315853
92434,0,0,0.005441043344128215
92456,0,0,0.013959640183668404
92480,1,1,0.9955968992663005
92486,0,0,0.00022916023051092814
92494,0,0,0.002566364114690966
92495,0,0,0.0005218802702150903
92499,0,0,5.6489129951780015e-06
92500,0,0,0.008113987541234498
92507,0,0,0.3111715833903487
92508,0,0,0.4190871166796613
92520,0,0,2.246074278725692e-05
92523,0,0,0.011274061692594652
92551,0,0,0.00013591994981840863
92552,0,0,6.626193352206677e-05
92561,0,0,0.01944307274995405
92571,0,0,0.013363073984002416
92572,0,0,0.0006393789512253462
92573,1,1,0.6959031218191425
92577,0,0,0.3666633774786153
92578,0,0,4.2157669706124284e-07
92585,0,0,0.06280758057800369
92588,0,0,0.006685541951041603
92595,0,0,1.9933215323176305e-05
92600,0,0,7.543800766988896e-07
92601,0,0,0.0047299306516084055
92606,0,0,0.006012120275139587
92607,0,0,0.014332320974940449
92609,1,1,0.5972539853266405
92614,0,0,1.099706872599846e-06
92615,0,0,0.0020459360316077814
92624,0,0,0.00032662947505810304
92628,0,0,1.179821509655471e-05
92629,0,0,0.004325260702040348
92637,0,0,0.008875850301367862
92653,0,0,0.0011162945831860915
92659,0,0,0.0009567909534536926
92661,0,0,0.0040114195803259796
92662,0,0,0.00010392459657911723
92663,1,0,0.19769650013253276
92666,0,0,0.0001652868206003293
92668,0,0,0.03282290581173076
92669,0,0,0.0064760145707779
92672,1,1,0.882796668405419
92678,0,0,0.003509636708199815
92679,0,0,0.00014437401878255883
92696,0,0,0.0032426830687185826
92699,0,0,0.000977402879877319
92707,1,0,0.03133331359641164
92711,0,0,0.0014742287654534198
92729,0,0,0.0005915750689414086
92730,0,0,0.003180913367995686
92731,0,0,0.19886967177461065
92735,0,0,1.3670348786747595e-05
92742,0,0,0.00664601109096675
92751,0,0,0.07074560373897991
92752,0,0,0.0001643292978523819
92758,0,1,0.8806516476058431
92761,0,0,0.0002697805195412609
92770,1,1,0.9699696820222875
92779,0,0,1.4270183446375309e-06
92781,0,0,0.0011330030089783344
92782,0,0,0.002248466775226247
92785,0,0,0.005262528468237438
92787,0,0,0.0006412180560995742
92790,0,0,0.0001526940288282875
92799,0,0,0.01774541372452823
92814,0,0,0.002829903342327803
92823,0,0,0.030171854149122178
92828,0,0,0.004073510377874861
92834,0,0,0.0010404801399248194
92839,0,0,3.108914039778056e-07
92841,0,0,0.006096118641379007
92842,0,0,0.00020611309190163833
92845,0,0,0.034196435797565275
92846,0,0,0.001039215598169231
92851,0,0,0.035877758320024884
92858,0,0,0.023303204002746776
92859,0,0,0.027882058297189188
92862,0,0,0.0003994593797037207
92867,0,0,0.023023287945689076
92875,0,0,0.00014247166863696714
92876,0,0,0.04971758231255007
92878,1,0,0.24509707744964784
92891,0,0,0.007653571248996146
92892,0,0,1.7641233321309128e-05
92893,0,0,0.15908844245149587
92894,0,0,0.0015492739205126122
92917,0,0,0.0011211152321848215
92920,0,0,0.019043226713857622
92937,0,0,9.972865868040796e-06
92940,0,0,0.00017628597299319755
92947,0,0,0.00480092092992239
92949,0,0,0.0005355796059383941
92950,0,0,0.008932993451628785
92954,1,1,0.996734829177042
92955,0,0,0.00023702080961395441
92958,0,0,0.04807306903764636
92961,0,0,0.21217031416610804
92965,0,0,0.004486605868584254
92970,0,1,0.6748460994700132
92975,1,0,0.3612428225626477
92976,0,0,0.009558480895374009
92981,1,0,0.07637492559762857
92988,1,1,0.9881856355375764
92996,1,1,0.9933938494878187
93004,0,0,0.10304846808483792
93010,0,0,0.000177574262410197
93019,0,0,0.0020667339092396366
93024,0,0,0.004074997678006876
93033,0,0,0.03406418658475888
93042,0,0,0.006571164819401138
93047,0,0,7.551270367180051e-05
93059,0,0,0.0028629064208233836
93062,0,0,0.00179750436017166
93066,0,0,0.004452722180660254
93068,0,0,7.48122209923141e-05
93072,1,0,0.24032902313806517
93075,0,0,1.122532648452291e-06
93080,0,0,0.1601740462979087
93082,0,0,0.004482202720008522
93090,0,0,0.2515071828884598
93097,0,0,0.002132339038338139
93102,0,0,0.01694747353073068
93117,0,0,0.0001080258721925462
93124,0,0,0.01828864587895148
93128,0,0,0.12458116872907897
93129,0,0,4.820400026478922e-05
93134,0,0,1.0312659537625196e-05
93135,0,0,0.0296478607795426
93138,0,0,0.0006415628060245502
93140,0,0,0.1337360750307086
93143,0,0,0.014904202092186703
93146,0,0,0.0006236954278789979
93148,0,0,0.0019517989770495953
93157,0,0,0.07929144839783463
93161,0,0,0.03912389629403325
93177,0,0,0.04807261591110064
93178,1,1,0.9121068519385902
93179,0,0,0.12983319593829715
93182,0,0,0.015032726889121219
93183,0,0,1.914419373666872e-05
93185,0,0,2.6082839114452634e-05
93189,0,0,0.0010525877847251297
93191,0,0,0.001745284715961467
93194,0,0,1.5501816753337216e-07
93196,0,0,0.0005783318911510029
93202,0,0,0.007526339711796165
93205,0,0,0.00025542250886636695
93208,0,0,0.010064563622953882
93211,0,0,0.00019098384257319092
93218,0,0,0.00048801485649207013
93221,0,0,0.012539194819427018
93222,0,0,8.266525882375963e-05
93240,0,0,0.00011232483458231591
93243,0,0,0.0009801668133995493
93250,1,1,0.5348292798938643
93259,0,0,0.1427964832291785
93261,0,0,0.006683774777922073
93269,0,0,0.07476697075016572
93270,0,0,0.0012899112802224149
93283,0,0,0.0007776735312814934
93293,0,0,0.09273444831343787
93300,0,0,0.01019605575431222
93303,0,0,0.015190795369220259
93304,0,0,0.015191630103743399
93306,0,0,0.00017230401093546504
93309,0,0,0.039104798876432235
93313,0,1,0.5109620217468457
93330,0,0,0.001461137273669181
93332,0,0,0.0002350430668034974
93335,0,0,3.117446757773841e-05
93337,0,0,0.00563744334235982
93340,0,0,0.0012655196483378987
93342,0,0,3.687805897079275e-06
93343,0,0,0.20089961935012385
93349,0,0,0.00015053737288965433
93351,0,0,8.472917339623608e-05
93368,0,0,0.004691911726324699
93369,0,0,0.014800542243008889
93377,0,0,0.025786552601142
93380,0,0,0.0713572232705053
93388,0,0,0.07926029763759668
93389,0,0,0.0007379484496523084
93398,0,0,7.201452623021794e-08
93406,0,0,0.027441695952031817
93410,0,0,0.0032206299411110385
93413,0,0,0.0009642038167190594
93416,0,0,0.00031655895413197415
93426,0,0,0.004822971103933934
93449,0,0,0.05494175664192412
93451,0,0,8.941636209053942e-05
93453,0,0,0.0004252329847206835
93458,0,0,0.0012018248485599963
93461,0,0,0.004475650951430779
93470,0,0,2.7711920345820574e-05
93471,0,0,2.1002513921848443e-05
93472,0,0,0.0016190907046891125
93480,0,0,0.0011017816138105192
93482,0,0,0.028787609701433237
93483,0,0,0.0017077524741824423
93484,0,0,0.0721151371764233
93494,0,0,0.024323625264573746
93496,0,0,0.0002665485381061994
93501,0,0,0.004567055338364209
93505,0,0,8.740182744017863e-05
93506,0,0,0.00881788651650887
93509,0,0,0.003980931009351787
93516,0,0,0.0001284452492872224
93517,0,0,9.116644283325969e-05
93518,0,0,0.018424972348147717
93525,0,0,8.66511267293229e-07
93535,0,0,1.055833488231371e-05
93537,0,0,0.0005928043851322537
93541,0,0,0.0017424216767654211
93546,0,0,0.014476686794575871
93547,0,0,0.0002020978360155039
93557,0,0,0.050245112878054624
93563,0,0,0.47075650519537166
93577,0,0,0.00010964360926180834
93579,0,0,0.012733690346715128
93590,0,0,0.0006859594536828707
93600,0,0,0.0009045249242663651
93613,0,0,0.008586601706813125
93614,0,0,0.004143286449341316
93615,0,0,0.00041785458104416764
93623,0,0,0.15123616029704307
93625,0,0,0.09073209727169265
93631,1,1,0.8319584218654041
93636,0,0,0.054253248901808916
93650,0,0,4.8246171160933495e-05
93655,0,0,0.00013031782210304029
93659,0,0,6.322363088342165e-05
93668,0,0,0.06885040828383439
93669,0,0,0.00022456243563026963
93675,0,0,0.0015742174848737702
93676,0,0,0.003989615483696224
93681,0,0,0.009749607736924478
93691,0,0,0.061876897055975405
93695,0,0,0.013225939313828176
93699,0,0,0.0006582472703038718
93702,0,0,0.0006659804352428573
93707,0,0,0.016932330990408483
93708,0,0,0.01884497665923956
93718,0,0,0.01156580934094473
93720,0,0,0.0001484953423654964
93721,0,0,0.018019751650200963
93724,0,0,0.0044486699117162855
93727,0,0,0.08177525385521521
93738,0,0,0.0043352729544172105
93744,0,0,0.001187689563150244
93748,0,0,0.0002921843233876758
93754,0,0,0.010498716731432647
93756,0,0,0.10523829441630218
93761,0,0,7.006827210135995e-05
93768,0,0,8.725549505334125e-05
93769,0,0,0.0018088458533696574
93770,0,0,1.1769068075034808e-06
93771,0,0,0.0029889527251084017
93778,0,0,0.3165197335292919
93779,0,0,3.858825040955634e-05
93786,0,0,0.013241725256760139
93789,1,1,0.9950200029699933
93804,0,0,5.724379689646877e-05
93842,0,0,0.0009112190554886821
93845,0,0,0.31539673355562237
93847,0,0,1.0878336534557806e-06
93854,0,0,4.1175772895165516e-05
93861,0,0,0.02825915880639131
93866,0,0,0.0003412596622543079
93870,0,0,6.652438109924645e-05
93874,0,0,3.688773893935408e-05
93881,0,0,2.3649385739608305e-05
93886,0,0,0.05515743755917239
93887,0,0,0.0003634751972912178
93892,0,0,0.005974110228221958
93895,0,0,2.896446981403169e-05
93902,0,0,9.20546201499627e-05
93906,0,0,0.0012310929141618077
93909,0,0,0.0008265379857922119
93910,0,0,0.010206785572111611
93925,0,0,0.1469435594239562
93931,0,0,0.009490924080124797
93935,0,0,0.00013566929427159534
93943,0,0,0.0007546513120504045
93944,0,0,0.052931575449661976
93948,0,0,0.0006451423632025562
93949,0,0,0.01053433325636799
93953,0,0,0.02186186733520516
93956,1,1,0.9932302057374767
93974,0,0,0.11878612874191767
93981,0,0,0.01782031027202783
93998,0,0,0.0003436609268582093
93999,0,0,0.0023725515907901842
94003,0,0,0.062372280883419895
94009,0,0,4.335127277220882e-06
94014,0,0,1.0882230421033047e-05
94030,0,0,9.050612648008522e-06
94034,0,0,5.867386878166571e-06
94050,1,1,0.9890432179209133
94052,0,0,3.0670649202633705e-05
94059,0,0,0.0002680820920252968
94061,1,0,0.013653758216961933
94067,0,0,0.003777192246427012
94076,0,0,0.0017741371172634883
94077,1,0,0.032024543574221416
94104,0,0,0.018115144249678024
94111,0,0,0.003521825439432403
94115,0,0,2.0761614321852215e-06
94122,0,0,0.0016245037034681264
94124,0,0,0.15818860431647963
94129,0,0,0.2096792658267628
94136,0,0,0.16396284567592953
94137,0,0,0.019679239023964862
94144,0,0,0.012891823179201173
94150,0,0,0.027276304294074998
94151,0,0,0.054459414045040434
94152,0,0,0.007031808826871371
94153,0,0,0.48878409978788845
94154,0,0,1.6483101292778003e-05
94162,0,0,0.0005540315557031634
94163,0,0,0.00010812056358107413
94168,0,0,6.3123540719962825e-06
94174,0,0,0.0007502269098323117
94175,0,0,0.00024379647503118733
94181,0,0,0.0005242950439364158
94188,0,0,0.01562861333393746
94191,0,0,0.0008917908572362209
94208,0,0,0.0002676224331605679
94220,0,0,0.00596285812243576
94222,0,0,0.005473080528941905
94226,0,0,5.3686505570324714e-05
94229,0,0,0.26484609023373906
94235,0,0,0.0091103097057101
94236,0,0,0.0922945129564862
94247,0,0,0.028670530287461603
94253,0,0,0.00990456946716607
94256,0,0,0.017770577634757673
94270,0,0,0.03076900946035925
94277,0,0,2.6447603304304304e-07
94281,0,0,0.018369722921746306
94290,0,0,0.025665319915642124
94300,1,0,0.36901078529125775
94301,0,0,0.00031838897493544847
94303,0,0,0.005301704589451581
94307,0,0,0.1025597317532847
94313,0,0,0.017976660780882458
94318,0,0,0.0003105755690511065
94320,0,0,5.7689588523109445e-06
94324,0,0,0.0003307760826730834
94329,0,0,9.539400933775109e-05
94334,1,1,0.8851477444500577
94339,0,0,0.04604860108272944
94343,0,0,0.00594256535455553
94344,0,0,0.0014364755079492306
94347,0,0,0.0017847268937298626
94353,0,0,0.00011479623647084807
94357,0,0,0.0019524726662055341
94360,0,0,0.0008280574769729594
94361,0,0,0.00901434476769867
94365,0,0,9.587137242230753e-06
94367,1,1,0.9150525070634926
94372,0,0,0.006903607380029121
94373,1,1,0.9949034431356073
94375,0,0,1.6340009018932373e-05
94380,1,1,0.9501175068393716
94388,0,0,1.6363199793668825e-05
94402,0,0,7.538152497232074e-05
94404,0,0,0.028601086304229598
94410,0,0,8.583206698831995e-05
94411,0,0,1.1896308150913394e-05
94413,0,0,0.012352210109074675
94419,0,0,0.08362744656211388
94426,0,0,0.0006974090517987289
94431,0,0,0.2420691661325231
94433,0,0,5.898217587388499e-06
94442,0,0,0.00019939465345119605
94443,0,0,0.005478464985882047
94448,0,0,0.006637438029448958
94451,0,0,0.0060258876668475665
94453,0,1,0.6619215218502813
94457,0,0,0.05357514431870246
94464,0,0,9.746505356855025e-05
94471,0,0,9.437738435286335e-05
94477,0,0,0.0001383608818403812
94479,0,0,0.04104696947071529
94482,1,0,0.25511400641001436
94485,1,1,0.9217394808184962
94498,0,0,0.0003396963692522042
94500,0,0,0.00031806702764793386
94507,0,0,0.0012133482873024877
94512,0,0,0.050589959732088345
94516,0,0,0.0036156612464079176
94521,0,0,0.0012412357899057459
94525,0,0,0.00019172023670318246
94526,0,0,0.0039542611949581795
94535,0,0,0.03651190246974061
94544,0,0,0.10129613247906265
94545,0,0,0.0008452420630956125
94547,0,0,0.18026412474768758
94549,0,0,0.019645889152965428
94564,0,0,0.1300568230465939
94570,1,1,0.7762321473936279
94571,1,1,0.9742271725991475
94588,0,0,0.0078348728112042
94597,0,0,5.926763814045226e-05
94600,0,0,0.03747101360972559
94603,0,0,0.0030500784233868246
94607,1,1,0.9319802173447874
94609,0,0,0.00030606783743514644
94610,0,0,9.678456711486558e-06
94612,0,0,0.16521215130477185
94616,0,0,0.011754040263227595
94624,0,0,3.9699907485924155e-05
94628,0,0,0.005288252203631866
94631,1,0,0.08362369013342516
94632,0,0,0.0004948326178329622
94633,0,0,0.0010174294103212614
94635,0,0,0.045039037235311705
94645,0,0,0.062084224556926235
94661,0,0,0.006385894360783616
94663,0,0,0.08446936897233344
94670,0,0,2.637991125861519e-05
94673,0,0,0.009159951571986543
94676,0,0,0.0021619296501012436
94681,0,0,0.0015065664861221015
94688,0,0,0.0002740785190858507
94691,0,0,0.0012693446012134256
94697,0,0,5.175296350759537e-05
94701,0,0,0.005016176246629467
94705,0,0,0.021862556765391172
94712,0,0,0.0011385109774993889
94720,0,0,0.03143181745190144
94722,1,1,0.6149033168813279
94723,0,0,0.4740425993762734
94733,0,0,0.06452294643116156
94737,0,0,0.02028811227300975
94740,0,0,0.04885448990933302
94742,0,0,0.0031079873547692526
94753,0,0,0.0005365617352317162
94758,0,0,0.03145213594939489
94769,0,0,0.00011897057834785831
94777,1,1,0.9523911684931586
94778,0,0,0.025859072828865733
94779,0,0,4.8643646906412285e-06
94782,0,0,0.0006630433636689141
94797,0,0,0.1498065683082501
94800,0,0,0.014636880082044851
94808,0,0,2.2075291186324897e-05
94811,0,0,2.2783987686197093e-05
94817,0,0,0.2959685470380353
94821,0,0,0.018101566732505413
94822,0,0,0.07478411961405097
94823,0,0,0.002202058872160201
94824,0,0,0.009276880387183798
94825,0,0,0.04882843988917785
94826,1,0,0.0798083747454444
94830,0,0,8.488012084685076e-05
94836,0,0,0.08804047307029607
94837,0,0,0.0006704214347806486
94843,0,0,7.372993171000042e-05
94845,0,0,0.01672705249306878
94846,0,0,1.1740816092701691e-05
94853,0,0,6.746620695957936e-06
94864,0,0,0.0027549836297688247
94888,0,0,0.0042085267629886755
94890,0,0,0.005643120301016146
94895,0,0,0.08311027500558381
94896,0,0,0.0015389962319525723
94897,0,0,0.00043145578872727476
94898,0,0,1.7083541729723843e-05
94899,0,0,0.0060027685562279295
94904,0,0,0.01378605324473234
94905,0,0,0.018623966998955473
94906,0,0,0.0014293098292153176
94914,0,0,4.284551256309437e-06
94916,0,0,0.0014338753512056486
94937,0,0,0.0299524941676577
94949,0,0,0.0004561045211129709
94953,0,0,0.00027493932908189604
94966,0,0,0.004783389913690937
94970,0,0,0.044968926232224725
94975,0,0,0.15786887993551943
94978,0,0,0.0002019442766516504
94984,0,0,0.000578852231352925
94985,0,0,0.0032096753626110414
94996,0,0,0.0001670952516847562
95004,0,0,0.0045962220081919485
95005,0,0,0.0005329762875152029
95008,0,0,0.00083512772036455
95028,1,1,0.9885253844664964
95037,0,0,0.049144647731985854
95038,0,0,0.028449932289826545
95041,1,1,0.9919536967528072
95045,0,0,0.004790351665395578
95046,0,0,0.08727595903151703
95049,0,0,0.001975886903602414
95050,0,0,0.026364253755325247
95051,0,0,0.356077889899817
95052,0,0,0.34081964456013464
95058,0,0,0.005914996281955987
95069,1,1,0.9982310319987772
95070,1,1,0.9786738194725505
95086,0,0,0.003325430967577368
95087,0,0,0.17811207598631212
95089,0,0,3.0343857294187426e-05
95095,1,0,0.19233516369882173
95099,0,0,0.0003112499351076921
95105,0,0,0.04870823067565016
95108,0,0,0.00684346100760266
95113,0,0,0.00031206995528707096
95118,0,0,0.0062848910387249815
95121,0,0,0.007279150923504361
95122,0,0,0.0026712997778129783
95126,0,0,0.0003985665567628753
95127,0,0,0.047306714355097194
95149,1,1,0.9954817642098089
95151,0,0,0.00041614661592766244
95160,0,0,1.610612587223693e-05
95161,0,0,0.0002313188034548516
95162,0,0,0.0046733743005603
95167,0,0,0.10742681215453431
95170,0,0,3.990080924670081e-05
95171,0,0,0.0007913697906200915
95172,0,0,0.001905236218296195
95174,0,0,0.0061394396786163445
95175,0,0,0.09985526024193818
95179,0,0,0.01345093969610858
95181,1,1,0.9962378055482607
95191,0,0,0.008088272574205432
95193,0,0,0.09678155664932615
95199,0,0,0.04533130276351606
95202,0,0,0.00016811413727850093
95205,0,0,0.0018142166180700877
95207,0,0,0.017601359133247955
95218,0,0,0.026882760279878015
95219,0,0,0.019482858472505124
95243,0,0,0.0006660349977413491
95268,0,0,0.0011875637925503415
95288,0,0,0.003029228640903322
95289,0,0,0.00017223336309513592
95290,0,0,0.06156278138989051
95297,0,0,0.0002264518686982237
95319,0,0,0.03730678952327195
95324,0,0,0.017897442504249964
95362,0,0,0.0005736488522378186
95373,1,0,0.10793282860514852
95377,0,0,0.0007752770399741764
95379,0,0,0.016428640482176356
95380,0,0,0.012966819571809148
95382,0,0,0.00012736506922344205
95386,0,0,0.05063984176692728
95387,0,0,0.008989443087127747
95389,1,1,0.9836484165357519
95390,0,0,0.002329433776708799
95397,0,0,0.018181786415269418
95398,0,0,0.0008264021167822919
95409,1,1,0.996025726492802
95412,0,0,0.017788379489093557
95414,0,0,1.0908161759061835e-05
95422,0,0,0.017186466407734406
95426,0,0,0.0011209768646963415
95436,0,0,0.4647126946863969
95450,0,0,0.002848901428465013
95455,0,0,0.002439742840640594
95460,0,0,0.005154421540229334
95461,0,0,0.00813313212758764
95472,0,0,7.418626969475895e-05
95479,0,0,0.0006329210608008518
95480,0,0,1.36663053531717e-05
95482,0,0,0.052422513453920815
95491,0,0,0.0058996656696992346
95494,0,0,0.004241479063857337
95498,0,0,0.005285702465003551
95501,0,0,0.026758779354032435
95506,0,0,0.00011975424565026415
95515,1,0,0.03692958949722704
95517,1,0,0.3093809980524366
95518,0,0,0.003699079628153235
95520,0,0,0.13636504012291736
95527,0,0,0.002159099179541255
95541,0,0,1.7941011131332086e-05
95545,0,0,0.0009968534438175415
95546,0,0,2.9760997210195492e-05
95571,0,0,0.07799721892417803
95572,0,0,0.00015861006979789872
95576,0,0,0.0015811364572765035
95579,0,0,3.181277977016059e-05
95580,0,0,0.005150476473161996
95590,0,0,0.27214684885226986
95609,0,0,0.0004044360014652956
95610,0,0,0.0001451033066779817
95619,0,0,0.0006100506697452588
95634,0,0,0.0002525152261840286
95648,0,0,0.0008494921799682432
95661,0,0,0.00013442229479836287
95676,1,0,0.05345529105349961
95686,0,0,4.085593221630852e-06
95689,0,0,0.15260669220225134
95707,0,0,0.10789140483952536
95711,0,0,0.005695218345232586
95716,0,0,2.681137345707794e-05
95722,0,0,0.009560319592446015
95725,1,1,0.6134880680804379
95727,0,0,0.009699220486731872
95729,0,0,0.44721861037658184
95732,0,0,0.00012475725143388017
95735,0,0,1.1678965437006595e-05
95741,0,0,0.10671300108471488
95750,0,0,0.003763820653236033
95753,0,0,0.009877546899521859
95758,0,0,0.058548088447128076
95760,0,0,3.990167308308625e-05
95765,0,0,0.0038027926938928383
95772,0,0,9.525848556918024e-06
95780,0,0,0.0009505112496402021
95789,0,0,0.07655444885172907
95795,0,0,0.0034587540629009705
95804,0,0,0.0009160381629966459
95811,0,0,0.004016464665713108
95814,0,0,3.5037773890717755e-05
95826,0,0,6.262618734158537e-05
95829,0,0,0.00015360565903385181
95834,0,0,0.00012762718486231835
95836,1,1,0.9847348976833226
95838,0,0,0.009926193738733904
95851,0,1,0.5792530126844648
95856,0,0,3.0071204705851493e-05
95863,0,0,0.004609820729408425
95874,0,0,0.0029367951696031287
95876,0,0,0.00691062711441345
95886,0,0,0.02176851685845696
95898,1,0,0.18363758818770462
95899,0,0,0.04272654539832612
95902,0,0,5.400614780770829e-06
95911,0,0,0.0006082277179422642
95916,0,0,0.00018147979396653807
95918,1,1,0.863778967394333
95919,0,0,0.0008227618130511593
95932,0,0,0.016262355463641336
95940,0,0,0.004800764097249651
95950,0,0,0.009093713047989014
95954,0,0,0.04388428605004943
95955,0,0,0.0014814574691462618
95964,0,0,0.17525584755495752
95982,0,0,0.10624188239058467
95987,0,0,1.2698826198381828e-06
95989,0,0,0.008995503767023069
95990,0,0,0.0014477180955184028
95995,0,0,0.030023405447649365
95999,0,0,0.0277191098292528
96003,0,0,0.008598157021955122
96008,0,0,0.0014558958005614553
96009,0,0,0.0018957419118365833
96021,0,0,0.002439726961366367
96044,0,0,0.0011263829147246875
96051,0,0,0.009460943034710201
96061,0,0,4.457409617741067e-06
96064,0,0,0.0001021202784405372
96066,0,0,0.4127221240456109
96071,0,0,7.432923069494089e-05
96088,0,0,0.0015755140742162782
96097,0,0,0.00011725004309013797
96099,0,0,0.00039738830608140543
96100,0,0,0.0006511377790264516
96102,0,0,0.025600321694836108
96103,0,0,0.0017348754911247733
96105,0,0,0.0009139370457920355
96114,0,0,0.023973942912495556
96120,0,0,0.013606861552695103
96123,0,0,0.39333124478281256
96138,0,0,0.0021966663019443358
96142,0,0,8.26951029359526e-05
96143,0,0,0.01966709814805544
96146,0,0,1.1828038398984123e-05
96147,0,0,0.07796194315438942
96159,0,0,0.22274261062219225
96170,0,0,0.002358932148151542
96172,1,1,0.8044008466610313
96174,0,0,0.0011784046138108854
96176,0,0,1.8583495714530383e-05
96182,1,1,0.8722418277646737
96190,0,0,0.011453973146061124
96192,0,0,0.0005314208217400615
96193,0,0,0.00569946463860752
96194,0,0,0.02980902746373332
96200,0,0,0.13757032448360265
96202,0,0,0.14148183227680203
96214,0,0,0.09156921750873348
96216,0,0,0.004457656373291494
96218,0,0,0.03351796660895351
96222,0,0,0.0010093754678298017
96224,0,1,0.5071780795429766
96231,0,0,0.004099061179179502
96240,0,0,0.0003776210703458632
96241,0,0,0.004807021455984399
96243,0,0,0.002257354614981716
96251,0,0,0.0036084330236933575
96256,0,0,0.02058105899616709
96257,0,0,0.0001381908096909918
96259,0,0,3.1954078483435956e-05
96269,0,0,0.022138858924426356
96270,1,1,0.7685470045826623
96271,0,0,0.0006678556938153951
96286,1,1,0.8830364538260728
96302,0,0,0.014207711091701212
96305,0,0,0.00011355370683168696
96314,0,0,0.00015850255827397843
96316,0,0,0.08328060319408408
96317,0,0,0.2441601698924393
96320,0,0,0.00016559787951718954
96321,0,0,0.008408259807954599
96326,0,0,0.01758853151405036
96328,0,0,0.1556052641052681
96332,0,0,0.006597701927021997
96359,0,0,7.824686467907379e-07
96363,0,0,0.17668649570737674
96364,0,0,5.219150679757028e-05
96365,0,0,0.36853402488264536
96370,0,0,0.0030923213126579203
96375,0,0,0.000476352807344009
96386,0,0,0.0039055861922250626
96387,1,0,0.16258314932348958
96396,0,0,0.18581569626902375
96407,0,0,0.005007782500214385
96417,0,0,0.03116084712851366
96445,0,0,0.08692627994016651
96450,0,0,5.3482074621973064e-05
96454,0,0,9.604570839217068e-05
96460,0,0,0.007269062467490337
96464,0,0,0.006270044246610279
96465,0,0,0.007941151788538638
96466,0,0,0.0003298522327398799
96469,1,1,0.6684186778985688
96470,0,0,2.084460527248303e-07
96473,0,0,0.0011064464053747987
96495,0,0,0.00031090076706254973
96496,0,0,0.017120043878696305
96498,0,0,0.1099478479059529
96500,0,0,0.0009446767389576482
96501,0,0,0.16085333778492855
96507,0,0,0.04239894078394225
96515,0,0,0.0032819463901094773
96522,1,0,0.13499170347364034
96523,0,0,0.06596216903796473
96527,0,0,7.651559453014374e-05
96528,0,0,0.18354083179134803
96529,0,0,2.642612477139994e-05
96535,0,0,0.3784605324776752
96538,0,0,0.014310107052513222
96541,0,0,0.0012371914409078962
96545,0,0,0.0005415598672295927
96549,0,0,0.004226248867604427
96552,0,0,1.8074039326110812e-06
96553,0,0,0.05687469956095658
96554,0,0,5.748382915027744e-05
96568,0,0,0.030280387005497164
96571,0,0,0.000143982264443156
96572,0,0,0.0004850060945507033
96575,0,0,0.0035163131195121546
96579,0,0,3.571457843872889e-07
96588,0,0,0.008214990967517299
96600,0,0,0.007657128459443737
96608,0,0,0.05595489385697284
96619,0,0,0.013303338980181404
96629,0,0,0.0007344238705322437
96632,0,0,5.800606023553776e-05
96637,0,0,8.415052031416667e-05
96670,0,0,2.3596819677920457e-05
96674,0,0,0.23648792822747994
96676,0,0,0.0012031001286060686
96677,0,0,0.00037675675141406314
96682,1,0,0.07461303937772634
96683,0,0,0.00017203293457964848
96685,0,0,0.008789882298036664
96691,0,0,0.00020801909734783367
96694,0,0,0.010543684945443589
96697,0,0,0.0004681254185949717
96705,0,0,0.07432939324832452
96707,0,0,0.00028234257342453733
96708,0,0,0.0019137532213433569
96714,1,1,0.9986101057242504
96715,0,0,0.00023981492070844547
96738,0,0,0.28300464754719773
96741,0,0,0.15972940002598482
96744,0,0,0.007178952374964284
96752,0,0,0.0014052759163578805
96756,0,0,0.060413434154411874
96760,0,0,2.347106434681202e-05
96773,0,0,0.01947478240738224
96774,0,0,0.008703962439871345
96782,0,0,0.04915358516545479
96783,1,0,0.21358446728982627
96789,0,0,0.0004493848725208695
96791,1,0,0.35836474973374727
96794,0,0,2.666458247865938e-05
96801,1,1,0.8886545236936901
96802,0,0,0.05497665972550088
96810,0,0,0.000807549885330763
96812,0,0,0.005931415422603992
96822,0,0,0.0016216432817829172
96830,0,0,9.597596032548424e-05
96832,0,0,0.0008700758123059491
96843,0,0,0.10227813960430979
96845,0,1,0.5626937663637009
96848,0,0,0.0007954134412749674
96856,0,0,0.057601262251045025
96857,1,0,0.06546099830710089
96862,0,0,0.0015784324062046763
96867,0,0,0.163205801421655
96868,0,0,0.0003334535552713319
96877,0,0,0.000268733437135038
96887,0,0,0.037808795489420274
96894,0,0,0.05435378800927443
96906,1,1,0.912393024399503
96923,0,0,0.021602347824615037
96924,0,0,0.0005992403579712505
96926,0,0,0.0060998687519821255
96930,0,0,0.013253571420765478
96931,0,0,0.0014280498035865823
96937,0,0,0.0003966479150685262
96941,0,0,0.02901547048083382
96943,0,0,0.0009549916465604082
96946,0,0,0.0010186756679012047
96948,0,0,3.3491219228833283e-05
96949,0,0,0.4354411724345815
96963,0,0,0.08528058872383858
96976,0,0,0.12763539335373994
96982,0,0,2.8743248154250796e-05
96983,0,0,0.005047335690863137
96986,0,0,0.14335584841813065
96996,0,0,8.266143839670953e-05
97013,0,0,0.020687031548973618
97015,0,0,0.004186931319471587
97018,0,0,0.05130219154764153
97026,0,0,0.054226765235904376
97027,0,0,8.04561406886915e-06
97038,0,0,0.001259809994622621
97041,0,0,0.0018079554383422793
97046,0,0,7.690713472102749e-05
97048,0,0,0.0010253583111146597
97049,0,0,0.002437063201196494
97051,0,0,0.01473731860169248
97052,0,0,7.899667027356018e-05
97058,0,0,0.022083909692809
97065,0,0,0.00042113320484956767
97081,0,0,7.641928681240663e-05
97089,0,0,8.763934455238844e-05
97094,0,0,0.06526947015483472
97096,0,0,3.97762157077899e-06
97098,0,0,0.004857830729189313
97099,0,0,0.0047653365697827325
97102,1,1,0.9628806342498011
97111,0,0,0.005156439533083775
97117,0,0,0.0009574226654296624
97119,0,0,4.032908474568444e-06
97120,1,1,0.9942542755844612
97127,0,0,0.05627500472287368
97131,0,0,0.006621224251340305
97135,0,0,0.005570536318957565
97141,1,0,0.010553053355606048
97148,0,0,0.04623710537007929
97153,1,1,0.7180807363362872
97156,1,1,0.7715686801836814
97159,0,0,0.0010659385340248929
97160,0,0,0.011002417401794565
97165,0,0,0.006939053688508891
97168,0,0,0.007504814473097573
97183,0,0,0.0031669437332341064
97204,0,0,0.0024709884884823886
97205,0,0,5.955605291785316e-05
97215,0,0,0.004401790146677334
97222,0,0,0.007207309758228397
97229,0,0,0.0022511681697805737
97233,0,0,0.027037813486647393
97234,0,0,2.8213997797597092e-05
97240,1,1,0.7608631394570807
97259,0,0,0.2479793261200146
97264,0,0,0.00012016547627607821
97267,1,1,0.9960861556054329
97270,0,0,0.21663416053042206
97276,0,0,0.015590687376827164
97278,0,0,0.0001883339053048882
97279,0,0,0.01194923226155305
97280,0,0,0.003241875905625808
97284,0,0,0.0006360924518009342
97285,0,0,0.15373772865974464
97288,0,0,0.011367725125551498
97301,0,0,3.672662153992766e-05
97302,0,0,0.0006559495579742576
97314,0,0,0.0003767472175471671
97320,0,0,0.0006662701052212688
97331,0,0,0.019939275808099486
97339,0,0,0.08397826613437558
97351,0,0,0.002728574083211909
97358,0,0,0.00017116445223123381
97364,1,1,0.9479784876069948
97365,0,0,2.1213702791728677e-05
97366,0,0,0.0057756473309450735
97378,0,0,0.08655006555380258
97380,0,0,6.469118411098105e-06
97395,0,0,0.1061730484159374
97397,1,1,0.930586025012761
97408,0,0,0.009312928214270457
97409,0,0,1.5563246583563667e-05
97412,1,1,0.9588239703228894
97429,1,1,0.996656517758651
97443,0,0,0.0159690362186673
97446,0,0,0.005866176111013414
97449,0,0,2.543240338676082e-05
97452,1,1,0.8824322840960727
97467,0,0,0.013061944608676315
97470,0,0,0.006250837884906298
97473,0,0,0.002212101448004912
97479,0,0,0.00034286341621571885
97481,0,0,0.004532981785375341
97487,0,0,0.0019670855053781386
97501,0,0,0.009739972775601659
97512,0,0,0.00685222537315609
97513,0,0,0.13408448447212915
97514,0,0,0.00026622305233226553
97525,0,0,6.922536184572887e-06
97543,1,1,0.8886440036910359
97545,0,0,0.0038867584777005763
97546,0,0,0.00197862511311273
97557,0,0,0.00401972624055431
97561,0,0,0.0015858874641290696
97568,0,0,0.15764417435255515
97570,1,1,0.9851326557607902
97571,0,0,0.1111835696438502
97573,0,0,1.8592196846011873e-05
97581,0,0,0.004532906156512078
97583,0,0,2.5372934550366578e-05
97585,0,0,0.029986527342558123
97593,0,0,0.007627782049729404
97598,0,0,0.00024537041992937634
97603,0,0,0.0008516982197000242
97615,0,0,2.7127359777571944e-06
97619,0,0,0.00023420615712116738
97621,0,0,0.020244412949604943
97622,0,0,0.001378620071895692
97626,0,0,3.293690009386041e-06
97628,0,0,0.004048942187888572
97632,0,0,6.641250998003133e-07
97633,0,0,0.020225631379969713
97641,0,0,0.02275584721841054
97642,0,0,0.023704468562059853
97643,0,0,0.0002512649379845241
97657,0,0,0.01961447307105418
97661,0,0,0.15703556856123088
97670,1,1,0.9528889446512799
97679,0,0,0.0003717829978018048
97688,1,1,0.9968033040401272
97689,0,0,9.859475857817972e-05
97696,0,0,0.10839051183993213
97697,0,0,0.03483567903099815
97698,0,0,0.2509727067952129
97704,0,0,1.778532525024214e-06
97705,0,0,0.00047872019028438257
97715,0,0,0.0035672227048324234
97717,0,0,0.001834417123074841
97718,0,0,0.01835000316440321
97720,0,0,0.008350585128162086
97723,0,0,0.0028446362221526494
97724,0,0,0.00014330639768740173
97733,0,0,0.17511447619832388
97736,0,0,0.0026008931257318637
97741,0,0,1.440171479490712e-07
97745,0,0,0.0020983150442026623
97748,0,0,7.018119325131449e-07
97753,0,0,0.018248021062902006
97754,0,0,0.008479079313974316
97762,0,0,2.5384436892759525e-05
97763,0,0,0.11140516286233898
97769,0,0,0.00229434400626874
97770,0,0,0.01099105399001305
97777,0,0,0.0002251242803922857
97785,0,0,0.0004286860650553695
97786,0,0,0.0002065513158369584
97810,0,0,0.13118724402302506
97813,0,0,3.4799369767049563e-05
97817,0,0,0.044273081671372685
97819,0,0,0.0013597334904592807
97823,0,0,0.0027229437817301804
97839,0,0,0.00029275663043905803
97840,0,0,0.0004235978399093521
97849,0,0,0.0003635528313044753
97853,0,0,0.0007528231765327176
97854,1,1,0.9793183523244499
97855,0,0,0.026544139917589644
97869,0,0,0.0318573956156664
97873,0,0,6.950966387419969e-06
97874,1,0,0.4644339588910896
97883,0,0,0.007894125221924248
97886,0,0,0.008084079932953363
97893,0,0,7.014124305066898e-05
97901,0,0,0.0016108636645252702
97903,0,0,0.0003763649849285696
97904,0,0,0.055170260425514366
97910,0,0,0.013801072309212119
97911,0,0,0.0019306952090403491
97914,0,0,0.00011278190649186695
97915,0,0,0.00014225797240139914
97916,0,0,0.011479357870262065
97929,0,0,0.021231143713866456
97934,0,0,0.00014407315903771032
97940,0,0,0.0009783995179881745
97944,0,0,0.00017162467593249153
97952,1,0,0.1516005980789611
97959,0,0,0.10015358221447317
97966,0,0,0.20182643228123265
97968,1,1,0.9933098612852037
97972,0,0,0.2754391411508507
97973,0,0,0.08927240107835423
97975,0,0,0.00823366485025038
97978,0,0,0.00019930806405482265
97983,0,0,0.000570179629939888
97984,0,0,0.00787631625180106
97999,0,0,0.315977405054888
98012,0,0,0.0014381578694872463
98013,0,0,0.0005025074666089376
98020,0,0,0.004259930121970354
98026,0,0,0.06991831531846536
98034,1,0,0.13284886770820648
98035,0,0,0.0032093467782474757
98040,0,0,0.0031492360634655333
98042,0,0,0.05602346615523469
98043,0,0,0.001537894311045819
98049,0,0,0.056334058923735934
98052,0,0,0.018186769399979826
98053,0,0,0.006873161215056768
98055,0,0,8.301277141714694e-05
98056,0,0,1.2157785454898034e-06
98058,0,0,0.0004805960366319275
98068,0,0,0.009503121933987292
98076,0,0,0.09868435299633606
98082,0,0,0.0007520221847535652
98083,0,0,0.06565081097053169
98093,0,0,0.4166281306360969
98096,0,0,0.00373510496154616
98098,0,0,0.006808862607784911
98100,0,0,0.0017768914115666853
98102,0,0,7.173592289087237e-05
98111,1,1,0.9464819621807787
98115,0,0,0.0006772581864743762
98116,1,1,0.9343176264676255
98123,0,0,0.005105386642796716
98134,0,0,9.314675879283891e-05
98136,0,0,1.5053327580403173e-05
98139,0,0,0.005110775227663718
98144,0,0,1.0775526340572306e-06
98146,0,0,0.039075286635681626
98149,0,0,0.03153380862620304
98165,0,0,0.036379240049212315
98168,0,0,8.41839853087149e-05
98173,0,0,0.0007004040494246016
98179,0,0,0.0009101803059582425
98183,0,0,0.0046707291315182765
98189,0,0,0.024713066204526464
98197,0,0,0.2212101126246777
98200,0,0,0.1089879971020333
98205,0,0,0.00043363011648280556
98206,0,0,0.04825171729911786
98208,0,0,0.14971283525503556
98227,0,0,0.024780568910576176
98241,0,0,0.06795090375977847
98242,0,0,0.049036598709826046
98247,0,0,1.7836675552573717e-05
98252,0,0,0.1312349136220931
98254,0,0,0.029718721976973367
98255,0,0,0.17041426217295136
98257,0,0,0.0076015531896119265
98260,0,0,0.12458257345034303
98272,0,0,0.01181468527289178
98281,0,0,0.17710681652012172
98284,0,0,0.07247414795135118
98286,0,0,0.00019162585536325005
98291,0,0,0.0021286913548236807
98309,0,0,0.0008734072739450303
98310,0,0,0.2377083281740669
98320,0,0,3.732578700619995e-06
98324,0,0,2.8321390747494556e-06
98336,0,0,0.13251720703905653
98349,0,0,0.0004845881110453421
98359,0,0,6.286765619995354e-05
98364,0,0,0.00993559497837063
98370,0,0,7.177075480432775e-05
98380,0,0,0.0007678822921472121
98381,0,0,4.741098910448216e-05
98382,1,0,0.3891040924515053
98384,0,0,0.012725931973701636
98386,0,0,1.7293967587396797e-05
98396,0,0,3.870198263380774e-06
98400,0,0,2.0285573555196182e-05
98413,0,0,0.00015675466927933594
98422,0,0,0.34899168419650284
98423,0,0,4.299691800378503e-05
98425,1,0,0.3683669439993288
98426,1,0,0.02993153184975453
98427,0,0,0.009467944401067562
98431,0,0,0.00026546442060558463
98433,0,0,2.3873399165981654e-05
98439,0,0,0.01846388381258004
98446,0,0,0.010435840355714756
98447,0,0,0.00599214533212778
98459,0,0,0.4030569662587259
98466,0,0,0.0019580150128082354
98471,0,0,0.008033361591340958
98477,1,1,0.9771623379853183
98479,0,0,0.018186355702902196
98487,0,0,0.0016252492925161034
98496,0,0,0.003697145913857081
98505,0,0,0.06708140649766531
98506,0,0,0.0015388305083286747
98507,0,0,0.00037517013978001425
98517,0,0,0.00030609426510689686
98521,0,0,0.04718753003492713
98523,0,0,1.1902578916307593e-05
98525,0,0,0.00236222394800104
98526,0,0,3.3367427572736624e-05
98527,1,0,0.24652227312350458
98534,0,0,0.004454941680054474
98539,0,0,0.013116009382160553
98541,0,0,0.02501446869164283
98550,1,0,0.14478718388794012
98557,0,0,0.013077347132557376
98559,0,0,0.020045404894121717
98562,0,0,0.04156702611798881
98566,0,0,5.7214692125757285e-05
98570,0,0,0.002268536635991086
98571,0,0,0.28778195627905734
98574,0,0,0.04733102938814071
98577,0,0,0.01685881710995567
98583,0,0,0.004972586698140021
98589,0,0,0.0013948505791173996
98590,0,0,0.033586915987355415
98608,0,0,0.03480071514417491
98609,0,0,0.05548713919782452
98615,0,0,0.002789694172620327
98616,0,0,0.0005950050341549757
98617,0,0,0.00277090319598051
98619,0,0,0.11952207289807404
98620,0,0,1.2411183385420556e-05
98622,0,0,0.06602438214428312
98623,0,0,0.011118181098577578
98624,0,0,3.924674215118948e-05
98639,0,0,0.017622187599792224
98653,0,0,0.0030485204674906914
98658,0,0,0.09520022959598845
98659,0,0,0.0009654097166922628
98666,0,0,0.00011520281398918526
98678,0,0,0.0012714707642165778
98683,0,0,0.004109078517206025
98685,0,0,0.08487712561053974
98689,0,0,0.14918784180838277
98696,1,1,0.9215826553964575
98703,0,0,0.0005699089783231251
98704,0,0,0.003518647897496466
98707,0,0,0.0052084090956465
98711,0,0,8.959681967870948e-07
98716,0,0,0.020196539533549145
98718,0,0,0.0003648652322633586
98721,0,0,0.019129094909171276
98726,0,0,2.7859371387536368e-05
98733,0,0,0.03585882653681026
98734,0,0,7.396101379611223e-05
98738,0,1,0.5981958117894473
98752,0,0,0.0029512209361796304
98757,0,0,0.0001380476587482924
98780,1,0,0.15659626445939265
98781,0,0,8.11792801174309e-05
98789,0,0,0.03798272829206802
98794,0,0,0.0007055296830231482
98796,0,0,0.0001743168454685222
98798,0,0,0.0003325808141803476
98799,0,0,0.012822088335760807
98807,0,0,0.41564446888307566
98810,1,1,0.9996256354403034
98813,0,0,0.0003505843877933331
98817,0,0,0.005051398052469493
98821,0,0,0.0008979866838371569
98830,0,0,4.884115515726033e-07
98835,0,0,0.06049273759573717
98839,0,0,0.08763119431518643
98841,0,0,0.0035863746953792436
98845,0,0,0.0010322796079100423
98852,0,0,0.00014564083587932918
98863,0,0,0.00494383504725563
98865,0,0,6.78287131688474e-05
98868,0,0,0.017395560864167506
98872,0,0,0.00021457972644390653
98873,0,0,0.3964999624864122
98874,0,0,0.002272432212828588
98878,0,0,0.13049393038086143
98887,0,0,0.0066205706606175885
98892,0,0,0.0019691343096380092
98895,0,0,0.0003359454343466323
98899,0,0,0.0040375308789089084
98903,0,0,0.07151617637259142
98910,0,0,0.0041738676572032705
98916,0,0,0.04008383985033098
98919,0,0,0.03126188872957176
98922,0,0,0.012712749510788091
98925,0,0,0.0004705089825159196
98927,0,0,0.22631248924252362
98928,0,1,0.9155408728035457
98931,1,1,0.999743618360104
98942,1,0,0.014664008724493001
98943,0,0,0.00023326028299565116
98947,0,0,0.0019639031213934573
98957,1,0,0.1047292090983325
98958,0,0,0.012195286689083984
98959,0,0,2.132670765494828e-06
98962,0,0,0.004716034880641985
98969,0,0,0.02675149226485643
98978,0,0,0.00024551137755734055
98983,0,0,0.00024972176613774385
98986,0,0,1.0385190690422836e-06
98987,0,0,0.08034675368119185
98988,0,0,0.41675344019228444
98997,0,0,0.03878169741321988
99006,0,0,0.010844918502987445
99007,0,0,0.0028151222273173383
99011,0,0,0.01232934230628061
99012,0,0,0.04097335289741918
99014,0,0,0.24321140274747502
99016,0,0,0.03005954183363358
99018,0,0,0.0008566559051099927
99020,0,0,0.0001557057092212056
99023,0,0,0.0604483640337769
99049,0,0,0.1867790767219089
99052,0,0,0.0011473082656810562
99060,0,0,0.052871333320857763
99061,0,0,0.0001690525328826484
99062,0,0,0.011451557509018667
99074,1,1,0.9990781614378065
99082,0,0,0.0023114649444185686
99087,0,0,0.0002426790575534881
99090,0,0,0.001366468595397881
99093,0,0,0.0026811511929596362
99095,0,0,9.901080459985153e-06
99096,0,0,0.0016949854717161958
99100,0,0,8.988150853792377e-06
99106,0,0,0.0016672168430917579
99116,1,1,0.5158676305569545
99121,0,0,0.007135023613545634
99133,0,0,0.0007552373721552265
99134,0,0,0.0013451282051225241
99136,0,0,0.0014530202727938766
99152,0,0,0.0001182424687953413
99158,0,0,4.145832930369177e-06
99159,0,0,1.8177029025978827e-05
99166,0,0,0.005302616206966466
99167,1,0,0.17220565435198174
99179,0,0,0.008593967988805433
99186,0,0,0.10910408455462618
99188,0,0,0.004923837010936029
99200,0,0,0.006091607377872034
99201,0,0,0.00011099602596956148
99210,0,0,0.03596804075576886
99213,0,0,0.0012149075798296547
99223,1,0,0.10038490289039326
99224,0,0,0.02926048339003838
99228,1,1,0.9537953615973841
99234,0,0,0.23192698740588985
99235,0,0,0.0013317616444689583
99242,0,0,0.00010761534111881537
99261,0,0,0.02365046839150087
99265,0,0,0.011575952046294916
99269,0,0,5.6980063973041345e-06
99272,0,0,4.8787037232628736e-05
99284,0,0,0.0013413124226631147
99293,0,0,0.0026640628261878374
99294,0,0,4.092082630125148e-05
99296,1,0,0.3682141894432696
99302,0,0,0.0012026889406198378
99307,0,0,0.00019378653604163094
99310,0,0,0.02850058773775841
99313,0,0,0.03875098343054996
99317,0,0,0.002602079173478951
99318,0,0,0.00012549422480996633
99320,0,0,0.0001259331330507698
99326,0,0,9.668382166367762e-05
99337,0,0,0.00026037876538853155
99342,0,0,3.6961882722139606e-06
99352,1,0,0.037230671689323896
99358,0,0,0.034042019465188623
99365,0,1,0.6391749771975181
99366,0,0,0.17577610973301747
99370,0,0,0.03903050788876318
99379,0,0,0.04084960814237745
99380,0,0,0.0008499595986186463
99383,0,0,0.02161601313323143
99391,0,0,0.0003057259502557554
99393,0,0,0.027612254828038682
99394,0,0,0.03014859171369254
99395,1,1,0.7355444370535762
99400,0,0,5.537763310102407e-05
99402,0,0,0.09587872492203266
99405,0,0,0.0006990742141898784
99407,0,0,0.017814874943643904
99421,0,0,1.9371470523116517e-05
99423,0,0,0.012479300627399085
99424,0,0,0.003080732913666937
99425,0,0,0.01059039271054488
99451,0,0,0.0017061056173148198
99459,0,0,0.0004265779418487748
99471,0,0,0.03387776669751375
99472,0,0,0.0256069211678333
99479,0,0,0.0031614895241589007
99481,0,0,0.4485996766783311
99484,0,1,0.7016067115778046
99486,0,0,0.0017418726031331393
99491,0,0,0.007519661752784848
99495,0,0,0.005858287553248257
99498,0,0,0.13920535019350516
99499,0,0,0.007168613294134016
99504,0,0,0.2201448714370096
99505,0,0,0.0001460608570914128
99507,0,0,0.011483855301350748
99512,1,1,0.9983117144651016
99516,0,0,0.06795607593662713
99518,1,1,0.868200492795239
99523,1,1,0.997633589390151
99524,0,0,0.001195948634981707
99531,0,0,0.05802144371428048
99535,0,0,0.0005007705041315306
99541,0,0,0.003532601109694734
99542,0,0,0.006892205481520278
99551,0,0,0.000514130089058695
99553,0,0,0.07480680592863649
99557,1,1,0.9985601520473388
99558,0,0,0.00012069998950016218
99560,0,0,0.05757418154531157
99565,0,0,9.945883231148075e-05
99568,0,0,0.0003898623350712299
99573,0,0,0.012612132206336692
99577,0,0,0.015276572017250533
99578,0,0,0.00018184167675120382
99583,0,0,0.0231946049582496
99591,0,0,4.0192564660720936e-05
99605,1,1,0.6057986171705663
99609,0,0,4.139608592543864e-06
99611,0,0,0.00018766950780439238
99615,0,0,9.415501261259509e-05
99622,0,0,0.005956359811154286
99624,0,0,0.020673873823330417
99630,1,1,0.6552297539145784
99638,0,0,0.001442548995307985
99641,0,0,0.0005668375396836646
99645,0,0,0.0103963973725878
99647,0,0,0.004269094156444661
99653,0,0,0.0003519792809267904
99655,0,0,0.0001035627915390333
99663,1,1,0.9995301250242236
99664,0,0,0.0038475316534225474
99666,0,0,0.006770574736085319
99667,0,0,0.04437921924350807
99684,0,0,0.011080117879684064
99687,0,0,0.005458399640856703
99697,0,0,0.000583987940074856
99700,0,0,0.014224084348344419
99705,0,0,0.02370273619202946
99712,0,0,0.11592154337689005
99713,0,0,0.000594416123152415
99715,1,1,0.9673779755216897
99725,0,0,0.23172932532908178
99727,0,0,0.10524996887483831
99734,0,0,0.18106812214696558
99741,0,0,0.000702442355652464
99745,0,0,0.15921975511623138
99748,0,0,0.14989505052932003
99751,0,0,0.006482325275989413
99756,0,0,0.027936074714449678
99765,0,0,0.0022386300365503146
99769,0,0,0.006192341797819189
99770,0,0,0.006180706811361364
99771,0,0,0.11425127662425807
99775,0,0,3.128313749440487e-05
99780,0,0,1.7071327122079837e-06
99797,0,0,0.00011666275102089294
99800,0,0,0.00019579466585905092
99801,0,0,0.006716825021180043
99812,0,0,0.0005238061924046301
99816,0,0,0.009361936012183169
99819,1,1,0.8997533106217322
99821,0,0,0.009561248432248742
99823,0,0,0.0002243782290374202
99828,0,0,0.006426241741183899
99829,1,0,0.361973580208627
99838,0,0,0.10326633117838536
99840,0,0,0.01447755458036531
99847,0,0,0.0010562533437520397
99849,0,0,1.7665428022356254e-05
99857,0,0,0.0022649940719476507
99859,0,0,0.24929348167628287
99866,0,0,0.0005995646493130003
99869,0,0,0.006376000758754771
99878,0,0,0.03777826490044146
99880,0,0,0.04168749607644422
99883,0,0,0.00513318270258284
99899,0,0,2.771686465467345e-06
99916,0,0,3.444555215389702e-05
99932,0,0,0.0007722279056534274
99939,0,0,1.7198960889725125e-05
99941,0,0,0.010930371339581564
99942,0,0,0.22557721918831355
99948,0,0,0.0031938865320790383
99950,0,0,0.0009931915030274641
99951,0,0,0.3505196245057122
99971,0,0,0.0022859586592969597
99974,0,0,0.13484906431956034
99976,0,0,0.00012698168412922898
99979,1,1,0.731841702751353
99981,0,0,0.00038407680911023
99987,0,0,0.0005113513388348199
99994,0,0,0.000283342511875916
99997,0,0,0.051802291190453
