raw_row_id,actual,predicted,score
2,0,0,0.013129704974743008
5,0,0,0.013129704974743008
16,0,0,0.013129704974743008
19,0,0,0.013129704974743008
21,0,0,0.013129704974743008
23,0,0,0.07421693465935496
28,0,0,0.013129704974743008
30,0,0,0.013129704974743008
38,1,1,1.0
39,0,0,0.013129704974743008
41,0,0,0.013129704974743008
46,0,0,0.013129704974743008
49,0,0,0.013129704974743008
52,0,0,0.07421693465935496
53,1,1,1.0
56,0,0,0.013129704974743008
57,0,0,0.013129704974743008
62,0,0,0.013129704974743008
63,0,0,0.07421693465935496
65,0,0,0.07421693465935496
67,0,0,0.013129704974743008
71,0,0,0.013129704974743008
73,0,0,0.013129704974743008
82,0,0,0.013129704974743008
85,0,0,0.07421693465935496
88,0,0,0.013129704974743008
106,0,0,0.07421693465935496
123,0,0,0.07421693465935496
124,0,0,0.013129704974743008
130,0,0,0.013129704974743008
140,0,0,0.07421693465935496
141,0,0,0.013129704974743008
145,0,0,0.07421693465935496
149,0,0,0.013129704974743008
153,0,0,0.013129704974743008
155,0,0,0.013129704974743008
165,0,0,0.013129704974743008
171,0,0,0.013129704974743008
173,0,0,0.013129704974743008
178,0,0,0.013129704974743008
181,0,0,0.013129704974743008
182,0,0,0.013129704974743008
188,0,0,0.013129704974743008
193,0,0,0.013129704974743008
197,0,0,0.07421693465935496
203,0,0,0.013129704974743008
204,0,0,0.013129704974743008
212,0,0,0.07421693465935496
213,0,0,0.07421693465935496
223,0,0,0.07421693465935496
225,0,0,0.013129704974743008
226,0,0,0.013129704974743008
227,0,0,0.013129704974743008
229,0,0,0.013129704974743008
231,0,0,0.013129704974743008
235,0,0,0.07421693465935496
250,0,0,0.013129704974743008
251,0,0,0.013129704974743008
253,1,0,0.07421693465935496
259,0,0,0.07421693465935496
262,1,0,0.07421693465935496
263,0,0,0.013129704974743008
270,0,0,0.013129704974743008
272,0,0,0.07421693465935496
281,0,0,0.013129704974743008
286,0,0,0.07421693465935496
304,0,0,0.013129704974743008
309,0,0,0.013129704974743008
310,0,0,0.013129704974743008
315,0,0,0.07421693465935496
323,0,0,0.013129704974743008
325,0,0,0.013129704974743008
330,0,0,0.013129704974743008
331,0,0,0.013129704974743008
335,0,0,0.013129704974743008
336,0,0,0.07421693465935496
348,0,0,0.07421693465935496
349,0,0,0.07421693465935496
350,1,0,0.013129704974743008
360,0,0,0.013129704974743008
368,0,0,0.07421693465935496
371,0,0,0.013129704974743008
373,0,0,0.013129704974743008
391,0,0,0.07421693465935496
392,1,0,0.013129704974743008
397,0,0,0.013129704974743008
398,0,0,0.013129704974743008
400,0,0,0.07421693465935496
402,0,0,0.013129704974743008
404,0,0,0.013129704974743008
420,0,0,0.013129704974743008
422,0,0,0.013129704974743008
425,0,0,0.013129704974743008
426,0,0,0.07421693465935496
432,0,0,0.013129704974743008
441,0,0,0.013129704974743008
450,0,0,0.013129704974743008
453,0,0,0.07421693465935496
467,0,0,0.07421693465935496
473,0,0,0.013129704974743008
475,0,0,0.013129704974743008
481,0,0,0.013129704974743008
483,0,0,0.013129704974743008
484,0,0,0.013129704974743008
486,0,0,0.013129704974743008
494,0,0,0.07421693465935496
505,0,0,0.07421693465935496
529,0,0,0.07421693465935496
535,0,0,0.07421693465935496
537,0,0,0.013129704974743008
538,0,0,0.013129704974743008
541,0,0,0.07421693465935496
542,0,0,0.07421693465935496
546,0,0,0.013129704974743008
554,0,0,0.013129704974743008
558,0,0,0.013129704974743008
563,0,0,0.07421693465935496
567,1,0,0.07421693465935496
568,0,0,0.07421693465935496
577,0,0,0.013129704974743008
578,0,0,0.013129704974743008
579,0,0,0.013129704974743008
585,0,0,0.013129704974743008
586,0,0,0.013129704974743008
590,1,1,1.0
605,0,0,0.013129704974743008
608,0,0,0.013129704974743008
611,0,0,0.013129704974743008
613,0,0,0.07421693465935496
614,0,0,0.07421693465935496
620,0,0,0.013129704974743008
622,0,0,0.07421693465935496
624,0,0,0.013129704974743008
625,0,0,0.013129704974743008
643,0,0,0.013129704974743008
645,0,0,0.013129704974743008
647,0,0,0.07421693465935496
651,0,0,0.013129704974743008
652,0,0,0.013129704974743008
654,0,0,0.013129704974743008
667,0,0,0.013129704974743008
673,0,0,0.013129704974743008
678,0,0,0.013129704974743008
694,0,0,0.013129704974743008
696,0,0,0.013129704974743008
697,0,0,0.07421693465935496
699,1,0,0.013129704974743008
701,0,0,0.013129704974743008
708,0,0,0.013129704974743008
717,0,0,0.013129704974743008
723,0,0,0.013129704974743008
724,0,0,0.013129704974743008
726,0,0,0.07421693465935496
734,0,0,0.013129704974743008
735,0,0,0.013129704974743008
750,0,0,0.013129704974743008
758,0,0,0.013129704974743008
759,0,0,0.013129704974743008
761,0,0,0.013129704974743008
762,0,0,0.013129704974743008
763,1,0,0.07421693465935496
773,0,0,0.07421693465935496
775,0,0,0.013129704974743008
787,0,0,0.07421693465935496
789,0,0,0.013129704974743008
797,0,0,0.07421693465935496
798,0,0,0.013129704974743008
801,0,0,0.07421693465935496
809,0,0,0.07421693465935496
827,0,0,0.013129704974743008
829,0,0,0.07421693465935496
832,0,0,0.013129704974743008
837,0,0,0.013129704974743008
839,0,0,0.013129704974743008
841,0,0,0.07421693465935496
853,0,0,0.013129704974743008
858,0,0,0.07421693465935496
864,0,0,0.013129704974743008
870,0,0,0.013129704974743008
871,0,0,0.07421693465935496
873,0,0,0.013129704974743008
878,0,0,0.07421693465935496
887,0,0,0.07421693465935496
895,1,1,1.0
898,0,0,0.013129704974743008
899,0,0,0.013129704974743008
905,1,0,0.013129704974743008
910,0,0,0.013129704974743008
911,0,0,0.07421693465935496
916,0,0,0.013129704974743008
923,0,0,0.07421693465935496
932,0,0,0.013129704974743008
937,0,0,0.07421693465935496
939,0,0,0.013129704974743008
942,0,0,0.013129704974743008
943,0,0,0.013129704974743008
945,0,0,0.013129704974743008
948,0,0,0.013129704974743008
949,0,0,0.07421693465935496
957,0,0,0.013129704974743008
962,0,0,0.07421693465935496
967,0,0,0.013129704974743008
968,0,0,0.013129704974743008
971,0,0,0.013129704974743008
973,0,0,0.013129704974743008
982,0,0,0.013129704974743008
984,0,0,0.013129704974743008
989,0,0,0.013129704974743008
990,0,0,0.07421693465935496
997,0,0,0.013129704974743008
998,0,0,0.013129704974743008
999,1,0,0.013129704974743008
1004,0,0,0.013129704974743008
1007,0,0,0.013129704974743008
1012,0,0,0.07421693465935496
1022,1,1,1.0
1029,0,0,0.07421693465935496
1031,0,0,0.013129704974743008
1032,0,0,0.013129704974743008
1041,0,0,0.07421693465935496
1043,0,0,0.013129704974743008
1054,0,0,0.013129704974743008
1059,0,0,0.013129704974743008
1067,0,0,0.07421693465935496
1068,0,0,0.013129704974743008
1073,0,0,0.07421693465935496
1078,0,0,0.013129704974743008
1084,0,0,0.07421693465935496
1094,0,0,0.013129704974743008
1097,0,0,0.07421693465935496
1101,0,0,0.013129704974743008
1102,0,0,0.013129704974743008
1103,0,0,0.013129704974743008
1134,0,0,0.013129704974743008
1142,0,0,0.07421693465935496
1144,0,0,0.013129704974743008
1148,0,0,0.07421693465935496
1151,0,0,0.013129704974743008
1155,0,0,0.013129704974743008
1161,0,0,0.013129704974743008
1163,0,0,0.07421693465935496
1165,0,0,0.013129704974743008
1168,0,0,0.07421693465935496
1169,0,0,0.013129704974743008
1175,0,0,0.013129704974743008
1176,0,0,0.013129704974743008
1178,0,0,0.013129704974743008
1186,0,0,0.013129704974743008
1191,0,0,0.013129704974743008
1192,0,0,0.013129704974743008
1200,0,0,0.013129704974743008
1203,0,0,0.013129704974743008
1208,0,0,0.013129704974743008
1212,0,0,0.013129704974743008
1215,0,0,0.013129704974743008
1227,0,0,0.013129704974743008
1230,0,0,0.013129704974743008
1231,1,1,1.0
1232,0,0,0.07421693465935496
1233,0,0,0.013129704974743008
1235,0,0,0.07421693465935496
1237,0,0,0.013129704974743008
1243,0,0,0.013129704974743008
1254,0,0,0.013129704974743008
1255,0,0,0.013129704974743008
1264,0,0,0.013129704974743008
1265,0,0,0.013129704974743008
1266,0,0,0.07421693465935496
1273,0,0,0.013129704974743008
1286,0,0,0.013129704974743008
1293,0,0,0.013129704974743008
1304,0,0,0.07421693465935496
1316,0,0,0.013129704974743008
1320,0,0,0.07421693465935496
1321,0,0,0.013129704974743008
1323,0,0,0.013129704974743008
1327,0,0,0.013129704974743008
1332,1,1,1.0
1333,0,0,0.07421693465935496
1335,0,0,0.013129704974743008
1350,0,0,0.013129704974743008
1351,0,0,0.013129704974743008
1354,0,0,0.013129704974743008
1356,0,0,0.07421693465935496
1357,0,0,0.07421693465935496
1367,0,0,0.07421693465935496
1369,1,1,1.0
1379,0,0,0.07421693465935496
1385,0,0,0.07421693465935496
1389,1,1,1.0
1400,0,0,0.07421693465935496
1405,0,0,0.013129704974743008
1408,0,0,0.013129704974743008
1416,0,0,0.07421693465935496
1423,0,0,0.07421693465935496
1425,0,0,0.07421693465935496
1430,0,0,0.07421693465935496
1431,0,0,0.013129704974743008
1434,0,0,0.013129704974743008
1436,0,0,0.013129704974743008
1437,0,0,0.013129704974743008
1440,0,0,0.07421693465935496
1444,0,0,0.013129704974743008
1448,0,0,0.07421693465935496
1456,1,1,1.0
1459,0,0,0.07421693465935496
1467,0,0,0.013129704974743008
1468,0,0,0.07421693465935496
1481,0,0,0.013129704974743008
1482,0,0,0.013129704974743008
1486,0,0,0.013129704974743008
1487,0,0,0.013129704974743008
1495,0,0,0.013129704974743008
1503,0,0,0.07421693465935496
1506,0,0,0.013129704974743008
1507,0,0,0.07421693465935496
1509,0,0,0.013129704974743008
1520,0,0,0.07421693465935496
1532,0,0,0.013129704974743008
1534,0,0,0.013129704974743008
1538,0,0,0.013129704974743008
1539,0,0,0.013129704974743008
1563,0,0,0.013129704974743008
1567,0,0,0.07421693465935496
1568,0,0,0.013129704974743008
1571,1,1,1.0
1572,0,0,0.013129704974743008
1589,0,0,0.013129704974743008
1595,0,0,0.013129704974743008
1596,0,0,0.013129704974743008
1597,0,0,0.013129704974743008
1602,0,0,0.013129704974743008
1604,0,0,0.013129704974743008
1613,0,0,0.013129704974743008
1619,0,0,0.07421693465935496
1642,0,0,0.013129704974743008
1645,0,0,0.013129704974743008
1650,0,0,0.013129704974743008
1652,0,0,0.013129704974743008
1655,1,1,1.0
1657,0,0,0.013129704974743008
1667,0,0,0.07421693465935496
1671,0,0,0.013129704974743008
1676,0,0,0.013129704974743008
1681,0,0,0.07421693465935496
1682,0,0,0.07421693465935496
1683,0,0,0.013129704974743008
1686,0,0,0.013129704974743008
1688,0,0,0.013129704974743008
1698,0,0,0.013129704974743008
1706,0,0,0.013129704974743008
1707,0,0,0.07421693465935496
1709,0,0,0.013129704974743008
1716,0,0,0.013129704974743008
1723,1,1,1.0
1728,0,0,0.07421693465935496
1734,0,0,0.013129704974743008
1736,1,0,0.013129704974743008
1741,0,0,0.013129704974743008
1743,0,0,0.07421693465935496
1745,0,0,0.07421693465935496
1751,0,0,0.013129704974743008
1752,1,1,1.0
1755,0,0,0.013129704974743008
1761,0,0,0.013129704974743008
1763,0,0,0.013129704974743008
1766,0,0,0.07421693465935496
1771,0,0,0.013129704974743008
1774,0,0,0.07421693465935496
1777,0,0,0.013129704974743008
1779,0,0,0.013129704974743008
1784,0,0,0.07421693465935496
1787,0,0,0.013129704974743008
1788,0,0,0.013129704974743008
1794,1,1,1.0
1805,0,0,0.013129704974743008
1807,0,0,0.07421693465935496
1810,0,0,0.013129704974743008
1813,0,0,0.013129704974743008
1814,0,0,0.07421693465935496
1819,0,0,0.013129704974743008
1820,0,0,0.013129704974743008
1821,0,0,0.07421693465935496
1826,0,0,0.013129704974743008
1832,0,0,0.013129704974743008
1837,0,0,0.013129704974743008
1840,1,0,0.07421693465935496
1859,0,0,0.07421693465935496
1860,0,0,0.013129704974743008
1867,0,0,0.013129704974743008
1868,0,0,0.07421693465935496
1876,0,0,0.013129704974743008
1880,0,0,0.07421693465935496
1895,0,0,0.013129704974743008
1903,1,1,1.0
1910,0,0,0.013129704974743008
1913,0,0,0.013129704974743008
1919,0,0,0.013129704974743008
1923,0,0,0.013129704974743008
1925,1,0,0.013129704974743008
1927,0,0,0.013129704974743008
1928,0,0,0.013129704974743008
1930,0,0,0.013129704974743008
1934,0,0,0.013129704974743008
1937,1,1,1.0
1944,0,0,0.013129704974743008
1947,0,0,0.013129704974743008
1955,0,0,0.013129704974743008
1958,0,0,0.07421693465935496
1959,0,0,0.013129704974743008
1960,0,0,0.013129704974743008
1961,1,0,0.013129704974743008
1964,0,0,0.013129704974743008
1970,0,0,0.013129704974743008
1980,0,0,0.013129704974743008
1983,0,0,0.013129704974743008
1994,0,0,0.013129704974743008
1995,0,0,0.013129704974743008
1997,0,0,0.07421693465935496
2002,0,0,0.07421693465935496
2010,0,0,0.013129704974743008
2013,0,0,0.013129704974743008
2014,0,0,0.013129704974743008
2025,0,0,0.013129704974743008
2027,0,0,0.013129704974743008
2031,0,0,0.07421693465935496
2047,0,0,0.013129704974743008
2050,0,0,0.013129704974743008
2057,0,0,0.013129704974743008
2064,0,0,0.013129704974743008
2066,0,0,0.013129704974743008
2068,0,0,0.013129704974743008
2077,0,0,0.013129704974743008
2078,0,0,0.013129704974743008
2082,0,0,0.07421693465935496
2090,0,0,0.013129704974743008
2092,0,0,0.013129704974743008
2093,0,0,0.013129704974743008
2102,0,0,0.013129704974743008
2105,0,0,0.013129704974743008
2106,0,0,0.013129704974743008
2108,0,0,0.013129704974743008
2110,0,0,0.07421693465935496
2111,0,0,0.013129704974743008
2113,1,0,0.07421693465935496
2120,0,0,0.013129704974743008
2121,0,0,0.013129704974743008
2124,0,0,0.013129704974743008
2130,0,0,0.013129704974743008
2138,0,0,0.013129704974743008
2139,0,0,0.013129704974743008
2140,0,0,0.013129704974743008
2152,0,0,0.013129704974743008
2154,0,0,0.07421693465935496
2160,0,0,0.07421693465935496
2172,0,0,0.013129704974743008
2173,0,0,0.013129704974743008
2175,0,0,0.013129704974743008
2180,0,0,0.013129704974743008
2182,0,0,0.07421693465935496
2183,0,0,0.013129704974743008
2190,0,0,0.07421693465935496
2191,0,0,0.013129704974743008
2194,0,0,0.013129704974743008
2206,0,0,0.013129704974743008
2208,0,0,0.07421693465935496
2210,0,0,0.013129704974743008
2211,0,0,0.07421693465935496
2212,0,0,0.013129704974743008
2215,0,0,0.013129704974743008
2219,0,0,0.07421693465935496
2220,0,0,0.013129704974743008
2231,0,0,0.013129704974743008
2233,0,0,0.013129704974743008
2240,0,0,0.013129704974743008
2247,0,0,0.013129704974743008
2251,0,0,0.07421693465935496
2257,0,0,0.013129704974743008
2265,0,0,0.07421693465935496
2278,0,0,0.013129704974743008
2281,0,0,0.013129704974743008
2296,0,0,0.07421693465935496
2299,0,0,0.013129704974743008
2303,0,0,0.013129704974743008
2305,1,1,1.0
2307,0,0,0.013129704974743008
2309,0,0,0.07421693465935496
2310,0,0,0.013129704974743008
2312,0,0,0.013129704974743008
2325,0,0,0.07421693465935496
2330,0,0,0.013129704974743008
2331,0,0,0.07421693465935496
2350,1,1,1.0
2356,0,0,0.013129704974743008
2360,1,1,1.0
2366,0,0,0.07421693465935496
2370,0,0,0.013129704974743008
2376,0,0,0.013129704974743008
2381,0,0,0.013129704974743008
2388,0,0,0.013129704974743008
2389,0,0,0.013129704974743008
2392,0,0,0.013129704974743008
2400,0,0,0.013129704974743008
2409,0,0,0.07421693465935496
2411,0,0,0.07421693465935496
2412,0,0,0.07421693465935496
2414,0,0,0.07421693465935496
2417,0,0,0.013129704974743008
2418,0,0,0.013129704974743008
2434,0,0,0.07421693465935496
2440,0,0,0.013129704974743008
2460,0,0,0.013129704974743008
2461,0,0,0.013129704974743008
2462,1,1,1.0
2464,0,0,0.013129704974743008
2469,0,0,0.013129704974743008
2475,0,0,0.013129704974743008
2478,0,0,0.07421693465935496
2479,0,0,0.07421693465935496
2482,0,0,0.013129704974743008
2493,0,0,0.013129704974743008
2503,0,0,0.013129704974743008
2513,0,0,0.013129704974743008
2520,1,1,1.0
2541,1,1,1.0
2544,1,1,1.0
2546,0,0,0.013129704974743008
2569,0,0,0.013129704974743008
2570,0,0,0.07421693465935496
2574,0,0,0.013129704974743008
2581,0,0,0.07421693465935496
2586,0,0,0.013129704974743008
2590,0,0,0.07421693465935496
2600,0,0,0.013129704974743008
2601,0,0,0.013129704974743008
2603,0,0,0.013129704974743008
2604,0,0,0.013129704974743008
2614,1,1,1.0
2615,0,0,0.013129704974743008
2619,0,0,0.013129704974743008
2620,1,0,0.07421693465935496
2623,0,0,0.07421693465935496
2624,1,1,1.0
2628,0,0,0.013129704974743008
2630,0,0,0.013129704974743008
2636,0,0,0.07421693465935496
2637,0,0,0.07421693465935496
2643,0,0,0.013129704974743008
2649,0,0,0.07421693465935496
2655,0,0,0.013129704974743008
2662,0,0,0.013129704974743008
2669,0,0,0.013129704974743008
2672,0,0,0.013129704974743008
2674,0,0,0.013129704974743008
2682,0,0,0.07421693465935496
2688,0,0,0.07421693465935496
2697,0,0,0.07421693465935496
2698,0,0,0.013129704974743008
2700,0,0,0.013129704974743008
2705,0,0,0.07421693465935496
2706,0,0,0.07421693465935496
2707,0,0,0.013129704974743008
2709,0,0,0.07421693465935496
2713,0,0,0.013129704974743008
2716,0,0,0.07421693465935496
2717,0,0,0.07421693465935496
2721,0,0,0.07421693465935496
2731,0,0,0.013129704974743008
2733,1,1,1.0
2736,0,0,0.013129704974743008
2758,0,0,0.013129704974743008
2775,0,0,0.07421693465935496
2778,0,0,0.013129704974743008
2786,1,0,0.07421693465935496
2790,0,0,0.013129704974743008
2792,0,0,0.013129704974743008
2804,0,0,0.013129704974743008
2805,0,0,0.013129704974743008
2808,0,0,0.013129704974743008
2810,0,0,0.013129704974743008
2817,1,0,0.07421693465935496
2819,0,0,0.013129704974743008
2821,0,0,0.013129704974743008
2822,0,0,0.013129704974743008
2824,1,1,1.0
2828,0,0,0.07421693465935496
2835,0,0,0.013129704974743008
2836,0,0,0.013129704974743008
2844,0,0,0.013129704974743008
2846,0,0,0.07421693465935496
2852,0,0,0.013129704974743008
2853,0,0,0.013129704974743008
2855,0,0,0.013129704974743008
2856,0,0,0.07421693465935496
2863,0,0,0.013129704974743008
2867,0,0,0.013129704974743008
2879,0,0,0.07421693465935496
2890,0,0,0.013129704974743008
2897,0,0,0.013129704974743008
2904,0,0,0.07421693465935496
2905,0,0,0.013129704974743008
2916,0,0,0.013129704974743008
2921,0,0,0.013129704974743008
2924,1,1,1.0
2928,0,0,0.013129704974743008
2934,0,0,0.013129704974743008
2935,0,0,0.013129704974743008
2938,0,0,0.07421693465935496
2940,0,0,0.07421693465935496
2948,0,0,0.013129704974743008
2959,0,0,0.07421693465935496
2961,0,0,0.013129704974743008
2962,0,0,0.013129704974743008
2975,0,0,0.013129704974743008
2979,0,0,0.013129704974743008
2984,0,0,0.013129704974743008
2985,1,0,0.07421693465935496
2986,0,0,0.013129704974743008
2988,0,0,0.013129704974743008
3002,1,1,1.0
3010,0,0,0.013129704974743008
3016,0,0,0.013129704974743008
3018,0,0,0.013129704974743008
3036,0,0,0.013129704974743008
3038,0,0,0.013129704974743008
3048,0,0,0.07421693465935496
3050,1,1,1.0
3054,0,0,0.07421693465935496
3061,0,0,0.07421693465935496
3071,0,0,0.013129704974743008
3078,0,0,0.07421693465935496
3079,0,0,0.013129704974743008
3080,0,0,0.013129704974743008
3088,0,0,0.07421693465935496
3089,0,0,0.07421693465935496
3090,0,0,0.07421693465935496
3100,1,1,1.0
3104,0,0,0.013129704974743008
3121,0,0,0.013129704974743008
3123,0,0,0.013129704974743008
3125,0,0,0.013129704974743008
3134,0,0,0.07421693465935496
3137,0,0,0.013129704974743008
3145,0,0,0.013129704974743008
3151,0,0,0.013129704974743008
3156,0,0,0.013129704974743008
3158,0,0,0.013129704974743008
3168,0,0,0.07421693465935496
3169,0,0,0.013129704974743008
3174,0,0,0.013129704974743008
3176,0,0,0.07421693465935496
3177,0,0,0.07421693465935496
3179,0,0,0.013129704974743008
3182,0,0,0.013129704974743008
3198,0,0,0.013129704974743008
3207,0,0,0.013129704974743008
3208,0,0,0.07421693465935496
3209,0,0,0.013129704974743008
3213,0,0,0.013129704974743008
3217,0,0,0.07421693465935496
3228,0,0,0.013129704974743008
3233,1,1,1.0
3245,0,0,0.07421693465935496
3249,0,0,0.013129704974743008
3252,1,1,1.0
3256,0,0,0.013129704974743008
3257,0,0,0.013129704974743008
3264,0,0,0.013129704974743008
3266,0,0,0.07421693465935496
3273,0,0,0.07421693465935496
3279,0,0,0.013129704974743008
3281,0,0,0.013129704974743008
3284,0,0,0.07421693465935496
3290,0,0,0.07421693465935496
3302,0,0,0.07421693465935496
3306,0,0,0.013129704974743008
3314,0,0,0.013129704974743008
3319,0,0,0.013129704974743008
3334,0,0,0.013129704974743008
3341,1,0,0.013129704974743008
3343,0,0,0.07421693465935496
3345,0,0,0.07421693465935496
3350,0,0,0.013129704974743008
3354,0,0,0.07421693465935496
3355,0,0,0.07421693465935496
3358,0,0,0.013129704974743008
3363,0,0,0.013129704974743008
3364,0,0,0.07421693465935496
3369,0,0,0.07421693465935496
3382,0,0,0.013129704974743008
3385,0,0,0.07421693465935496
3388,0,0,0.07421693465935496
3390,0,0,0.013129704974743008
3392,0,0,0.013129704974743008
3393,0,0,0.013129704974743008
3395,0,0,0.013129704974743008
3397,0,0,0.013129704974743008
3398,0,0,0.013129704974743008
3403,0,0,0.013129704974743008
3414,0,0,0.013129704974743008
3422,0,0,0.013129704974743008
3431,0,0,0.07421693465935496
3433,1,1,1.0
3438,0,0,0.013129704974743008
3445,0,0,0.013129704974743008
3456,0,0,0.013129704974743008
3458,0,0,0.013129704974743008
3473,0,0,0.07421693465935496
3479,0,0,0.07421693465935496
3480,1,1,1.0
3490,0,0,0.07421693465935496
3494,0,0,0.013129704974743008
3495,1,1,1.0
3506,0,0,0.013129704974743008
3508,0,0,0.013129704974743008
3509,0,0,0.07421693465935496
3510,0,0,0.013129704974743008
3512,0,0,0.013129704974743008
3514,0,0,0.07421693465935496
3517,0,0,0.013129704974743008
3519,0,0,0.07421693465935496
3521,0,0,0.013129704974743008
3523,0,0,0.07421693465935496
3524,0,0,0.013129704974743008
3531,0,0,0.013129704974743008
3535,0,0,0.013129704974743008
3536,1,1,1.0
3546,0,0,0.013129704974743008
3549,0,0,0.013129704974743008
3553,0,0,0.013129704974743008
3557,0,0,0.07421693465935496
3561,0,0,0.07421693465935496
3562,0,0,0.013129704974743008
3578,0,0,0.013129704974743008
3581,0,0,0.013129704974743008
3583,0,0,0.07421693465935496
3585,0,0,0.013129704974743008
3590,0,0,0.013129704974743008
3594,0,0,0.013129704974743008
3596,0,0,0.013129704974743008
3608,0,0,0.07421693465935496
3614,0,0,0.07421693465935496
3616,0,0,0.07421693465935496
3632,0,0,0.07421693465935496
3637,0,0,0.013129704974743008
3642,0,0,0.013129704974743008
3646,0,0,0.013129704974743008
3647,0,0,0.013129704974743008
3650,0,0,0.013129704974743008
3653,0,0,0.07421693465935496
3654,0,0,0.013129704974743008
3658,0,0,0.013129704974743008
3659,0,0,0.013129704974743008
3660,0,0,0.013129704974743008
3665,0,0,0.07421693465935496
3666,0,0,0.013129704974743008
3670,0,0,0.07421693465935496
3675,0,0,0.013129704974743008
3688,0,0,0.013129704974743008
3694,0,0,0.013129704974743008
3703,0,0,0.07421693465935496
3706,0,0,0.013129704974743008
3717,0,0,0.013129704974743008
3721,0,0,0.013129704974743008
3724,0,0,0.07421693465935496
3737,0,0,0.07421693465935496
3738,0,0,0.013129704974743008
3740,0,0,0.07421693465935496
3745,0,0,0.07421693465935496
3748,0,0,0.013129704974743008
3753,0,0,0.013129704974743008
3765,0,0,0.013129704974743008
3771,0,0,0.013129704974743008
3772,0,0,0.013129704974743008
3775,0,0,0.013129704974743008
3779,0,0,0.013129704974743008
3781,1,1,1.0
3784,0,0,0.013129704974743008
3786,0,0,0.013129704974743008
3790,0,0,0.013129704974743008
3791,0,0,0.013129704974743008
3803,0,0,0.07421693465935496
3810,0,0,0.013129704974743008
3813,1,1,1.0
3817,0,0,0.07421693465935496
3826,0,0,0.07421693465935496
3829,0,0,0.013129704974743008
3833,0,0,0.013129704974743008
3839,0,0,0.013129704974743008
3858,0,0,0.013129704974743008
3859,0,0,0.013129704974743008
3861,0,0,0.013129704974743008
3862,0,0,0.013129704974743008
3873,0,0,0.013129704974743008
3878,0,0,0.07421693465935496
3882,1,0,0.07421693465935496
3884,0,0,0.013129704974743008
3892,1,1,1.0
3893,0,0,0.013129704974743008
3899,0,0,0.013129704974743008
3909,0,0,0.013129704974743008
3912,0,0,0.013129704974743008
3920,0,0,0.013129704974743008
3922,1,1,1.0
3926,0,0,0.013129704974743008
3928,0,0,0.013129704974743008
3929,0,0,0.013129704974743008
3945,0,0,0.013129704974743008
3951,0,0,0.013129704974743008
3953,0,0,0.013129704974743008
3954,0,0,0.013129704974743008
3962,0,0,0.013129704974743008
3978,0,0,0.07421693465935496
3982,0,0,0.013129704974743008
3984,0,0,0.013129704974743008
3988,0,0,0.07421693465935496
3989,0,0,0.07421693465935496
3990,0,0,0.07421693465935496
3999,0,0,0.07421693465935496
4000,0,0,0.013129704974743008
4005,0,0,0.013129704974743008
4010,0,0,0.013129704974743008
4014,0,0,0.07421693465935496
4018,0,0,0.013129704974743008
4020,0,0,0.013129704974743008
4025,0,0,0.07421693465935496
4040,0,0,0.013129704974743008
4042,0,0,0.07421693465935496
4045,0,0,0.013129704974743008
4046,0,0,0.07421693465935496
4049,0,0,0.07421693465935496
4052,0,0,0.07421693465935496
4053,0,0,0.013129704974743008
4057,0,0,0.013129704974743008
4072,0,0,0.07421693465935496
4075,0,0,0.013129704974743008
4083,0,0,0.013129704974743008
4085,0,0,0.013129704974743008
4090,0,0,0.013129704974743008
4094,0,0,0.013129704974743008
4102,0,0,0.013129704974743008
4110,1,0,0.07421693465935496
4111,0,0,0.013129704974743008
4112,0,0,0.07421693465935496
4116,0,0,0.013129704974743008
4119,0,0,0.013129704974743008
4120,0,0,0.013129704974743008
4125,0,0,0.07421693465935496
4127,0,0,0.013129704974743008
4132,0,0,0.013129704974743008
4137,0,0,0.07421693465935496
4142,0,0,0.07421693465935496
4143,0,0,0.07421693465935496
4145,0,0,0.013129704974743008
4147,0,0,0.013129704974743008
4154,0,0,0.013129704974743008
4155,0,0,0.013129704974743008
4169,0,0,0.013129704974743008
4173,0,0,0.07421693465935496
4182,0,0,0.013129704974743008
4183,0,0,0.013129704974743008
4184,0,0,0.013129704974743008
4185,0,0,0.013129704974743008
4196,1,1,1.0
4198,0,0,0.07421693465935496
4199,0,0,0.013129704974743008
4202,1,1,1.0
4204,0,0,0.013129704974743008
4206,0,0,0.07421693465935496
4208,0,0,0.07421693465935496
4217,0,0,0.07421693465935496
4221,0,0,0.013129704974743008
4227,0,0,0.013129704974743008
4229,0,0,0.013129704974743008
4246,0,0,0.07421693465935496
4249,0,0,0.013129704974743008
4250,0,0,0.013129704974743008
4257,1,0,0.07421693465935496
4260,0,0,0.013129704974743008
4262,0,0,0.07421693465935496
4264,0,0,0.013129704974743008
4266,0,0,0.013129704974743008
4272,0,0,0.013129704974743008
4273,0,0,0.013129704974743008
4274,1,0,0.07421693465935496
4279,0,0,0.07421693465935496
4287,0,0,0.07421693465935496
4311,0,0,0.07421693465935496
4319,0,0,0.07421693465935496
4321,0,0,0.013129704974743008
4323,0,0,0.013129704974743008
4324,0,0,0.07421693465935496
4340,0,0,0.013129704974743008
4344,0,0,0.013129704974743008
4347,0,0,0.07421693465935496
4357,0,0,0.013129704974743008
4358,0,0,0.07421693465935496
4360,0,0,0.013129704974743008
4363,0,0,0.013129704974743008
4368,0,0,0.013129704974743008
4369,0,0,0.07421693465935496
4373,0,0,0.013129704974743008
4375,0,0,0.013129704974743008
4380,0,0,0.013129704974743008
4388,0,0,0.013129704974743008
4389,0,0,0.013129704974743008
4390,1,1,1.0
4395,0,0,0.013129704974743008
4397,0,0,0.013129704974743008
4400,0,0,0.013129704974743008
4403,0,0,0.07421693465935496
4407,0,0,0.013129704974743008
4408,0,0,0.013129704974743008
4410,0,0,0.013129704974743008
4414,0,0,0.013129704974743008
4415,1,1,1.0
4417,0,0,0.013129704974743008
4419,0,0,0.013129704974743008
4422,0,0,0.013129704974743008
4435,0,0,0.013129704974743008
4448,0,0,0.013129704974743008
4466,0,0,0.013129704974743008
4470,0,0,0.013129704974743008
4472,0,0,0.07421693465935496
4485,0,0,0.013129704974743008
4493,0,0,0.013129704974743008
4502,0,0,0.013129704974743008
4512,0,0,0.013129704974743008
4513,0,0,0.013129704974743008
4515,1,0,0.013129704974743008
4517,0,0,0.013129704974743008
4520,0,0,0.013129704974743008
4528,0,0,0.013129704974743008
4537,0,0,0.013129704974743008
4538,0,0,0.013129704974743008
4540,0,0,0.013129704974743008
4541,0,0,0.013129704974743008
4543,0,0,0.013129704974743008
4544,0,0,0.013129704974743008
4545,0,0,0.07421693465935496
4548,0,0,0.07421693465935496
4558,0,0,0.013129704974743008
4567,1,1,1.0
4568,0,0,0.07421693465935496
4569,1,1,1.0
4587,0,0,0.013129704974743008
4591,0,0,0.013129704974743008
4607,0,0,0.013129704974743008
4631,0,0,0.07421693465935496
4653,0,0,0.07421693465935496
4658,0,0,0.013129704974743008
4676,0,0,0.013129704974743008
4678,0,0,0.013129704974743008
4681,0,0,0.013129704974743008
4682,0,0,0.07421693465935496
4685,0,0,0.07421693465935496
4694,0,0,0.013129704974743008
4711,0,0,0.013129704974743008
4722,0,0,0.07421693465935496
4723,0,0,0.013129704974743008
4725,0,0,0.013129704974743008
4727,0,0,0.013129704974743008
4736,0,0,0.013129704974743008
4739,0,0,0.013129704974743008
4743,0,0,0.013129704974743008
4746,0,0,0.07421693465935496
4749,0,0,0.013129704974743008
4754,0,0,0.013129704974743008
4757,0,0,0.013129704974743008
4759,0,0,0.013129704974743008
4780,0,0,0.013129704974743008
4781,0,0,0.07421693465935496
4784,0,0,0.07421693465935496
4788,1,1,1.0
4789,0,0,0.013129704974743008
4790,0,0,0.07421693465935496
4796,1,0,0.013129704974743008
4801,0,0,0.07421693465935496
4802,0,0,0.07421693465935496
4803,0,0,0.013129704974743008
4811,0,0,0.07421693465935496
4812,0,0,0.07421693465935496
4814,0,0,0.013129704974743008
4816,0,0,0.013129704974743008
4828,1,0,0.07421693465935496
4829,0,0,0.013129704974743008
4845,0,0,0.013129704974743008
4850,0,0,0.07421693465935496
4862,0,0,0.013129704974743008
4863,0,0,0.07421693465935496
4866,0,0,0.07421693465935496
4868,1,1,1.0
4870,0,0,0.013129704974743008
4872,0,0,0.013129704974743008
4873,0,0,0.013129704974743008
4875,0,0,0.013129704974743008
4879,0,0,0.013129704974743008
4892,0,0,0.013129704974743008
4896,0,0,0.013129704974743008
4908,0,0,0.07421693465935496
4912,0,0,0.013129704974743008
4915,0,0,0.013129704974743008
4916,0,0,0.013129704974743008
4920,0,0,0.07421693465935496
4926,0,0,0.013129704974743008
4933,0,0,0.013129704974743008
4934,0,0,0.07421693465935496
4939,0,0,0.013129704974743008
4947,0,0,0.07421693465935496
4952,0,0,0.013129704974743008
4962,0,0,0.013129704974743008
4963,0,0,0.07421693465935496
4973,0,0,0.013129704974743008
4976,0,0,0.013129704974743008
4979,0,0,0.013129704974743008
4983,0,0,0.07421693465935496
4990,0,0,0.07421693465935496
4996,1,0,0.07421693465935496
4999,0,0,0.013129704974743008
5000,0,0,0.013129704974743008
5017,0,0,0.013129704974743008
5026,0,0,0.013129704974743008
5031,0,0,0.013129704974743008
5032,0,0,0.013129704974743008
5046,0,0,0.013129704974743008
5048,0,0,0.013129704974743008
5051,0,0,0.07421693465935496
5052,0,0,0.07421693465935496
5054,0,0,0.013129704974743008
5058,0,0,0.013129704974743008
5063,0,0,0.013129704974743008
5073,0,0,0.07421693465935496
5080,0,0,0.013129704974743008
5082,0,0,0.013129704974743008
5085,0,0,0.013129704974743008
5086,0,0,0.013129704974743008
5092,1,1,1.0
5097,0,0,0.013129704974743008
5102,0,0,0.07421693465935496
5104,0,0,0.07421693465935496
5112,0,0,0.013129704974743008
5132,1,1,1.0
5133,0,0,0.013129704974743008
5134,0,0,0.013129704974743008
5135,0,0,0.013129704974743008
5140,0,0,0.07421693465935496
5145,0,0,0.013129704974743008
5153,1,1,1.0
5155,0,0,0.07421693465935496
5156,0,0,0.013129704974743008
5163,0,0,0.013129704974743008
5166,0,0,0.013129704974743008
5184,0,0,0.013129704974743008
5185,0,0,0.07421693465935496
5188,0,0,0.07421693465935496
5210,0,0,0.013129704974743008
5213,0,0,0.013129704974743008
5214,0,0,0.07421693465935496
5215,0,0,0.013129704974743008
5220,0,0,0.013129704974743008
5225,0,0,0.07421693465935496
5226,0,0,0.013129704974743008
5228,0,0,0.07421693465935496
5229,0,0,0.013129704974743008
5231,0,0,0.07421693465935496
5233,0,0,0.013129704974743008
5236,1,1,1.0
5251,0,0,0.013129704974743008
5252,0,0,0.013129704974743008
5259,0,0,0.013129704974743008
5261,0,0,0.013129704974743008
5263,1,1,1.0
5264,0,0,0.013129704974743008
5265,0,0,0.013129704974743008
5272,0,0,0.013129704974743008
5273,0,0,0.013129704974743008
5278,0,0,0.013129704974743008
5284,0,0,0.013129704974743008
5297,0,0,0.013129704974743008
5300,0,0,0.013129704974743008
5304,0,0,0.013129704974743008
5307,0,0,0.013129704974743008
5310,0,0,0.013129704974743008
5312,0,0,0.013129704974743008
5314,0,0,0.07421693465935496
5315,0,0,0.013129704974743008
5318,0,0,0.013129704974743008
5330,0,0,0.013129704974743008
5335,0,0,0.013129704974743008
5337,0,0,0.013129704974743008
5338,0,0,0.013129704974743008
5342,1,1,1.0
5349,0,0,0.013129704974743008
5359,1,1,1.0
5367,0,0,0.013129704974743008
5371,0,0,0.013129704974743008
5378,0,0,0.013129704974743008
5380,0,0,0.013129704974743008
5382,0,0,0.013129704974743008
5384,1,0,0.013129704974743008
5385,0,0,0.013129704974743008
5404,0,0,0.07421693465935496
5406,0,0,0.013129704974743008
5408,0,0,0.013129704974743008
5409,0,0,0.013129704974743008
5411,0,0,0.07421693465935496
5415,0,0,0.07421693465935496
5417,1,1,1.0
5421,0,0,0.013129704974743008
5429,0,0,0.013129704974743008
5431,1,1,1.0
5432,0,0,0.013129704974743008
5436,0,0,0.013129704974743008
5440,0,0,0.013129704974743008
5447,0,0,0.07421693465935496
5450,0,0,0.07421693465935496
5451,0,0,0.013129704974743008
5457,0,0,0.013129704974743008
5459,0,0,0.013129704974743008
5476,0,0,0.013129704974743008
5480,0,0,0.013129704974743008
5486,0,0,0.013129704974743008
5488,0,0,0.07421693465935496
5495,0,0,0.07421693465935496
5499,0,0,0.013129704974743008
5504,0,0,0.013129704974743008
5512,0,0,0.013129704974743008
5518,0,0,0.013129704974743008
5521,1,1,1.0
5525,0,0,0.013129704974743008
5527,0,0,0.013129704974743008
5533,0,0,0.013129704974743008
5537,1,1,1.0
5538,0,0,0.07421693465935496
5540,0,0,0.07421693465935496
5550,1,1,1.0
5558,0,0,0.013129704974743008
5561,0,0,0.013129704974743008
5564,1,1,1.0
5565,0,0,0.013129704974743008
5567,0,0,0.013129704974743008
5580,0,0,0.07421693465935496
5582,0,0,0.07421693465935496
5585,0,0,0.07421693465935496
5591,0,0,0.013129704974743008
5604,0,0,0.013129704974743008
5610,0,0,0.013129704974743008
5612,0,0,0.013129704974743008
5616,0,0,0.07421693465935496
5617,0,0,0.07421693465935496
5629,0,0,0.07421693465935496
5635,0,0,0.013129704974743008
5640,0,0,0.013129704974743008
5652,0,0,0.013129704974743008
5658,0,0,0.013129704974743008
5660,0,0,0.013129704974743008
5666,0,0,0.013129704974743008
5679,0,0,0.013129704974743008
5680,0,0,0.07421693465935496
5686,0,0,0.07421693465935496
5692,0,0,0.013129704974743008
5704,0,0,0.07421693465935496
5706,0,0,0.013129704974743008
5708,0,0,0.013129704974743008
5713,0,0,0.013129704974743008
5714,1,1,1.0
5723,0,0,0.013129704974743008
5726,0,0,0.013129704974743008
5729,0,0,0.07421693465935496
5730,0,0,0.013129704974743008
5737,1,1,1.0
5750,0,0,0.07421693465935496
5757,0,0,0.07421693465935496
5759,0,0,0.07421693465935496
5760,0,0,0.013129704974743008
5761,0,0,0.07421693465935496
5767,0,0,0.013129704974743008
5769,0,0,0.07421693465935496
5770,0,0,0.07421693465935496
5775,0,0,0.013129704974743008
5778,0,0,0.013129704974743008
5787,0,0,0.013129704974743008
5790,0,0,0.013129704974743008
5792,0,0,0.013129704974743008
5793,0,0,0.013129704974743008
5801,0,0,0.013129704974743008
5804,0,0,0.013129704974743008
5806,0,0,0.07421693465935496
5808,0,0,0.013129704974743008
5816,0,0,0.013129704974743008
5823,0,0,0.013129704974743008
5826,0,0,0.013129704974743008
5831,0,0,0.013129704974743008
5832,0,0,0.013129704974743008
5834,0,0,0.013129704974743008
5837,0,0,0.07421693465935496
5838,0,0,0.07421693465935496
5845,0,0,0.013129704974743008
5846,1,1,1.0
5871,0,0,0.07421693465935496
5873,0,0,0.013129704974743008
5879,0,0,0.07421693465935496
5886,0,0,0.013129704974743008
5887,0,0,0.013129704974743008
5888,0,0,0.013129704974743008
5893,0,0,0.013129704974743008
5900,0,0,0.07421693465935496
5903,0,0,0.07421693465935496
5905,0,0,0.013129704974743008
5910,0,0,0.013129704974743008
5912,0,0,0.013129704974743008
5918,0,0,0.013129704974743008
5923,0,0,0.013129704974743008
5924,1,1,1.0
5927,0,0,0.07421693465935496
5936,0,0,0.013129704974743008
5937,0,0,0.013129704974743008
5938,0,0,0.013129704974743008
5941,0,0,0.013129704974743008
5943,0,0,0.013129704974743008
5948,0,0,0.07421693465935496
5953,0,0,0.013129704974743008
5955,1,1,1.0
5964,0,0,0.013129704974743008
5967,0,0,0.013129704974743008
5971,0,0,0.013129704974743008
5975,0,0,0.07421693465935496
5978,0,0,0.013129704974743008
5980,0,0,0.013129704974743008
5986,0,0,0.013129704974743008
5987,0,0,0.013129704974743008
5989,0,0,0.013129704974743008
5998,0,0,0.013129704974743008
5999,0,0,0.013129704974743008
6006,0,0,0.013129704974743008
6008,0,0,0.07421693465935496
6020,0,0,0.07421693465935496
6022,1,0,0.07421693465935496
6027,0,0,0.07421693465935496
6028,0,0,0.013129704974743008
6034,0,0,0.013129704974743008
6038,0,0,0.07421693465935496
6042,0,0,0.07421693465935496
6043,0,0,0.07421693465935496
6050,0,0,0.013129704974743008
6059,0,0,0.013129704974743008
6060,1,1,1.0
6065,0,0,0.013129704974743008
6075,0,0,0.013129704974743008
6076,0,0,0.013129704974743008
6081,0,0,0.07421693465935496
6086,0,0,0.013129704974743008
6090,0,0,0.07421693465935496
6091,0,0,0.013129704974743008
6092,0,0,0.013129704974743008
6118,0,0,0.07421693465935496
6120,0,0,0.07421693465935496
6122,0,0,0.013129704974743008
6123,0,0,0.013129704974743008
6126,1,1,1.0
6128,0,0,0.013129704974743008
6131,0,0,0.07421693465935496
6134,0,0,0.013129704974743008
6138,0,0,0.013129704974743008
6146,0,0,0.013129704974743008
6148,0,0,0.07421693465935496
6152,0,0,0.013129704974743008
6158,0,0,0.013129704974743008
6159,0,0,0.013129704974743008
6160,0,0,0.013129704974743008
6161,0,0,0.07421693465935496
6167,0,0,0.013129704974743008
6170,0,0,0.013129704974743008
6172,0,0,0.013129704974743008
6174,0,0,0.07421693465935496
6178,0,0,0.07421693465935496
6179,1,1,1.0
6183,0,0,0.013129704974743008
6184,0,0,0.013129704974743008
6185,0,0,0.013129704974743008
6190,1,1,1.0
6191,1,1,1.0
6192,0,0,0.013129704974743008
6196,0,0,0.013129704974743008
6209,1,1,1.0
6215,0,0,0.013129704974743008
6216,0,0,0.013129704974743008
6226,0,0,0.013129704974743008
6227,1,0,0.013129704974743008
6229,0,0,0.013129704974743008
6236,0,0,0.013129704974743008
6243,0,0,0.013129704974743008
6253,0,0,0.013129704974743008
6257,0,0,0.07421693465935496
6260,0,0,0.013129704974743008
6262,1,1,1.0
6263,0,0,0.013129704974743008
6265,0,0,0.013129704974743008
6266,0,0,0.013129704974743008
6267,0,0,0.013129704974743008
6279,0,0,0.013129704974743008
6284,0,0,0.013129704974743008
6287,1,0,0.07421693465935496
6291,0,0,0.013129704974743008
6297,0,0,0.07421693465935496
6300,0,0,0.013129704974743008
6307,1,1,1.0
6310,0,0,0.013129704974743008
6313,0,0,0.013129704974743008
6320,0,0,0.013129704974743008
6322,0,0,0.013129704974743008
6327,0,0,0.013129704974743008
6329,0,0,0.013129704974743008
6347,0,0,0.07421693465935496
6352,0,0,0.013129704974743008
6354,0,0,0.013129704974743008
6356,1,0,0.013129704974743008
6362,0,0,0.013129704974743008
6365,1,0,0.07421693465935496
6374,0,0,0.013129704974743008
6378,0,0,0.013129704974743008
6383,0,0,0.013129704974743008
6388,0,0,0.013129704974743008
6394,0,0,0.07421693465935496
6395,0,0,0.07421693465935496
6401,0,0,0.013129704974743008
6404,1,1,1.0
6414,0,0,0.07421693465935496
6415,0,0,0.013129704974743008
6418,0,0,0.013129704974743008
6422,0,0,0.013129704974743008
6425,0,0,0.013129704974743008
6426,0,0,0.013129704974743008
6428,0,0,0.07421693465935496
6431,0,0,0.07421693465935496
6435,0,0,0.013129704974743008
6453,0,0,0.07421693465935496
6463,0,0,0.07421693465935496
6464,1,1,1.0
6484,0,0,0.013129704974743008
6485,1,0,0.013129704974743008
6488,0,0,0.013129704974743008
6489,0,0,0.013129704974743008
6490,0,0,0.013129704974743008
6491,0,0,0.013129704974743008
6492,0,0,0.07421693465935496
6497,0,0,0.013129704974743008
6503,0,0,0.013129704974743008
6504,0,0,0.013129704974743008
6505,0,0,0.07421693465935496
6521,0,0,0.013129704974743008
6523,1,1,1.0
6538,0,0,0.013129704974743008
6541,0,0,0.013129704974743008
6542,0,0,0.013129704974743008
6546,0,0,0.013129704974743008
6547,0,0,0.013129704974743008
6548,0,0,0.013129704974743008
6549,0,0,0.013129704974743008
6550,0,0,0.013129704974743008
6562,0,0,0.07421693465935496
6567,0,0,0.013129704974743008
6569,0,0,0.013129704974743008
6571,0,0,0.07421693465935496
6574,0,0,0.07421693465935496
6577,0,0,0.013129704974743008
6581,0,0,0.07421693465935496
6597,0,0,0.013129704974743008
6602,0,0,0.013129704974743008
6613,0,0,0.013129704974743008
6617,0,0,0.07421693465935496
6620,0,0,0.07421693465935496
6627,0,0,0.013129704974743008
6632,0,0,0.07421693465935496
6638,0,0,0.013129704974743008
6640,0,0,0.013129704974743008
6648,0,0,0.013129704974743008
6651,0,0,0.013129704974743008
6652,1,1,1.0
6655,0,0,0.013129704974743008
6658,0,0,0.013129704974743008
6662,0,0,0.07421693465935496
6665,0,0,0.013129704974743008
6676,0,0,0.013129704974743008
6683,1,0,0.07421693465935496
6684,0,0,0.07421693465935496
6689,0,0,0.07421693465935496
6691,0,0,0.013129704974743008
6694,0,0,0.013129704974743008
6700,0,0,0.07421693465935496
6701,0,0,0.07421693465935496
6703,0,0,0.013129704974743008
6705,0,0,0.013129704974743008
6714,0,0,0.013129704974743008
6719,0,0,0.07421693465935496
6721,0,0,0.013129704974743008
6728,0,0,0.013129704974743008
6732,1,1,1.0
6738,0,0,0.013129704974743008
6740,0,0,0.013129704974743008
6745,0,0,0.013129704974743008
6750,0,0,0.013129704974743008
6757,0,0,0.07421693465935496
6766,0,0,0.013129704974743008
6771,0,0,0.07421693465935496
6773,0,0,0.013129704974743008
6781,0,0,0.013129704974743008
6788,0,0,0.013129704974743008
6793,0,0,0.013129704974743008
6801,1,0,0.013129704974743008
6817,0,0,0.07421693465935496
6842,0,0,0.07421693465935496
6848,0,0,0.07421693465935496
6850,0,0,0.013129704974743008
6851,0,0,0.013129704974743008
6859,0,0,0.013129704974743008
6886,0,0,0.07421693465935496
6888,0,0,0.013129704974743008
6892,0,0,0.013129704974743008
6898,0,0,0.07421693465935496
6901,1,1,1.0
6908,0,0,0.013129704974743008
6911,0,0,0.07421693465935496
6912,0,0,0.013129704974743008
6932,0,0,0.013129704974743008
6942,0,0,0.07421693465935496
6943,0,0,0.013129704974743008
6960,0,0,0.013129704974743008
6974,0,0,0.013129704974743008
6976,1,0,0.013129704974743008
6978,0,0,0.07421693465935496
6980,0,0,0.07421693465935496
6986,0,0,0.013129704974743008
6990,1,0,0.07421693465935496
7006,0,0,0.013129704974743008
7010,0,0,0.013129704974743008
7014,0,0,0.013129704974743008
7017,0,0,0.013129704974743008
7018,0,0,0.013129704974743008
7022,0,0,0.013129704974743008
7024,0,0,0.013129704974743008
7032,0,0,0.013129704974743008
7036,0,0,0.013129704974743008
7044,0,0,0.07421693465935496
7049,1,1,1.0
7050,0,0,0.07421693465935496
7053,1,0,0.013129704974743008
7055,0,0,0.07421693465935496
7057,0,0,0.013129704974743008
7061,0,0,0.013129704974743008
7063,0,0,0.013129704974743008
7065,0,0,0.013129704974743008
7074,1,1,1.0
7089,1,1,1.0
7095,0,0,0.07421693465935496
7102,0,0,0.07421693465935496
7105,0,0,0.013129704974743008
7107,0,0,0.07421693465935496
7114,0,0,0.013129704974743008
7115,0,0,0.07421693465935496
7121,0,0,0.07421693465935496
7126,0,0,0.013129704974743008
7127,0,0,0.07421693465935496
7128,0,0,0.07421693465935496
7129,0,0,0.013129704974743008
7130,0,0,0.07421693465935496
7134,0,0,0.07421693465935496
7135,0,0,0.07421693465935496
7148,0,0,0.013129704974743008
7152,0,0,0.013129704974743008
7176,0,0,0.013129704974743008
7183,0,0,0.013129704974743008
7188,0,0,0.07421693465935496
7189,1,1,1.0
7196,0,0,0.013129704974743008
7200,0,0,0.013129704974743008
7207,0,0,0.07421693465935496
7211,0,0,0.07421693465935496
7216,0,0,0.013129704974743008
7222,0,0,0.013129704974743008
7230,0,0,0.013129704974743008
7233,0,0,0.07421693465935496
7235,0,0,0.013129704974743008
7236,0,0,0.013129704974743008
7240,0,0,0.013129704974743008
7243,1,1,1.0
7245,0,0,0.013129704974743008
7248,0,0,0.07421693465935496
7252,0,0,0.013129704974743008
7256,0,0,0.013129704974743008
7259,0,0,0.07421693465935496
7260,0,0,0.013129704974743008
7261,0,0,0.013129704974743008
7262,0,0,0.013129704974743008
7283,0,0,0.07421693465935496
7284,0,0,0.013129704974743008
7286,0,0,0.07421693465935496
7287,0,0,0.013129704974743008
7288,0,0,0.013129704974743008
7303,0,0,0.013129704974743008
7304,0,0,0.013129704974743008
7312,0,0,0.013129704974743008
7314,0,0,0.013129704974743008
7315,0,0,0.013129704974743008
7317,0,0,0.013129704974743008
7318,0,0,0.07421693465935496
7319,0,0,0.07421693465935496
7321,0,0,0.07421693465935496
7328,0,0,0.07421693465935496
7329,0,0,0.07421693465935496
7333,0,0,0.07421693465935496
7335,0,0,0.013129704974743008
7345,0,0,0.013129704974743008
7352,0,0,0.07421693465935496
7357,0,0,0.013129704974743008
7387,0,0,0.013129704974743008
7394,0,0,0.013129704974743008
7400,0,0,0.013129704974743008
7405,0,0,0.013129704974743008
7411,0,0,0.07421693465935496
7416,0,0,0.07421693465935496
7418,0,0,0.07421693465935496
7421,0,0,0.07421693465935496
7426,1,1,1.0
7430,0,0,0.013129704974743008
7436,0,0,0.013129704974743008
7451,0,0,0.013129704974743008
7452,0,0,0.013129704974743008
7456,1,1,1.0
7460,0,0,0.013129704974743008
7463,0,0,0.013129704974743008
7465,0,0,0.07421693465935496
7469,0,0,0.013129704974743008
7471,0,0,0.013129704974743008
7472,0,0,0.013129704974743008
7478,0,0,0.013129704974743008
7481,0,0,0.013129704974743008
7484,0,0,0.07421693465935496
7485,1,1,1.0
7487,0,0,0.013129704974743008
7489,0,0,0.07421693465935496
7492,0,0,0.07421693465935496
7493,0,0,0.013129704974743008
7497,0,0,0.013129704974743008
7498,0,0,0.07421693465935496
7508,0,0,0.013129704974743008
7512,0,0,0.07421693465935496
7515,0,0,0.07421693465935496
7519,0,0,0.013129704974743008
7520,0,0,0.013129704974743008
7521,0,0,0.013129704974743008
7526,0,0,0.07421693465935496
7532,0,0,0.013129704974743008
7538,0,0,0.013129704974743008
7542,0,0,0.07421693465935496
7545,0,0,0.013129704974743008
7546,0,0,0.013129704974743008
7551,0,0,0.07421693465935496
7552,0,0,0.07421693465935496
7554,0,0,0.013129704974743008
7555,0,0,0.013129704974743008
7562,0,0,0.013129704974743008
7587,0,0,0.013129704974743008
7589,0,0,0.013129704974743008
7596,0,0,0.013129704974743008
7602,0,0,0.013129704974743008
7603,0,0,0.013129704974743008
7605,0,0,0.07421693465935496
7612,1,1,1.0
7619,0,0,0.013129704974743008
7626,0,0,0.07421693465935496
7627,0,0,0.013129704974743008
7635,0,0,0.013129704974743008
7638,0,0,0.07421693465935496
7639,0,0,0.07421693465935496
7649,0,0,0.013129704974743008
7651,1,0,0.07421693465935496
7657,0,0,0.07421693465935496
7662,0,0,0.013129704974743008
7666,1,1,1.0
7670,0,0,0.07421693465935496
7671,0,0,0.013129704974743008
7673,0,0,0.07421693465935496
7674,0,0,0.013129704974743008
7682,0,0,0.013129704974743008
7687,0,0,0.013129704974743008
7701,0,0,0.07421693465935496
7711,0,0,0.07421693465935496
7713,0,0,0.013129704974743008
7720,0,0,0.07421693465935496
7722,0,0,0.013129704974743008
7725,0,0,0.013129704974743008
7731,0,0,0.013129704974743008
7739,0,0,0.013129704974743008
7745,0,0,0.07421693465935496
7746,1,1,1.0
7752,0,0,0.013129704974743008
7753,0,0,0.013129704974743008
7754,0,0,0.013129704974743008
7757,0,0,0.013129704974743008
7763,1,1,1.0
7776,0,0,0.013129704974743008
7777,0,0,0.013129704974743008
7780,0,0,0.013129704974743008
7785,0,0,0.013129704974743008
7788,0,0,0.013129704974743008
7796,0,0,0.013129704974743008
7797,0,0,0.013129704974743008
7799,0,0,0.07421693465935496
7800,0,0,0.013129704974743008
7812,0,0,0.013129704974743008
7813,1,0,0.013129704974743008
7815,0,0,0.07421693465935496
7827,0,0,0.013129704974743008
7830,0,0,0.07421693465935496
7837,1,1,1.0
7838,0,0,0.013129704974743008
7845,1,1,1.0
7849,0,0,0.013129704974743008
7854,0,0,0.013129704974743008
7858,0,0,0.07421693465935496
7859,0,0,0.07421693465935496
7860,1,1,1.0
7862,0,0,0.013129704974743008
7866,0,0,0.013129704974743008
7874,0,0,0.07421693465935496
7885,0,0,0.013129704974743008
7886,0,0,0.013129704974743008
7889,0,0,0.013129704974743008
7895,0,0,0.013129704974743008
7896,0,0,0.07421693465935496
7902,0,0,0.013129704974743008
7915,0,0,0.07421693465935496
7916,0,0,0.013129704974743008
7917,0,0,0.013129704974743008
7921,0,0,0.013129704974743008
7934,0,0,0.013129704974743008
7938,0,0,0.07421693465935496
7940,0,0,0.013129704974743008
7941,0,0,0.013129704974743008
7947,0,0,0.07421693465935496
7950,0,0,0.07421693465935496
7955,0,0,0.07421693465935496
7960,0,0,0.07421693465935496
7961,0,0,0.013129704974743008
7964,0,0,0.013129704974743008
7969,0,0,0.013129704974743008
7970,0,0,0.013129704974743008
7974,0,0,0.013129704974743008
7978,0,0,0.013129704974743008
7983,0,0,0.013129704974743008
7994,0,0,0.07421693465935496
7996,0,0,0.013129704974743008
7998,1,1,1.0
8005,0,0,0.013129704974743008
8006,0,0,0.07421693465935496
8014,0,0,0.013129704974743008
8015,0,0,0.07421693465935496
8019,0,0,0.013129704974743008
8020,0,0,0.013129704974743008
8027,0,0,0.013129704974743008
8028,0,0,0.013129704974743008
8042,0,0,0.07421693465935496
8044,0,0,0.013129704974743008
8046,0,0,0.07421693465935496
8074,0,0,0.07421693465935496
8079,1,0,0.07421693465935496
8082,0,0,0.07421693465935496
8084,0,0,0.07421693465935496
8087,0,0,0.013129704974743008
8090,0,0,0.013129704974743008
8092,0,0,0.07421693465935496
8095,0,0,0.013129704974743008
8106,0,0,0.013129704974743008
8107,0,0,0.013129704974743008
8109,0,0,0.013129704974743008
8110,0,0,0.013129704974743008
8113,0,0,0.013129704974743008
8117,0,0,0.013129704974743008
8122,0,0,0.07421693465935496
8126,0,0,0.013129704974743008
8132,0,0,0.013129704974743008
8133,0,0,0.013129704974743008
8134,0,0,0.07421693465935496
8138,0,0,0.013129704974743008
8139,0,0,0.07421693465935496
8140,0,0,0.013129704974743008
8147,0,0,0.013129704974743008
8149,1,1,1.0
8152,0,0,0.013129704974743008
8157,0,0,0.013129704974743008
8163,0,0,0.013129704974743008
8166,0,0,0.013129704974743008
8167,0,0,0.07421693465935496
8175,0,0,0.013129704974743008
8177,0,0,0.07421693465935496
8178,0,0,0.013129704974743008
8179,0,0,0.07421693465935496
8186,0,0,0.013129704974743008
8189,0,0,0.013129704974743008
8193,0,0,0.013129704974743008
8195,0,0,0.07421693465935496
8204,0,0,0.013129704974743008
8207,0,0,0.07421693465935496
8208,0,0,0.013129704974743008
8209,0,0,0.07421693465935496
8213,0,0,0.013129704974743008
8219,1,1,1.0
8230,0,0,0.013129704974743008
8235,0,0,0.07421693465935496
8236,0,0,0.07421693465935496
8237,0,0,0.013129704974743008
8239,0,0,0.013129704974743008
8246,0,0,0.013129704974743008
8250,0,0,0.013129704974743008
8253,0,0,0.013129704974743008
8256,0,0,0.013129704974743008
8266,1,0,0.07421693465935496
8271,1,1,1.0
8274,0,0,0.07421693465935496
8276,0,0,0.013129704974743008
8279,0,0,0.07421693465935496
8284,0,0,0.07421693465935496
8285,0,0,0.013129704974743008
8287,0,0,0.07421693465935496
8298,0,0,0.07421693465935496
8303,0,0,0.013129704974743008
8304,0,0,0.013129704974743008
8306,0,0,0.013129704974743008
8311,1,1,1.0
8317,0,0,0.07421693465935496
8320,0,0,0.013129704974743008
8322,0,0,0.07421693465935496
8352,0,0,0.07421693465935496
8356,0,0,0.013129704974743008
8359,1,0,0.07421693465935496
8362,0,0,0.013129704974743008
8371,0,0,0.013129704974743008
8373,1,1,1.0
8374,0,0,0.013129704974743008
8380,1,1,1.0
8383,0,0,0.013129704974743008
8384,1,0,0.07421693465935496
8400,0,0,0.013129704974743008
8403,0,0,0.013129704974743008
8409,0,0,0.013129704974743008
8412,0,0,0.013129704974743008
8424,0,0,0.013129704974743008
8426,0,0,0.013129704974743008
8427,0,0,0.013129704974743008
8431,0,0,0.013129704974743008
8437,0,0,0.013129704974743008
8441,0,0,0.07421693465935496
8445,1,0,0.07421693465935496
8453,0,0,0.07421693465935496
8460,0,0,0.07421693465935496
8468,0,0,0.07421693465935496
8470,0,0,0.07421693465935496
8474,0,0,0.013129704974743008
8476,0,0,0.013129704974743008
8482,0,0,0.013129704974743008
8483,0,0,0.013129704974743008
8489,0,0,0.013129704974743008
8510,0,0,0.013129704974743008
8519,1,1,1.0
8525,0,0,0.013129704974743008
8526,0,0,0.013129704974743008
8534,0,0,0.07421693465935496
8547,0,0,0.013129704974743008
8564,0,0,0.013129704974743008
8576,0,0,0.07421693465935496
8581,0,0,0.013129704974743008
8583,0,0,0.013129704974743008
8584,0,0,0.013129704974743008
8585,0,0,0.013129704974743008
8591,1,1,1.0
8592,0,0,0.013129704974743008
8593,0,0,0.013129704974743008
8594,0,0,0.013129704974743008
8613,0,0,0.013129704974743008
8614,0,0,0.07421693465935496
8616,0,0,0.013129704974743008
8619,0,0,0.013129704974743008
8620,0,0,0.013129704974743008
8628,0,0,0.013129704974743008
8629,0,0,0.013129704974743008
8630,0,0,0.013129704974743008
8633,0,0,0.013129704974743008
8636,0,0,0.07421693465935496
8639,0,0,0.013129704974743008
8640,0,0,0.07421693465935496
8650,0,0,0.013129704974743008
8651,0,0,0.013129704974743008
8652,0,0,0.013129704974743008
8667,0,0,0.07421693465935496
8671,0,0,0.013129704974743008
8678,0,0,0.07421693465935496
8680,0,0,0.07421693465935496
8682,0,0,0.013129704974743008
8684,0,0,0.07421693465935496
8688,0,0,0.013129704974743008
8689,0,0,0.013129704974743008
8691,0,0,0.07421693465935496
8697,0,0,0.013129704974743008
8707,0,0,0.013129704974743008
8713,0,0,0.013129704974743008
8715,0,0,0.07421693465935496
8716,0,0,0.07421693465935496
8721,0,0,0.07421693465935496
8727,1,1,1.0
8729,0,0,0.013129704974743008
8732,0,0,0.013129704974743008
8736,0,0,0.07421693465935496
8741,0,0,0.013129704974743008
8747,0,0,0.013129704974743008
8750,0,0,0.013129704974743008
8752,0,0,0.013129704974743008
8758,0,0,0.013129704974743008
8761,0,0,0.07421693465935496
8762,0,0,0.013129704974743008
8764,0,0,0.013129704974743008
8778,0,0,0.013129704974743008
8779,1,1,1.0
8787,0,0,0.07421693465935496
8792,0,0,0.013129704974743008
8796,0,0,0.013129704974743008
8798,0,0,0.013129704974743008
8801,0,0,0.07421693465935496
8803,0,0,0.07421693465935496
8804,1,1,1.0
8811,0,0,0.013129704974743008
8819,0,0,0.013129704974743008
8821,0,0,0.013129704974743008
8831,1,1,1.0
8834,0,0,0.07421693465935496
8837,0,0,0.07421693465935496
8841,0,0,0.013129704974743008
8845,0,0,0.013129704974743008
8849,0,0,0.013129704974743008
8861,0,0,0.013129704974743008
8868,0,0,0.07421693465935496
8870,0,0,0.013129704974743008
8871,0,0,0.013129704974743008
8876,0,0,0.07421693465935496
8877,0,0,0.013129704974743008
8878,0,0,0.013129704974743008
8880,0,0,0.013129704974743008
8883,0,0,0.07421693465935496
8906,0,0,0.07421693465935496
8907,0,0,0.013129704974743008
8910,1,1,1.0
8912,0,0,0.07421693465935496
8913,0,0,0.07421693465935496
8914,0,0,0.013129704974743008
8915,1,0,0.07421693465935496
8924,0,0,0.07421693465935496
8926,0,0,0.013129704974743008
8929,1,0,0.07421693465935496
8930,0,0,0.07421693465935496
8932,0,0,0.013129704974743008
8937,0,0,0.013129704974743008
8951,1,1,1.0
8959,0,0,0.013129704974743008
8966,0,0,0.07421693465935496
8974,0,0,0.013129704974743008
8979,0,0,0.013129704974743008
8984,0,0,0.013129704974743008
8989,0,0,0.013129704974743008
8990,0,0,0.013129704974743008
8993,0,0,0.013129704974743008
8996,1,1,1.0
9011,0,0,0.013129704974743008
9015,0,0,0.013129704974743008
9016,1,1,1.0
9017,0,0,0.07421693465935496
9029,0,0,0.013129704974743008
9041,0,0,0.013129704974743008
9044,0,0,0.013129704974743008
9050,1,0,0.07421693465935496
9069,0,0,0.013129704974743008
9070,0,0,0.013129704974743008
9072,1,1,1.0
9078,0,0,0.013129704974743008
9080,0,0,0.07421693465935496
9081,0,0,0.013129704974743008
9082,0,0,0.013129704974743008
9088,0,0,0.07421693465935496
9090,0,0,0.013129704974743008
9091,0,0,0.07421693465935496
9093,0,0,0.013129704974743008
9101,0,0,0.07421693465935496
9102,0,0,0.013129704974743008
9105,0,0,0.07421693465935496
9124,0,0,0.013129704974743008
9127,0,0,0.07421693465935496
9134,0,0,0.013129704974743008
9135,0,0,0.07421693465935496
9136,0,0,0.07421693465935496
9140,0,0,0.07421693465935496
9141,0,0,0.07421693465935496
9148,0,0,0.013129704974743008
9154,0,0,0.013129704974743008
9162,0,0,0.013129704974743008
9163,0,0,0.07421693465935496
9164,0,0,0.013129704974743008
9169,0,0,0.013129704974743008
9181,0,0,0.013129704974743008
9202,0,0,0.07421693465935496
9203,0,0,0.07421693465935496
9218,0,0,0.013129704974743008
9219,0,0,0.013129704974743008
9228,0,0,0.07421693465935496
9231,0,0,0.013129704974743008
9239,0,0,0.013129704974743008
9255,0,0,0.013129704974743008
9258,0,0,0.013129704974743008
9260,0,0,0.07421693465935496
9261,0,0,0.07421693465935496
9276,0,0,0.013129704974743008
9282,0,0,0.07421693465935496
9288,0,0,0.07421693465935496
9290,0,0,0.07421693465935496
9308,1,1,1.0
9310,0,0,0.013129704974743008
9316,0,0,0.013129704974743008
9319,0,0,0.013129704974743008
9332,0,0,0.013129704974743008
9334,0,0,0.013129704974743008
9341,0,0,0.013129704974743008
9344,0,0,0.07421693465935496
9346,0,0,0.013129704974743008
9350,1,1,1.0
9358,0,0,0.013129704974743008
9363,0,0,0.013129704974743008
9373,0,0,0.013129704974743008
9374,0,0,0.07421693465935496
9377,0,0,0.013129704974743008
9385,0,0,0.013129704974743008
9391,0,0,0.07421693465935496
9394,0,0,0.013129704974743008
9413,0,0,0.07421693465935496
9421,0,0,0.013129704974743008
9425,0,0,0.013129704974743008
9426,0,0,0.013129704974743008
9430,0,0,0.013129704974743008
9431,0,0,0.013129704974743008
9432,0,0,0.013129704974743008
9435,0,0,0.013129704974743008
9436,0,0,0.013129704974743008
9444,0,0,0.013129704974743008
9452,1,0,0.07421693465935496
9455,0,0,0.013129704974743008
9459,0,0,0.013129704974743008
9468,0,0,0.013129704974743008
9472,0,0,0.07421693465935496
9474,1,1,1.0
9475,0,0,0.07421693465935496
9489,0,0,0.013129704974743008
9495,0,0,0.013129704974743008
9496,0,0,0.07421693465935496
9500,1,0,0.013129704974743008
9501,0,0,0.013129704974743008
9507,0,0,0.013129704974743008
9514,0,0,0.013129704974743008
9524,0,0,0.013129704974743008
9525,0,0,0.013129704974743008
9530,0,0,0.013129704974743008
9537,0,0,0.07421693465935496
9540,0,0,0.013129704974743008
9554,0,0,0.013129704974743008
9565,0,0,0.07421693465935496
9572,0,0,0.07421693465935496
9573,0,0,0.013129704974743008
9574,0,0,0.013129704974743008
9578,0,0,0.013129704974743008
9581,0,0,0.013129704974743008
9582,0,0,0.013129704974743008
9585,0,0,0.013129704974743008
9588,0,0,0.013129704974743008
9589,0,0,0.07421693465935496
9593,0,0,0.013129704974743008
9594,0,0,0.013129704974743008
9597,0,0,0.013129704974743008
9601,0,0,0.07421693465935496
9610,0,0,0.013129704974743008
9611,0,0,0.013129704974743008
9615,0,0,0.07421693465935496
9621,0,0,0.07421693465935496
9626,0,0,0.013129704974743008
9628,1,0,0.07421693465935496
9630,0,0,0.013129704974743008
9636,0,0,0.013129704974743008
9646,0,0,0.013129704974743008
9649,0,0,0.07421693465935496
9668,0,0,0.013129704974743008
9670,0,0,0.013129704974743008
9673,0,0,0.013129704974743008
9680,0,0,0.07421693465935496
9684,0,0,0.013129704974743008
9686,0,0,0.07421693465935496
9693,0,0,0.013129704974743008
9698,0,0,0.013129704974743008
9703,0,0,0.013129704974743008
9715,0,0,0.013129704974743008
9717,0,0,0.013129704974743008
9721,0,0,0.013129704974743008
9734,0,0,0.07421693465935496
9745,0,0,0.013129704974743008
9762,0,0,0.07421693465935496
9775,0,0,0.013129704974743008
9781,0,0,0.013129704974743008
9794,0,0,0.013129704974743008
9804,0,0,0.013129704974743008
9809,0,0,0.013129704974743008
9815,0,0,0.013129704974743008
9819,1,1,1.0
9823,0,0,0.013129704974743008
9836,0,0,0.013129704974743008
9837,0,0,0.013129704974743008
9838,0,0,0.07421693465935496
9840,0,0,0.013129704974743008
9842,0,0,0.07421693465935496
9859,0,0,0.013129704974743008
9874,0,0,0.07421693465935496
9876,0,0,0.013129704974743008
9882,0,0,0.07421693465935496
9891,0,0,0.013129704974743008
9892,0,0,0.013129704974743008
9895,0,0,0.013129704974743008
9899,0,0,0.013129704974743008
9909,0,0,0.013129704974743008
9910,0,0,0.013129704974743008
9915,0,0,0.013129704974743008
9931,0,0,0.013129704974743008
9939,0,0,0.013129704974743008
9945,0,0,0.013129704974743008
9946,0,0,0.013129704974743008
9947,0,0,0.07421693465935496
9966,0,0,0.07421693465935496
9974,0,0,0.013129704974743008
9977,0,0,0.013129704974743008
9978,0,0,0.013129704974743008
9979,0,0,0.013129704974743008
9980,0,0,0.013129704974743008
9990,0,0,0.013129704974743008
9998,0,0,0.07421693465935496
10010,0,0,0.013129704974743008
10011,0,0,0.013129704974743008
10013,0,0,0.013129704974743008
10014,0,0,0.07421693465935496
10015,1,1,1.0
10018,0,0,0.07421693465935496
10021,0,0,0.013129704974743008
10026,0,0,0.013129704974743008
10031,1,1,1.0
10035,0,0,0.013129704974743008
10038,0,0,0.013129704974743008
10045,0,0,0.013129704974743008
10054,0,0,0.07421693465935496
10076,1,0,0.07421693465935496
10084,0,0,0.013129704974743008
10087,0,0,0.07421693465935496
10096,0,0,0.013129704974743008
10099,0,0,0.013129704974743008
10101,0,0,0.07421693465935496
10107,0,0,0.013129704974743008
10113,0,0,0.07421693465935496
10117,0,0,0.013129704974743008
10132,0,0,0.07421693465935496
10134,0,0,0.07421693465935496
10135,0,0,0.013129704974743008
10139,0,0,0.07421693465935496
10147,0,0,0.013129704974743008
10149,0,0,0.07421693465935496
10155,0,0,0.013129704974743008
10161,0,0,0.07421693465935496
10164,1,1,1.0
10165,0,0,0.013129704974743008
10169,0,0,0.013129704974743008
10179,0,0,0.013129704974743008
10185,0,0,0.07421693465935496
10188,0,0,0.013129704974743008
10191,0,0,0.07421693465935496
10192,0,0,0.013129704974743008
10198,0,0,0.013129704974743008
10200,0,0,0.013129704974743008
10201,0,0,0.013129704974743008
10203,0,0,0.013129704974743008
10206,0,0,0.013129704974743008
10216,0,0,0.013129704974743008
10226,0,0,0.07421693465935496
10233,0,0,0.07421693465935496
10234,0,0,0.07421693465935496
10237,0,0,0.013129704974743008
10252,0,0,0.013129704974743008
10258,0,0,0.013129704974743008
10266,0,0,0.013129704974743008
10267,0,0,0.013129704974743008
10268,0,0,0.013129704974743008
10271,0,0,0.013129704974743008
10274,0,0,0.013129704974743008
10275,0,0,0.07421693465935496
10277,0,0,0.013129704974743008
10279,0,0,0.07421693465935496
10290,0,0,0.013129704974743008
10291,0,0,0.013129704974743008
10300,0,0,0.07421693465935496
10303,0,0,0.013129704974743008
10318,0,0,0.07421693465935496
10320,0,0,0.013129704974743008
10321,0,0,0.07421693465935496
10323,1,1,1.0
10329,0,0,0.013129704974743008
10330,0,0,0.07421693465935496
10334,0,0,0.07421693465935496
10340,0,0,0.013129704974743008
10350,1,0,0.07421693465935496
10353,0,0,0.013129704974743008
10354,0,0,0.013129704974743008
10355,0,0,0.013129704974743008
10362,0,0,0.013129704974743008
10365,0,0,0.013129704974743008
10368,0,0,0.07421693465935496
10372,0,0,0.013129704974743008
10376,0,0,0.07421693465935496
10377,0,0,0.07421693465935496
10384,0,0,0.07421693465935496
10387,0,0,0.013129704974743008
10388,0,0,0.013129704974743008
10391,0,0,0.013129704974743008
10402,0,0,0.013129704974743008
10404,0,0,0.07421693465935496
10406,0,0,0.013129704974743008
10407,0,0,0.013129704974743008
10411,0,0,0.013129704974743008
10412,0,0,0.07421693465935496
10416,0,0,0.07421693465935496
10417,0,0,0.07421693465935496
10418,0,0,0.013129704974743008
10420,0,0,0.07421693465935496
10421,0,0,0.013129704974743008
10422,0,0,0.07421693465935496
10425,0,0,0.013129704974743008
10432,0,0,0.07421693465935496
10437,0,0,0.013129704974743008
10438,0,0,0.013129704974743008
10440,0,0,0.07421693465935496
10442,0,0,0.013129704974743008
10443,0,0,0.07421693465935496
10450,0,0,0.013129704974743008
10452,0,0,0.013129704974743008
10459,0,0,0.07421693465935496
10464,0,0,0.07421693465935496
10470,1,0,0.013129704974743008
10472,0,0,0.013129704974743008
10474,0,0,0.013129704974743008
10478,0,0,0.07421693465935496
10480,0,0,0.013129704974743008
10491,0,0,0.07421693465935496
10496,1,1,1.0
10506,0,0,0.07421693465935496
10509,0,0,0.013129704974743008
10519,0,0,0.013129704974743008
10522,0,0,0.013129704974743008
10536,1,0,0.07421693465935496
10538,0,0,0.07421693465935496
10541,0,0,0.013129704974743008
10542,0,0,0.013129704974743008
10544,0,0,0.07421693465935496
10552,0,0,0.013129704974743008
10553,0,0,0.013129704974743008
10557,1,1,1.0
10563,0,0,0.07421693465935496
10574,0,0,0.013129704974743008
10575,0,0,0.013129704974743008
10577,0,0,0.013129704974743008
10584,0,0,0.013129704974743008
10585,0,0,0.07421693465935496
10590,0,0,0.013129704974743008
10602,0,0,0.013129704974743008
10603,0,0,0.013129704974743008
10608,0,0,0.013129704974743008
10614,0,0,0.013129704974743008
10627,0,0,0.07421693465935496
10629,0,0,0.07421693465935496
10630,0,0,0.013129704974743008
10641,0,0,0.013129704974743008
10643,0,0,0.013129704974743008
10644,0,0,0.013129704974743008
10650,0,0,0.07421693465935496
10652,0,0,0.07421693465935496
10658,0,0,0.013129704974743008
10661,0,0,0.07421693465935496
10666,1,1,1.0
10673,0,0,0.013129704974743008
10677,1,0,0.07421693465935496
10681,0,0,0.013129704974743008
10686,0,0,0.013129704974743008
10687,0,0,0.07421693465935496
10689,0,0,0.013129704974743008
10690,0,0,0.013129704974743008
10697,0,0,0.013129704974743008
10705,0,0,0.07421693465935496
10716,0,0,0.013129704974743008
10719,0,0,0.013129704974743008
10725,0,0,0.013129704974743008
10727,0,0,0.013129704974743008
10729,0,0,0.07421693465935496
10733,0,0,0.013129704974743008
10738,0,0,0.013129704974743008
10739,0,0,0.013129704974743008
10744,0,0,0.013129704974743008
10751,0,0,0.013129704974743008
10755,0,0,0.07421693465935496
10771,0,0,0.013129704974743008
10773,0,0,0.07421693465935496
10786,0,0,0.013129704974743008
10793,0,0,0.07421693465935496
10798,0,0,0.013129704974743008
10799,0,0,0.013129704974743008
10801,1,0,0.07421693465935496
10802,0,0,0.013129704974743008
10803,0,0,0.013129704974743008
10814,0,0,0.07421693465935496
10815,0,0,0.013129704974743008
10816,0,0,0.013129704974743008
10818,0,0,0.013129704974743008
10821,0,0,0.013129704974743008
10828,0,0,0.07421693465935496
10833,0,0,0.013129704974743008
10835,0,0,0.013129704974743008
10841,0,0,0.013129704974743008
10842,0,0,0.013129704974743008
10844,0,0,0.013129704974743008
10846,0,0,0.013129704974743008
10847,0,0,0.07421693465935496
10848,0,0,0.013129704974743008
10850,0,0,0.013129704974743008
10855,0,0,0.013129704974743008
10862,0,0,0.07421693465935496
10867,0,0,0.013129704974743008
10868,0,0,0.013129704974743008
10872,1,1,1.0
10874,0,0,0.013129704974743008
10882,0,0,0.07421693465935496
10889,0,0,0.07421693465935496
10891,0,0,0.07421693465935496
10895,0,0,0.013129704974743008
10904,0,0,0.07421693465935496
10905,0,0,0.013129704974743008
10910,0,0,0.07421693465935496
10916,0,0,0.013129704974743008
10919,0,0,0.013129704974743008
10931,0,0,0.013129704974743008
10933,0,0,0.013129704974743008
10937,0,0,0.07421693465935496
10940,0,0,0.07421693465935496
10943,0,0,0.07421693465935496
10946,0,0,0.013129704974743008
10949,0,0,0.013129704974743008
10955,0,0,0.013129704974743008
10956,0,0,0.013129704974743008
10958,0,0,0.07421693465935496
10959,0,0,0.013129704974743008
10961,0,0,0.013129704974743008
10964,0,0,0.07421693465935496
10974,0,0,0.013129704974743008
10977,0,0,0.07421693465935496
10996,0,0,0.013129704974743008
11001,0,0,0.07421693465935496
11011,0,0,0.07421693465935496
11012,0,0,0.013129704974743008
11022,0,0,0.07421693465935496
11025,0,0,0.07421693465935496
11039,0,0,0.07421693465935496
11046,0,0,0.013129704974743008
11051,0,0,0.013129704974743008
11052,0,0,0.013129704974743008
11057,0,0,0.013129704974743008
11058,0,0,0.013129704974743008
11060,0,0,0.013129704974743008
11068,0,0,0.013129704974743008
11073,0,0,0.013129704974743008
11082,0,0,0.013129704974743008
11095,0,0,0.013129704974743008
11100,0,0,0.013129704974743008
11103,0,0,0.013129704974743008
11108,0,0,0.07421693465935496
11110,0,0,0.013129704974743008
11112,0,0,0.013129704974743008
11122,0,0,0.07421693465935496
11127,1,0,0.07421693465935496
11133,0,0,0.013129704974743008
11136,0,0,0.013129704974743008
11150,0,0,0.013129704974743008
11151,0,0,0.013129704974743008
11156,0,0,0.07421693465935496
11158,0,0,0.013129704974743008
11185,0,0,0.013129704974743008
11205,0,0,0.013129704974743008
11206,0,0,0.013129704974743008
11214,0,0,0.013129704974743008
11217,0,0,0.013129704974743008
11218,0,0,0.013129704974743008
11221,0,0,0.013129704974743008
11230,0,0,0.013129704974743008
11232,0,0,0.07421693465935496
11233,1,1,1.0
11234,0,0,0.013129704974743008
11236,0,0,0.013129704974743008
11246,0,0,0.013129704974743008
11248,0,0,0.013129704974743008
11259,0,0,0.07421693465935496
11260,0,0,0.07421693465935496
11261,0,0,0.013129704974743008
11262,0,0,0.013129704974743008
11271,0,0,0.013129704974743008
11274,1,1,1.0
11280,0,0,0.013129704974743008
11282,0,0,0.013129704974743008
11289,0,0,0.013129704974743008
11295,0,0,0.013129704974743008
11300,0,0,0.07421693465935496
11309,0,0,0.013129704974743008
11310,0,0,0.013129704974743008
11312,0,0,0.07421693465935496
11321,0,0,0.07421693465935496
11323,0,0,0.013129704974743008
11327,0,0,0.07421693465935496
11330,0,0,0.013129704974743008
11332,0,0,0.013129704974743008
11343,0,0,0.013129704974743008
11354,0,0,0.013129704974743008
11356,0,0,0.013129704974743008
11367,0,0,0.013129704974743008
11368,0,0,0.013129704974743008
11369,1,0,0.07421693465935496
11371,0,0,0.07421693465935496
11373,0,0,0.013129704974743008
11374,0,0,0.013129704974743008
11381,0,0,0.013129704974743008
11385,0,0,0.07421693465935496
11388,0,0,0.013129704974743008
11395,0,0,0.013129704974743008
11398,1,1,1.0
11403,0,0,0.013129704974743008
11408,0,0,0.013129704974743008
11413,0,0,0.013129704974743008
11415,0,0,0.013129704974743008
11417,0,0,0.013129704974743008
11423,0,0,0.07421693465935496
11427,0,0,0.07421693465935496
11432,0,0,0.013129704974743008
11434,0,0,0.07421693465935496
11445,0,0,0.013129704974743008
11450,0,0,0.013129704974743008
11461,0,0,0.013129704974743008
11466,0,0,0.013129704974743008
11467,1,1,1.0
11471,0,0,0.07421693465935496
11480,1,1,1.0
11482,0,0,0.013129704974743008
11487,0,0,0.013129704974743008
11489,0,0,0.013129704974743008
11491,0,0,0.07421693465935496
11492,0,0,0.013129704974743008
11498,1,0,0.07421693465935496
11505,1,0,0.013129704974743008
11515,1,1,1.0
11516,0,0,0.013129704974743008
11522,0,0,0.013129704974743008
11528,0,0,0.013129704974743008
11531,0,0,0.013129704974743008
11532,0,0,0.013129704974743008
11539,0,0,0.013129704974743008
11541,0,0,0.07421693465935496
11545,0,0,0.013129704974743008
11557,0,0,0.07421693465935496
11564,1,0,0.07421693465935496
11565,0,0,0.07421693465935496
11569,0,0,0.013129704974743008
11571,0,0,0.07421693465935496
11574,1,1,1.0
11579,0,0,0.07421693465935496
11582,0,0,0.013129704974743008
11584,0,0,0.013129704974743008
11585,0,0,0.07421693465935496
11588,0,0,0.013129704974743008
11590,0,0,0.013129704974743008
11593,0,0,0.07421693465935496
11603,0,0,0.07421693465935496
11609,0,0,0.013129704974743008
11619,0,0,0.07421693465935496
11622,0,0,0.013129704974743008
11626,0,0,0.013129704974743008
11638,0,0,0.013129704974743008
11649,0,0,0.07421693465935496
11650,0,0,0.013129704974743008
11657,0,0,0.07421693465935496
11661,0,0,0.013129704974743008
11670,0,0,0.013129704974743008
11679,0,0,0.013129704974743008
11682,0,0,0.013129704974743008
11684,0,0,0.013129704974743008
11688,0,0,0.013129704974743008
11691,0,0,0.013129704974743008
11697,0,0,0.013129704974743008
11698,0,0,0.013129704974743008
11699,0,0,0.07421693465935496
11702,0,0,0.013129704974743008
11711,0,0,0.013129704974743008
11715,0,0,0.07421693465935496
11716,0,0,0.013129704974743008
11719,0,0,0.013129704974743008
11726,0,0,0.013129704974743008
11727,0,0,0.013129704974743008
11746,0,0,0.013129704974743008
11747,0,0,0.013129704974743008
11749,0,0,0.013129704974743008
11752,0,0,0.013129704974743008
11758,0,0,0.07421693465935496
11759,0,0,0.013129704974743008
11767,0,0,0.013129704974743008
11770,0,0,0.013129704974743008
11771,0,0,0.013129704974743008
11776,0,0,0.013129704974743008
11782,0,0,0.07421693465935496
11785,0,0,0.013129704974743008
11796,0,0,0.013129704974743008
11799,0,0,0.013129704974743008
11800,0,0,0.07421693465935496
11802,0,0,0.013129704974743008
11808,0,0,0.07421693465935496
11816,0,0,0.07421693465935496
11819,0,0,0.013129704974743008
11820,0,0,0.013129704974743008
11821,0,0,0.013129704974743008
11822,0,0,0.013129704974743008
11823,1,1,1.0
11826,0,0,0.013129704974743008
11828,0,0,0.013129704974743008
11832,0,0,0.013129704974743008
11835,0,0,0.013129704974743008
11842,0,0,0.07421693465935496
11847,0,0,0.013129704974743008
11851,0,0,0.07421693465935496
11856,0,0,0.07421693465935496
11860,0,0,0.013129704974743008
11864,0,0,0.013129704974743008
11869,0,0,0.013129704974743008
11871,0,0,0.013129704974743008
11875,0,0,0.013129704974743008
11876,0,0,0.013129704974743008
11882,0,0,0.013129704974743008
11884,0,0,0.013129704974743008
11885,0,0,0.013129704974743008
11893,0,0,0.013129704974743008
11905,0,0,0.07421693465935496
11908,0,0,0.013129704974743008
11912,0,0,0.013129704974743008
11920,0,0,0.013129704974743008
11925,0,0,0.013129704974743008
11926,0,0,0.013129704974743008
11927,0,0,0.07421693465935496
11928,0,0,0.013129704974743008
11938,0,0,0.013129704974743008
11941,0,0,0.013129704974743008
11943,0,0,0.013129704974743008
11947,0,0,0.013129704974743008
11953,0,0,0.07421693465935496
11959,0,0,0.013129704974743008
11968,0,0,0.07421693465935496
11974,0,0,0.013129704974743008
11978,0,0,0.013129704974743008
11984,1,0,0.07421693465935496
11992,0,0,0.07421693465935496
11994,0,0,0.07421693465935496
12002,0,0,0.013129704974743008
12007,1,1,1.0
12009,0,0,0.07421693465935496
12015,0,0,0.013129704974743008
12016,0,0,0.07421693465935496
12018,0,0,0.013129704974743008
12021,0,0,0.013129704974743008
12028,0,0,0.013129704974743008
12040,0,0,0.013129704974743008
12042,0,0,0.013129704974743008
12044,0,0,0.013129704974743008
12050,0,0,0.013129704974743008
12055,0,0,0.013129704974743008
12057,0,0,0.013129704974743008
12058,0,0,0.07421693465935496
12064,0,0,0.013129704974743008
12066,0,0,0.013129704974743008
12067,0,0,0.07421693465935496
12068,0,0,0.013129704974743008
12069,0,0,0.07421693465935496
12076,0,0,0.07421693465935496
12078,0,0,0.013129704974743008
12082,1,1,1.0
12086,0,0,0.013129704974743008
12090,0,0,0.013129704974743008
12097,0,0,0.013129704974743008
12101,0,0,0.013129704974743008
12105,0,0,0.013129704974743008
12108,1,1,1.0
12114,0,0,0.07421693465935496
12120,0,0,0.013129704974743008
12122,1,0,0.07421693465935496
12123,0,0,0.013129704974743008
12129,1,1,1.0
12132,0,0,0.013129704974743008
12135,0,0,0.013129704974743008
12146,0,0,0.07421693465935496
12149,0,0,0.013129704974743008
12155,0,0,0.07421693465935496
12163,0,0,0.013129704974743008
12164,0,0,0.013129704974743008
12166,0,0,0.013129704974743008
12177,0,0,0.013129704974743008
12188,0,0,0.07421693465935496
12191,0,0,0.07421693465935496
12197,0,0,0.07421693465935496
12198,0,0,0.013129704974743008
12199,0,0,0.013129704974743008
12206,0,0,0.07421693465935496
12214,0,0,0.013129704974743008
12215,0,0,0.013129704974743008
12216,0,0,0.013129704974743008
12217,0,0,0.07421693465935496
12222,0,0,0.013129704974743008
12226,0,0,0.07421693465935496
12229,0,0,0.013129704974743008
12230,0,0,0.013129704974743008
12238,0,0,0.013129704974743008
12243,0,0,0.07421693465935496
12244,0,0,0.07421693465935496
12247,0,0,0.013129704974743008
12254,0,0,0.013129704974743008
12259,0,0,0.013129704974743008
12262,0,0,0.013129704974743008
12265,0,0,0.013129704974743008
12266,1,1,1.0
12268,0,0,0.013129704974743008
12270,0,0,0.07421693465935496
12273,0,0,0.013129704974743008
12274,0,0,0.07421693465935496
12275,0,0,0.013129704974743008
12277,0,0,0.07421693465935496
12280,0,0,0.013129704974743008
12283,0,0,0.013129704974743008
12284,0,0,0.013129704974743008
12286,0,0,0.07421693465935496
12288,0,0,0.013129704974743008
12296,0,0,0.013129704974743008
12299,0,0,0.013129704974743008
12307,0,0,0.013129704974743008
12323,0,0,0.013129704974743008
12327,0,0,0.013129704974743008
12334,0,0,0.013129704974743008
12340,1,1,1.0
12341,0,0,0.013129704974743008
12342,0,0,0.013129704974743008
12343,0,0,0.013129704974743008
12345,0,0,0.013129704974743008
12346,1,1,1.0
12354,0,0,0.07421693465935496
12358,0,0,0.07421693465935496
12359,0,0,0.013129704974743008
12373,0,0,0.07421693465935496
12377,0,0,0.013129704974743008
12379,0,0,0.013129704974743008
12382,0,0,0.013129704974743008
12384,0,0,0.013129704974743008
12388,0,0,0.013129704974743008
12389,0,0,0.07421693465935496
12390,1,1,1.0
12403,0,0,0.07421693465935496
12404,0,0,0.013129704974743008
12409,0,0,0.07421693465935496
12415,0,0,0.013129704974743008
12416,0,0,0.013129704974743008
12421,0,0,0.013129704974743008
12430,0,0,0.07421693465935496
12432,0,0,0.013129704974743008
12439,0,0,0.013129704974743008
12441,0,0,0.013129704974743008
12442,0,0,0.013129704974743008
12443,0,0,0.07421693465935496
12448,0,0,0.07421693465935496
12455,0,0,0.07421693465935496
12460,0,0,0.013129704974743008
12463,0,0,0.013129704974743008
12471,0,0,0.013129704974743008
12473,0,0,0.07421693465935496
12475,1,1,1.0
12481,0,0,0.07421693465935496
12483,0,0,0.013129704974743008
12484,0,0,0.07421693465935496
12487,0,0,0.07421693465935496
12488,0,0,0.013129704974743008
12490,1,0,0.07421693465935496
12493,0,0,0.013129704974743008
12494,0,0,0.07421693465935496
12496,0,0,0.07421693465935496
12497,0,0,0.013129704974743008
12499,0,0,0.013129704974743008
12503,0,0,0.013129704974743008
12506,0,0,0.07421693465935496
12525,0,0,0.013129704974743008
12541,0,0,0.07421693465935496
12545,0,0,0.07421693465935496
12549,0,0,0.07421693465935496
12563,0,0,0.013129704974743008
12564,0,0,0.013129704974743008
12567,1,1,1.0
12569,0,0,0.013129704974743008
12573,0,0,0.013129704974743008
12590,0,0,0.013129704974743008
12593,0,0,0.013129704974743008
12596,0,0,0.07421693465935496
12597,1,1,1.0
12598,0,0,0.07421693465935496
12599,0,0,0.013129704974743008
12605,0,0,0.013129704974743008
12626,0,0,0.07421693465935496
12641,0,0,0.013129704974743008
12646,0,0,0.013129704974743008
12647,1,0,0.07421693465935496
12680,0,0,0.013129704974743008
12681,0,0,0.013129704974743008
12683,0,0,0.013129704974743008
12687,0,0,0.013129704974743008
12692,0,0,0.07421693465935496
12698,0,0,0.013129704974743008
12700,0,0,0.07421693465935496
12703,0,0,0.013129704974743008
12709,0,0,0.013129704974743008
12713,0,0,0.07421693465935496
12717,1,1,1.0
12721,0,0,0.013129704974743008
12722,0,0,0.013129704974743008
12727,0,0,0.013129704974743008
12728,0,0,0.013129704974743008
12730,0,0,0.013129704974743008
12731,0,0,0.013129704974743008
12732,0,0,0.013129704974743008
12736,0,0,0.013129704974743008
12740,0,0,0.013129704974743008
12744,0,0,0.07421693465935496
12752,0,0,0.013129704974743008
12754,0,0,0.013129704974743008
12758,0,0,0.07421693465935496
12763,0,0,0.013129704974743008
12764,0,0,0.07421693465935496
12768,0,0,0.013129704974743008
12787,0,0,0.07421693465935496
12789,0,0,0.07421693465935496
12797,0,0,0.013129704974743008
12807,0,0,0.013129704974743008
12810,0,0,0.07421693465935496
12825,0,0,0.013129704974743008
12828,0,0,0.013129704974743008
12838,0,0,0.013129704974743008
12839,0,0,0.013129704974743008
12844,0,0,0.013129704974743008
12847,0,0,0.013129704974743008
12851,0,0,0.013129704974743008
12857,1,0,0.013129704974743008
12871,0,0,0.07421693465935496
12872,0,0,0.013129704974743008
12876,0,0,0.013129704974743008
12918,0,0,0.07421693465935496
12919,1,1,1.0
12922,0,0,0.013129704974743008
12926,0,0,0.013129704974743008
12930,0,0,0.013129704974743008
12937,0,0,0.013129704974743008
12944,0,0,0.07421693465935496
12951,0,0,0.013129704974743008
12956,0,0,0.013129704974743008
12965,0,0,0.013129704974743008
12970,0,0,0.013129704974743008
12980,0,0,0.013129704974743008
12987,0,0,0.013129704974743008
12991,0,0,0.07421693465935496
13001,1,1,1.0
13002,0,0,0.013129704974743008
13014,0,0,0.013129704974743008
13015,0,0,0.07421693465935496
13016,1,1,1.0
13021,0,0,0.013129704974743008
13037,0,0,0.013129704974743008
13068,0,0,0.013129704974743008
13072,0,0,0.013129704974743008
13079,0,0,0.013129704974743008
13080,0,0,0.07421693465935496
13083,0,0,0.013129704974743008
13087,0,0,0.013129704974743008
13106,0,0,0.07421693465935496
13108,0,0,0.013129704974743008
13123,0,0,0.013129704974743008
13128,1,1,1.0
13134,0,0,0.013129704974743008
13141,0,0,0.07421693465935496
13142,0,0,0.013129704974743008
13143,0,0,0.013129704974743008
13144,0,0,0.013129704974743008
13147,1,0,0.07421693465935496
13150,0,0,0.013129704974743008
13151,0,0,0.013129704974743008
13156,0,0,0.013129704974743008
13158,0,0,0.013129704974743008
13159,0,0,0.07421693465935496
13161,0,0,0.013129704974743008
13165,0,0,0.07421693465935496
13170,0,0,0.07421693465935496
13177,0,0,0.013129704974743008
13193,0,0,0.013129704974743008
13202,0,0,0.07421693465935496
13209,1,1,1.0
13214,0,0,0.07421693465935496
13225,0,0,0.013129704974743008
13228,0,0,0.013129704974743008
13233,0,0,0.013129704974743008
13234,0,0,0.07421693465935496
13241,0,0,0.07421693465935496
13258,0,0,0.013129704974743008
13260,0,0,0.013129704974743008
13275,0,0,0.013129704974743008
13283,0,0,0.013129704974743008
13297,0,0,0.013129704974743008
13306,0,0,0.013129704974743008
13309,0,0,0.07421693465935496
13311,0,0,0.07421693465935496
13322,0,0,0.013129704974743008
13332,0,0,0.013129704974743008
13337,0,0,0.07421693465935496
13341,0,0,0.013129704974743008
13344,0,0,0.07421693465935496
13347,0,0,0.013129704974743008
13348,0,0,0.013129704974743008
13349,0,0,0.07421693465935496
13353,0,0,0.07421693465935496
13372,0,0,0.013129704974743008
13377,0,0,0.07421693465935496
13378,0,0,0.013129704974743008
13390,0,0,0.013129704974743008
13405,0,0,0.013129704974743008
13408,0,0,0.07421693465935496
13411,0,0,0.013129704974743008
13413,0,0,0.013129704974743008
13414,0,0,0.07421693465935496
13416,0,0,0.07421693465935496
13421,0,0,0.013129704974743008
13422,0,0,0.013129704974743008
13423,1,1,1.0
13424,0,0,0.013129704974743008
13426,0,0,0.07421693465935496
13429,0,0,0.013129704974743008
13430,0,0,0.07421693465935496
13434,1,1,1.0
13436,0,0,0.07421693465935496
13439,0,0,0.013129704974743008
13440,0,0,0.013129704974743008
13443,0,0,0.013129704974743008
13446,0,0,0.013129704974743008
13447,0,0,0.013129704974743008
13449,0,0,0.013129704974743008
13457,0,0,0.013129704974743008
13462,0,0,0.07421693465935496
13466,0,0,0.013129704974743008
13470,1,0,0.07421693465935496
13479,0,0,0.013129704974743008
13481,0,0,0.013129704974743008
13484,0,0,0.07421693465935496
13490,0,0,0.07421693465935496
13497,0,0,0.07421693465935496
13510,0,0,0.013129704974743008
13517,0,0,0.013129704974743008
13526,0,0,0.013129704974743008
13536,0,0,0.013129704974743008
13537,0,0,0.07421693465935496
13546,0,0,0.013129704974743008
13549,0,0,0.07421693465935496
13552,0,0,0.013129704974743008
13554,0,0,0.07421693465935496
13555,0,0,0.07421693465935496
13567,0,0,0.013129704974743008
13573,0,0,0.013129704974743008
13579,0,0,0.013129704974743008
13586,0,0,0.013129704974743008
13588,1,1,1.0
13593,0,0,0.013129704974743008
13604,0,0,0.013129704974743008
13605,1,0,0.07421693465935496
13610,0,0,0.013129704974743008
13614,0,0,0.013129704974743008
13617,0,0,0.07421693465935496
13625,1,1,1.0
13627,1,0,0.07421693465935496
13635,0,0,0.07421693465935496
13636,0,0,0.07421693465935496
13648,0,0,0.013129704974743008
13650,0,0,0.013129704974743008
13655,0,0,0.013129704974743008
13663,0,0,0.013129704974743008
13670,0,0,0.013129704974743008
13676,0,0,0.07421693465935496
13678,0,0,0.013129704974743008
13679,0,0,0.013129704974743008
13703,0,0,0.07421693465935496
13707,0,0,0.013129704974743008
13710,0,0,0.013129704974743008
13714,0,0,0.013129704974743008
13715,0,0,0.013129704974743008
13721,1,1,1.0
13722,0,0,0.013129704974743008
13729,0,0,0.07421693465935496
13762,1,0,0.013129704974743008
13763,0,0,0.07421693465935496
13764,1,1,1.0
13767,0,0,0.013129704974743008
13768,0,0,0.013129704974743008
13785,0,0,0.07421693465935496
13790,0,0,0.07421693465935496
13807,0,0,0.013129704974743008
13823,0,0,0.013129704974743008
13831,0,0,0.07421693465935496
13835,0,0,0.07421693465935496
13843,0,0,0.013129704974743008
13845,1,1,1.0
13866,1,1,1.0
13868,0,0,0.013129704974743008
13881,0,0,0.07421693465935496
13885,0,0,0.013129704974743008
13888,0,0,0.07421693465935496
13897,0,0,0.07421693465935496
13900,0,0,0.013129704974743008
13911,0,0,0.013129704974743008
13920,0,0,0.013129704974743008
13924,1,1,1.0
13928,0,0,0.013129704974743008
13935,0,0,0.013129704974743008
13943,0,0,0.07421693465935496
13953,0,0,0.07421693465935496
13957,0,0,0.013129704974743008
13958,0,0,0.013129704974743008
13967,0,0,0.013129704974743008
13969,0,0,0.07421693465935496
13976,0,0,0.013129704974743008
13981,0,0,0.013129704974743008
13984,1,1,1.0
13988,0,0,0.013129704974743008
13994,0,0,0.07421693465935496
13998,0,0,0.07421693465935496
14011,0,0,0.07421693465935496
14015,0,0,0.013129704974743008
14046,0,0,0.013129704974743008
14054,0,0,0.013129704974743008
14064,0,0,0.013129704974743008
14074,0,0,0.07421693465935496
14084,0,0,0.013129704974743008
14093,0,0,0.013129704974743008
14094,1,1,1.0
14105,1,1,1.0
14111,0,0,0.013129704974743008
14117,0,0,0.013129704974743008
14124,0,0,0.013129704974743008
14126,0,0,0.07421693465935496
14128,1,0,0.07421693465935496
14129,0,0,0.013129704974743008
14133,0,0,0.07421693465935496
14138,0,0,0.07421693465935496
14144,0,0,0.013129704974743008
14145,0,0,0.013129704974743008
14146,0,0,0.013129704974743008
14167,0,0,0.013129704974743008
14168,0,0,0.013129704974743008
14169,0,0,0.07421693465935496
14173,0,0,0.013129704974743008
14176,0,0,0.013129704974743008
14179,0,0,0.013129704974743008
14180,0,0,0.013129704974743008
14186,0,0,0.013129704974743008
14187,0,0,0.07421693465935496
14188,0,0,0.013129704974743008
14189,0,0,0.013129704974743008
14191,0,0,0.07421693465935496
14193,0,0,0.013129704974743008
14195,0,0,0.013129704974743008
14198,0,0,0.013129704974743008
14216,0,0,0.013129704974743008
14219,1,0,0.013129704974743008
14221,0,0,0.013129704974743008
14222,0,0,0.013129704974743008
14223,0,0,0.07421693465935496
14226,0,0,0.013129704974743008
14232,0,0,0.013129704974743008
14236,0,0,0.013129704974743008
14241,0,0,0.013129704974743008
14248,0,0,0.013129704974743008
14253,0,0,0.013129704974743008
14255,0,0,0.013129704974743008
14256,0,0,0.07421693465935496
14257,0,0,0.013129704974743008
14258,0,0,0.013129704974743008
14259,0,0,0.013129704974743008
14261,0,0,0.013129704974743008
14275,1,1,1.0
14283,0,0,0.07421693465935496
14294,0,0,0.07421693465935496
14295,0,0,0.013129704974743008
14306,0,0,0.013129704974743008
14308,0,0,0.013129704974743008
14310,0,0,0.07421693465935496
14314,0,0,0.07421693465935496
14323,0,0,0.07421693465935496
14327,0,0,0.013129704974743008
14336,0,0,0.07421693465935496
14340,0,0,0.013129704974743008
14349,0,0,0.013129704974743008
14350,0,0,0.013129704974743008
14354,0,0,0.013129704974743008
14373,1,0,0.013129704974743008
14374,0,0,0.013129704974743008
14378,0,0,0.013129704974743008
14385,0,0,0.013129704974743008
14393,0,0,0.013129704974743008
14409,0,0,0.07421693465935496
14422,0,0,0.013129704974743008
14433,0,0,0.07421693465935496
14436,0,0,0.07421693465935496
14438,0,0,0.013129704974743008
14442,0,0,0.07421693465935496
14447,0,0,0.07421693465935496
14448,0,0,0.013129704974743008
14455,0,0,0.013129704974743008
14467,1,1,1.0
14473,0,0,0.013129704974743008
14475,0,0,0.013129704974743008
14484,0,0,0.013129704974743008
14490,0,0,0.07421693465935496
14491,0,0,0.013129704974743008
14496,0,0,0.013129704974743008
14497,0,0,0.013129704974743008
14498,0,0,0.013129704974743008
14504,1,1,1.0
14515,1,0,0.07421693465935496
14517,0,0,0.07421693465935496
14518,0,0,0.013129704974743008
14523,0,0,0.013129704974743008
14526,0,0,0.07421693465935496
14528,1,0,0.07421693465935496
14541,0,0,0.07421693465935496
14542,0,0,0.07421693465935496
14552,0,0,0.013129704974743008
14556,0,0,0.013129704974743008
14565,0,0,0.013129704974743008
14567,0,0,0.07421693465935496
14573,1,0,0.07421693465935496
14575,0,0,0.013129704974743008
14576,0,0,0.013129704974743008
14578,0,0,0.013129704974743008
14579,0,0,0.013129704974743008
14580,1,1,1.0
14583,0,0,0.013129704974743008
14589,1,1,1.0
14594,0,0,0.013129704974743008
14603,0,0,0.07421693465935496
14609,0,0,0.07421693465935496
14613,0,0,0.07421693465935496
14615,0,0,0.013129704974743008
14618,0,0,0.013129704974743008
14622,0,0,0.013129704974743008
14624,0,0,0.013129704974743008
14631,0,0,0.013129704974743008
14632,0,0,0.013129704974743008
14634,0,0,0.013129704974743008
14635,0,0,0.013129704974743008
14636,0,0,0.013129704974743008
14637,0,0,0.013129704974743008
14640,0,0,0.013129704974743008
14652,0,0,0.013129704974743008
14656,0,0,0.013129704974743008
14659,0,0,0.013129704974743008
14660,0,0,0.013129704974743008
14665,0,0,0.013129704974743008
14668,0,0,0.07421693465935496
14672,0,0,0.013129704974743008
14685,0,0,0.013129704974743008
14687,1,0,0.013129704974743008
14688,0,0,0.07421693465935496
14691,0,0,0.013129704974743008
14692,0,0,0.013129704974743008
14693,0,0,0.013129704974743008
14697,0,0,0.013129704974743008
14710,0,0,0.013129704974743008
14724,0,0,0.013129704974743008
14730,0,0,0.013129704974743008
14735,0,0,0.07421693465935496
14744,1,1,1.0
14749,0,0,0.013129704974743008
14752,0,0,0.013129704974743008
14753,0,0,0.07421693465935496
14760,0,0,0.013129704974743008
14762,0,0,0.013129704974743008
14763,0,0,0.013129704974743008
14766,1,1,1.0
14773,0,0,0.013129704974743008
14776,0,0,0.013129704974743008
14779,0,0,0.013129704974743008
14789,0,0,0.013129704974743008
14790,0,0,0.013129704974743008
14792,0,0,0.07421693465935496
14794,0,0,0.013129704974743008
14800,0,0,0.07421693465935496
14801,0,0,0.013129704974743008
14809,0,0,0.013129704974743008
14814,0,0,0.013129704974743008
14818,0,0,0.013129704974743008
14822,0,0,0.07421693465935496
14824,0,0,0.013129704974743008
14828,0,0,0.07421693465935496
14829,0,0,0.013129704974743008
14830,1,1,1.0
14832,0,0,0.013129704974743008
14839,0,0,0.013129704974743008
14844,0,0,0.013129704974743008
14848,0,0,0.07421693465935496
14859,1,1,1.0
14868,0,0,0.07421693465935496
14875,0,0,0.013129704974743008
14882,0,0,0.013129704974743008
14885,0,0,0.013129704974743008
14889,0,0,0.013129704974743008
14892,0,0,0.013129704974743008
14897,0,0,0.013129704974743008
14903,1,1,1.0
14911,0,0,0.07421693465935496
14921,0,0,0.07421693465935496
14926,0,0,0.013129704974743008
14928,0,0,0.013129704974743008
14930,0,0,0.013129704974743008
14947,1,1,1.0
14952,0,0,0.013129704974743008
14953,0,0,0.07421693465935496
14956,0,0,0.013129704974743008
14957,0,0,0.07421693465935496
14968,0,0,0.013129704974743008
14976,0,0,0.013129704974743008
14987,0,0,0.07421693465935496
14990,0,0,0.07421693465935496
14991,1,1,1.0
15005,0,0,0.07421693465935496
15011,0,0,0.013129704974743008
15019,0,0,0.07421693465935496
15044,0,0,0.013129704974743008
15046,0,0,0.013129704974743008
15056,0,0,0.013129704974743008
15058,0,0,0.013129704974743008
15059,0,0,0.07421693465935496
15061,0,0,0.013129704974743008
15063,0,0,0.07421693465935496
15067,0,0,0.07421693465935496
15068,0,0,0.013129704974743008
15076,0,0,0.013129704974743008
15080,0,0,0.013129704974743008
15084,0,0,0.013129704974743008
15087,0,0,0.013129704974743008
15088,0,0,0.07421693465935496
15093,1,0,0.07421693465935496
15098,0,0,0.07421693465935496
15099,0,0,0.07421693465935496
15103,0,0,0.07421693465935496
15104,0,0,0.013129704974743008
15119,0,0,0.013129704974743008
15128,0,0,0.013129704974743008
15132,0,0,0.013129704974743008
15136,0,0,0.013129704974743008
15144,0,0,0.013129704974743008
15145,0,0,0.013129704974743008
15151,0,0,0.07421693465935496
15154,0,0,0.013129704974743008
15158,0,0,0.07421693465935496
15165,1,1,1.0
15167,0,0,0.013129704974743008
15181,0,0,0.013129704974743008
15189,0,0,0.013129704974743008
15192,0,0,0.07421693465935496
15194,0,0,0.07421693465935496
15198,0,0,0.013129704974743008
15199,0,0,0.013129704974743008
15209,0,0,0.013129704974743008
15210,0,0,0.07421693465935496
15213,0,0,0.013129704974743008
15217,1,1,1.0
15222,0,0,0.013129704974743008
15223,0,0,0.013129704974743008
15251,0,0,0.013129704974743008
15263,0,0,0.07421693465935496
15264,1,1,1.0
15265,0,0,0.013129704974743008
15273,0,0,0.013129704974743008
15276,0,0,0.013129704974743008
15281,0,0,0.07421693465935496
15283,0,0,0.013129704974743008
15288,0,0,0.013129704974743008
15292,0,0,0.013129704974743008
15295,0,0,0.07421693465935496
15300,0,0,0.013129704974743008
15303,0,0,0.013129704974743008
15305,0,0,0.07421693465935496
15314,0,0,0.013129704974743008
15318,0,0,0.013129704974743008
15319,0,0,0.013129704974743008
15325,0,0,0.013129704974743008
15332,0,0,0.013129704974743008
15333,0,0,0.013129704974743008
15335,1,1,1.0
15343,1,1,1.0
15345,0,0,0.013129704974743008
15346,0,0,0.013129704974743008
15347,1,1,1.0
15349,0,0,0.013129704974743008
15351,0,0,0.07421693465935496
15367,0,0,0.013129704974743008
15378,0,0,0.013129704974743008
15381,0,0,0.07421693465935496
15400,0,0,0.013129704974743008
15413,0,0,0.013129704974743008
15414,1,0,0.07421693465935496
15416,1,1,1.0
15419,0,0,0.013129704974743008
15426,0,0,0.013129704974743008
15443,0,0,0.013129704974743008
15452,0,0,0.013129704974743008
15453,0,0,0.013129704974743008
15455,1,1,1.0
15459,0,0,0.07421693465935496
15466,0,0,0.07421693465935496
15473,0,0,0.07421693465935496
15479,0,0,0.013129704974743008
15483,0,0,0.07421693465935496
15485,0,0,0.07421693465935496
15487,0,0,0.013129704974743008
15505,0,0,0.013129704974743008
15510,0,0,0.013129704974743008
15523,0,0,0.013129704974743008
15531,0,0,0.013129704974743008
15532,0,0,0.013129704974743008
15561,1,0,0.07421693465935496
15570,0,0,0.013129704974743008
15573,1,1,1.0
15577,0,0,0.07421693465935496
15578,0,0,0.013129704974743008
15581,0,0,0.013129704974743008
15585,0,0,0.013129704974743008
15587,1,0,0.013129704974743008
15599,0,0,0.013129704974743008
15612,1,1,1.0
15613,0,0,0.013129704974743008
15635,0,0,0.013129704974743008
15638,0,0,0.013129704974743008
15639,0,0,0.07421693465935496
15652,0,0,0.07421693465935496
15654,1,0,0.07421693465935496
15655,0,0,0.013129704974743008
15661,0,0,0.07421693465935496
15672,0,0,0.07421693465935496
15675,0,0,0.013129704974743008
15676,0,0,0.013129704974743008
15685,0,0,0.013129704974743008
15693,0,0,0.07421693465935496
15696,1,1,1.0
15700,1,1,1.0
15706,0,0,0.013129704974743008
15707,0,0,0.013129704974743008
15711,0,0,0.07421693465935496
15714,0,0,0.013129704974743008
15721,0,0,0.013129704974743008
15722,0,0,0.013129704974743008
15729,0,0,0.013129704974743008
15730,0,0,0.013129704974743008
15734,0,0,0.07421693465935496
15737,0,0,0.07421693465935496
15740,0,0,0.013129704974743008
15744,0,0,0.013129704974743008
15745,0,0,0.013129704974743008
15748,0,0,0.013129704974743008
15754,1,1,1.0
15756,0,0,0.07421693465935496
15760,1,1,1.0
15762,1,1,1.0
15765,0,0,0.013129704974743008
15766,0,0,0.07421693465935496
15769,0,0,0.07421693465935496
15770,0,0,0.07421693465935496
15785,0,0,0.013129704974743008
15787,0,0,0.07421693465935496
15797,0,0,0.013129704974743008
15798,0,0,0.013129704974743008
15802,0,0,0.013129704974743008
15804,0,0,0.013129704974743008
15806,0,0,0.013129704974743008
15813,1,0,0.013129704974743008
15814,0,0,0.07421693465935496
15815,0,0,0.07421693465935496
15826,0,0,0.013129704974743008
15840,0,0,0.013129704974743008
15851,0,0,0.013129704974743008
15858,0,0,0.07421693465935496
15863,0,0,0.07421693465935496
15867,0,0,0.013129704974743008
15869,0,0,0.07421693465935496
15874,0,0,0.013129704974743008
15876,0,0,0.07421693465935496
15877,0,0,0.013129704974743008
15878,0,0,0.013129704974743008
15879,0,0,0.013129704974743008
15882,0,0,0.013129704974743008
15887,0,0,0.013129704974743008
15888,0,0,0.013129704974743008
15895,0,0,0.013129704974743008
15898,0,0,0.013129704974743008
15906,0,0,0.013129704974743008
15918,0,0,0.013129704974743008
15922,0,0,0.013129704974743008
15923,1,1,1.0
15928,0,0,0.013129704974743008
15933,0,0,0.07421693465935496
15934,0,0,0.013129704974743008
15943,1,1,1.0
15951,0,0,0.013129704974743008
15952,0,0,0.013129704974743008
15962,1,1,1.0
15970,0,0,0.013129704974743008
15979,0,0,0.07421693465935496
15982,0,0,0.013129704974743008
15988,0,0,0.013129704974743008
16000,0,0,0.013129704974743008
16001,0,0,0.013129704974743008
16006,1,0,0.07421693465935496
16011,0,0,0.013129704974743008
16012,0,0,0.07421693465935496
16036,1,1,1.0
16061,0,0,0.013129704974743008
16063,0,0,0.013129704974743008
16072,0,0,0.013129704974743008
16081,0,0,0.013129704974743008
16082,0,0,0.013129704974743008
16085,0,0,0.013129704974743008
16102,0,0,0.013129704974743008
16105,0,0,0.07421693465935496
16110,0,0,0.07421693465935496
16120,0,0,0.013129704974743008
16134,0,0,0.013129704974743008
16136,0,0,0.013129704974743008
16138,0,0,0.013129704974743008
16144,0,0,0.013129704974743008
16147,0,0,0.013129704974743008
16151,0,0,0.013129704974743008
16153,0,0,0.013129704974743008
16157,0,0,0.07421693465935496
16161,0,0,0.013129704974743008
16164,0,0,0.013129704974743008
16167,0,0,0.013129704974743008
16169,0,0,0.013129704974743008
16181,0,0,0.013129704974743008
16191,0,0,0.013129704974743008
16197,0,0,0.013129704974743008
16198,0,0,0.013129704974743008
16203,0,0,0.013129704974743008
16210,0,0,0.07421693465935496
16211,0,0,0.013129704974743008
16212,0,0,0.013129704974743008
16213,0,0,0.07421693465935496
16214,0,0,0.013129704974743008
16223,1,1,1.0
16227,1,0,0.013129704974743008
16229,0,0,0.07421693465935496
16231,0,0,0.07421693465935496
16238,0,0,0.013129704974743008
16239,0,0,0.013129704974743008
16241,0,0,0.013129704974743008
16242,0,0,0.013129704974743008
16252,0,0,0.013129704974743008
16257,0,0,0.013129704974743008
16260,0,0,0.013129704974743008
16268,0,0,0.07421693465935496
16270,0,0,0.07421693465935496
16271,1,1,1.0
16272,0,0,0.013129704974743008
16277,0,0,0.013129704974743008
16286,0,0,0.013129704974743008
16289,0,0,0.07421693465935496
16309,0,0,0.013129704974743008
16312,0,0,0.07421693465935496
16313,0,0,0.013129704974743008
16314,0,0,0.07421693465935496
16336,0,0,0.013129704974743008
16356,0,0,0.013129704974743008
16362,0,0,0.013129704974743008
16373,0,0,0.013129704974743008
16386,0,0,0.07421693465935496
16388,0,0,0.07421693465935496
16394,0,0,0.013129704974743008
16398,0,0,0.07421693465935496
16399,0,0,0.013129704974743008
16408,1,1,1.0
16418,0,0,0.013129704974743008
16419,0,0,0.013129704974743008
16429,0,0,0.013129704974743008
16434,0,0,0.013129704974743008
16443,0,0,0.07421693465935496
16451,1,0,0.013129704974743008
16452,0,0,0.013129704974743008
16460,0,0,0.013129704974743008
16461,1,1,1.0
16466,0,0,0.013129704974743008
16471,0,0,0.07421693465935496
16472,0,0,0.013129704974743008
16474,1,1,1.0
16482,1,0,0.07421693465935496
16484,1,0,0.013129704974743008
16487,0,0,0.013129704974743008
16490,0,0,0.013129704974743008
16506,0,0,0.013129704974743008
16509,0,0,0.013129704974743008
16515,0,0,0.013129704974743008
16516,0,0,0.013129704974743008
16518,0,0,0.013129704974743008
16528,0,0,0.013129704974743008
16529,0,0,0.013129704974743008
16543,1,1,1.0
16544,0,0,0.013129704974743008
16547,0,0,0.07421693465935496
16552,0,0,0.07421693465935496
16554,0,0,0.013129704974743008
16557,0,0,0.013129704974743008
16561,0,0,0.07421693465935496
16566,0,0,0.07421693465935496
16574,0,0,0.07421693465935496
16581,0,0,0.013129704974743008
16585,0,0,0.07421693465935496
16589,0,0,0.07421693465935496
16592,0,0,0.07421693465935496
16594,0,0,0.013129704974743008
16596,0,0,0.07421693465935496
16597,0,0,0.013129704974743008
16598,0,0,0.07421693465935496
16603,0,0,0.013129704974743008
16608,0,0,0.013129704974743008
16611,0,0,0.013129704974743008
16612,0,0,0.013129704974743008
16620,0,0,0.07421693465935496
16625,0,0,0.013129704974743008
16626,0,0,0.013129704974743008
16628,1,1,1.0
16634,0,0,0.07421693465935496
16639,0,0,0.013129704974743008
16640,0,0,0.013129704974743008
16641,0,0,0.013129704974743008
16646,0,0,0.07421693465935496
16651,0,0,0.013129704974743008
16654,1,1,1.0
16655,0,0,0.013129704974743008
16656,0,0,0.07421693465935496
16657,0,0,0.013129704974743008
16681,0,0,0.013129704974743008
16687,0,0,0.013129704974743008
16688,0,0,0.013129704974743008
16692,0,0,0.013129704974743008
16695,0,0,0.013129704974743008
16705,1,1,1.0
16716,0,0,0.013129704974743008
16727,0,0,0.07421693465935496
16728,0,0,0.013129704974743008
16734,0,0,0.07421693465935496
16740,0,0,0.013129704974743008
16742,0,0,0.013129704974743008
16747,0,0,0.013129704974743008
16750,0,0,0.013129704974743008
16755,0,0,0.013129704974743008
16756,0,0,0.013129704974743008
16758,1,1,1.0
16769,0,0,0.07421693465935496
16771,0,0,0.07421693465935496
16777,0,0,0.07421693465935496
16782,0,0,0.013129704974743008
16795,0,0,0.013129704974743008
16802,0,0,0.07421693465935496
16808,0,0,0.07421693465935496
16810,0,0,0.07421693465935496
16812,0,0,0.013129704974743008
16818,0,0,0.013129704974743008
16820,0,0,0.013129704974743008
16821,0,0,0.013129704974743008
16827,0,0,0.07421693465935496
16835,0,0,0.013129704974743008
16836,1,1,1.0
16838,0,0,0.07421693465935496
16839,0,0,0.013129704974743008
16842,0,0,0.013129704974743008
16850,0,0,0.013129704974743008
16871,0,0,0.013129704974743008
16872,1,1,1.0
16880,0,0,0.013129704974743008
16885,0,0,0.013129704974743008
16894,0,0,0.013129704974743008
16896,0,0,0.07421693465935496
16904,0,0,0.013129704974743008
16908,0,0,0.07421693465935496
16918,0,0,0.013129704974743008
16922,0,0,0.013129704974743008
16923,0,0,0.013129704974743008
16924,0,0,0.013129704974743008
16926,0,0,0.013129704974743008
16932,0,0,0.013129704974743008
16933,0,0,0.07421693465935496
16947,0,0,0.013129704974743008
16952,0,0,0.013129704974743008
16954,0,0,0.013129704974743008
16962,0,0,0.07421693465935496
16963,1,1,1.0
16970,0,0,0.07421693465935496
16974,0,0,0.013129704974743008
16976,0,0,0.013129704974743008
16977,0,0,0.013129704974743008
16978,0,0,0.013129704974743008
16983,0,0,0.07421693465935496
16984,0,0,0.013129704974743008
16987,0,0,0.013129704974743008
16998,0,0,0.07421693465935496
17001,0,0,0.07421693465935496
17002,0,0,0.013129704974743008
17007,0,0,0.013129704974743008
17008,0,0,0.013129704974743008
17009,0,0,0.07421693465935496
17014,0,0,0.07421693465935496
17017,0,0,0.013129704974743008
17019,0,0,0.07421693465935496
17022,0,0,0.07421693465935496
17034,0,0,0.07421693465935496
17038,0,0,0.013129704974743008
17039,0,0,0.07421693465935496
17040,0,0,0.013129704974743008
17050,0,0,0.013129704974743008
17058,0,0,0.013129704974743008
17068,0,0,0.013129704974743008
17080,0,0,0.013129704974743008
17086,0,0,0.013129704974743008
17088,0,0,0.013129704974743008
17090,0,0,0.07421693465935496
17094,0,0,0.07421693465935496
17095,0,0,0.013129704974743008
17105,0,0,0.013129704974743008
17113,0,0,0.07421693465935496
17115,1,1,1.0
17126,0,0,0.07421693465935496
17127,0,0,0.013129704974743008
17128,0,0,0.013129704974743008
17138,0,0,0.013129704974743008
17144,0,0,0.07421693465935496
17154,0,0,0.013129704974743008
17160,0,0,0.013129704974743008
17170,0,0,0.07421693465935496
17186,0,0,0.013129704974743008
17190,0,0,0.013129704974743008
17191,0,0,0.013129704974743008
17192,0,0,0.07421693465935496
17197,0,0,0.013129704974743008
17198,0,0,0.07421693465935496
17200,0,0,0.013129704974743008
17201,0,0,0.013129704974743008
17218,0,0,0.013129704974743008
17224,0,0,0.013129704974743008
17233,0,0,0.07421693465935496
17234,0,0,0.013129704974743008
17238,0,0,0.013129704974743008
17244,0,0,0.07421693465935496
17245,0,0,0.07421693465935496
17250,0,0,0.07421693465935496
17252,0,0,0.013129704974743008
17257,0,0,0.07421693465935496
17264,0,0,0.013129704974743008
17265,0,0,0.07421693465935496
17275,0,0,0.07421693465935496
17279,0,0,0.07421693465935496
17287,1,1,1.0
17288,0,0,0.013129704974743008
17289,0,0,0.07421693465935496
17297,0,0,0.07421693465935496
17313,0,0,0.013129704974743008
17314,0,0,0.07421693465935496
17320,0,0,0.07421693465935496
17325,0,0,0.013129704974743008
17326,0,0,0.013129704974743008
17329,0,0,0.07421693465935496
17332,0,0,0.07421693465935496
17333,0,0,0.07421693465935496
17357,0,0,0.013129704974743008
17358,0,0,0.013129704974743008
17361,0,0,0.07421693465935496
17362,0,0,0.013129704974743008
17363,0,0,0.013129704974743008
17364,0,0,0.013129704974743008
17369,0,0,0.013129704974743008
17378,0,0,0.013129704974743008
17385,0,0,0.07421693465935496
17393,1,1,1.0
17394,0,0,0.013129704974743008
17396,0,0,0.07421693465935496
17408,0,0,0.013129704974743008
17413,0,0,0.07421693465935496
17418,0,0,0.07421693465935496
17420,0,0,0.07421693465935496
17427,0,0,0.07421693465935496
17428,0,0,0.013129704974743008
17431,0,0,0.013129704974743008
17433,0,0,0.013129704974743008
17435,1,0,0.07421693465935496
17439,0,0,0.07421693465935496
17442,0,0,0.07421693465935496
17448,1,1,1.0
17449,0,0,0.07421693465935496
17458,0,0,0.013129704974743008
17462,0,0,0.013129704974743008
17467,0,0,0.013129704974743008
17469,0,0,0.013129704974743008
17470,0,0,0.013129704974743008
17478,0,0,0.013129704974743008
17481,1,1,1.0
17482,1,1,1.0
17489,0,0,0.013129704974743008
17491,0,0,0.013129704974743008
17493,0,0,0.013129704974743008
17495,0,0,0.013129704974743008
17501,0,0,0.013129704974743008
17504,0,0,0.013129704974743008
17506,0,0,0.013129704974743008
17510,0,0,0.07421693465935496
17516,0,0,0.013129704974743008
17526,0,0,0.013129704974743008
17538,0,0,0.013129704974743008
17539,0,0,0.013129704974743008
17543,0,0,0.013129704974743008
17546,1,1,1.0
17547,0,0,0.07421693465935496
17558,0,0,0.013129704974743008
17564,0,0,0.013129704974743008
17565,0,0,0.07421693465935496
17575,0,0,0.07421693465935496
17577,0,0,0.013129704974743008
17579,0,0,0.013129704974743008
17581,0,0,0.013129704974743008
17584,0,0,0.07421693465935496
17596,0,0,0.07421693465935496
17605,0,0,0.013129704974743008
17608,0,0,0.013129704974743008
17609,0,0,0.013129704974743008
17611,0,0,0.013129704974743008
17626,0,0,0.013129704974743008
17632,0,0,0.013129704974743008
17647,0,0,0.013129704974743008
17652,0,0,0.07421693465935496
17654,0,0,0.013129704974743008
17657,0,0,0.013129704974743008
17667,0,0,0.07421693465935496
17671,0,0,0.013129704974743008
17675,0,0,0.07421693465935496
17684,0,0,0.07421693465935496
17687,0,0,0.07421693465935496
17691,0,0,0.013129704974743008
17694,0,0,0.013129704974743008
17697,0,0,0.013129704974743008
17703,0,0,0.013129704974743008
17706,0,0,0.013129704974743008
17711,1,0,0.07421693465935496
17716,0,0,0.013129704974743008
17721,0,0,0.013129704974743008
17724,0,0,0.013129704974743008
17726,0,0,0.013129704974743008
17731,0,0,0.013129704974743008
17732,0,0,0.013129704974743008
17741,1,1,1.0
17742,0,0,0.013129704974743008
17743,0,0,0.07421693465935496
17747,0,0,0.013129704974743008
17749,0,0,0.013129704974743008
17754,0,0,0.013129704974743008
17759,0,0,0.013129704974743008
17770,0,0,0.013129704974743008
17772,0,0,0.013129704974743008
17774,0,0,0.07421693465935496
17777,0,0,0.07421693465935496
17785,0,0,0.013129704974743008
17788,0,0,0.013129704974743008
17789,0,0,0.013129704974743008
17790,0,0,0.013129704974743008
17791,0,0,0.013129704974743008
17797,0,0,0.013129704974743008
17807,0,0,0.013129704974743008
17808,0,0,0.013129704974743008
17811,0,0,0.013129704974743008
17812,0,0,0.07421693465935496
17816,0,0,0.013129704974743008
17818,0,0,0.013129704974743008
17824,0,0,0.013129704974743008
17835,0,0,0.07421693465935496
17836,1,1,1.0
17840,0,0,0.013129704974743008
17860,0,0,0.013129704974743008
17868,0,0,0.07421693465935496
17869,0,0,0.07421693465935496
17870,0,0,0.013129704974743008
17871,1,1,1.0
17876,0,0,0.07421693465935496
17877,0,0,0.013129704974743008
17883,0,0,0.07421693465935496
17886,0,0,0.013129704974743008
17889,0,0,0.07421693465935496
17890,0,0,0.013129704974743008
17892,0,0,0.07421693465935496
17903,0,0,0.013129704974743008
17910,0,0,0.013129704974743008
17911,0,0,0.013129704974743008
17922,0,0,0.07421693465935496
17923,0,0,0.013129704974743008
17926,0,0,0.013129704974743008
17932,0,0,0.013129704974743008
17940,0,0,0.013129704974743008
17944,0,0,0.013129704974743008
17945,0,0,0.013129704974743008
17946,0,0,0.013129704974743008
17953,0,0,0.07421693465935496
17964,0,0,0.013129704974743008
17966,0,0,0.07421693465935496
17970,0,0,0.013129704974743008
17972,0,0,0.013129704974743008
17976,0,0,0.013129704974743008
17977,0,0,0.07421693465935496
17982,0,0,0.013129704974743008
17987,1,1,1.0
17997,0,0,0.013129704974743008
18002,0,0,0.07421693465935496
18005,0,0,0.013129704974743008
18015,0,0,0.013129704974743008
18038,1,0,0.07421693465935496
18044,0,0,0.013129704974743008
18047,0,0,0.013129704974743008
18048,0,0,0.07421693465935496
18049,0,0,0.07421693465935496
18059,0,0,0.013129704974743008
18062,0,0,0.013129704974743008
18064,0,0,0.013129704974743008
18065,0,0,0.013129704974743008
18067,1,0,0.013129704974743008
18073,0,0,0.013129704974743008
18076,0,0,0.013129704974743008
18077,0,0,0.013129704974743008
18092,0,0,0.013129704974743008
18101,1,0,0.013129704974743008
18112,0,0,0.013129704974743008
18124,0,0,0.013129704974743008
18134,0,0,0.013129704974743008
18135,0,0,0.07421693465935496
18140,0,0,0.07421693465935496
18149,0,0,0.07421693465935496
18151,0,0,0.013129704974743008
18154,0,0,0.013129704974743008
18155,1,1,1.0
18156,0,0,0.013129704974743008
18158,0,0,0.013129704974743008
18159,1,1,1.0
18162,0,0,0.013129704974743008
18165,0,0,0.013129704974743008
18168,0,0,0.07421693465935496
18171,0,0,0.013129704974743008
18175,1,1,1.0
18184,0,0,0.07421693465935496
18189,0,0,0.013129704974743008
18194,0,0,0.013129704974743008
18196,0,0,0.013129704974743008
18200,0,0,0.013129704974743008
18201,0,0,0.013129704974743008
18202,0,0,0.013129704974743008
18205,0,0,0.013129704974743008
18206,0,0,0.07421693465935496
18210,0,0,0.013129704974743008
18219,0,0,0.07421693465935496
18221,0,0,0.013129704974743008
18236,0,0,0.013129704974743008
18238,0,0,0.013129704974743008
18246,0,0,0.013129704974743008
18247,0,0,0.013129704974743008
18248,0,0,0.07421693465935496
18250,0,0,0.013129704974743008
18259,0,0,0.07421693465935496
18260,0,0,0.013129704974743008
18272,0,0,0.013129704974743008
18276,0,0,0.013129704974743008
18279,0,0,0.013129704974743008
18280,1,0,0.07421693465935496
18284,0,0,0.013129704974743008
18286,1,0,0.013129704974743008
18288,0,0,0.013129704974743008
18290,0,0,0.013129704974743008
18293,0,0,0.013129704974743008
18294,0,0,0.013129704974743008
18295,0,0,0.013129704974743008
18296,1,1,1.0
18310,0,0,0.013129704974743008
18314,0,0,0.013129704974743008
18321,0,0,0.013129704974743008
18325,1,1,1.0
18326,0,0,0.013129704974743008
18333,0,0,0.07421693465935496
18347,0,0,0.07421693465935496
18355,0,0,0.013129704974743008
18359,0,0,0.07421693465935496
18362,0,0,0.013129704974743008
18365,0,0,0.013129704974743008
18373,1,0,0.07421693465935496
18376,0,0,0.07421693465935496
18377,0,0,0.013129704974743008
18381,0,0,0.013129704974743008
18382,0,0,0.013129704974743008
18383,0,0,0.013129704974743008
18394,0,0,0.013129704974743008
18396,0,0,0.013129704974743008
18401,0,0,0.07421693465935496
18406,0,0,0.013129704974743008
18409,0,0,0.013129704974743008
18416,0,0,0.013129704974743008
18423,0,0,0.07421693465935496
18424,1,1,1.0
18427,0,0,0.013129704974743008
18428,0,0,0.013129704974743008
18437,0,0,0.07421693465935496
18439,0,0,0.07421693465935496
18440,0,0,0.07421693465935496
18443,0,0,0.013129704974743008
18444,0,0,0.07421693465935496
18448,0,0,0.013129704974743008
18450,0,0,0.013129704974743008
18459,0,0,0.013129704974743008
18460,0,0,0.07421693465935496
18474,0,0,0.013129704974743008
18476,0,0,0.07421693465935496
18480,0,0,0.07421693465935496
18482,0,0,0.013129704974743008
18486,0,0,0.013129704974743008
18495,1,1,1.0
18509,0,0,0.013129704974743008
18510,0,0,0.07421693465935496
18515,0,0,0.013129704974743008
18518,0,0,0.013129704974743008
18522,0,0,0.07421693465935496
18530,0,0,0.013129704974743008
18533,1,1,1.0
18552,0,0,0.013129704974743008
18567,0,0,0.07421693465935496
18576,0,0,0.013129704974743008
18582,0,0,0.013129704974743008
18605,0,0,0.07421693465935496
18610,1,1,1.0
18611,0,0,0.013129704974743008
18617,0,0,0.013129704974743008
18625,1,0,0.07421693465935496
18630,0,0,0.07421693465935496
18632,0,0,0.013129704974743008
18645,1,1,1.0
18652,0,0,0.013129704974743008
18657,0,0,0.013129704974743008
18661,0,0,0.013129704974743008
18663,0,0,0.013129704974743008
18667,0,0,0.013129704974743008
18676,0,0,0.013129704974743008
18679,0,0,0.013129704974743008
18680,0,0,0.013129704974743008
18681,0,0,0.07421693465935496
18688,0,0,0.013129704974743008
18690,0,0,0.013129704974743008
18694,0,0,0.013129704974743008
18696,0,0,0.013129704974743008
18697,0,0,0.013129704974743008
18700,0,0,0.07421693465935496
18716,0,0,0.013129704974743008
18720,0,0,0.013129704974743008
18724,0,0,0.013129704974743008
18729,1,1,1.0
18730,0,0,0.07421693465935496
18742,0,0,0.013129704974743008
18743,0,0,0.013129704974743008
18744,0,0,0.013129704974743008
18748,0,0,0.013129704974743008
18749,0,0,0.07421693465935496
18758,0,0,0.013129704974743008
18761,0,0,0.07421693465935496
18762,0,0,0.013129704974743008
18764,0,0,0.013129704974743008
18766,0,0,0.013129704974743008
18774,0,0,0.013129704974743008
18777,0,0,0.013129704974743008
18780,0,0,0.013129704974743008
18781,0,0,0.07421693465935496
18782,0,0,0.07421693465935496
18786,0,0,0.013129704974743008
18790,1,1,1.0
18796,0,0,0.013129704974743008
18801,0,0,0.013129704974743008
18805,1,1,1.0
18809,0,0,0.013129704974743008
18811,0,0,0.013129704974743008
18814,0,0,0.07421693465935496
18815,0,0,0.013129704974743008
18816,0,0,0.013129704974743008
18817,0,0,0.07421693465935496
18832,0,0,0.013129704974743008
18838,0,0,0.013129704974743008
18842,0,0,0.013129704974743008
18844,0,0,0.07421693465935496
18846,0,0,0.013129704974743008
18850,0,0,0.013129704974743008
18857,0,0,0.07421693465935496
18860,0,0,0.013129704974743008
18874,0,0,0.07421693465935496
18875,0,0,0.013129704974743008
18881,0,0,0.013129704974743008
18886,0,0,0.013129704974743008
18895,0,0,0.07421693465935496
18897,0,0,0.013129704974743008
18906,0,0,0.013129704974743008
18909,0,0,0.013129704974743008
18911,0,0,0.07421693465935496
18918,1,0,0.07421693465935496
18920,0,0,0.07421693465935496
18922,0,0,0.013129704974743008
18925,0,0,0.013129704974743008
18926,0,0,0.013129704974743008
18936,1,1,1.0
18938,0,0,0.013129704974743008
18939,0,0,0.013129704974743008
18940,0,0,0.013129704974743008
18943,0,0,0.013129704974743008
18945,0,0,0.07421693465935496
18946,0,0,0.013129704974743008
18947,0,0,0.013129704974743008
18953,0,0,0.013129704974743008
18955,0,0,0.013129704974743008
18962,0,0,0.013129704974743008
18963,0,0,0.013129704974743008
18965,0,0,0.07421693465935496
18970,0,0,0.013129704974743008
18972,0,0,0.07421693465935496
18977,0,0,0.07421693465935496
18982,0,0,0.07421693465935496
18985,0,0,0.013129704974743008
18986,0,0,0.013129704974743008
18987,0,0,0.013129704974743008
18995,0,0,0.07421693465935496
18998,0,0,0.013129704974743008
19006,0,0,0.013129704974743008
19007,0,0,0.07421693465935496
19011,1,1,1.0
19014,0,0,0.07421693465935496
19018,0,0,0.013129704974743008
19023,1,1,1.0
19025,0,0,0.013129704974743008
19026,0,0,0.013129704974743008
19031,0,0,0.013129704974743008
19037,0,0,0.07421693465935496
19040,0,0,0.013129704974743008
19044,0,0,0.013129704974743008
19055,0,0,0.013129704974743008
19060,0,0,0.07421693465935496
19068,0,0,0.013129704974743008
19074,0,0,0.07421693465935496
19075,0,0,0.07421693465935496
19077,0,0,0.013129704974743008
19079,0,0,0.013129704974743008
19083,0,0,0.013129704974743008
19095,0,0,0.013129704974743008
19103,0,0,0.013129704974743008
19106,0,0,0.013129704974743008
19111,0,0,0.013129704974743008
19117,0,0,0.013129704974743008
19125,0,0,0.07421693465935496
19133,0,0,0.07421693465935496
19134,0,0,0.013129704974743008
19139,0,0,0.013129704974743008
19144,0,0,0.013129704974743008
19145,0,0,0.07421693465935496
19147,0,0,0.013129704974743008
19148,0,0,0.013129704974743008
19150,0,0,0.07421693465935496
19153,0,0,0.013129704974743008
19159,0,0,0.013129704974743008
19161,0,0,0.07421693465935496
19164,0,0,0.013129704974743008
19170,0,0,0.07421693465935496
19171,0,0,0.013129704974743008
19182,1,1,1.0
19184,0,0,0.013129704974743008
19185,0,0,0.013129704974743008
19189,0,0,0.013129704974743008
19190,0,0,0.07421693465935496
19191,0,0,0.07421693465935496
19201,0,0,0.013129704974743008
19204,0,0,0.013129704974743008
19205,0,0,0.07421693465935496
19210,0,0,0.07421693465935496
19215,0,0,0.013129704974743008
19219,0,0,0.013129704974743008
19220,0,0,0.013129704974743008
19223,0,0,0.013129704974743008
19227,0,0,0.013129704974743008
19232,0,0,0.07421693465935496
19233,0,0,0.013129704974743008
19242,0,0,0.07421693465935496
19248,0,0,0.013129704974743008
19252,0,0,0.013129704974743008
19253,1,1,1.0
19254,0,0,0.013129704974743008
19262,0,0,0.07421693465935496
19266,0,0,0.013129704974743008
19268,0,0,0.013129704974743008
19276,0,0,0.013129704974743008
19288,0,0,0.013129704974743008
19289,0,0,0.013129704974743008
19295,0,0,0.013129704974743008
19299,0,0,0.013129704974743008
19313,0,0,0.07421693465935496
19335,0,0,0.013129704974743008
19342,0,0,0.013129704974743008
19343,0,0,0.013129704974743008
19344,0,0,0.013129704974743008
19351,0,0,0.013129704974743008
19360,0,0,0.013129704974743008
19367,0,0,0.013129704974743008
19373,0,0,0.013129704974743008
19376,0,0,0.013129704974743008
19380,0,0,0.013129704974743008
19383,0,0,0.07421693465935496
19385,0,0,0.013129704974743008
19388,0,0,0.07421693465935496
19400,0,0,0.07421693465935496
19401,1,0,0.07421693465935496
19406,0,0,0.013129704974743008
19411,0,0,0.07421693465935496
19412,0,0,0.07421693465935496
19413,1,1,1.0
19417,0,0,0.07421693465935496
19420,0,0,0.07421693465935496
19424,0,0,0.013129704974743008
19428,1,1,1.0
19434,0,0,0.07421693465935496
19447,0,0,0.07421693465935496
19448,0,0,0.013129704974743008
19449,0,0,0.07421693465935496
19450,0,0,0.013129704974743008
19459,0,0,0.07421693465935496
19460,0,0,0.013129704974743008
19468,0,0,0.013129704974743008
19472,0,0,0.07421693465935496
19475,0,0,0.013129704974743008
19479,0,0,0.013129704974743008
19480,0,0,0.013129704974743008
19485,0,0,0.013129704974743008
19486,0,0,0.07421693465935496
19489,0,0,0.013129704974743008
19492,0,0,0.013129704974743008
19505,0,0,0.013129704974743008
19511,0,0,0.07421693465935496
19520,0,0,0.013129704974743008
19522,0,0,0.07421693465935496
19524,0,0,0.013129704974743008
19528,1,1,1.0
19529,0,0,0.07421693465935496
19530,0,0,0.013129704974743008
19533,0,0,0.07421693465935496
19540,0,0,0.013129704974743008
19543,1,1,1.0
19544,1,1,1.0
19545,0,0,0.013129704974743008
19554,0,0,0.07421693465935496
19567,0,0,0.013129704974743008
19568,0,0,0.013129704974743008
19571,0,0,0.07421693465935496
19578,0,0,0.07421693465935496
19580,0,0,0.013129704974743008
19589,0,0,0.07421693465935496
19595,0,0,0.013129704974743008
19607,0,0,0.013129704974743008
19611,0,0,0.013129704974743008
19632,0,0,0.013129704974743008
19634,0,0,0.013129704974743008
19635,0,0,0.013129704974743008
19637,1,0,0.07421693465935496
19640,0,0,0.013129704974743008
19642,0,0,0.07421693465935496
19657,0,0,0.013129704974743008
19662,0,0,0.013129704974743008
19664,0,0,0.07421693465935496
19671,1,1,1.0
19675,0,0,0.013129704974743008
19678,0,0,0.013129704974743008
19687,0,0,0.013129704974743008
19690,0,0,0.013129704974743008
19693,0,0,0.013129704974743008
19699,0,0,0.07421693465935496
19703,0,0,0.013129704974743008
19708,1,0,0.07421693465935496
19710,0,0,0.013129704974743008
19721,0,0,0.013129704974743008
19729,0,0,0.013129704974743008
19730,0,0,0.07421693465935496
19733,0,0,0.013129704974743008
19734,0,0,0.013129704974743008
19741,0,0,0.07421693465935496
19753,0,0,0.07421693465935496
19757,0,0,0.013129704974743008
19759,0,0,0.013129704974743008
19765,0,0,0.07421693465935496
19780,0,0,0.013129704974743008
19782,0,0,0.013129704974743008
19784,0,0,0.013129704974743008
19786,0,0,0.07421693465935496
19799,0,0,0.013129704974743008
19808,0,0,0.013129704974743008
19817,1,1,1.0
19820,0,0,0.013129704974743008
19825,0,0,0.07421693465935496
19832,0,0,0.07421693465935496
19834,0,0,0.07421693465935496
19839,0,0,0.07421693465935496
19843,0,0,0.07421693465935496
19855,0,0,0.013129704974743008
19859,0,0,0.013129704974743008
19867,1,1,1.0
19885,0,0,0.07421693465935496
19886,0,0,0.013129704974743008
19893,1,1,1.0
19897,0,0,0.013129704974743008
19906,0,0,0.013129704974743008
19911,0,0,0.013129704974743008
19913,0,0,0.013129704974743008
19914,0,0,0.013129704974743008
19924,0,0,0.013129704974743008
19928,0,0,0.07421693465935496
19932,0,0,0.013129704974743008
19935,0,0,0.013129704974743008
19942,0,0,0.013129704974743008
19946,0,0,0.07421693465935496
19951,0,0,0.013129704974743008
19953,1,1,1.0
19955,0,0,0.07421693465935496
19960,0,0,0.013129704974743008
19964,0,0,0.013129704974743008
19965,0,0,0.013129704974743008
19969,0,0,0.013129704974743008
19970,0,0,0.07421693465935496
19972,0,0,0.013129704974743008
19973,0,0,0.07421693465935496
19977,0,0,0.013129704974743008
19980,0,0,0.07421693465935496
19996,0,0,0.07421693465935496
19997,1,1,1.0
20001,0,0,0.013129704974743008
20002,0,0,0.013129704974743008
20003,1,1,1.0
20006,1,1,1.0
20009,0,0,0.013129704974743008
20012,0,0,0.013129704974743008
20013,1,0,0.07421693465935496
20025,1,0,0.07421693465935496
20035,1,1,1.0
20045,0,0,0.013129704974743008
20048,0,0,0.013129704974743008
20054,1,1,1.0
20055,0,0,0.013129704974743008
20072,0,0,0.013129704974743008
20076,0,0,0.013129704974743008
20080,0,0,0.013129704974743008
20086,0,0,0.013129704974743008
20090,0,0,0.013129704974743008
20095,0,0,0.07421693465935496
20117,0,0,0.013129704974743008
20119,0,0,0.013129704974743008
20123,0,0,0.013129704974743008
20131,0,0,0.07421693465935496
20146,0,0,0.013129704974743008
20147,0,0,0.013129704974743008
20148,0,0,0.013129704974743008
20149,0,0,0.013129704974743008
20151,0,0,0.013129704974743008
20161,0,0,0.013129704974743008
20164,0,0,0.013129704974743008
20178,1,0,0.07421693465935496
20181,0,0,0.013129704974743008
20183,0,0,0.013129704974743008
20187,0,0,0.07421693465935496
20188,0,0,0.013129704974743008
20190,0,0,0.013129704974743008
20195,0,0,0.013129704974743008
20207,0,0,0.013129704974743008
20208,0,0,0.07421693465935496
20214,1,1,1.0
20216,0,0,0.013129704974743008
20217,0,0,0.07421693465935496
20225,0,0,0.07421693465935496
20227,0,0,0.07421693465935496
20228,0,0,0.013129704974743008
20230,0,0,0.013129704974743008
20233,0,0,0.013129704974743008
20240,0,0,0.07421693465935496
20243,0,0,0.07421693465935496
20244,0,0,0.07421693465935496
20247,0,0,0.013129704974743008
20249,0,0,0.013129704974743008
20251,0,0,0.07421693465935496
20253,0,0,0.013129704974743008
20256,0,0,0.013129704974743008
20258,0,0,0.013129704974743008
20263,0,0,0.013129704974743008
20279,0,0,0.013129704974743008
20287,0,0,0.013129704974743008
20291,0,0,0.013129704974743008
20298,0,0,0.013129704974743008
20303,0,0,0.013129704974743008
20308,0,0,0.013129704974743008
20312,0,0,0.013129704974743008
20318,0,0,0.013129704974743008
20320,0,0,0.013129704974743008
20321,0,0,0.013129704974743008
20322,0,0,0.013129704974743008
20331,0,0,0.013129704974743008
20332,1,1,1.0
20333,0,0,0.013129704974743008
20341,0,0,0.013129704974743008
20344,0,0,0.013129704974743008
20348,1,1,1.0
20352,0,0,0.013129704974743008
20356,0,0,0.013129704974743008
20357,0,0,0.013129704974743008
20366,0,0,0.013129704974743008
20373,0,0,0.013129704974743008
20375,0,0,0.013129704974743008
20384,1,0,0.013129704974743008
20390,0,0,0.013129704974743008
20396,0,0,0.013129704974743008
20400,0,0,0.07421693465935496
20409,0,0,0.013129704974743008
20415,1,1,1.0
20423,0,0,0.013129704974743008
20425,0,0,0.013129704974743008
20430,0,0,0.07421693465935496
20436,0,0,0.013129704974743008
20443,0,0,0.013129704974743008
20464,0,0,0.013129704974743008
20473,1,0,0.013129704974743008
20478,0,0,0.013129704974743008
20482,0,0,0.013129704974743008
20497,0,0,0.013129704974743008
20503,0,0,0.013129704974743008
20516,0,0,0.013129704974743008
20521,0,0,0.013129704974743008
20536,1,1,1.0
20537,0,0,0.07421693465935496
20553,0,0,0.013129704974743008
20558,0,0,0.07421693465935496
20559,0,0,0.013129704974743008
20565,0,0,0.013129704974743008
20572,0,0,0.07421693465935496
20574,1,1,1.0
20577,0,0,0.013129704974743008
20582,0,0,0.07421693465935496
20588,1,1,1.0
20593,0,0,0.013129704974743008
20603,0,0,0.013129704974743008
20609,0,0,0.013129704974743008
20611,0,0,0.013129704974743008
20612,0,0,0.013129704974743008
20614,0,0,0.07421693465935496
20618,0,0,0.013129704974743008
20625,0,0,0.07421693465935496
20631,0,0,0.013129704974743008
20642,0,0,0.07421693465935496
20644,0,0,0.013129704974743008
20650,0,0,0.013129704974743008
20651,0,0,0.013129704974743008
20652,0,0,0.013129704974743008
20655,0,0,0.013129704974743008
20656,0,0,0.013129704974743008
20662,0,0,0.013129704974743008
20663,0,0,0.013129704974743008
20664,0,0,0.07421693465935496
20665,0,0,0.07421693465935496
20668,0,0,0.013129704974743008
20681,0,0,0.07421693465935496
20682,0,0,0.013129704974743008
20683,0,0,0.07421693465935496
20685,0,0,0.013129704974743008
20688,0,0,0.013129704974743008
20692,0,0,0.013129704974743008
20693,1,1,1.0
20706,0,0,0.013129704974743008
20713,0,0,0.07421693465935496
20722,0,0,0.013129704974743008
20725,0,0,0.07421693465935496
20726,0,0,0.013129704974743008
20727,0,0,0.013129704974743008
20730,0,0,0.013129704974743008
20734,0,0,0.013129704974743008
20739,0,0,0.07421693465935496
20751,0,0,0.013129704974743008
20758,1,0,0.07421693465935496
20763,0,0,0.07421693465935496
20767,0,0,0.013129704974743008
20768,0,0,0.07421693465935496
20773,0,0,0.013129704974743008
20779,0,0,0.07421693465935496
20785,0,0,0.013129704974743008
20786,0,0,0.07421693465935496
20795,0,0,0.013129704974743008
20800,0,0,0.013129704974743008
20802,0,0,0.07421693465935496
20804,0,0,0.013129704974743008
20819,0,0,0.013129704974743008
20824,1,0,0.07421693465935496
20826,0,0,0.013129704974743008
20831,0,0,0.013129704974743008
20839,0,0,0.013129704974743008
20846,1,1,1.0
20850,0,0,0.07421693465935496
20859,0,0,0.013129704974743008
20877,0,0,0.07421693465935496
20883,0,0,0.013129704974743008
20885,0,0,0.013129704974743008
20886,0,0,0.07421693465935496
20892,0,0,0.013129704974743008
20898,1,1,1.0
20905,0,0,0.013129704974743008
20907,0,0,0.013129704974743008
20908,0,0,0.013129704974743008
20919,0,0,0.013129704974743008
20934,0,0,0.013129704974743008
20935,0,0,0.013129704974743008
20943,0,0,0.07421693465935496
20949,0,0,0.013129704974743008
20955,0,0,0.07421693465935496
20957,0,0,0.013129704974743008
20965,0,0,0.013129704974743008
20973,1,0,0.07421693465935496
20979,0,0,0.013129704974743008
20980,1,1,1.0
20985,0,0,0.013129704974743008
20994,0,0,0.07421693465935496
21000,0,0,0.013129704974743008
21001,0,0,0.013129704974743008
21007,0,0,0.07421693465935496
21020,0,0,0.013129704974743008
21026,0,0,0.013129704974743008
21029,1,1,1.0
21036,0,0,0.013129704974743008
21042,0,0,0.07421693465935496
21047,0,0,0.013129704974743008
21067,0,0,0.013129704974743008
21070,0,0,0.013129704974743008
21073,0,0,0.07421693465935496
21080,0,0,0.07421693465935496
21083,0,0,0.07421693465935496
21091,0,0,0.013129704974743008
21092,0,0,0.013129704974743008
21106,0,0,0.013129704974743008
21108,0,0,0.013129704974743008
21115,0,0,0.013129704974743008
21117,0,0,0.07421693465935496
21118,0,0,0.013129704974743008
21130,1,1,1.0
21131,0,0,0.07421693465935496
21138,0,0,0.07421693465935496
21144,0,0,0.013129704974743008
21152,0,0,0.013129704974743008
21166,0,0,0.013129704974743008
21172,1,0,0.013129704974743008
21175,0,0,0.07421693465935496
21179,1,0,0.07421693465935496
21182,0,0,0.07421693465935496
21184,0,0,0.013129704974743008
21185,0,0,0.07421693465935496
21186,0,0,0.07421693465935496
21187,0,0,0.013129704974743008
21191,0,0,0.013129704974743008
21199,0,0,0.07421693465935496
21201,0,0,0.013129704974743008
21203,0,0,0.013129704974743008
21207,0,0,0.013129704974743008
21208,0,0,0.013129704974743008
21218,0,0,0.013129704974743008
21221,0,0,0.013129704974743008
21223,0,0,0.07421693465935496
21227,0,0,0.07421693465935496
21230,0,0,0.013129704974743008
21231,0,0,0.013129704974743008
21233,0,0,0.013129704974743008
21249,0,0,0.07421693465935496
21255,0,0,0.013129704974743008
21262,0,0,0.013129704974743008
21268,0,0,0.013129704974743008
21277,0,0,0.013129704974743008
21288,0,0,0.013129704974743008
21290,0,0,0.013129704974743008
21294,0,0,0.013129704974743008
21297,0,0,0.07421693465935496
21300,0,0,0.013129704974743008
21305,0,0,0.013129704974743008
21306,0,0,0.013129704974743008
21315,0,0,0.013129704974743008
21322,0,0,0.013129704974743008
21323,0,0,0.013129704974743008
21327,1,0,0.07421693465935496
21329,0,0,0.07421693465935496
21337,0,0,0.013129704974743008
21346,1,1,1.0
21351,0,0,0.013129704974743008
21364,0,0,0.013129704974743008
21365,0,0,0.07421693465935496
21366,0,0,0.013129704974743008
21375,0,0,0.07421693465935496
21376,0,0,0.013129704974743008
21379,0,0,0.07421693465935496
21381,0,0,0.013129704974743008
21384,0,0,0.013129704974743008
21387,1,0,0.013129704974743008
21392,0,0,0.07421693465935496
21398,0,0,0.013129704974743008
21401,1,1,1.0
21409,0,0,0.013129704974743008
21411,0,0,0.07421693465935496
21413,0,0,0.013129704974743008
21421,0,0,0.07421693465935496
21430,0,0,0.013129704974743008
21432,1,1,1.0
21435,0,0,0.07421693465935496
21439,0,0,0.013129704974743008
21449,0,0,0.07421693465935496
21457,1,1,1.0
21461,0,0,0.07421693465935496
21462,0,0,0.013129704974743008
21463,0,0,0.07421693465935496
21475,0,0,0.013129704974743008
21479,0,0,0.07421693465935496
21482,0,0,0.013129704974743008
21483,0,0,0.013129704974743008
21486,0,0,0.013129704974743008
21494,1,1,1.0
21509,0,0,0.013129704974743008
21513,0,0,0.013129704974743008
21518,0,0,0.07421693465935496
21519,0,0,0.013129704974743008
21520,0,0,0.013129704974743008
21525,0,0,0.07421693465935496
21528,0,0,0.013129704974743008
21529,0,0,0.013129704974743008
21540,0,0,0.013129704974743008
21541,0,0,0.013129704974743008
21545,1,1,1.0
21548,0,0,0.013129704974743008
21557,0,0,0.013129704974743008
21571,0,0,0.013129704974743008
21572,0,0,0.013129704974743008
21576,0,0,0.07421693465935496
21578,0,0,0.013129704974743008
21583,0,0,0.013129704974743008
21584,0,0,0.013129704974743008
21589,1,1,1.0
21594,0,0,0.07421693465935496
21595,0,0,0.013129704974743008
21596,0,0,0.013129704974743008
21597,0,0,0.013129704974743008
21616,0,0,0.013129704974743008
21618,0,0,0.013129704974743008
21621,0,0,0.013129704974743008
21625,0,0,0.013129704974743008
21631,0,0,0.07421693465935496
21632,0,0,0.013129704974743008
21639,0,0,0.07421693465935496
21645,0,0,0.07421693465935496
21651,0,0,0.07421693465935496
21654,0,0,0.07421693465935496
21657,0,0,0.07421693465935496
21666,0,0,0.07421693465935496
21668,0,0,0.07421693465935496
21670,0,0,0.013129704974743008
21674,0,0,0.013129704974743008
21680,0,0,0.013129704974743008
21688,0,0,0.013129704974743008
21698,0,0,0.013129704974743008
21699,0,0,0.013129704974743008
21701,0,0,0.013129704974743008
21704,1,0,0.013129704974743008
21712,1,0,0.013129704974743008
21713,0,0,0.013129704974743008
21714,0,0,0.07421693465935496
21719,0,0,0.013129704974743008
21723,0,0,0.07421693465935496
21725,0,0,0.013129704974743008
21734,1,1,1.0
21736,0,0,0.013129704974743008
21737,0,0,0.013129704974743008
21738,0,0,0.013129704974743008
21739,0,0,0.013129704974743008
21754,0,0,0.013129704974743008
21760,0,0,0.013129704974743008
21769,0,0,0.013129704974743008
21771,0,0,0.013129704974743008
21785,0,0,0.07421693465935496
21789,0,0,0.013129704974743008
21790,0,0,0.013129704974743008
21802,0,0,0.013129704974743008
21811,0,0,0.07421693465935496
21814,0,0,0.013129704974743008
21821,0,0,0.013129704974743008
21832,0,0,0.013129704974743008
21833,0,0,0.07421693465935496
21834,0,0,0.013129704974743008
21837,0,0,0.07421693465935496
21844,0,0,0.07421693465935496
21845,0,0,0.07421693465935496
21854,0,0,0.013129704974743008
21855,1,1,1.0
21860,0,0,0.013129704974743008
21864,0,0,0.013129704974743008
21869,0,0,0.013129704974743008
21875,0,0,0.013129704974743008
21881,0,0,0.07421693465935496
21886,0,0,0.07421693465935496
21894,0,0,0.013129704974743008
21895,0,0,0.07421693465935496
21898,1,1,1.0
21903,0,0,0.013129704974743008
21906,0,0,0.013129704974743008
21913,0,0,0.013129704974743008
21914,0,0,0.013129704974743008
21915,0,0,0.013129704974743008
21916,0,0,0.013129704974743008
21917,0,0,0.013129704974743008
21927,0,0,0.07421693465935496
21933,0,0,0.07421693465935496
21943,1,0,0.013129704974743008
21949,0,0,0.013129704974743008
21951,1,0,0.07421693465935496
21979,0,0,0.013129704974743008
21984,0,0,0.07421693465935496
21990,0,0,0.07421693465935496
21992,1,1,1.0
21994,0,0,0.013129704974743008
21995,0,0,0.013129704974743008
21997,0,0,0.013129704974743008
21998,0,0,0.013129704974743008
22002,0,0,0.07421693465935496
22004,1,0,0.07421693465935496
22007,0,0,0.013129704974743008
22008,0,0,0.013129704974743008
22026,0,0,0.013129704974743008
22028,1,1,1.0
22050,1,0,0.07421693465935496
22051,0,0,0.013129704974743008
22055,0,0,0.013129704974743008
22059,0,0,0.07421693465935496
22060,0,0,0.013129704974743008
22061,0,0,0.07421693465935496
22062,1,1,1.0
22067,1,0,0.07421693465935496
22068,0,0,0.013129704974743008
22070,0,0,0.013129704974743008
22075,0,0,0.07421693465935496
22084,0,0,0.07421693465935496
22090,0,0,0.013129704974743008
22097,0,0,0.013129704974743008
22105,0,0,0.013129704974743008
22109,0,0,0.013129704974743008
22112,0,0,0.013129704974743008
22117,0,0,0.013129704974743008
22119,0,0,0.013129704974743008
22126,0,0,0.013129704974743008
22130,0,0,0.013129704974743008
22131,0,0,0.013129704974743008
22137,0,0,0.07421693465935496
22142,1,0,0.013129704974743008
22144,0,0,0.013129704974743008
22146,0,0,0.07421693465935496
22147,0,0,0.013129704974743008
22156,1,1,1.0
22160,0,0,0.07421693465935496
22163,0,0,0.07421693465935496
22167,0,0,0.013129704974743008
22180,0,0,0.013129704974743008
22184,0,0,0.013129704974743008
22185,0,0,0.07421693465935496
22186,0,0,0.07421693465935496
22189,0,0,0.013129704974743008
22191,0,0,0.07421693465935496
22197,0,0,0.013129704974743008
22199,0,0,0.07421693465935496
22201,1,1,1.0
22202,0,0,0.013129704974743008
22213,0,0,0.013129704974743008
22220,0,0,0.013129704974743008
22225,0,0,0.07421693465935496
22226,0,0,0.07421693465935496
22233,0,0,0.013129704974743008
22235,1,1,1.0
22242,0,0,0.07421693465935496
22243,0,0,0.013129704974743008
22245,0,0,0.013129704974743008
22246,0,0,0.013129704974743008
22249,0,0,0.013129704974743008
22252,0,0,0.07421693465935496
22253,0,0,0.013129704974743008
22254,0,0,0.013129704974743008
22258,0,0,0.013129704974743008
22263,0,0,0.013129704974743008
22264,0,0,0.013129704974743008
22265,0,0,0.07421693465935496
22266,0,0,0.07421693465935496
22278,0,0,0.013129704974743008
22281,0,0,0.013129704974743008
22284,0,0,0.013129704974743008
22285,0,0,0.07421693465935496
22294,0,0,0.013129704974743008
22304,0,0,0.013129704974743008
22310,0,0,0.07421693465935496
22314,0,0,0.013129704974743008
22325,0,0,0.013129704974743008
22327,0,0,0.013129704974743008
22332,0,0,0.013129704974743008
22333,0,0,0.013129704974743008
22340,0,0,0.013129704974743008
22345,0,0,0.013129704974743008
22351,0,0,0.013129704974743008
22353,0,0,0.07421693465935496
22362,0,0,0.07421693465935496
22375,0,0,0.013129704974743008
22381,0,0,0.013129704974743008
22383,0,0,0.07421693465935496
22387,0,0,0.013129704974743008
22394,0,0,0.013129704974743008
22396,1,0,0.07421693465935496
22400,0,0,0.013129704974743008
22407,0,0,0.013129704974743008
22411,0,0,0.013129704974743008
22413,0,0,0.013129704974743008
22424,1,1,1.0
22425,0,0,0.07421693465935496
22441,0,0,0.07421693465935496
22442,0,0,0.013129704974743008
22455,1,1,1.0
22456,0,0,0.013129704974743008
22468,0,0,0.013129704974743008
22482,0,0,0.013129704974743008
22484,0,0,0.07421693465935496
22488,0,0,0.013129704974743008
22492,0,0,0.07421693465935496
22499,0,0,0.07421693465935496
22500,0,0,0.013129704974743008
22515,0,0,0.013129704974743008
22521,0,0,0.013129704974743008
22522,0,0,0.07421693465935496
22532,0,0,0.013129704974743008
22536,0,0,0.07421693465935496
22543,0,0,0.013129704974743008
22547,0,0,0.013129704974743008
22550,0,0,0.013129704974743008
22551,0,0,0.07421693465935496
22562,0,0,0.07421693465935496
22567,0,0,0.013129704974743008
22568,0,0,0.07421693465935496
22571,0,0,0.07421693465935496
22577,0,0,0.07421693465935496
22586,0,0,0.07421693465935496
22605,0,0,0.013129704974743008
22608,1,1,1.0
22610,0,0,0.013129704974743008
22616,0,0,0.013129704974743008
22620,1,1,1.0
22621,1,1,1.0
22622,0,0,0.013129704974743008
22626,0,0,0.07421693465935496
22634,0,0,0.07421693465935496
22635,0,0,0.013129704974743008
22636,0,0,0.013129704974743008
22642,0,0,0.013129704974743008
22647,0,0,0.013129704974743008
22653,0,0,0.013129704974743008
22657,0,0,0.013129704974743008
22658,0,0,0.07421693465935496
22666,0,0,0.07421693465935496
22681,0,0,0.013129704974743008
22685,1,1,1.0
22692,0,0,0.013129704974743008
22695,0,0,0.013129704974743008
22696,0,0,0.013129704974743008
22702,0,0,0.013129704974743008
22705,1,0,0.07421693465935496
22706,0,0,0.013129704974743008
22714,1,1,1.0
22723,0,0,0.013129704974743008
22725,0,0,0.013129704974743008
22730,0,0,0.013129704974743008
22735,0,0,0.013129704974743008
22736,0,0,0.07421693465935496
22739,0,0,0.013129704974743008
22743,0,0,0.07421693465935496
22746,0,0,0.07421693465935496
22750,0,0,0.07421693465935496
22757,0,0,0.013129704974743008
22759,0,0,0.07421693465935496
22761,0,0,0.07421693465935496
22766,0,0,0.013129704974743008
22767,0,0,0.013129704974743008
22777,0,0,0.07421693465935496
22781,0,0,0.013129704974743008
22783,0,0,0.013129704974743008
22795,0,0,0.013129704974743008
22802,0,0,0.07421693465935496
22803,0,0,0.013129704974743008
22808,0,0,0.07421693465935496
22811,0,0,0.07421693465935496
22812,0,0,0.07421693465935496
22813,0,0,0.013129704974743008
22815,0,0,0.013129704974743008
22819,0,0,0.013129704974743008
22822,0,0,0.013129704974743008
22830,0,0,0.013129704974743008
22842,0,0,0.013129704974743008
22846,1,1,1.0
22848,0,0,0.07421693465935496
22851,0,0,0.07421693465935496
22860,0,0,0.013129704974743008
22862,0,0,0.07421693465935496
22863,0,0,0.013129704974743008
22864,0,0,0.013129704974743008
22868,0,0,0.013129704974743008
22870,0,0,0.07421693465935496
22871,0,0,0.07421693465935496
22877,0,0,0.07421693465935496
22880,1,1,1.0
22886,0,0,0.07421693465935496
22899,0,0,0.013129704974743008
22904,0,0,0.013129704974743008
22913,0,0,0.07421693465935496
22915,0,0,0.013129704974743008
22918,0,0,0.013129704974743008
22922,0,0,0.013129704974743008
22924,0,0,0.013129704974743008
22925,0,0,0.013129704974743008
22926,0,0,0.07421693465935496
22930,0,0,0.07421693465935496
22935,0,0,0.07421693465935496
22940,0,0,0.07421693465935496
22955,0,0,0.013129704974743008
22958,0,0,0.013129704974743008
22962,0,0,0.07421693465935496
22967,0,0,0.07421693465935496
22973,0,0,0.013129704974743008
22977,0,0,0.013129704974743008
22980,0,0,0.07421693465935496
22984,0,0,0.07421693465935496
22985,0,0,0.07421693465935496
22993,0,0,0.013129704974743008
23002,0,0,0.07421693465935496
23010,0,0,0.07421693465935496
23024,1,1,1.0
23025,0,0,0.07421693465935496
23030,0,0,0.013129704974743008
23031,0,0,0.013129704974743008
23033,0,0,0.013129704974743008
23036,1,1,1.0
23037,0,0,0.013129704974743008
23052,0,0,0.013129704974743008
23056,0,0,0.07421693465935496
23065,0,0,0.013129704974743008
23072,0,0,0.013129704974743008
23088,0,0,0.013129704974743008
23092,1,1,1.0
23094,0,0,0.013129704974743008
23096,0,0,0.013129704974743008
23097,0,0,0.013129704974743008
23103,1,1,1.0
23109,0,0,0.013129704974743008
23111,0,0,0.013129704974743008
23112,0,0,0.013129704974743008
23115,0,0,0.013129704974743008
23118,0,0,0.013129704974743008
23121,0,0,0.07421693465935496
23123,0,0,0.013129704974743008
23130,0,0,0.07421693465935496
23132,0,0,0.07421693465935496
23134,0,0,0.013129704974743008
23149,0,0,0.013129704974743008
23157,0,0,0.013129704974743008
23158,1,1,1.0
23159,0,0,0.013129704974743008
23164,0,0,0.013129704974743008
23165,0,0,0.013129704974743008
23169,0,0,0.013129704974743008
23176,0,0,0.013129704974743008
23180,0,0,0.07421693465935496
23183,0,0,0.013129704974743008
23187,0,0,0.013129704974743008
23190,0,0,0.07421693465935496
23195,0,0,0.07421693465935496
23198,0,0,0.013129704974743008
23200,0,0,0.07421693465935496
23201,0,0,0.013129704974743008
23214,0,0,0.07421693465935496
23218,0,0,0.013129704974743008
23219,0,0,0.013129704974743008
23228,0,0,0.013129704974743008
23232,0,0,0.013129704974743008
23233,1,1,1.0
23234,0,0,0.07421693465935496
23244,0,0,0.07421693465935496
23249,0,0,0.013129704974743008
23252,0,0,0.013129704974743008
23261,0,0,0.013129704974743008
23271,0,0,0.013129704974743008
23275,0,0,0.07421693465935496
23285,0,0,0.07421693465935496
23288,0,0,0.013129704974743008
23294,0,0,0.013129704974743008
23299,0,0,0.013129704974743008
23303,0,0,0.013129704974743008
23308,0,0,0.013129704974743008
23311,0,0,0.013129704974743008
23316,0,0,0.07421693465935496
23317,0,0,0.07421693465935496
23319,0,0,0.07421693465935496
23327,0,0,0.013129704974743008
23331,0,0,0.013129704974743008
23338,0,0,0.07421693465935496
23343,0,0,0.07421693465935496
23357,0,0,0.013129704974743008
23361,0,0,0.013129704974743008
23366,0,0,0.07421693465935496
23374,0,0,0.013129704974743008
23381,0,0,0.013129704974743008
23382,0,0,0.013129704974743008
23387,0,0,0.013129704974743008
23392,1,1,1.0
23397,0,0,0.07421693465935496
23406,0,0,0.013129704974743008
23412,0,0,0.013129704974743008
23417,0,0,0.013129704974743008
23423,0,0,0.013129704974743008
23429,0,0,0.013129704974743008
23433,0,0,0.013129704974743008
23437,1,0,0.07421693465935496
23439,0,0,0.07421693465935496
23440,0,0,0.013129704974743008
23447,0,0,0.07421693465935496
23450,0,0,0.013129704974743008
23451,0,0,0.013129704974743008
23465,0,0,0.013129704974743008
23469,0,0,0.013129704974743008
23481,0,0,0.07421693465935496
23487,0,0,0.013129704974743008
23497,0,0,0.013129704974743008
23499,0,0,0.07421693465935496
23504,0,0,0.07421693465935496
23512,0,0,0.07421693465935496
23523,0,0,0.013129704974743008
23525,0,0,0.07421693465935496
23526,1,1,1.0
23530,0,0,0.013129704974743008
23531,0,0,0.013129704974743008
23534,0,0,0.013129704974743008
23537,1,0,0.07421693465935496
23538,0,0,0.07421693465935496
23555,0,0,0.013129704974743008
23562,0,0,0.013129704974743008
23570,0,0,0.013129704974743008
23574,0,0,0.07421693465935496
23575,0,0,0.013129704974743008
23584,0,0,0.013129704974743008
23585,0,0,0.013129704974743008
23586,0,0,0.013129704974743008
23588,0,0,0.013129704974743008
23589,0,0,0.013129704974743008
23593,0,0,0.013129704974743008
23595,0,0,0.013129704974743008
23596,0,0,0.07421693465935496
23600,0,0,0.013129704974743008
23606,0,0,0.013129704974743008
23607,0,0,0.013129704974743008
23611,0,0,0.07421693465935496
23614,0,0,0.013129704974743008
23615,0,0,0.013129704974743008
23626,0,0,0.07421693465935496
23631,0,0,0.013129704974743008
23633,0,0,0.013129704974743008
23637,0,0,0.07421693465935496
23644,0,0,0.013129704974743008
23646,0,0,0.013129704974743008
23647,0,0,0.013129704974743008
23663,1,0,0.07421693465935496
23670,0,0,0.07421693465935496
23672,0,0,0.013129704974743008
23673,0,0,0.013129704974743008
23676,0,0,0.013129704974743008
23677,0,0,0.013129704974743008
23680,0,0,0.013129704974743008
23688,0,0,0.013129704974743008
23691,0,0,0.013129704974743008
23693,0,0,0.07421693465935496
23702,0,0,0.013129704974743008
23703,1,0,0.07421693465935496
23705,0,0,0.013129704974743008
23721,0,0,0.013129704974743008
23724,0,0,0.07421693465935496
23735,0,0,0.07421693465935496
23743,0,0,0.013129704974743008
23744,0,0,0.013129704974743008
23765,0,0,0.013129704974743008
23767,0,0,0.07421693465935496
23770,0,0,0.013129704974743008
23778,1,0,0.07421693465935496
23792,0,0,0.013129704974743008
23798,0,0,0.013129704974743008
23808,0,0,0.013129704974743008
23811,0,0,0.013129704974743008
23816,0,0,0.013129704974743008
23821,0,0,0.013129704974743008
23823,0,0,0.013129704974743008
23832,0,0,0.013129704974743008
23833,1,1,1.0
23838,0,0,0.013129704974743008
23840,0,0,0.013129704974743008
23844,0,0,0.013129704974743008
23846,0,0,0.013129704974743008
23849,0,0,0.07421693465935496
23856,0,0,0.013129704974743008
23858,1,1,1.0
23862,0,0,0.013129704974743008
23868,1,1,1.0
23872,0,0,0.013129704974743008
23875,0,0,0.013129704974743008
23882,1,1,1.0
23883,0,0,0.013129704974743008
23886,0,0,0.013129704974743008
23887,0,0,0.013129704974743008
23888,0,0,0.013129704974743008
23895,1,1,1.0
23896,0,0,0.013129704974743008
23915,0,0,0.013129704974743008
23917,0,0,0.013129704974743008
23919,0,0,0.07421693465935496
23920,0,0,0.013129704974743008
23922,0,0,0.013129704974743008
23938,0,0,0.013129704974743008
23942,0,0,0.013129704974743008
23947,0,0,0.07421693465935496
23953,0,0,0.013129704974743008
23954,0,0,0.013129704974743008
23955,0,0,0.013129704974743008
23956,0,0,0.013129704974743008
23962,0,0,0.013129704974743008
23969,0,0,0.013129704974743008
23970,1,1,1.0
23972,0,0,0.013129704974743008
23978,0,0,0.07421693465935496
23981,0,0,0.013129704974743008
23982,0,0,0.013129704974743008
23992,0,0,0.07421693465935496
23993,0,0,0.013129704974743008
23995,0,0,0.013129704974743008
23996,0,0,0.013129704974743008
23997,0,0,0.013129704974743008
24003,0,0,0.013129704974743008
24004,0,0,0.07421693465935496
24006,0,0,0.07421693465935496
24009,0,0,0.013129704974743008
24010,1,1,1.0
24016,0,0,0.013129704974743008
24019,0,0,0.013129704974743008
24020,0,0,0.013129704974743008
24028,0,0,0.013129704974743008
24034,0,0,0.013129704974743008
24051,0,0,0.07421693465935496
24053,0,0,0.013129704974743008
24054,1,0,0.07421693465935496
24058,0,0,0.013129704974743008
24059,1,1,1.0
24061,0,0,0.013129704974743008
24069,0,0,0.013129704974743008
24076,0,0,0.013129704974743008
24080,0,0,0.013129704974743008
24081,1,1,1.0
24084,0,0,0.07421693465935496
24091,0,0,0.013129704974743008
24099,0,0,0.013129704974743008
24102,0,0,0.07421693465935496
24105,1,0,0.07421693465935496
24112,0,0,0.013129704974743008
24118,0,0,0.013129704974743008
24122,0,0,0.07421693465935496
24127,0,0,0.07421693465935496
24132,0,0,0.013129704974743008
24135,0,0,0.013129704974743008
24137,0,0,0.07421693465935496
24139,0,0,0.013129704974743008
24142,0,0,0.013129704974743008
24156,0,0,0.013129704974743008
24158,0,0,0.013129704974743008
24165,0,0,0.013129704974743008
24166,0,0,0.07421693465935496
24172,0,0,0.013129704974743008
24174,0,0,0.013129704974743008
24181,0,0,0.013129704974743008
24186,1,1,1.0
24190,1,1,1.0
24203,0,0,0.07421693465935496
24213,0,0,0.013129704974743008
24222,0,0,0.013129704974743008
24227,0,0,0.013129704974743008
24229,0,0,0.07421693465935496
24235,0,0,0.013129704974743008
24267,0,0,0.013129704974743008
24277,0,0,0.07421693465935496
24290,1,1,1.0
24295,0,0,0.07421693465935496
24299,0,0,0.013129704974743008
24302,0,0,0.013129704974743008
24304,0,0,0.013129704974743008
24305,0,0,0.013129704974743008
24314,0,0,0.013129704974743008
24316,0,0,0.013129704974743008
24321,0,0,0.013129704974743008
24327,0,0,0.07421693465935496
24328,0,0,0.013129704974743008
24331,0,0,0.07421693465935496
24332,0,0,0.013129704974743008
24345,0,0,0.07421693465935496
24351,1,1,1.0
24356,0,0,0.07421693465935496
24364,0,0,0.013129704974743008
24366,0,0,0.013129704974743008
24368,0,0,0.013129704974743008
24371,0,0,0.013129704974743008
24377,0,0,0.07421693465935496
24387,0,0,0.013129704974743008
24390,0,0,0.07421693465935496
24394,0,0,0.07421693465935496
24395,0,0,0.013129704974743008
24396,0,0,0.07421693465935496
24407,0,0,0.013129704974743008
24414,1,1,1.0
24418,0,0,0.013129704974743008
24420,0,0,0.013129704974743008
24427,0,0,0.013129704974743008
24429,0,0,0.07421693465935496
24430,0,0,0.013129704974743008
24434,0,0,0.013129704974743008
24438,0,0,0.07421693465935496
24441,0,0,0.013129704974743008
24442,0,0,0.013129704974743008
24449,1,1,1.0
24459,0,0,0.07421693465935496
24464,0,0,0.013129704974743008
24466,0,0,0.013129704974743008
24469,0,0,0.07421693465935496
24473,0,0,0.013129704974743008
24480,0,0,0.013129704974743008
24482,0,0,0.013129704974743008
24483,0,0,0.013129704974743008
24484,0,0,0.07421693465935496
24503,0,0,0.013129704974743008
24514,0,0,0.07421693465935496
24520,0,0,0.013129704974743008
24521,0,0,0.013129704974743008
24525,0,0,0.013129704974743008
24535,0,0,0.013129704974743008
24539,0,0,0.013129704974743008
24544,0,0,0.013129704974743008
24550,0,0,0.013129704974743008
24557,0,0,0.013129704974743008
24561,0,0,0.013129704974743008
24564,0,0,0.013129704974743008
24566,0,0,0.07421693465935496
24569,0,0,0.07421693465935496
24570,0,0,0.013129704974743008
24574,0,0,0.013129704974743008
24578,1,1,1.0
24585,0,0,0.07421693465935496
24587,0,0,0.013129704974743008
24592,0,0,0.013129704974743008
24600,0,0,0.013129704974743008
24601,0,0,0.07421693465935496
24604,1,0,0.013129704974743008
24605,0,0,0.013129704974743008
24611,0,0,0.013129704974743008
24617,0,0,0.07421693465935496
24636,0,0,0.07421693465935496
24639,1,0,0.013129704974743008
24640,0,0,0.013129704974743008
24644,0,0,0.07421693465935496
24645,0,0,0.013129704974743008
24646,0,0,0.013129704974743008
24650,0,0,0.013129704974743008
24664,0,0,0.07421693465935496
24669,0,0,0.013129704974743008
24673,0,0,0.013129704974743008
24676,0,0,0.013129704974743008
24680,1,0,0.013129704974743008
24688,0,0,0.07421693465935496
24690,0,0,0.07421693465935496
24691,0,0,0.013129704974743008
24703,0,0,0.07421693465935496
24708,0,0,0.013129704974743008
24710,0,0,0.07421693465935496
24723,0,0,0.07421693465935496
24725,0,0,0.013129704974743008
24727,0,0,0.07421693465935496
24729,0,0,0.013129704974743008
24732,1,1,1.0
24733,0,0,0.013129704974743008
24736,0,0,0.013129704974743008
24748,0,0,0.07421693465935496
24763,0,0,0.013129704974743008
24776,0,0,0.07421693465935496
24785,0,0,0.07421693465935496
24788,0,0,0.013129704974743008
24792,0,0,0.013129704974743008
24796,0,0,0.07421693465935496
24797,0,0,0.013129704974743008
24814,0,0,0.013129704974743008
24816,0,0,0.013129704974743008
24817,0,0,0.013129704974743008
24821,0,0,0.07421693465935496
24822,0,0,0.07421693465935496
24828,0,0,0.013129704974743008
24835,0,0,0.013129704974743008
24836,0,0,0.013129704974743008
24841,0,0,0.07421693465935496
24844,0,0,0.07421693465935496
24846,0,0,0.013129704974743008
24849,0,0,0.013129704974743008
24850,0,0,0.07421693465935496
24856,0,0,0.013129704974743008
24857,0,0,0.07421693465935496
24858,1,1,1.0
24864,0,0,0.013129704974743008
24873,0,0,0.07421693465935496
24874,0,0,0.013129704974743008
24880,0,0,0.013129704974743008
24881,1,1,1.0
24892,0,0,0.013129704974743008
24895,0,0,0.013129704974743008
24898,0,0,0.013129704974743008
24899,0,0,0.013129704974743008
24901,0,0,0.013129704974743008
24903,0,0,0.013129704974743008
24913,0,0,0.013129704974743008
24917,0,0,0.013129704974743008
24919,0,0,0.013129704974743008
24921,0,0,0.013129704974743008
24934,0,0,0.013129704974743008
24943,0,0,0.07421693465935496
24952,0,0,0.013129704974743008
24958,0,0,0.013129704974743008
24965,0,0,0.013129704974743008
24969,0,0,0.013129704974743008
24971,0,0,0.013129704974743008
24973,0,0,0.07421693465935496
24977,0,0,0.013129704974743008
24978,0,0,0.013129704974743008
24982,0,0,0.07421693465935496
24987,0,0,0.07421693465935496
24993,0,0,0.07421693465935496
24997,0,0,0.07421693465935496
24999,0,0,0.013129704974743008
25007,0,0,0.013129704974743008
25012,1,1,1.0
25013,0,0,0.013129704974743008
25018,0,0,0.013129704974743008
25023,0,0,0.013129704974743008
25029,0,0,0.07421693465935496
25035,0,0,0.013129704974743008
25037,0,0,0.07421693465935496
25039,0,0,0.013129704974743008
25043,0,0,0.013129704974743008
25048,0,0,0.013129704974743008
25049,0,0,0.013129704974743008
25054,0,0,0.013129704974743008
25057,0,0,0.07421693465935496
25075,0,0,0.013129704974743008
25081,0,0,0.013129704974743008
25084,0,0,0.013129704974743008
25090,0,0,0.013129704974743008
25094,0,0,0.013129704974743008
25097,0,0,0.07421693465935496
25100,0,0,0.013129704974743008
25106,0,0,0.07421693465935496
25119,0,0,0.013129704974743008
25123,0,0,0.07421693465935496
25126,0,0,0.013129704974743008
25127,0,0,0.013129704974743008
25131,0,0,0.013129704974743008
25132,0,0,0.07421693465935496
25136,1,1,1.0
25137,0,0,0.013129704974743008
25140,0,0,0.013129704974743008
25159,0,0,0.013129704974743008
25168,0,0,0.013129704974743008
25172,0,0,0.013129704974743008
25174,0,0,0.013129704974743008
25178,0,0,0.07421693465935496
25186,0,0,0.07421693465935496
25187,0,0,0.07421693465935496
25206,0,0,0.013129704974743008
25209,0,0,0.013129704974743008
25211,0,0,0.07421693465935496
25215,0,0,0.013129704974743008
25226,0,0,0.013129704974743008
25232,0,0,0.013129704974743008
25233,0,0,0.07421693465935496
25236,0,0,0.013129704974743008
25238,0,0,0.013129704974743008
25240,0,0,0.07421693465935496
25242,1,0,0.07421693465935496
25247,0,0,0.013129704974743008
25248,1,1,1.0
25249,1,1,1.0
25253,0,0,0.07421693465935496
25267,0,0,0.07421693465935496
25274,0,0,0.07421693465935496
25275,0,0,0.013129704974743008
25286,0,0,0.013129704974743008
25291,0,0,0.07421693465935496
25292,0,0,0.013129704974743008
25293,0,0,0.013129704974743008
25309,1,1,1.0
25310,0,0,0.013129704974743008
25313,0,0,0.013129704974743008
25328,0,0,0.013129704974743008
25335,0,0,0.013129704974743008
25342,0,0,0.013129704974743008
25346,0,0,0.013129704974743008
25352,0,0,0.013129704974743008
25371,0,0,0.07421693465935496
25374,0,0,0.07421693465935496
25375,0,0,0.013129704974743008
25381,1,1,1.0
25387,0,0,0.013129704974743008
25389,0,0,0.07421693465935496
25391,0,0,0.07421693465935496
25396,0,0,0.07421693465935496
25401,0,0,0.013129704974743008
25405,0,0,0.07421693465935496
25407,0,0,0.013129704974743008
25415,0,0,0.07421693465935496
25425,0,0,0.013129704974743008
25438,0,0,0.013129704974743008
25460,0,0,0.07421693465935496
25466,0,0,0.07421693465935496
25476,0,0,0.013129704974743008
25483,0,0,0.013129704974743008
25485,1,1,1.0
25490,0,0,0.07421693465935496
25493,0,0,0.013129704974743008
25496,0,0,0.07421693465935496
25502,0,0,0.013129704974743008
25515,0,0,0.013129704974743008
25525,0,0,0.07421693465935496
25527,0,0,0.013129704974743008
25529,0,0,0.013129704974743008
25530,0,0,0.013129704974743008
25532,0,0,0.013129704974743008
25536,0,0,0.013129704974743008
25541,0,0,0.013129704974743008
25544,0,0,0.013129704974743008
25545,1,1,1.0
25546,0,0,0.013129704974743008
25568,0,0,0.013129704974743008
25570,0,0,0.013129704974743008
25572,0,0,0.07421693465935496
25574,0,0,0.013129704974743008
25576,0,0,0.013129704974743008
25581,1,0,0.013129704974743008
25582,0,0,0.013129704974743008
25585,1,1,1.0
25588,0,0,0.013129704974743008
25590,0,0,0.013129704974743008
25602,0,0,0.013129704974743008
25603,0,0,0.013129704974743008
25604,0,0,0.013129704974743008
25605,0,0,0.013129704974743008
25611,0,0,0.07421693465935496
25629,0,0,0.013129704974743008
25636,0,0,0.013129704974743008
25639,0,0,0.013129704974743008
25644,0,0,0.013129704974743008
25655,0,0,0.07421693465935496
25662,0,0,0.013129704974743008
25664,0,0,0.013129704974743008
25668,0,0,0.07421693465935496
25670,1,1,1.0
25679,0,0,0.07421693465935496
25695,0,0,0.013129704974743008
25698,0,0,0.07421693465935496
25701,0,0,0.07421693465935496
25712,1,1,1.0
25714,0,0,0.07421693465935496
25718,0,0,0.07421693465935496
25720,1,1,1.0
25729,0,0,0.013129704974743008
25731,0,0,0.013129704974743008
25738,0,0,0.013129704974743008
25742,0,0,0.013129704974743008
25744,0,0,0.013129704974743008
25747,0,0,0.013129704974743008
25750,0,0,0.013129704974743008
25754,0,0,0.013129704974743008
25755,0,0,0.07421693465935496
25756,0,0,0.013129704974743008
25760,0,0,0.013129704974743008
25768,0,0,0.013129704974743008
25776,0,0,0.013129704974743008
25784,0,0,0.013129704974743008
25788,0,0,0.013129704974743008
25793,0,0,0.013129704974743008
25794,0,0,0.013129704974743008
25799,0,0,0.07421693465935496
25800,0,0,0.07421693465935496
25801,0,0,0.013129704974743008
25806,0,0,0.013129704974743008
25811,0,0,0.013129704974743008
25815,1,1,1.0
25823,0,0,0.013129704974743008
25833,0,0,0.013129704974743008
25837,0,0,0.013129704974743008
25842,0,0,0.07421693465935496
25845,0,0,0.013129704974743008
25846,0,0,0.013129704974743008
25856,0,0,0.07421693465935496
25860,0,0,0.07421693465935496
25865,0,0,0.013129704974743008
25867,1,1,1.0
25870,0,0,0.013129704974743008
25881,0,0,0.013129704974743008
25887,0,0,0.07421693465935496
25893,0,0,0.013129704974743008
25898,0,0,0.013129704974743008
25899,0,0,0.013129704974743008
25900,0,0,0.013129704974743008
25903,0,0,0.07421693465935496
25904,0,0,0.013129704974743008
25916,0,0,0.07421693465935496
25917,1,0,0.07421693465935496
25918,0,0,0.07421693465935496
25919,0,0,0.07421693465935496
25921,0,0,0.013129704974743008
25924,0,0,0.013129704974743008
25927,0,0,0.013129704974743008
25931,0,0,0.013129704974743008
25935,0,0,0.013129704974743008
25936,0,0,0.013129704974743008
25943,0,0,0.07421693465935496
25948,0,0,0.013129704974743008
25954,0,0,0.013129704974743008
25959,0,0,0.013129704974743008
25962,0,0,0.013129704974743008
25963,1,1,1.0
25964,0,0,0.013129704974743008
25965,0,0,0.013129704974743008
25966,0,0,0.013129704974743008
25972,0,0,0.013129704974743008
25973,0,0,0.013129704974743008
25977,0,0,0.013129704974743008
25980,0,0,0.013129704974743008
25985,0,0,0.07421693465935496
25992,1,0,0.07421693465935496
25993,0,0,0.013129704974743008
25996,0,0,0.013129704974743008
25998,0,0,0.013129704974743008
26002,0,0,0.013129704974743008
26005,0,0,0.07421693465935496
26007,0,0,0.07421693465935496
26008,1,1,1.0
26013,0,0,0.013129704974743008
26016,0,0,0.013129704974743008
26017,0,0,0.013129704974743008
26019,0,0,0.013129704974743008
26021,0,0,0.013129704974743008
26024,0,0,0.07421693465935496
26027,0,0,0.013129704974743008
26038,0,0,0.013129704974743008
26043,0,0,0.013129704974743008
26047,0,0,0.07421693465935496
26049,0,0,0.013129704974743008
26059,0,0,0.013129704974743008
26064,0,0,0.013129704974743008
26065,0,0,0.07421693465935496
26067,0,0,0.013129704974743008
26068,0,0,0.07421693465935496
26073,0,0,0.013129704974743008
26075,0,0,0.013129704974743008
26089,0,0,0.013129704974743008
26091,0,0,0.013129704974743008
26095,0,0,0.013129704974743008
26096,0,0,0.013129704974743008
26098,0,0,0.07421693465935496
26100,0,0,0.013129704974743008
26101,0,0,0.07421693465935496
26104,0,0,0.07421693465935496
26108,0,0,0.07421693465935496
26110,0,0,0.013129704974743008
26113,0,0,0.07421693465935496
26115,0,0,0.07421693465935496
26117,0,0,0.07421693465935496
26121,0,0,0.013129704974743008
26144,0,0,0.013129704974743008
26154,0,0,0.013129704974743008
26163,0,0,0.013129704974743008
26165,0,0,0.013129704974743008
26169,0,0,0.07421693465935496
26170,0,0,0.07421693465935496
26180,0,0,0.013129704974743008
26182,0,0,0.013129704974743008
26186,1,1,1.0
26189,0,0,0.013129704974743008
26194,0,0,0.07421693465935496
26197,0,0,0.013129704974743008
26199,0,0,0.07421693465935496
26203,0,0,0.013129704974743008
26210,0,0,0.07421693465935496
26216,0,0,0.013129704974743008
26218,0,0,0.013129704974743008
26222,0,0,0.013129704974743008
26224,0,0,0.013129704974743008
26227,0,0,0.07421693465935496
26231,1,0,0.07421693465935496
26239,0,0,0.07421693465935496
26250,0,0,0.07421693465935496
26252,0,0,0.013129704974743008
26260,0,0,0.013129704974743008
26261,0,0,0.013129704974743008
26262,0,0,0.013129704974743008
26264,0,0,0.07421693465935496
26268,1,1,1.0
26269,0,0,0.07421693465935496
26270,0,0,0.07421693465935496
26273,0,0,0.013129704974743008
26282,0,0,0.013129704974743008
26289,0,0,0.013129704974743008
26291,0,0,0.07421693465935496
26295,0,0,0.013129704974743008
26305,0,0,0.07421693465935496
26316,0,0,0.013129704974743008
26322,0,0,0.07421693465935496
26326,0,0,0.013129704974743008
26331,0,0,0.013129704974743008
26334,0,0,0.013129704974743008
26338,0,0,0.07421693465935496
26341,0,0,0.013129704974743008
26346,0,0,0.07421693465935496
26347,0,0,0.013129704974743008
26352,0,0,0.013129704974743008
26363,0,0,0.013129704974743008
26365,0,0,0.07421693465935496
26368,0,0,0.013129704974743008
26378,0,0,0.013129704974743008
26386,0,0,0.013129704974743008
26388,0,0,0.013129704974743008
26393,0,0,0.07421693465935496
26407,0,0,0.013129704974743008
26408,0,0,0.013129704974743008
26414,0,0,0.013129704974743008
26436,1,0,0.07421693465935496
26438,0,0,0.013129704974743008
26452,0,0,0.013129704974743008
26458,0,0,0.07421693465935496
26468,0,0,0.013129704974743008
26469,0,0,0.013129704974743008
26477,0,0,0.013129704974743008
26481,0,0,0.07421693465935496
26486,0,0,0.013129704974743008
26488,0,0,0.013129704974743008
26491,0,0,0.013129704974743008
26494,0,0,0.013129704974743008
26511,0,0,0.013129704974743008
26512,0,0,0.013129704974743008
26515,0,0,0.013129704974743008
26525,0,0,0.013129704974743008
26531,0,0,0.013129704974743008
26535,0,0,0.013129704974743008
26538,0,0,0.013129704974743008
26540,0,0,0.013129704974743008
26542,0,0,0.013129704974743008
26544,0,0,0.013129704974743008
26545,0,0,0.07421693465935496
26546,0,0,0.013129704974743008
26563,0,0,0.013129704974743008
26568,1,1,1.0
26576,0,0,0.07421693465935496
26578,0,0,0.013129704974743008
26580,0,0,0.013129704974743008
26587,0,0,0.013129704974743008
26590,0,0,0.07421693465935496
26596,0,0,0.013129704974743008
26601,0,0,0.013129704974743008
26603,0,0,0.013129704974743008
26610,0,0,0.013129704974743008
26616,0,0,0.07421693465935496
26620,0,0,0.013129704974743008
26631,0,0,0.013129704974743008
26633,0,0,0.013129704974743008
26634,0,0,0.013129704974743008
26643,1,0,0.013129704974743008
26644,0,0,0.013129704974743008
26648,0,0,0.07421693465935496
26651,0,0,0.07421693465935496
26654,0,0,0.013129704974743008
26658,0,0,0.013129704974743008
26661,0,0,0.07421693465935496
26662,0,0,0.013129704974743008
26665,0,0,0.013129704974743008
26678,0,0,0.013129704974743008
26680,0,0,0.013129704974743008
26682,0,0,0.013129704974743008
26692,1,1,1.0
26693,0,0,0.013129704974743008
26696,0,0,0.013129704974743008
26705,0,0,0.013129704974743008
26713,0,0,0.013129704974743008
26715,1,1,1.0
26718,0,0,0.013129704974743008
26719,0,0,0.013129704974743008
26720,0,0,0.013129704974743008
26723,0,0,0.013129704974743008
26730,1,1,1.0
26733,0,0,0.013129704974743008
26742,0,0,0.013129704974743008
26743,0,0,0.013129704974743008
26747,0,0,0.07421693465935496
26752,0,0,0.013129704974743008
26756,0,0,0.07421693465935496
26762,0,0,0.07421693465935496
26763,0,0,0.013129704974743008
26764,0,0,0.07421693465935496
26772,1,0,0.07421693465935496
26776,0,0,0.013129704974743008
26789,0,0,0.013129704974743008
26795,0,0,0.013129704974743008
26802,0,0,0.013129704974743008
26806,0,0,0.07421693465935496
26813,0,0,0.013129704974743008
26824,0,0,0.013129704974743008
26827,0,0,0.07421693465935496
26830,0,0,0.013129704974743008
26838,0,0,0.07421693465935496
26842,0,0,0.013129704974743008
26845,0,0,0.07421693465935496
26855,0,0,0.013129704974743008
26856,0,0,0.013129704974743008
26859,1,0,0.013129704974743008
26864,0,0,0.013129704974743008
26872,0,0,0.013129704974743008
26876,0,0,0.013129704974743008
26877,0,0,0.013129704974743008
26879,0,0,0.013129704974743008
26882,0,0,0.013129704974743008
26883,0,0,0.013129704974743008
26891,0,0,0.07421693465935496
26895,0,0,0.013129704974743008
26897,0,0,0.013129704974743008
26900,0,0,0.013129704974743008
26902,0,0,0.07421693465935496
26904,0,0,0.07421693465935496
26909,0,0,0.07421693465935496
26920,0,0,0.013129704974743008
26921,0,0,0.013129704974743008
26928,0,0,0.013129704974743008
26931,0,0,0.013129704974743008
26934,0,0,0.013129704974743008
26937,0,0,0.013129704974743008
26945,0,0,0.013129704974743008
26949,1,1,1.0
26956,0,0,0.013129704974743008
26961,0,0,0.013129704974743008
26971,0,0,0.013129704974743008
26974,1,1,1.0
26975,0,0,0.013129704974743008
26980,0,0,0.013129704974743008
26984,0,0,0.013129704974743008
26993,0,0,0.07421693465935496
26995,0,0,0.07421693465935496
26996,0,0,0.013129704974743008
27002,1,1,1.0
27026,0,0,0.013129704974743008
27029,0,0,0.013129704974743008
27030,0,0,0.013129704974743008
27031,0,0,0.07421693465935496
27037,0,0,0.013129704974743008
27039,0,0,0.07421693465935496
27048,0,0,0.07421693465935496
27067,0,0,0.07421693465935496
27069,0,0,0.013129704974743008
27074,0,0,0.013129704974743008
27084,0,0,0.013129704974743008
27098,0,0,0.07421693465935496
27100,0,0,0.07421693465935496
27106,1,1,1.0
27107,0,0,0.013129704974743008
27109,0,0,0.013129704974743008
27123,0,0,0.013129704974743008
27136,0,0,0.013129704974743008
27137,0,0,0.013129704974743008
27143,0,0,0.013129704974743008
27144,0,0,0.013129704974743008
27145,0,0,0.07421693465935496
27148,0,0,0.013129704974743008
27150,0,0,0.013129704974743008
27153,0,0,0.013129704974743008
27155,0,0,0.07421693465935496
27160,0,0,0.013129704974743008
27167,0,0,0.07421693465935496
27173,1,1,1.0
27175,0,0,0.013129704974743008
27177,0,0,0.013129704974743008
27183,0,0,0.013129704974743008
27191,1,1,1.0
27192,0,0,0.07421693465935496
27199,0,0,0.013129704974743008
27211,0,0,0.07421693465935496
27213,1,1,1.0
27221,0,0,0.07421693465935496
27225,0,0,0.013129704974743008
27226,0,0,0.013129704974743008
27228,1,1,1.0
27230,0,0,0.013129704974743008
27235,0,0,0.013129704974743008
27248,0,0,0.013129704974743008
27250,0,0,0.013129704974743008
27255,1,1,1.0
27256,0,0,0.013129704974743008
27260,0,0,0.07421693465935496
27267,0,0,0.07421693465935496
27274,0,0,0.013129704974743008
27281,0,0,0.07421693465935496
27299,0,0,0.013129704974743008
27301,0,0,0.013129704974743008
27304,0,0,0.013129704974743008
27305,0,0,0.013129704974743008
27315,0,0,0.013129704974743008
27319,0,0,0.013129704974743008
27326,0,0,0.013129704974743008
27327,0,0,0.013129704974743008
27341,0,0,0.013129704974743008
27349,0,0,0.07421693465935496
27350,0,0,0.013129704974743008
27354,0,0,0.013129704974743008
27355,0,0,0.013129704974743008
27365,0,0,0.07421693465935496
27367,1,1,1.0
27370,0,0,0.013129704974743008
27380,0,0,0.07421693465935496
27388,0,0,0.013129704974743008
27389,0,0,0.013129704974743008
27392,0,0,0.013129704974743008
27396,0,0,0.07421693465935496
27405,0,0,0.013129704974743008
27412,0,0,0.013129704974743008
27430,0,0,0.013129704974743008
27436,0,0,0.013129704974743008
27441,0,0,0.013129704974743008
27455,1,1,1.0
27460,0,0,0.013129704974743008
27468,0,0,0.013129704974743008
27479,0,0,0.07421693465935496
27490,0,0,0.07421693465935496
27496,0,0,0.013129704974743008
27497,0,0,0.013129704974743008
27499,1,1,1.0
27500,0,0,0.013129704974743008
27502,0,0,0.013129704974743008
27508,0,0,0.07421693465935496
27514,0,0,0.013129704974743008
27520,0,0,0.07421693465935496
27525,0,0,0.013129704974743008
27526,0,0,0.013129704974743008
27528,0,0,0.013129704974743008
27529,0,0,0.013129704974743008
27537,0,0,0.013129704974743008
27540,0,0,0.013129704974743008
27543,0,0,0.013129704974743008
27545,0,0,0.07421693465935496
27569,0,0,0.07421693465935496
27578,0,0,0.07421693465935496
27591,0,0,0.07421693465935496
27600,0,0,0.013129704974743008
27606,0,0,0.013129704974743008
27607,0,0,0.013129704974743008
27629,1,1,1.0
27631,0,0,0.013129704974743008
27636,0,0,0.013129704974743008
27638,0,0,0.013129704974743008
27641,0,0,0.013129704974743008
27648,0,0,0.013129704974743008
27654,0,0,0.013129704974743008
27665,0,0,0.013129704974743008
27667,0,0,0.013129704974743008
27672,0,0,0.013129704974743008
27676,0,0,0.013129704974743008
27677,0,0,0.013129704974743008
27685,1,0,0.07421693465935496
27695,0,0,0.013129704974743008
27698,0,0,0.07421693465935496
27699,0,0,0.07421693465935496
27706,0,0,0.013129704974743008
27709,0,0,0.013129704974743008
27711,0,0,0.07421693465935496
27712,0,0,0.013129704974743008
27721,0,0,0.013129704974743008
27724,1,1,1.0
27725,0,0,0.07421693465935496
27727,0,0,0.013129704974743008
27731,0,0,0.07421693465935496
27734,0,0,0.013129704974743008
27738,0,0,0.013129704974743008
27744,0,0,0.013129704974743008
27748,0,0,0.013129704974743008
27753,0,0,0.013129704974743008
27758,0,0,0.013129704974743008
27759,0,0,0.07421693465935496
27760,0,0,0.013129704974743008
27767,0,0,0.07421693465935496
27770,0,0,0.013129704974743008
27772,0,0,0.07421693465935496
27779,0,0,0.013129704974743008
27794,0,0,0.013129704974743008
27805,0,0,0.013129704974743008
27808,0,0,0.013129704974743008
27814,0,0,0.07421693465935496
27817,0,0,0.013129704974743008
27818,0,0,0.013129704974743008
27819,0,0,0.013129704974743008
27820,0,0,0.013129704974743008
27822,0,0,0.013129704974743008
27833,0,0,0.07421693465935496
27837,0,0,0.07421693465935496
27838,0,0,0.07421693465935496
27853,1,1,1.0
27855,0,0,0.013129704974743008
27866,0,0,0.013129704974743008
27869,0,0,0.07421693465935496
27873,0,0,0.013129704974743008
27879,0,0,0.07421693465935496
27887,0,0,0.013129704974743008
27891,1,0,0.013129704974743008
27894,0,0,0.07421693465935496
27895,0,0,0.07421693465935496
27903,0,0,0.07421693465935496
27910,0,0,0.07421693465935496
27911,0,0,0.07421693465935496
27912,0,0,0.013129704974743008
27913,0,0,0.013129704974743008
27919,0,0,0.013129704974743008
27925,0,0,0.013129704974743008
27944,0,0,0.013129704974743008
27946,0,0,0.013129704974743008
27949,0,0,0.013129704974743008
27952,0,0,0.013129704974743008
27956,0,0,0.07421693465935496
27959,0,0,0.07421693465935496
27967,0,0,0.013129704974743008
27968,0,0,0.013129704974743008
27975,0,0,0.013129704974743008
27985,0,0,0.013129704974743008
27990,0,0,0.013129704974743008
27994,1,0,0.07421693465935496
28015,0,0,0.013129704974743008
28017,0,0,0.013129704974743008
28018,0,0,0.013129704974743008
28025,0,0,0.013129704974743008
28027,0,0,0.013129704974743008
28032,0,0,0.013129704974743008
28037,0,0,0.013129704974743008
28041,0,0,0.013129704974743008
28048,0,0,0.07421693465935496
28059,0,0,0.013129704974743008
28063,0,0,0.07421693465935496
28075,0,0,0.013129704974743008
28081,0,0,0.07421693465935496
28085,0,0,0.013129704974743008
28088,0,0,0.07421693465935496
28089,0,0,0.013129704974743008
28092,1,1,1.0
28095,0,0,0.07421693465935496
28102,0,0,0.013129704974743008
28103,0,0,0.013129704974743008
28107,0,0,0.013129704974743008
28108,0,0,0.07421693465935496
28113,0,0,0.013129704974743008
28114,0,0,0.013129704974743008
28117,0,0,0.013129704974743008
28119,0,0,0.07421693465935496
28127,0,0,0.07421693465935496
28129,0,0,0.013129704974743008
28130,0,0,0.013129704974743008
28147,0,0,0.013129704974743008
28150,0,0,0.07421693465935496
28159,0,0,0.013129704974743008
28164,0,0,0.013129704974743008
28166,0,0,0.013129704974743008
28170,0,0,0.07421693465935496
28174,1,1,1.0
28183,0,0,0.07421693465935496
28184,0,0,0.07421693465935496
28189,0,0,0.07421693465935496
28192,0,0,0.013129704974743008
28196,0,0,0.013129704974743008
28204,0,0,0.07421693465935496
28221,0,0,0.013129704974743008
28228,0,0,0.013129704974743008
28229,0,0,0.013129704974743008
28234,0,0,0.07421693465935496
28235,1,1,1.0
28240,0,0,0.013129704974743008
28241,0,0,0.013129704974743008
28242,0,0,0.013129704974743008
28245,0,0,0.013129704974743008
28258,0,0,0.013129704974743008
28260,0,0,0.013129704974743008
28262,0,0,0.07421693465935496
28265,0,0,0.07421693465935496
28269,0,0,0.013129704974743008
28271,0,0,0.07421693465935496
28281,1,0,0.013129704974743008
28283,0,0,0.013129704974743008
28284,0,0,0.07421693465935496
28290,0,0,0.013129704974743008
28291,0,0,0.07421693465935496
28297,0,0,0.07421693465935496
28298,0,0,0.013129704974743008
28300,0,0,0.013129704974743008
28305,0,0,0.013129704974743008
28307,0,0,0.013129704974743008
28313,0,0,0.013129704974743008
28314,0,0,0.013129704974743008
28315,1,1,1.0
28330,0,0,0.013129704974743008
28332,1,1,1.0
28334,0,0,0.013129704974743008
28335,0,0,0.013129704974743008
28337,0,0,0.013129704974743008
28341,0,0,0.013129704974743008
28344,0,0,0.013129704974743008
28346,0,0,0.013129704974743008
28348,0,0,0.013129704974743008
28352,0,0,0.07421693465935496
28353,0,0,0.013129704974743008
28367,0,0,0.013129704974743008
28372,0,0,0.07421693465935496
28374,0,0,0.07421693465935496
28376,0,0,0.013129704974743008
28377,0,0,0.013129704974743008
28380,0,0,0.07421693465935496
28381,0,0,0.07421693465935496
28383,0,0,0.013129704974743008
28397,0,0,0.013129704974743008
28399,0,0,0.013129704974743008
28402,0,0,0.07421693465935496
28408,0,0,0.07421693465935496
28414,0,0,0.013129704974743008
28423,1,1,1.0
28446,0,0,0.013129704974743008
28450,0,0,0.013129704974743008
28454,0,0,0.013129704974743008
28463,0,0,0.013129704974743008
28465,1,1,1.0
28475,0,0,0.013129704974743008
28484,0,0,0.013129704974743008
28491,0,0,0.013129704974743008
28509,0,0,0.07421693465935496
28511,1,1,1.0
28517,0,0,0.013129704974743008
28518,0,0,0.013129704974743008
28521,0,0,0.013129704974743008
28534,0,0,0.013129704974743008
28547,0,0,0.013129704974743008
28548,0,0,0.07421693465935496
28550,0,0,0.013129704974743008
28551,1,1,1.0
28568,0,0,0.013129704974743008
28572,0,0,0.013129704974743008
28573,0,0,0.013129704974743008
28576,0,0,0.013129704974743008
28583,0,0,0.07421693465935496
28606,1,1,1.0
28607,0,0,0.013129704974743008
28609,0,0,0.07421693465935496
28614,1,0,0.07421693465935496
28619,0,0,0.013129704974743008
28623,0,0,0.013129704974743008
28636,0,0,0.013129704974743008
28643,0,0,0.013129704974743008
28644,0,0,0.07421693465935496
28647,0,0,0.013129704974743008
28655,0,0,0.07421693465935496
28658,0,0,0.013129704974743008
28661,0,0,0.013129704974743008
28667,1,1,1.0
28675,0,0,0.013129704974743008
28677,0,0,0.013129704974743008
28680,0,0,0.07421693465935496
28703,0,0,0.013129704974743008
28705,1,1,1.0
28706,1,0,0.07421693465935496
28711,0,0,0.013129704974743008
28720,0,0,0.013129704974743008
28726,1,1,1.0
28739,0,0,0.013129704974743008
28743,0,0,0.013129704974743008
28744,0,0,0.013129704974743008
28747,0,0,0.013129704974743008
28750,0,0,0.013129704974743008
28755,0,0,0.013129704974743008
28758,0,0,0.013129704974743008
28759,0,0,0.013129704974743008
28761,0,0,0.013129704974743008
28770,0,0,0.013129704974743008
28772,0,0,0.013129704974743008
28773,0,0,0.013129704974743008
28778,0,0,0.07421693465935496
28779,0,0,0.07421693465935496
28785,0,0,0.013129704974743008
28795,0,0,0.013129704974743008
28798,1,1,1.0
28799,0,0,0.07421693465935496
28800,0,0,0.013129704974743008
28805,0,0,0.013129704974743008
28809,0,0,0.013129704974743008
28810,1,0,0.07421693465935496
28813,0,0,0.013129704974743008
28818,0,0,0.013129704974743008
28822,0,0,0.013129704974743008
28835,0,0,0.07421693465935496
28836,0,0,0.07421693465935496
28838,0,0,0.013129704974743008
28839,0,0,0.013129704974743008
28840,0,0,0.013129704974743008
28856,0,0,0.07421693465935496
28862,0,0,0.07421693465935496
28863,0,0,0.013129704974743008
28864,0,0,0.013129704974743008
28865,0,0,0.013129704974743008
28870,0,0,0.013129704974743008
28875,0,0,0.07421693465935496
28877,0,0,0.07421693465935496
28878,0,0,0.07421693465935496
28886,0,0,0.013129704974743008
28889,0,0,0.07421693465935496
28895,0,0,0.013129704974743008
28901,0,0,0.013129704974743008
28927,0,0,0.013129704974743008
28940,0,0,0.07421693465935496
28946,0,0,0.013129704974743008
28952,0,0,0.013129704974743008
28966,0,0,0.013129704974743008
28975,1,1,1.0
28976,1,1,1.0
28984,0,0,0.013129704974743008
28989,0,0,0.013129704974743008
28994,0,0,0.07421693465935496
29009,0,0,0.013129704974743008
29010,0,0,0.07421693465935496
29013,0,0,0.013129704974743008
29015,0,0,0.013129704974743008
29020,0,0,0.07421693465935496
29021,0,0,0.07421693465935496
29031,0,0,0.013129704974743008
29036,0,0,0.013129704974743008
29039,0,0,0.013129704974743008
29048,0,0,0.07421693465935496
29050,0,0,0.07421693465935496
29051,0,0,0.013129704974743008
29057,0,0,0.07421693465935496
29063,0,0,0.013129704974743008
29069,0,0,0.07421693465935496
29070,0,0,0.013129704974743008
29081,0,0,0.013129704974743008
29085,0,0,0.013129704974743008
29086,0,0,0.013129704974743008
29102,0,0,0.013129704974743008
29119,0,0,0.013129704974743008
29125,0,0,0.013129704974743008
29130,0,0,0.07421693465935496
29142,0,0,0.013129704974743008
29157,0,0,0.013129704974743008
29158,0,0,0.013129704974743008
29173,0,0,0.07421693465935496
29177,0,0,0.07421693465935496
29180,0,0,0.07421693465935496
29181,1,0,0.07421693465935496
29184,0,0,0.013129704974743008
29188,0,0,0.013129704974743008
29191,0,0,0.013129704974743008
29203,0,0,0.013129704974743008
29207,0,0,0.013129704974743008
29210,0,0,0.013129704974743008
29220,0,0,0.013129704974743008
29222,0,0,0.07421693465935496
29227,0,0,0.013129704974743008
29232,0,0,0.07421693465935496
29246,0,0,0.013129704974743008
29251,0,0,0.013129704974743008
29270,0,0,0.013129704974743008
29272,0,0,0.013129704974743008
29279,0,0,0.013129704974743008
29282,0,0,0.013129704974743008
29285,0,0,0.07421693465935496
29290,0,0,0.013129704974743008
29293,0,0,0.013129704974743008
29298,0,0,0.013129704974743008
29299,0,0,0.013129704974743008
29300,0,0,0.07421693465935496
29301,0,0,0.013129704974743008
29308,0,0,0.013129704974743008
29311,0,0,0.07421693465935496
29317,0,0,0.07421693465935496
29321,0,0,0.013129704974743008
29324,0,0,0.013129704974743008
29326,0,0,0.013129704974743008
29332,0,0,0.013129704974743008
29333,0,0,0.07421693465935496
29338,0,0,0.013129704974743008
29340,0,0,0.07421693465935496
29343,0,0,0.013129704974743008
29346,0,0,0.013129704974743008
29367,1,1,1.0
29372,0,0,0.013129704974743008
29374,0,0,0.013129704974743008
29376,0,0,0.013129704974743008
29377,0,0,0.013129704974743008
29382,0,0,0.013129704974743008
29386,0,0,0.013129704974743008
29393,0,0,0.013129704974743008
29397,0,0,0.013129704974743008
29408,0,0,0.07421693465935496
29412,0,0,0.013129704974743008
29415,0,0,0.013129704974743008
29423,0,0,0.07421693465935496
29426,0,0,0.013129704974743008
29431,1,1,1.0
29432,0,0,0.07421693465935496
29433,0,0,0.013129704974743008
29434,0,0,0.013129704974743008
29445,0,0,0.013129704974743008
29447,0,0,0.07421693465935496
29450,0,0,0.013129704974743008
29454,0,0,0.013129704974743008
29455,1,1,1.0
29461,0,0,0.07421693465935496
29465,0,0,0.013129704974743008
29466,0,0,0.013129704974743008
29472,0,0,0.013129704974743008
29477,0,0,0.013129704974743008
29483,0,0,0.013129704974743008
29486,0,0,0.013129704974743008
29489,0,0,0.013129704974743008
29490,0,0,0.013129704974743008
29491,0,0,0.013129704974743008
29497,0,0,0.07421693465935496
29499,1,0,0.013129704974743008
29503,0,0,0.013129704974743008
29509,0,0,0.07421693465935496
29513,1,0,0.07421693465935496
29520,0,0,0.013129704974743008
29521,0,0,0.013129704974743008
29538,0,0,0.07421693465935496
29539,0,0,0.07421693465935496
29542,0,0,0.07421693465935496
29545,0,0,0.013129704974743008
29554,0,0,0.013129704974743008
29557,0,0,0.07421693465935496
29568,0,0,0.013129704974743008
29571,0,0,0.07421693465935496
29576,0,0,0.07421693465935496
29579,0,0,0.013129704974743008
29582,0,0,0.07421693465935496
29586,0,0,0.07421693465935496
29587,0,0,0.013129704974743008
29589,0,0,0.013129704974743008
29592,0,0,0.013129704974743008
29601,1,1,1.0
29607,0,0,0.07421693465935496
29608,0,0,0.013129704974743008
29609,0,0,0.013129704974743008
29618,0,0,0.07421693465935496
29625,0,0,0.07421693465935496
29650,0,0,0.013129704974743008
29651,0,0,0.07421693465935496
29657,0,0,0.013129704974743008
29659,0,0,0.013129704974743008
29665,0,0,0.013129704974743008
29668,0,0,0.013129704974743008
29680,0,0,0.07421693465935496
29682,0,0,0.013129704974743008
29684,0,0,0.013129704974743008
29685,0,0,0.013129704974743008
29687,1,1,1.0
29688,0,0,0.013129704974743008
29694,0,0,0.013129704974743008
29701,0,0,0.07421693465935496
29704,0,0,0.013129704974743008
29706,0,0,0.013129704974743008
29711,0,0,0.013129704974743008
29712,0,0,0.013129704974743008
29737,0,0,0.013129704974743008
29745,1,0,0.07421693465935496
29746,0,0,0.013129704974743008
29755,0,0,0.013129704974743008
29763,0,0,0.013129704974743008
29765,0,0,0.013129704974743008
29766,0,0,0.013129704974743008
29772,0,0,0.013129704974743008
29780,1,1,1.0
29782,0,0,0.013129704974743008
29797,0,0,0.013129704974743008
29801,0,0,0.013129704974743008
29802,0,0,0.07421693465935496
29812,0,0,0.07421693465935496
29818,0,0,0.07421693465935496
29823,0,0,0.07421693465935496
29824,0,0,0.013129704974743008
29825,0,0,0.013129704974743008
29832,0,0,0.013129704974743008
29833,0,0,0.013129704974743008
29841,0,0,0.013129704974743008
29843,0,0,0.013129704974743008
29846,0,0,0.07421693465935496
29849,1,0,0.07421693465935496
29855,1,1,1.0
29857,0,0,0.07421693465935496
29871,0,0,0.07421693465935496
29872,0,0,0.013129704974743008
29873,1,1,1.0
29880,0,0,0.07421693465935496
29885,0,0,0.013129704974743008
29889,0,0,0.013129704974743008
29892,0,0,0.07421693465935496
29894,0,0,0.07421693465935496
29895,0,0,0.013129704974743008
29902,0,0,0.013129704974743008
29903,1,1,1.0
29904,0,0,0.013129704974743008
29905,0,0,0.07421693465935496
29908,0,0,0.07421693465935496
29920,1,1,1.0
29925,0,0,0.013129704974743008
29928,0,0,0.013129704974743008
29933,0,0,0.013129704974743008
29943,0,0,0.07421693465935496
29944,0,0,0.013129704974743008
29948,0,0,0.07421693465935496
29952,0,0,0.013129704974743008
29970,0,0,0.013129704974743008
29972,0,0,0.013129704974743008
29973,0,0,0.07421693465935496
29976,0,0,0.013129704974743008
29983,0,0,0.013129704974743008
29984,0,0,0.013129704974743008
29988,0,0,0.013129704974743008
29995,0,0,0.013129704974743008
30016,0,0,0.013129704974743008
30018,0,0,0.013129704974743008
30023,0,0,0.013129704974743008
30033,0,0,0.07421693465935496
30034,0,0,0.013129704974743008
30035,0,0,0.013129704974743008
30036,0,0,0.013129704974743008
30037,0,0,0.013129704974743008
30041,0,0,0.013129704974743008
30043,0,0,0.013129704974743008
30045,0,0,0.013129704974743008
30050,0,0,0.013129704974743008
30071,0,0,0.07421693465935496
30073,0,0,0.013129704974743008
30074,0,0,0.013129704974743008
30081,0,0,0.013129704974743008
30083,0,0,0.013129704974743008
30086,0,0,0.013129704974743008
30093,1,0,0.07421693465935496
30097,0,0,0.013129704974743008
30100,0,0,0.013129704974743008
30106,0,0,0.013129704974743008
30108,0,0,0.013129704974743008
30109,0,0,0.07421693465935496
30118,0,0,0.013129704974743008
30119,0,0,0.013129704974743008
30133,1,0,0.07421693465935496
30137,0,0,0.013129704974743008
30138,0,0,0.013129704974743008
30146,1,1,1.0
30147,1,0,0.013129704974743008
30151,0,0,0.07421693465935496
30164,0,0,0.013129704974743008
30175,0,0,0.013129704974743008
30183,0,0,0.013129704974743008
30201,0,0,0.013129704974743008
30203,0,0,0.013129704974743008
30204,1,0,0.07421693465935496
30213,0,0,0.013129704974743008
30215,0,0,0.013129704974743008
30218,0,0,0.013129704974743008
30220,0,0,0.013129704974743008
30224,0,0,0.013129704974743008
30225,0,0,0.013129704974743008
30230,0,0,0.07421693465935496
30231,0,0,0.07421693465935496
30232,0,0,0.013129704974743008
30233,0,0,0.013129704974743008
30237,0,0,0.07421693465935496
30239,0,0,0.013129704974743008
30240,0,0,0.013129704974743008
30243,0,0,0.07421693465935496
30253,0,0,0.013129704974743008
30256,0,0,0.07421693465935496
30263,0,0,0.013129704974743008
30268,0,0,0.013129704974743008
30278,0,0,0.013129704974743008
30284,0,0,0.013129704974743008
30285,0,0,0.07421693465935496
30286,0,0,0.07421693465935496
30288,0,0,0.013129704974743008
30290,0,0,0.013129704974743008
30293,1,1,1.0
30295,0,0,0.013129704974743008
30297,0,0,0.07421693465935496
30301,0,0,0.07421693465935496
30302,0,0,0.013129704974743008
30306,0,0,0.013129704974743008
30307,0,0,0.013129704974743008
30310,0,0,0.07421693465935496
30311,0,0,0.013129704974743008
30315,0,0,0.013129704974743008
30319,0,0,0.013129704974743008
30323,0,0,0.013129704974743008
30328,1,0,0.07421693465935496
30330,0,0,0.07421693465935496
30332,0,0,0.013129704974743008
30333,0,0,0.013129704974743008
30335,0,0,0.013129704974743008
30338,0,0,0.013129704974743008
30339,0,0,0.013129704974743008
30344,0,0,0.013129704974743008
30345,0,0,0.013129704974743008
30347,0,0,0.07421693465935496
30355,0,0,0.07421693465935496
30358,0,0,0.013129704974743008
30360,0,0,0.07421693465935496
30363,0,0,0.013129704974743008
30364,0,0,0.013129704974743008
30374,0,0,0.013129704974743008
30379,0,0,0.07421693465935496
30385,1,1,1.0
30386,0,0,0.013129704974743008
30394,0,0,0.07421693465935496
30397,0,0,0.013129704974743008
30399,0,0,0.07421693465935496
30403,0,0,0.013129704974743008
30411,0,0,0.013129704974743008
30412,0,0,0.013129704974743008
30417,0,0,0.07421693465935496
30419,0,0,0.07421693465935496
30421,1,1,1.0
30426,0,0,0.07421693465935496
30428,0,0,0.07421693465935496
30429,0,0,0.013129704974743008
30430,0,0,0.013129704974743008
30432,0,0,0.07421693465935496
30441,0,0,0.013129704974743008
30444,0,0,0.013129704974743008
30451,0,0,0.07421693465935496
30457,0,0,0.07421693465935496
30459,0,0,0.013129704974743008
30461,0,0,0.013129704974743008
30462,0,0,0.013129704974743008
30469,0,0,0.07421693465935496
30473,0,0,0.013129704974743008
30474,0,0,0.013129704974743008
30475,0,0,0.07421693465935496
30479,0,0,0.013129704974743008
30480,0,0,0.013129704974743008
30493,0,0,0.013129704974743008
30494,0,0,0.013129704974743008
30495,0,0,0.07421693465935496
30503,0,0,0.013129704974743008
30504,0,0,0.013129704974743008
30511,0,0,0.013129704974743008
30515,0,0,0.07421693465935496
30519,0,0,0.07421693465935496
30524,0,0,0.013129704974743008
30528,0,0,0.013129704974743008
30535,0,0,0.07421693465935496
30537,1,1,1.0
30538,0,0,0.07421693465935496
30544,0,0,0.013129704974743008
30545,0,0,0.013129704974743008
30549,0,0,0.013129704974743008
30554,0,0,0.013129704974743008
30558,0,0,0.013129704974743008
30573,0,0,0.07421693465935496
30575,0,0,0.013129704974743008
30582,0,0,0.013129704974743008
30583,0,0,0.07421693465935496
30585,0,0,0.013129704974743008
30589,0,0,0.013129704974743008
30608,0,0,0.07421693465935496
30624,0,0,0.07421693465935496
30625,0,0,0.07421693465935496
30627,0,0,0.013129704974743008
30632,0,0,0.013129704974743008
30634,0,0,0.013129704974743008
30640,1,1,1.0
30643,0,0,0.07421693465935496
30649,0,0,0.013129704974743008
30651,0,0,0.013129704974743008
30653,0,0,0.013129704974743008
30660,0,0,0.07421693465935496
30663,0,0,0.013129704974743008
30664,0,0,0.013129704974743008
30670,0,0,0.013129704974743008
30672,0,0,0.013129704974743008
30674,0,0,0.013129704974743008
30678,0,0,0.013129704974743008
30679,1,1,1.0
30687,0,0,0.013129704974743008
30691,0,0,0.07421693465935496
30694,0,0,0.013129704974743008
30696,0,0,0.013129704974743008
30702,0,0,0.013129704974743008
30724,1,1,1.0
30729,0,0,0.013129704974743008
30731,0,0,0.013129704974743008
30735,0,0,0.07421693465935496
30737,1,1,1.0
30745,0,0,0.07421693465935496
30748,0,0,0.07421693465935496
30749,0,0,0.013129704974743008
30759,0,0,0.013129704974743008
30760,0,0,0.07421693465935496
30764,0,0,0.013129704974743008
30765,0,0,0.013129704974743008
30766,0,0,0.013129704974743008
30771,0,0,0.013129704974743008
30778,0,0,0.013129704974743008
30780,1,1,1.0
30788,0,0,0.013129704974743008
30789,0,0,0.013129704974743008
30793,0,0,0.07421693465935496
30801,0,0,0.013129704974743008
30803,0,0,0.013129704974743008
30807,0,0,0.07421693465935496
30812,0,0,0.013129704974743008
30817,0,0,0.013129704974743008
30819,0,0,0.013129704974743008
30821,0,0,0.013129704974743008
30826,0,0,0.013129704974743008
30827,1,1,1.0
30828,0,0,0.07421693465935496
30833,0,0,0.013129704974743008
30840,0,0,0.013129704974743008
30846,1,1,1.0
30848,1,1,1.0
30852,0,0,0.07421693465935496
30863,0,0,0.013129704974743008
30872,0,0,0.013129704974743008
30876,0,0,0.013129704974743008
30887,0,0,0.013129704974743008
30888,0,0,0.013129704974743008
30900,0,0,0.013129704974743008
30908,0,0,0.013129704974743008
30911,1,1,1.0
30913,0,0,0.013129704974743008
30921,0,0,0.013129704974743008
30927,0,0,0.013129704974743008
30936,0,0,0.013129704974743008
30941,0,0,0.013129704974743008
30952,0,0,0.07421693465935496
30959,0,0,0.013129704974743008
30964,0,0,0.013129704974743008
30965,0,0,0.013129704974743008
30975,0,0,0.013129704974743008
30980,0,0,0.07421693465935496
30985,0,0,0.07421693465935496
30993,0,0,0.013129704974743008
31000,0,0,0.07421693465935496
31012,0,0,0.013129704974743008
31015,0,0,0.07421693465935496
31019,0,0,0.013129704974743008
31020,0,0,0.013129704974743008
31024,0,0,0.013129704974743008
31028,0,0,0.013129704974743008
31030,0,0,0.013129704974743008
31036,0,0,0.013129704974743008
31044,0,0,0.013129704974743008
31046,0,0,0.013129704974743008
31047,0,0,0.013129704974743008
31048,0,0,0.013129704974743008
31056,0,0,0.013129704974743008
31060,0,0,0.013129704974743008
31063,0,0,0.07421693465935496
31068,0,0,0.013129704974743008
31071,0,0,0.013129704974743008
31073,0,0,0.013129704974743008
31074,0,0,0.07421693465935496
31080,0,0,0.07421693465935496
31086,0,0,0.013129704974743008
31107,0,0,0.013129704974743008
31118,0,0,0.013129704974743008
31119,0,0,0.013129704974743008
31123,0,0,0.07421693465935496
31134,0,0,0.013129704974743008
31137,0,0,0.013129704974743008
31139,0,0,0.07421693465935496
31143,0,0,0.013129704974743008
31145,0,0,0.013129704974743008
31159,0,0,0.013129704974743008
31161,0,0,0.013129704974743008
31167,0,0,0.07421693465935496
31178,1,1,1.0
31179,0,0,0.013129704974743008
31188,0,0,0.07421693465935496
31192,0,0,0.013129704974743008
31195,0,0,0.013129704974743008
31196,1,1,1.0
31198,0,0,0.07421693465935496
31203,0,0,0.013129704974743008
31209,1,1,1.0
31212,0,0,0.07421693465935496
31214,0,0,0.013129704974743008
31218,0,0,0.013129704974743008
31221,0,0,0.013129704974743008
31239,0,0,0.013129704974743008
31247,0,0,0.07421693465935496
31254,1,1,1.0
31267,0,0,0.013129704974743008
31268,0,0,0.013129704974743008
31274,0,0,0.07421693465935496
31277,0,0,0.013129704974743008
31282,0,0,0.07421693465935496
31290,0,0,0.013129704974743008
31291,0,0,0.013129704974743008
31294,0,0,0.013129704974743008
31295,1,1,1.0
31305,0,0,0.013129704974743008
31315,0,0,0.013129704974743008
31316,0,0,0.013129704974743008
31317,0,0,0.013129704974743008
31319,0,0,0.013129704974743008
31322,0,0,0.013129704974743008
31323,0,0,0.013129704974743008
31325,0,0,0.013129704974743008
31326,0,0,0.07421693465935496
31327,0,0,0.013129704974743008
31333,1,0,0.07421693465935496
31335,0,0,0.07421693465935496
31347,0,0,0.013129704974743008
31350,0,0,0.013129704974743008
31352,0,0,0.013129704974743008
31353,0,0,0.013129704974743008
31360,0,0,0.013129704974743008
31367,0,0,0.013129704974743008
31370,0,0,0.013129704974743008
31373,0,0,0.013129704974743008
31376,0,0,0.013129704974743008
31377,0,0,0.013129704974743008
31378,0,0,0.013129704974743008
31379,0,0,0.013129704974743008
31385,1,1,1.0
31402,0,0,0.013129704974743008
31408,0,0,0.013129704974743008
31414,0,0,0.013129704974743008
31423,0,0,0.013129704974743008
31427,0,0,0.013129704974743008
31428,0,0,0.013129704974743008
31443,0,0,0.013129704974743008
31444,0,0,0.013129704974743008
31452,0,0,0.07421693465935496
31460,0,0,0.07421693465935496
31463,0,0,0.013129704974743008
31465,0,0,0.013129704974743008
31466,0,0,0.013129704974743008
31472,0,0,0.013129704974743008
31476,0,0,0.07421693465935496
31488,0,0,0.013129704974743008
31490,0,0,0.013129704974743008
31493,0,0,0.013129704974743008
31495,1,1,1.0
31502,0,0,0.07421693465935496
31504,0,0,0.013129704974743008
31513,0,0,0.07421693465935496
31514,0,0,0.013129704974743008
31520,0,0,0.013129704974743008
31526,0,0,0.07421693465935496
31529,0,0,0.013129704974743008
31533,0,0,0.07421693465935496
31534,0,0,0.013129704974743008
31536,0,0,0.07421693465935496
31544,0,0,0.07421693465935496
31545,0,0,0.013129704974743008
31546,0,0,0.013129704974743008
31556,0,0,0.07421693465935496
31557,0,0,0.013129704974743008
31559,0,0,0.07421693465935496
31561,0,0,0.013129704974743008
31564,0,0,0.013129704974743008
31567,0,0,0.013129704974743008
31572,0,0,0.07421693465935496
31578,0,0,0.013129704974743008
31580,0,0,0.013129704974743008
31584,1,1,1.0
31585,0,0,0.07421693465935496
31603,0,0,0.013129704974743008
31612,0,0,0.013129704974743008
31620,1,1,1.0
31627,0,0,0.013129704974743008
31630,0,0,0.013129704974743008
31631,0,0,0.07421693465935496
31638,0,0,0.07421693465935496
31645,1,1,1.0
31649,0,0,0.013129704974743008
31655,0,0,0.013129704974743008
31659,0,0,0.013129704974743008
31660,0,0,0.013129704974743008
31663,0,0,0.07421693465935496
31664,0,0,0.07421693465935496
31672,0,0,0.07421693465935496
31673,0,0,0.013129704974743008
31678,1,1,1.0
31685,0,0,0.013129704974743008
31690,1,1,1.0
31696,0,0,0.013129704974743008
31699,0,0,0.013129704974743008
31705,0,0,0.07421693465935496
31709,0,0,0.013129704974743008
31710,0,0,0.07421693465935496
31712,0,0,0.013129704974743008
31714,0,0,0.013129704974743008
31716,0,0,0.07421693465935496
31729,0,0,0.013129704974743008
31735,0,0,0.07421693465935496
31737,0,0,0.013129704974743008
31738,0,0,0.07421693465935496
31741,0,0,0.07421693465935496
31746,0,0,0.013129704974743008
31749,0,0,0.013129704974743008
31754,0,0,0.013129704974743008
31755,0,0,0.013129704974743008
31764,0,0,0.013129704974743008
31777,0,0,0.013129704974743008
31798,0,0,0.013129704974743008
31802,0,0,0.013129704974743008
31807,0,0,0.013129704974743008
31812,0,0,0.013129704974743008
31819,0,0,0.013129704974743008
31823,0,0,0.013129704974743008
31832,0,0,0.07421693465935496
31833,0,0,0.013129704974743008
31839,0,0,0.07421693465935496
31840,1,1,1.0
31848,0,0,0.013129704974743008
31872,0,0,0.013129704974743008
31873,0,0,0.013129704974743008
31874,0,0,0.07421693465935496
31875,0,0,0.013129704974743008
31895,0,0,0.07421693465935496
31898,0,0,0.013129704974743008
31901,0,0,0.07421693465935496
31907,0,0,0.07421693465935496
31910,0,0,0.013129704974743008
31913,0,0,0.07421693465935496
31925,0,0,0.013129704974743008
31926,0,0,0.07421693465935496
31929,0,0,0.013129704974743008
31943,0,0,0.013129704974743008
31946,0,0,0.013129704974743008
31956,0,0,0.07421693465935496
31957,0,0,0.013129704974743008
31960,0,0,0.07421693465935496
31964,0,0,0.013129704974743008
31968,0,0,0.07421693465935496
31970,0,0,0.013129704974743008
31972,0,0,0.07421693465935496
31984,0,0,0.013129704974743008
31985,0,0,0.013129704974743008
31986,0,0,0.07421693465935496
31991,0,0,0.013129704974743008
31997,1,0,0.07421693465935496
32005,0,0,0.013129704974743008
32012,1,0,0.013129704974743008
32018,0,0,0.013129704974743008
32020,0,0,0.013129704974743008
32022,0,0,0.013129704974743008
32024,1,1,1.0
32031,0,0,0.013129704974743008
32032,0,0,0.013129704974743008
32033,0,0,0.07421693465935496
32035,0,0,0.07421693465935496
32039,0,0,0.013129704974743008
32049,0,0,0.07421693465935496
32060,0,0,0.013129704974743008
32061,0,0,0.013129704974743008
32064,0,0,0.013129704974743008
32065,0,0,0.013129704974743008
32073,0,0,0.013129704974743008
32075,0,0,0.013129704974743008
32087,0,0,0.013129704974743008
32088,0,0,0.07421693465935496
32089,1,0,0.07421693465935496
32096,0,0,0.013129704974743008
32103,0,0,0.013129704974743008
32115,0,0,0.013129704974743008
32118,0,0,0.07421693465935496
32124,0,0,0.013129704974743008
32125,0,0,0.013129704974743008
32127,0,0,0.013129704974743008
32133,0,0,0.013129704974743008
32134,0,0,0.013129704974743008
32138,0,0,0.013129704974743008
32142,0,0,0.013129704974743008
32143,0,0,0.013129704974743008
32144,0,0,0.013129704974743008
32150,0,0,0.013129704974743008
32162,0,0,0.013129704974743008
32170,0,0,0.07421693465935496
32172,0,0,0.013129704974743008
32173,0,0,0.07421693465935496
32176,0,0,0.013129704974743008
32177,0,0,0.013129704974743008
32180,0,0,0.013129704974743008
32190,0,0,0.013129704974743008
32198,0,0,0.013129704974743008
32226,0,0,0.07421693465935496
32232,0,0,0.07421693465935496
32233,0,0,0.013129704974743008
32244,0,0,0.013129704974743008
32248,1,1,1.0
32254,0,0,0.013129704974743008
32255,1,1,1.0
32263,0,0,0.013129704974743008
32265,0,0,0.013129704974743008
32281,0,0,0.013129704974743008
32283,0,0,0.07421693465935496
32292,0,0,0.013129704974743008
32293,0,0,0.013129704974743008
32309,0,0,0.013129704974743008
32310,0,0,0.013129704974743008
32318,0,0,0.07421693465935496
32323,0,0,0.013129704974743008
32325,0,0,0.013129704974743008
32327,0,0,0.013129704974743008
32336,0,0,0.07421693465935496
32340,1,1,1.0
32341,0,0,0.013129704974743008
32352,0,0,0.013129704974743008
32354,0,0,0.013129704974743008
32355,0,0,0.013129704974743008
32360,0,0,0.07421693465935496
32382,0,0,0.013129704974743008
32387,0,0,0.07421693465935496
32390,1,1,1.0
32398,0,0,0.013129704974743008
32408,0,0,0.07421693465935496
32413,0,0,0.013129704974743008
32414,0,0,0.013129704974743008
32418,1,0,0.07421693465935496
32433,0,0,0.013129704974743008
32435,0,0,0.07421693465935496
32440,0,0,0.013129704974743008
32441,0,0,0.013129704974743008
32456,0,0,0.013129704974743008
32459,0,0,0.013129704974743008
32467,0,0,0.013129704974743008
32469,0,0,0.013129704974743008
32470,0,0,0.013129704974743008
32473,0,0,0.013129704974743008
32483,0,0,0.013129704974743008
32484,0,0,0.013129704974743008
32485,0,0,0.013129704974743008
32508,0,0,0.013129704974743008
32515,1,0,0.07421693465935496
32519,0,0,0.013129704974743008
32525,0,0,0.013129704974743008
32534,0,0,0.013129704974743008
32535,0,0,0.013129704974743008
32541,0,0,0.013129704974743008
32549,0,0,0.013129704974743008
32550,1,0,0.013129704974743008
32557,0,0,0.07421693465935496
32567,0,0,0.013129704974743008
32569,0,0,0.013129704974743008
32573,0,0,0.013129704974743008
32582,0,0,0.013129704974743008
32586,0,0,0.013129704974743008
32587,0,0,0.013129704974743008
32589,0,0,0.07421693465935496
32597,0,0,0.013129704974743008
32601,0,0,0.013129704974743008
32608,0,0,0.013129704974743008
32609,0,0,0.013129704974743008
32613,0,0,0.013129704974743008
32620,0,0,0.07421693465935496
32622,0,0,0.07421693465935496
32626,0,0,0.013129704974743008
32631,0,0,0.013129704974743008
32641,0,0,0.013129704974743008
32660,0,0,0.013129704974743008
32667,0,0,0.013129704974743008
32669,0,0,0.013129704974743008
32670,0,0,0.07421693465935496
32671,0,0,0.07421693465935496
32673,0,0,0.07421693465935496
32674,0,0,0.013129704974743008
32675,0,0,0.013129704974743008
32678,0,0,0.013129704974743008
32680,0,0,0.013129704974743008
32693,0,0,0.07421693465935496
32701,0,0,0.07421693465935496
32704,0,0,0.013129704974743008
32705,0,0,0.07421693465935496
32711,0,0,0.013129704974743008
32719,0,0,0.013129704974743008
32727,0,0,0.013129704974743008
32728,0,0,0.07421693465935496
32729,0,0,0.07421693465935496
32731,0,0,0.013129704974743008
32734,0,0,0.013129704974743008
32736,0,0,0.013129704974743008
32737,0,0,0.013129704974743008
32742,0,0,0.013129704974743008
32746,1,1,1.0
32757,1,1,1.0
32761,1,0,0.07421693465935496
32766,0,0,0.013129704974743008
32770,1,1,1.0
32788,0,0,0.07421693465935496
32790,0,0,0.013129704974743008
32795,0,0,0.013129704974743008
32796,1,0,0.013129704974743008
32798,0,0,0.013129704974743008
32800,0,0,0.07421693465935496
32802,0,0,0.013129704974743008
32803,0,0,0.07421693465935496
32810,1,0,0.07421693465935496
32811,0,0,0.013129704974743008
32819,1,0,0.07421693465935496
32825,0,0,0.013129704974743008
32833,0,0,0.07421693465935496
32835,0,0,0.07421693465935496
32838,0,0,0.07421693465935496
32842,0,0,0.07421693465935496
32845,0,0,0.013129704974743008
32855,0,0,0.013129704974743008
32866,0,0,0.07421693465935496
32871,0,0,0.013129704974743008
32878,0,0,0.07421693465935496
32881,0,0,0.013129704974743008
32888,0,0,0.013129704974743008
32894,0,0,0.07421693465935496
32914,0,0,0.07421693465935496
32916,1,1,1.0
32924,0,0,0.07421693465935496
32934,0,0,0.013129704974743008
32937,0,0,0.013129704974743008
32939,0,0,0.013129704974743008
32964,0,0,0.013129704974743008
32966,0,0,0.013129704974743008
32968,1,0,0.013129704974743008
32976,0,0,0.013129704974743008
32994,0,0,0.07421693465935496
32995,0,0,0.013129704974743008
33001,0,0,0.013129704974743008
33011,0,0,0.013129704974743008
33012,0,0,0.013129704974743008
33014,0,0,0.013129704974743008
33024,0,0,0.013129704974743008
33029,0,0,0.013129704974743008
33031,1,1,1.0
33034,0,0,0.07421693465935496
33038,0,0,0.013129704974743008
33043,0,0,0.013129704974743008
33050,0,0,0.013129704974743008
33056,0,0,0.013129704974743008
33058,0,0,0.013129704974743008
33061,1,1,1.0
33063,0,0,0.013129704974743008
33064,0,0,0.013129704974743008
33066,0,0,0.013129704974743008
33071,0,0,0.07421693465935496
33074,0,0,0.013129704974743008
33086,0,0,0.013129704974743008
33091,0,0,0.013129704974743008
33102,1,1,1.0
33107,0,0,0.013129704974743008
33109,1,1,1.0
33110,0,0,0.013129704974743008
33112,0,0,0.013129704974743008
33114,0,0,0.07421693465935496
33120,0,0,0.013129704974743008
33121,0,0,0.013129704974743008
33124,0,0,0.013129704974743008
33125,0,0,0.013129704974743008
33135,0,0,0.013129704974743008
33136,0,0,0.013129704974743008
33141,0,0,0.013129704974743008
33155,0,0,0.013129704974743008
33157,0,0,0.013129704974743008
33159,0,0,0.013129704974743008
33167,0,0,0.013129704974743008
33172,0,0,0.013129704974743008
33176,0,0,0.013129704974743008
33179,0,0,0.013129704974743008
33180,0,0,0.013129704974743008
33181,0,0,0.013129704974743008
33186,1,1,1.0
33195,0,0,0.013129704974743008
33201,0,0,0.013129704974743008
33227,0,0,0.013129704974743008
33228,0,0,0.07421693465935496
33230,0,0,0.013129704974743008
33237,0,0,0.013129704974743008
33246,0,0,0.07421693465935496
33249,0,0,0.07421693465935496
33253,0,0,0.013129704974743008
33259,0,0,0.013129704974743008
33273,0,0,0.013129704974743008
33282,0,0,0.013129704974743008
33286,1,0,0.013129704974743008
33306,1,0,0.013129704974743008
33310,1,0,0.07421693465935496
33317,0,0,0.013129704974743008
33329,0,0,0.013129704974743008
33331,0,0,0.013129704974743008
33340,0,0,0.013129704974743008
33342,0,0,0.013129704974743008
33346,0,0,0.013129704974743008
33347,0,0,0.013129704974743008
33349,0,0,0.013129704974743008
33354,0,0,0.07421693465935496
33360,0,0,0.07421693465935496
33361,0,0,0.013129704974743008
33364,0,0,0.07421693465935496
33371,0,0,0.013129704974743008
33373,0,0,0.07421693465935496
33377,0,0,0.07421693465935496
33378,0,0,0.013129704974743008
33379,0,0,0.013129704974743008
33401,0,0,0.07421693465935496
33404,0,0,0.07421693465935496
33405,0,0,0.013129704974743008
33407,0,0,0.013129704974743008
33409,0,0,0.013129704974743008
33412,0,0,0.013129704974743008
33418,0,0,0.013129704974743008
33423,0,0,0.013129704974743008
33427,0,0,0.013129704974743008
33429,0,0,0.013129704974743008
33430,0,0,0.013129704974743008
33432,0,0,0.013129704974743008
33443,0,0,0.013129704974743008
33452,0,0,0.07421693465935496
33453,0,0,0.013129704974743008
33462,1,1,1.0
33469,0,0,0.013129704974743008
33472,0,0,0.013129704974743008
33483,1,1,1.0
33484,0,0,0.07421693465935496
33487,0,0,0.013129704974743008
33491,0,0,0.013129704974743008
33499,0,0,0.013129704974743008
33501,0,0,0.013129704974743008
33505,0,0,0.013129704974743008
33514,0,0,0.013129704974743008
33520,0,0,0.013129704974743008
33521,0,0,0.013129704974743008
33522,0,0,0.013129704974743008
33525,0,0,0.013129704974743008
33527,0,0,0.013129704974743008
33532,0,0,0.013129704974743008
33537,0,0,0.013129704974743008
33546,0,0,0.013129704974743008
33550,0,0,0.013129704974743008
33551,0,0,0.013129704974743008
33560,0,0,0.07421693465935496
33578,0,0,0.07421693465935496
33581,0,0,0.013129704974743008
33594,0,0,0.013129704974743008
33597,1,0,0.07421693465935496
33602,0,0,0.07421693465935496
33616,0,0,0.07421693465935496
33638,0,0,0.07421693465935496
33648,0,0,0.07421693465935496
33649,0,0,0.07421693465935496
33655,0,0,0.07421693465935496
33675,1,1,1.0
33682,0,0,0.013129704974743008
33685,0,0,0.013129704974743008
33686,0,0,0.013129704974743008
33688,0,0,0.07421693465935496
33699,0,0,0.013129704974743008
33701,0,0,0.07421693465935496
33703,0,0,0.07421693465935496
33706,0,0,0.013129704974743008
33709,0,0,0.013129704974743008
33712,0,0,0.013129704974743008
33718,0,0,0.07421693465935496
33719,0,0,0.07421693465935496
33720,0,0,0.013129704974743008
33731,0,0,0.013129704974743008
33741,0,0,0.013129704974743008
33749,0,0,0.013129704974743008
33772,0,0,0.07421693465935496
33776,0,0,0.07421693465935496
33777,0,0,0.013129704974743008
33782,0,0,0.013129704974743008
33784,0,0,0.013129704974743008
33789,0,0,0.013129704974743008
33790,0,0,0.013129704974743008
33791,0,0,0.013129704974743008
33794,0,0,0.013129704974743008
33812,0,0,0.013129704974743008
33822,0,0,0.013129704974743008
33826,0,0,0.07421693465935496
33834,0,0,0.07421693465935496
33839,0,0,0.013129704974743008
33843,0,0,0.013129704974743008
33848,0,0,0.013129704974743008
33853,0,0,0.013129704974743008
33857,0,0,0.013129704974743008
33872,0,0,0.07421693465935496
33877,0,0,0.013129704974743008
33888,0,0,0.013129704974743008
33889,0,0,0.07421693465935496
33902,0,0,0.07421693465935496
33916,0,0,0.013129704974743008
33925,1,1,1.0
33926,0,0,0.013129704974743008
33929,0,0,0.013129704974743008
33931,0,0,0.013129704974743008
33933,0,0,0.013129704974743008
33939,0,0,0.013129704974743008
33940,0,0,0.013129704974743008
33946,0,0,0.07421693465935496
33954,0,0,0.013129704974743008
33974,0,0,0.013129704974743008
33983,0,0,0.07421693465935496
33987,0,0,0.013129704974743008
33991,1,1,1.0
33993,0,0,0.07421693465935496
33997,0,0,0.07421693465935496
33998,0,0,0.013129704974743008
34010,0,0,0.013129704974743008
34020,0,0,0.013129704974743008
34021,0,0,0.07421693465935496
34023,0,0,0.013129704974743008
34025,0,0,0.013129704974743008
34029,1,1,1.0
34030,0,0,0.013129704974743008
34034,0,0,0.013129704974743008
34042,0,0,0.013129704974743008
34067,1,0,0.07421693465935496
34071,0,0,0.013129704974743008
34072,0,0,0.013129704974743008
34073,0,0,0.013129704974743008
34078,0,0,0.013129704974743008
34079,0,0,0.013129704974743008
34084,0,0,0.013129704974743008
34088,0,0,0.013129704974743008
34093,0,0,0.013129704974743008
34097,0,0,0.07421693465935496
34118,0,0,0.013129704974743008
34120,0,0,0.013129704974743008
34121,0,0,0.013129704974743008
34125,0,0,0.013129704974743008
34127,0,0,0.07421693465935496
34134,0,0,0.013129704974743008
34145,0,0,0.013129704974743008
34147,0,0,0.013129704974743008
34152,0,0,0.013129704974743008
34166,0,0,0.013129704974743008
34170,0,0,0.013129704974743008
34171,0,0,0.013129704974743008
34172,0,0,0.07421693465935496
34181,0,0,0.013129704974743008
34183,1,0,0.013129704974743008
34194,0,0,0.013129704974743008
34199,0,0,0.07421693465935496
34200,1,1,1.0
34204,0,0,0.07421693465935496
34216,0,0,0.013129704974743008
34217,0,0,0.07421693465935496
34225,0,0,0.013129704974743008
34231,0,0,0.013129704974743008
34236,0,0,0.07421693465935496
34241,0,0,0.013129704974743008
34252,0,0,0.013129704974743008
34259,0,0,0.013129704974743008
34264,0,0,0.07421693465935496
34270,0,0,0.013129704974743008
34271,0,0,0.07421693465935496
34276,0,0,0.013129704974743008
34279,0,0,0.013129704974743008
34283,0,0,0.07421693465935496
34290,0,0,0.013129704974743008
34292,0,0,0.013129704974743008
34294,0,0,0.07421693465935496
34305,0,0,0.013129704974743008
34306,0,0,0.013129704974743008
34316,0,0,0.013129704974743008
34335,0,0,0.013129704974743008
34338,0,0,0.013129704974743008
34340,0,0,0.07421693465935496
34341,0,0,0.013129704974743008
34351,0,0,0.013129704974743008
34352,0,0,0.013129704974743008
34361,0,0,0.013129704974743008
34364,0,0,0.013129704974743008
34365,0,0,0.013129704974743008
34369,0,0,0.013129704974743008
34378,0,0,0.07421693465935496
34382,0,0,0.013129704974743008
34408,0,0,0.013129704974743008
34411,0,0,0.013129704974743008
34416,0,0,0.013129704974743008
34422,0,0,0.013129704974743008
34425,0,0,0.013129704974743008
34429,1,0,0.07421693465935496
34432,0,0,0.013129704974743008
34433,0,0,0.013129704974743008
34435,0,0,0.013129704974743008
34436,0,0,0.013129704974743008
34438,0,0,0.013129704974743008
34439,0,0,0.07421693465935496
34445,0,0,0.013129704974743008
34446,1,0,0.07421693465935496
34454,0,0,0.013129704974743008
34456,0,0,0.07421693465935496
34460,0,0,0.07421693465935496
34478,1,0,0.013129704974743008
34485,0,0,0.07421693465935496
34488,0,0,0.013129704974743008
34491,0,0,0.07421693465935496
34493,0,0,0.013129704974743008
34494,0,0,0.013129704974743008
34496,0,0,0.013129704974743008
34497,0,0,0.013129704974743008
34500,0,0,0.07421693465935496
34504,0,0,0.013129704974743008
34511,0,0,0.013129704974743008
34515,0,0,0.07421693465935496
34522,0,0,0.07421693465935496
34525,0,0,0.013129704974743008
34531,0,0,0.07421693465935496
34533,0,0,0.07421693465935496
34540,0,0,0.013129704974743008
34543,1,1,1.0
34545,0,0,0.013129704974743008
34548,1,0,0.07421693465935496
34577,0,0,0.013129704974743008
34581,0,0,0.013129704974743008
34591,0,0,0.013129704974743008
34600,0,0,0.013129704974743008
34610,0,0,0.07421693465935496
34612,0,0,0.07421693465935496
34620,0,0,0.013129704974743008
34625,0,0,0.013129704974743008
34632,0,0,0.013129704974743008
34638,0,0,0.013129704974743008
34641,0,0,0.013129704974743008
34643,0,0,0.07421693465935496
34656,0,0,0.013129704974743008
34657,0,0,0.07421693465935496
34660,1,1,1.0
34662,0,0,0.013129704974743008
34670,0,0,0.07421693465935496
34676,0,0,0.013129704974743008
34679,0,0,0.013129704974743008
34685,0,0,0.013129704974743008
34691,0,0,0.07421693465935496
34702,0,0,0.013129704974743008
34707,0,0,0.013129704974743008
34710,0,0,0.013129704974743008
34719,0,0,0.07421693465935496
34749,0,0,0.013129704974743008
34755,0,0,0.013129704974743008
34757,1,1,1.0
34763,0,0,0.07421693465935496
34764,1,1,1.0
34776,0,0,0.013129704974743008
34793,0,0,0.07421693465935496
34796,0,0,0.013129704974743008
34802,0,0,0.013129704974743008
34804,0,0,0.07421693465935496
34818,0,0,0.07421693465935496
34819,0,0,0.013129704974743008
34822,0,0,0.013129704974743008
34823,0,0,0.07421693465935496
34826,0,0,0.013129704974743008
34828,0,0,0.013129704974743008
34829,0,0,0.013129704974743008
34841,1,1,1.0
34846,0,0,0.013129704974743008
34861,0,0,0.07421693465935496
34864,0,0,0.07421693465935496
34873,0,0,0.013129704974743008
34875,0,0,0.07421693465935496
34883,0,0,0.013129704974743008
34888,0,0,0.07421693465935496
34891,0,0,0.013129704974743008
34900,0,0,0.013129704974743008
34903,0,0,0.07421693465935496
34904,0,0,0.07421693465935496
34906,0,0,0.013129704974743008
34912,0,0,0.013129704974743008
34917,0,0,0.07421693465935496
34922,0,0,0.013129704974743008
34923,0,0,0.07421693465935496
34932,0,0,0.07421693465935496
34936,0,0,0.013129704974743008
34942,0,0,0.013129704974743008
34949,0,0,0.013129704974743008
34963,0,0,0.07421693465935496
34965,0,0,0.013129704974743008
34968,0,0,0.013129704974743008
34975,1,1,1.0
34979,0,0,0.07421693465935496
34980,0,0,0.013129704974743008
34981,0,0,0.013129704974743008
34983,0,0,0.013129704974743008
34986,0,0,0.013129704974743008
34987,0,0,0.013129704974743008
34997,0,0,0.013129704974743008
34998,0,0,0.013129704974743008
35006,0,0,0.013129704974743008
35018,0,0,0.013129704974743008
35024,0,0,0.07421693465935496
35026,0,0,0.013129704974743008
35050,0,0,0.013129704974743008
35052,0,0,0.013129704974743008
35054,0,0,0.013129704974743008
35072,0,0,0.013129704974743008
35075,0,0,0.07421693465935496
35083,0,0,0.013129704974743008
35084,0,0,0.07421693465935496
35085,0,0,0.013129704974743008
35089,0,0,0.013129704974743008
35098,1,0,0.07421693465935496
35112,0,0,0.013129704974743008
35120,0,0,0.07421693465935496
35130,0,0,0.07421693465935496
35131,0,0,0.07421693465935496
35134,0,0,0.013129704974743008
35135,0,0,0.013129704974743008
35137,0,0,0.013129704974743008
35147,0,0,0.013129704974743008
35149,0,0,0.013129704974743008
35158,0,0,0.07421693465935496
35161,0,0,0.07421693465935496
35169,0,0,0.07421693465935496
35174,0,0,0.07421693465935496
35184,0,0,0.07421693465935496
35187,0,0,0.013129704974743008
35190,1,1,1.0
35196,0,0,0.013129704974743008
35205,0,0,0.07421693465935496
35214,0,0,0.07421693465935496
35215,0,0,0.013129704974743008
35219,0,0,0.013129704974743008
35234,0,0,0.013129704974743008
35235,0,0,0.013129704974743008
35243,0,0,0.013129704974743008
35245,0,0,0.013129704974743008
35246,0,0,0.013129704974743008
35248,0,0,0.013129704974743008
35252,0,0,0.013129704974743008
35254,0,0,0.013129704974743008
35259,0,0,0.013129704974743008
35265,0,0,0.013129704974743008
35269,0,0,0.013129704974743008
35282,0,0,0.07421693465935496
35290,0,0,0.013129704974743008
35295,1,1,1.0
35302,0,0,0.07421693465935496
35304,0,0,0.013129704974743008
35306,0,0,0.013129704974743008
35308,0,0,0.07421693465935496
35322,0,0,0.013129704974743008
35329,0,0,0.07421693465935496
35343,0,0,0.013129704974743008
35349,0,0,0.013129704974743008
35353,0,0,0.013129704974743008
35357,1,1,1.0
35371,1,1,1.0
35378,1,1,1.0
35379,0,0,0.013129704974743008
35387,0,0,0.07421693465935496
35390,0,0,0.013129704974743008
35395,0,0,0.013129704974743008
35406,0,0,0.013129704974743008
35414,0,0,0.07421693465935496
35427,0,0,0.07421693465935496
35429,0,0,0.013129704974743008
35431,0,0,0.013129704974743008
35433,0,0,0.07421693465935496
35434,0,0,0.013129704974743008
35439,0,0,0.07421693465935496
35441,0,0,0.013129704974743008
35445,0,0,0.013129704974743008
35460,0,0,0.013129704974743008
35467,0,0,0.013129704974743008
35475,0,0,0.07421693465935496
35491,0,0,0.013129704974743008
35492,0,0,0.013129704974743008
35497,0,0,0.013129704974743008
35498,1,0,0.07421693465935496
35507,0,0,0.013129704974743008
35514,0,0,0.013129704974743008
35516,0,0,0.013129704974743008
35529,0,0,0.013129704974743008
35531,0,0,0.013129704974743008
35544,0,0,0.07421693465935496
35546,0,0,0.07421693465935496
35555,0,0,0.07421693465935496
35565,0,0,0.07421693465935496
35578,0,0,0.07421693465935496
35581,0,0,0.013129704974743008
35583,0,0,0.07421693465935496
35588,0,0,0.013129704974743008
35589,0,0,0.013129704974743008
35597,0,0,0.07421693465935496
35602,0,0,0.013129704974743008
35604,0,0,0.013129704974743008
35606,0,0,0.013129704974743008
35610,0,0,0.013129704974743008
35614,0,0,0.07421693465935496
35622,0,0,0.013129704974743008
35628,1,1,1.0
35632,0,0,0.013129704974743008
35644,0,0,0.013129704974743008
35647,0,0,0.07421693465935496
35654,0,0,0.013129704974743008
35657,1,1,1.0
35661,0,0,0.07421693465935496
35692,0,0,0.013129704974743008
35695,0,0,0.013129704974743008
35720,0,0,0.07421693465935496
35727,0,0,0.07421693465935496
35734,0,0,0.013129704974743008
35739,0,0,0.013129704974743008
35740,0,0,0.07421693465935496
35744,0,0,0.013129704974743008
35748,0,0,0.013129704974743008
35751,0,0,0.013129704974743008
35753,1,1,1.0
35754,0,0,0.07421693465935496
35769,0,0,0.013129704974743008
35771,0,0,0.013129704974743008
35775,0,0,0.07421693465935496
35779,0,0,0.07421693465935496
35784,0,0,0.013129704974743008
35799,0,0,0.013129704974743008
35806,0,0,0.013129704974743008
35807,0,0,0.013129704974743008
35809,0,0,0.013129704974743008
35817,0,0,0.013129704974743008
35824,0,0,0.07421693465935496
35830,0,0,0.013129704974743008
35831,1,1,1.0
35833,0,0,0.07421693465935496
35834,0,0,0.07421693465935496
35837,0,0,0.013129704974743008
35852,0,0,0.07421693465935496
35857,0,0,0.013129704974743008
35862,0,0,0.013129704974743008
35863,0,0,0.013129704974743008
35870,0,0,0.07421693465935496
35871,0,0,0.07421693465935496
35875,0,0,0.07421693465935496
35878,0,0,0.07421693465935496
35883,0,0,0.013129704974743008
35889,0,0,0.013129704974743008
35891,0,0,0.07421693465935496
35909,0,0,0.013129704974743008
35911,1,0,0.013129704974743008
35915,0,0,0.013129704974743008
35917,0,0,0.07421693465935496
35920,0,0,0.07421693465935496
35925,0,0,0.013129704974743008
35931,0,0,0.013129704974743008
35932,0,0,0.013129704974743008
35943,0,0,0.07421693465935496
35944,0,0,0.013129704974743008
35958,0,0,0.013129704974743008
35967,0,0,0.013129704974743008
35971,1,0,0.013129704974743008
35973,0,0,0.013129704974743008
35974,0,0,0.013129704974743008
35981,0,0,0.013129704974743008
35983,0,0,0.013129704974743008
35985,0,0,0.013129704974743008
35990,0,0,0.013129704974743008
35993,0,0,0.013129704974743008
35998,0,0,0.07421693465935496
36003,0,0,0.013129704974743008
36007,0,0,0.013129704974743008
36008,0,0,0.07421693465935496
36009,0,0,0.013129704974743008
36011,0,0,0.013129704974743008
36013,0,0,0.013129704974743008
36014,0,0,0.013129704974743008
36015,0,0,0.013129704974743008
36033,0,0,0.013129704974743008
36036,0,0,0.013129704974743008
36037,0,0,0.07421693465935496
36046,0,0,0.013129704974743008
36055,0,0,0.013129704974743008
36061,0,0,0.013129704974743008
36087,0,0,0.013129704974743008
36088,0,0,0.013129704974743008
36089,0,0,0.013129704974743008
36090,1,0,0.013129704974743008
36093,0,0,0.013129704974743008
36098,0,0,0.013129704974743008
36100,0,0,0.013129704974743008
36107,0,0,0.013129704974743008
36113,0,0,0.013129704974743008
36124,0,0,0.013129704974743008
36127,0,0,0.013129704974743008
36135,0,0,0.07421693465935496
36140,0,0,0.013129704974743008
36141,0,0,0.07421693465935496
36142,0,0,0.013129704974743008
36148,0,0,0.013129704974743008
36149,0,0,0.013129704974743008
36163,0,0,0.013129704974743008
36167,0,0,0.07421693465935496
36170,0,0,0.013129704974743008
36171,1,1,1.0
36172,0,0,0.07421693465935496
36180,0,0,0.013129704974743008
36185,1,0,0.07421693465935496
36188,0,0,0.013129704974743008
36203,0,0,0.013129704974743008
36204,0,0,0.07421693465935496
36227,0,0,0.013129704974743008
36243,0,0,0.013129704974743008
36246,0,0,0.013129704974743008
36255,0,0,0.013129704974743008
36256,0,0,0.013129704974743008
36260,0,0,0.013129704974743008
36265,0,0,0.013129704974743008
36270,0,0,0.013129704974743008
36284,0,0,0.07421693465935496
36290,0,0,0.07421693465935496
36291,0,0,0.07421693465935496
36295,0,0,0.07421693465935496
36298,0,0,0.013129704974743008
36301,0,0,0.013129704974743008
36307,1,0,0.07421693465935496
36311,0,0,0.013129704974743008
36316,1,0,0.07421693465935496
36318,0,0,0.013129704974743008
36322,0,0,0.013129704974743008
36323,0,0,0.013129704974743008
36325,1,1,1.0
36326,0,0,0.07421693465935496
36328,1,0,0.013129704974743008
36333,0,0,0.013129704974743008
36353,0,0,0.013129704974743008
36358,0,0,0.013129704974743008
36362,0,0,0.013129704974743008
36364,0,0,0.013129704974743008
36365,0,0,0.013129704974743008
36368,1,1,1.0
36373,0,0,0.07421693465935496
36377,0,0,0.013129704974743008
36390,0,0,0.013129704974743008
36396,0,0,0.07421693465935496
36399,1,1,1.0
36410,0,0,0.013129704974743008
36421,0,0,0.013129704974743008
36433,0,0,0.013129704974743008
36445,0,0,0.013129704974743008
36451,0,0,0.07421693465935496
36474,0,0,0.013129704974743008
36476,0,0,0.013129704974743008
36488,0,0,0.013129704974743008
36490,0,0,0.013129704974743008
36491,0,0,0.07421693465935496
36492,0,0,0.07421693465935496
36495,0,0,0.013129704974743008
36507,0,0,0.07421693465935496
36509,1,1,1.0
36512,0,0,0.013129704974743008
36516,0,0,0.013129704974743008
36527,0,0,0.07421693465935496
36528,0,0,0.013129704974743008
36532,0,0,0.07421693465935496
36537,0,0,0.013129704974743008
36543,0,0,0.07421693465935496
36544,0,0,0.07421693465935496
36546,0,0,0.013129704974743008
36550,0,0,0.013129704974743008
36552,0,0,0.013129704974743008
36558,0,0,0.07421693465935496
36565,0,0,0.013129704974743008
36573,0,0,0.013129704974743008
36580,0,0,0.013129704974743008
36581,1,1,1.0
36583,0,0,0.07421693465935496
36589,0,0,0.013129704974743008
36595,1,1,1.0
36603,0,0,0.013129704974743008
36613,0,0,0.013129704974743008
36633,0,0,0.07421693465935496
36634,0,0,0.013129704974743008
36636,0,0,0.07421693465935496
36642,0,0,0.013129704974743008
36645,0,0,0.07421693465935496
36652,0,0,0.013129704974743008
36665,0,0,0.07421693465935496
36681,0,0,0.013129704974743008
36687,0,0,0.013129704974743008
36689,0,0,0.013129704974743008
36690,0,0,0.07421693465935496
36693,0,0,0.07421693465935496
36694,0,0,0.07421693465935496
36695,0,0,0.013129704974743008
36696,1,1,1.0
36704,0,0,0.013129704974743008
36707,0,0,0.013129704974743008
36709,0,0,0.013129704974743008
36715,0,0,0.013129704974743008
36730,0,0,0.07421693465935496
36731,0,0,0.013129704974743008
36735,0,0,0.07421693465935496
36739,0,0,0.013129704974743008
36742,0,0,0.013129704974743008
36749,0,0,0.013129704974743008
36754,0,0,0.013129704974743008
36756,0,0,0.07421693465935496
36759,0,0,0.07421693465935496
36760,0,0,0.013129704974743008
36762,0,0,0.013129704974743008
36770,0,0,0.013129704974743008
36773,0,0,0.013129704974743008
36780,0,0,0.013129704974743008
36781,0,0,0.013129704974743008
36784,0,0,0.013129704974743008
36791,0,0,0.013129704974743008
36818,0,0,0.013129704974743008
36819,0,0,0.07421693465935496
36820,0,0,0.013129704974743008
36821,0,0,0.07421693465935496
36824,0,0,0.013129704974743008
36831,0,0,0.07421693465935496
36835,0,0,0.013129704974743008
36838,0,0,0.013129704974743008
36839,1,1,1.0
36848,0,0,0.013129704974743008
36849,0,0,0.013129704974743008
36850,1,0,0.07421693465935496
36851,0,0,0.013129704974743008
36852,0,0,0.013129704974743008
36856,0,0,0.013129704974743008
36858,0,0,0.013129704974743008
36860,0,0,0.013129704974743008
36873,0,0,0.07421693465935496
36875,1,1,1.0
36876,0,0,0.013129704974743008
36881,0,0,0.013129704974743008
36916,0,0,0.07421693465935496
36924,0,0,0.013129704974743008
36926,0,0,0.07421693465935496
36933,0,0,0.013129704974743008
36936,0,0,0.07421693465935496
36943,0,0,0.013129704974743008
36946,1,0,0.07421693465935496
36950,0,0,0.013129704974743008
36955,0,0,0.013129704974743008
36956,0,0,0.07421693465935496
36957,0,0,0.013129704974743008
36962,0,0,0.013129704974743008
36968,0,0,0.013129704974743008
36970,0,0,0.013129704974743008
36991,0,0,0.013129704974743008
36993,1,1,1.0
37003,0,0,0.07421693465935496
37004,0,0,0.013129704974743008
37036,0,0,0.07421693465935496
37041,0,0,0.013129704974743008
37043,0,0,0.07421693465935496
37057,1,1,1.0
37058,0,0,0.013129704974743008
37063,0,0,0.013129704974743008
37070,0,0,0.07421693465935496
37072,0,0,0.013129704974743008
37074,0,0,0.07421693465935496
37078,0,0,0.013129704974743008
37085,0,0,0.07421693465935496
37090,1,1,1.0
37091,1,1,1.0
37096,0,0,0.07421693465935496
37097,0,0,0.07421693465935496
37102,1,1,1.0
37109,1,1,1.0
37111,0,0,0.013129704974743008
37115,0,0,0.07421693465935496
37120,1,0,0.07421693465935496
37121,0,0,0.013129704974743008
37127,0,0,0.013129704974743008
37135,0,0,0.013129704974743008
37139,0,0,0.013129704974743008
37142,0,0,0.07421693465935496
37149,0,0,0.013129704974743008
37157,0,0,0.07421693465935496
37167,0,0,0.013129704974743008
37170,0,0,0.013129704974743008
37177,0,0,0.07421693465935496
37179,0,0,0.013129704974743008
37181,0,0,0.013129704974743008
37182,0,0,0.07421693465935496
37186,0,0,0.013129704974743008
37188,0,0,0.013129704974743008
37190,0,0,0.07421693465935496
37193,0,0,0.07421693465935496
37194,0,0,0.07421693465935496
37200,0,0,0.013129704974743008
37203,0,0,0.07421693465935496
37211,0,0,0.07421693465935496
37221,0,0,0.013129704974743008
37224,0,0,0.013129704974743008
37227,0,0,0.013129704974743008
37237,0,0,0.07421693465935496
37240,0,0,0.07421693465935496
37244,0,0,0.013129704974743008
37256,0,0,0.013129704974743008
37261,0,0,0.013129704974743008
37264,0,0,0.013129704974743008
37270,0,0,0.07421693465935496
37271,0,0,0.07421693465935496
37289,0,0,0.07421693465935496
37291,0,0,0.013129704974743008
37292,0,0,0.07421693465935496
37296,0,0,0.013129704974743008
37298,1,0,0.07421693465935496
37303,1,1,1.0
37307,1,1,1.0
37317,0,0,0.013129704974743008
37319,0,0,0.013129704974743008
37321,0,0,0.07421693465935496
37327,0,0,0.013129704974743008
37331,0,0,0.07421693465935496
37332,1,0,0.07421693465935496
37340,0,0,0.07421693465935496
37344,0,0,0.07421693465935496
37359,0,0,0.013129704974743008
37360,0,0,0.07421693465935496
37365,0,0,0.013129704974743008
37368,1,1,1.0
37369,0,0,0.07421693465935496
37373,0,0,0.013129704974743008
37378,0,0,0.013129704974743008
37385,0,0,0.013129704974743008
37389,0,0,0.013129704974743008
37391,0,0,0.013129704974743008
37392,0,0,0.013129704974743008
37395,0,0,0.07421693465935496
37401,0,0,0.013129704974743008
37408,0,0,0.013129704974743008
37428,0,0,0.013129704974743008
37432,0,0,0.013129704974743008
37441,0,0,0.013129704974743008
37443,0,0,0.07421693465935496
37444,0,0,0.013129704974743008
37452,0,0,0.07421693465935496
37455,0,0,0.07421693465935496
37477,0,0,0.013129704974743008
37479,0,0,0.013129704974743008
37481,0,0,0.013129704974743008
37489,0,0,0.013129704974743008
37496,0,0,0.013129704974743008
37502,0,0,0.013129704974743008
37504,1,1,1.0
37507,0,0,0.013129704974743008
37510,0,0,0.013129704974743008
37516,0,0,0.07421693465935496
37521,0,0,0.07421693465935496
37526,0,0,0.07421693465935496
37532,0,0,0.07421693465935496
37534,0,0,0.013129704974743008
37538,0,0,0.013129704974743008
37545,0,0,0.013129704974743008
37553,1,1,1.0
37557,0,0,0.013129704974743008
37562,0,0,0.07421693465935496
37563,0,0,0.07421693465935496
37564,0,0,0.013129704974743008
37566,0,0,0.013129704974743008
37567,0,0,0.07421693465935496
37573,0,0,0.013129704974743008
37576,0,0,0.013129704974743008
37577,0,0,0.013129704974743008
37585,0,0,0.013129704974743008
37593,0,0,0.013129704974743008
37596,0,0,0.07421693465935496
37600,0,0,0.013129704974743008
37602,0,0,0.013129704974743008
37603,0,0,0.013129704974743008
37614,0,0,0.013129704974743008
37623,0,0,0.013129704974743008
37624,0,0,0.013129704974743008
37628,0,0,0.07421693465935496
37638,0,0,0.013129704974743008
37639,0,0,0.013129704974743008
37640,0,0,0.013129704974743008
37641,0,0,0.07421693465935496
37643,0,0,0.07421693465935496
37645,0,0,0.07421693465935496
37652,0,0,0.013129704974743008
37656,0,0,0.07421693465935496
37657,0,0,0.013129704974743008
37663,1,1,1.0
37664,0,0,0.07421693465935496
37672,0,0,0.013129704974743008
37675,0,0,0.07421693465935496
37678,0,0,0.013129704974743008
37679,1,0,0.07421693465935496
37691,0,0,0.07421693465935496
37692,0,0,0.013129704974743008
37693,0,0,0.013129704974743008
37717,0,0,0.013129704974743008
37721,0,0,0.013129704974743008
37722,0,0,0.013129704974743008
37723,0,0,0.013129704974743008
37732,0,0,0.07421693465935496
37736,0,0,0.013129704974743008
37740,0,0,0.07421693465935496
37744,0,0,0.013129704974743008
37763,0,0,0.013129704974743008
37765,0,0,0.013129704974743008
37769,0,0,0.07421693465935496
37771,0,0,0.013129704974743008
37780,1,1,1.0
37787,0,0,0.013129704974743008
37790,1,1,1.0
37795,0,0,0.07421693465935496
37796,0,0,0.013129704974743008
37798,0,0,0.07421693465935496
37799,0,0,0.013129704974743008
37805,0,0,0.013129704974743008
37813,0,0,0.013129704974743008
37821,1,1,1.0
37825,0,0,0.07421693465935496
37828,0,0,0.013129704974743008
37830,0,0,0.013129704974743008
37833,0,0,0.013129704974743008
37839,0,0,0.07421693465935496
37843,0,0,0.013129704974743008
37845,0,0,0.013129704974743008
37855,0,0,0.013129704974743008
37859,0,0,0.013129704974743008
37866,0,0,0.013129704974743008
37868,0,0,0.013129704974743008
37882,1,1,1.0
37883,0,0,0.013129704974743008
37891,0,0,0.07421693465935496
37892,0,0,0.013129704974743008
37893,0,0,0.013129704974743008
37910,0,0,0.07421693465935496
37911,0,0,0.013129704974743008
37922,0,0,0.013129704974743008
37926,0,0,0.013129704974743008
37929,1,1,1.0
37931,0,0,0.013129704974743008
37932,1,1,1.0
37933,0,0,0.013129704974743008
37937,0,0,0.013129704974743008
37938,1,1,1.0
37939,0,0,0.013129704974743008
37941,0,0,0.07421693465935496
37948,0,0,0.013129704974743008
37953,0,0,0.013129704974743008
37973,0,0,0.07421693465935496
37974,0,0,0.013129704974743008
37981,0,0,0.013129704974743008
37986,0,0,0.013129704974743008
37988,0,0,0.013129704974743008
37992,0,0,0.07421693465935496
37993,0,0,0.013129704974743008
37997,0,0,0.013129704974743008
38000,1,0,0.07421693465935496
38004,0,0,0.013129704974743008
38010,0,0,0.013129704974743008
38012,0,0,0.013129704974743008
38016,0,0,0.07421693465935496
38023,0,0,0.07421693465935496
38033,0,0,0.07421693465935496
38042,0,0,0.07421693465935496
38043,0,0,0.07421693465935496
38054,1,0,0.07421693465935496
38063,0,0,0.07421693465935496
38070,0,0,0.013129704974743008
38077,0,0,0.07421693465935496
38078,0,0,0.07421693465935496
38084,0,0,0.013129704974743008
38088,0,0,0.013129704974743008
38093,0,0,0.013129704974743008
38095,0,0,0.013129704974743008
38098,0,0,0.013129704974743008
38109,0,0,0.013129704974743008
38111,0,0,0.07421693465935496
38119,0,0,0.013129704974743008
38132,0,0,0.013129704974743008
38139,0,0,0.013129704974743008
38150,1,1,1.0
38151,0,0,0.07421693465935496
38152,0,0,0.013129704974743008
38164,0,0,0.07421693465935496
38178,0,0,0.07421693465935496
38179,0,0,0.013129704974743008
38181,0,0,0.013129704974743008
38187,0,0,0.013129704974743008
38194,1,1,1.0
38202,0,0,0.07421693465935496
38204,0,0,0.013129704974743008
38205,0,0,0.013129704974743008
38213,0,0,0.07421693465935496
38219,0,0,0.013129704974743008
38220,0,0,0.013129704974743008
38226,0,0,0.013129704974743008
38227,0,0,0.013129704974743008
38241,0,0,0.013129704974743008
38251,0,0,0.013129704974743008
38254,0,0,0.013129704974743008
38255,0,0,0.07421693465935496
38271,0,0,0.013129704974743008
38272,0,0,0.07421693465935496
38274,0,0,0.013129704974743008
38278,0,0,0.013129704974743008
38284,0,0,0.013129704974743008
38292,0,0,0.013129704974743008
38303,0,0,0.013129704974743008
38309,0,0,0.013129704974743008
38311,1,1,1.0
38314,0,0,0.013129704974743008
38319,0,0,0.07421693465935496
38326,0,0,0.013129704974743008
38330,0,0,0.013129704974743008
38337,0,0,0.013129704974743008
38339,1,1,1.0
38351,0,0,0.013129704974743008
38356,0,0,0.013129704974743008
38357,0,0,0.013129704974743008
38365,0,0,0.07421693465935496
38371,0,0,0.07421693465935496
38376,1,1,1.0
38379,0,0,0.07421693465935496
38384,0,0,0.013129704974743008
38389,0,0,0.013129704974743008
38390,0,0,0.013129704974743008
38392,0,0,0.013129704974743008
38397,0,0,0.07421693465935496
38411,0,0,0.013129704974743008
38438,0,0,0.07421693465935496
38451,1,1,1.0
38454,0,0,0.013129704974743008
38455,0,0,0.07421693465935496
38460,0,0,0.013129704974743008
38464,0,0,0.07421693465935496
38471,0,0,0.013129704974743008
38472,0,0,0.07421693465935496
38477,0,0,0.07421693465935496
38484,0,0,0.013129704974743008
38494,0,0,0.013129704974743008
38498,1,1,1.0
38502,0,0,0.013129704974743008
38504,0,0,0.013129704974743008
38510,0,0,0.013129704974743008
38513,0,0,0.07421693465935496
38515,0,0,0.013129704974743008
38516,0,0,0.07421693465935496
38520,0,0,0.013129704974743008
38521,0,0,0.013129704974743008
38523,0,0,0.013129704974743008
38534,0,0,0.013129704974743008
38536,0,0,0.07421693465935496
38546,0,0,0.07421693465935496
38548,1,1,1.0
38551,0,0,0.013129704974743008
38553,0,0,0.013129704974743008
38557,1,0,0.013129704974743008
38559,0,0,0.013129704974743008
38565,0,0,0.013129704974743008
38569,0,0,0.013129704974743008
38572,0,0,0.013129704974743008
38582,0,0,0.013129704974743008
38583,0,0,0.013129704974743008
38588,0,0,0.013129704974743008
38596,0,0,0.07421693465935496
38598,0,0,0.07421693465935496
38599,0,0,0.07421693465935496
38607,0,0,0.013129704974743008
38610,0,0,0.013129704974743008
38614,0,0,0.07421693465935496
38616,0,0,0.013129704974743008
38617,0,0,0.07421693465935496
38628,0,0,0.07421693465935496
38629,0,0,0.07421693465935496
38630,0,0,0.07421693465935496
38632,0,0,0.013129704974743008
38634,0,0,0.07421693465935496
38637,0,0,0.013129704974743008
38643,0,0,0.013129704974743008
38644,0,0,0.013129704974743008
38648,0,0,0.07421693465935496
38650,0,0,0.013129704974743008
38661,0,0,0.013129704974743008
38662,0,0,0.013129704974743008
38673,0,0,0.013129704974743008
38678,1,1,1.0
38688,0,0,0.013129704974743008
38689,0,0,0.07421693465935496
38692,0,0,0.013129704974743008
38696,0,0,0.07421693465935496
38709,0,0,0.013129704974743008
38711,0,0,0.07421693465935496
38714,0,0,0.013129704974743008
38716,0,0,0.013129704974743008
38717,0,0,0.013129704974743008
38724,0,0,0.07421693465935496
38727,0,0,0.013129704974743008
38740,0,0,0.07421693465935496
38742,0,0,0.07421693465935496
38743,0,0,0.013129704974743008
38745,0,0,0.013129704974743008
38752,0,0,0.013129704974743008
38763,0,0,0.013129704974743008
38765,0,0,0.013129704974743008
38770,0,0,0.07421693465935496
38778,0,0,0.07421693465935496
38779,0,0,0.013129704974743008
38783,0,0,0.07421693465935496
38790,0,0,0.07421693465935496
38791,0,0,0.013129704974743008
38792,0,0,0.07421693465935496
38801,0,0,0.07421693465935496
38803,0,0,0.013129704974743008
38810,0,0,0.013129704974743008
38812,1,0,0.07421693465935496
38814,0,0,0.013129704974743008
38832,0,0,0.013129704974743008
38839,0,0,0.013129704974743008
38841,0,0,0.013129704974743008
38843,0,0,0.013129704974743008
38845,0,0,0.013129704974743008
38846,0,0,0.013129704974743008
38847,0,0,0.013129704974743008
38862,0,0,0.013129704974743008
38863,0,0,0.07421693465935496
38869,0,0,0.013129704974743008
38873,0,0,0.07421693465935496
38874,0,0,0.013129704974743008
38889,0,0,0.013129704974743008
38905,0,0,0.013129704974743008
38906,0,0,0.07421693465935496
38913,0,0,0.013129704974743008
38916,0,0,0.07421693465935496
38924,0,0,0.07421693465935496
38933,0,0,0.07421693465935496
38934,0,0,0.07421693465935496
38954,1,1,1.0
38959,0,0,0.013129704974743008
38968,1,1,1.0
38971,1,1,1.0
38974,0,0,0.013129704974743008
38978,0,0,0.013129704974743008
38979,0,0,0.013129704974743008
38980,0,0,0.07421693465935496
38999,0,0,0.013129704974743008
39005,0,0,0.013129704974743008
39011,0,0,0.013129704974743008
39013,0,0,0.013129704974743008
39016,0,0,0.013129704974743008
39035,0,0,0.07421693465935496
39039,0,0,0.07421693465935496
39041,0,0,0.07421693465935496
39054,0,0,0.013129704974743008
39066,0,0,0.013129704974743008
39067,0,0,0.013129704974743008
39089,0,0,0.013129704974743008
39090,0,0,0.013129704974743008
39093,1,1,1.0
39096,0,0,0.013129704974743008
39100,1,1,1.0
39108,0,0,0.07421693465935496
39112,0,0,0.07421693465935496
39115,0,0,0.013129704974743008
39119,0,0,0.07421693465935496
39122,0,0,0.013129704974743008
39123,0,0,0.07421693465935496
39126,0,0,0.013129704974743008
39132,0,0,0.07421693465935496
39143,0,0,0.013129704974743008
39145,0,0,0.013129704974743008
39149,0,0,0.013129704974743008
39158,0,0,0.013129704974743008
39162,0,0,0.013129704974743008
39174,0,0,0.013129704974743008
39176,0,0,0.013129704974743008
39181,1,0,0.07421693465935496
39203,0,0,0.013129704974743008
39205,0,0,0.013129704974743008
39210,0,0,0.013129704974743008
39215,0,0,0.013129704974743008
39229,0,0,0.013129704974743008
39235,0,0,0.013129704974743008
39243,0,0,0.013129704974743008
39245,0,0,0.07421693465935496
39254,0,0,0.013129704974743008
39255,0,0,0.013129704974743008
39259,0,0,0.07421693465935496
39263,0,0,0.013129704974743008
39264,0,0,0.013129704974743008
39271,0,0,0.013129704974743008
39272,0,0,0.013129704974743008
39275,0,0,0.013129704974743008
39277,0,0,0.07421693465935496
39279,0,0,0.013129704974743008
39283,0,0,0.013129704974743008
39286,0,0,0.07421693465935496
39291,1,1,1.0
39304,0,0,0.013129704974743008
39316,0,0,0.013129704974743008
39325,0,0,0.07421693465935496
39331,0,0,0.013129704974743008
39333,0,0,0.013129704974743008
39339,0,0,0.013129704974743008
39341,0,0,0.013129704974743008
39347,0,0,0.013129704974743008
39355,0,0,0.013129704974743008
39357,0,0,0.07421693465935496
39358,0,0,0.013129704974743008
39371,0,0,0.013129704974743008
39372,1,1,1.0
39373,0,0,0.07421693465935496
39376,0,0,0.013129704974743008
39385,0,0,0.013129704974743008
39387,0,0,0.07421693465935496
39390,0,0,0.07421693465935496
39391,0,0,0.07421693465935496
39395,1,0,0.07421693465935496
39398,0,0,0.013129704974743008
39410,0,0,0.07421693465935496
39415,0,0,0.013129704974743008
39417,0,0,0.07421693465935496
39422,0,0,0.07421693465935496
39431,0,0,0.013129704974743008
39438,0,0,0.013129704974743008
39441,0,0,0.013129704974743008
39442,0,0,0.07421693465935496
39448,0,0,0.07421693465935496
39463,0,0,0.013129704974743008
39464,0,0,0.013129704974743008
39469,0,0,0.013129704974743008
39473,0,0,0.013129704974743008
39483,0,0,0.013129704974743008
39494,0,0,0.013129704974743008
39497,0,0,0.07421693465935496
39502,0,0,0.013129704974743008
39503,0,0,0.013129704974743008
39504,0,0,0.013129704974743008
39522,0,0,0.07421693465935496
39524,1,1,1.0
39525,0,0,0.013129704974743008
39528,0,0,0.013129704974743008
39529,0,0,0.07421693465935496
39536,0,0,0.013129704974743008
39543,0,0,0.07421693465935496
39544,0,0,0.013129704974743008
39548,0,0,0.07421693465935496
39558,0,0,0.07421693465935496
39563,0,0,0.013129704974743008
39567,0,0,0.013129704974743008
39577,0,0,0.013129704974743008
39596,0,0,0.013129704974743008
39604,0,0,0.013129704974743008
39606,0,0,0.07421693465935496
39614,0,0,0.013129704974743008
39621,0,0,0.07421693465935496
39625,0,0,0.07421693465935496
39637,0,0,0.07421693465935496
39638,0,0,0.07421693465935496
39644,0,0,0.07421693465935496
39645,0,0,0.013129704974743008
39650,0,0,0.013129704974743008
39654,0,0,0.013129704974743008
39662,0,0,0.013129704974743008
39668,0,0,0.013129704974743008
39669,0,0,0.07421693465935496
39670,0,0,0.013129704974743008
39671,0,0,0.07421693465935496
39677,0,0,0.013129704974743008
39684,0,0,0.013129704974743008
39692,0,0,0.013129704974743008
39695,0,0,0.013129704974743008
39696,0,0,0.013129704974743008
39699,0,0,0.013129704974743008
39701,0,0,0.013129704974743008
39711,0,0,0.07421693465935496
39713,1,1,1.0
39720,0,0,0.013129704974743008
39723,0,0,0.013129704974743008
39724,0,0,0.013129704974743008
39725,0,0,0.07421693465935496
39741,0,0,0.013129704974743008
39746,0,0,0.013129704974743008
39761,0,0,0.07421693465935496
39764,0,0,0.07421693465935496
39773,0,0,0.013129704974743008
39775,0,0,0.07421693465935496
39780,0,0,0.013129704974743008
39788,0,0,0.07421693465935496
39801,0,0,0.013129704974743008
39806,0,0,0.013129704974743008
39825,0,0,0.07421693465935496
39828,0,0,0.07421693465935496
39830,0,0,0.013129704974743008
39835,0,0,0.07421693465935496
39844,0,0,0.013129704974743008
39847,0,0,0.013129704974743008
39848,0,0,0.013129704974743008
39867,0,0,0.07421693465935496
39875,0,0,0.013129704974743008
39876,0,0,0.013129704974743008
39878,0,0,0.07421693465935496
39880,0,0,0.013129704974743008
39882,0,0,0.013129704974743008
39883,1,0,0.07421693465935496
39884,0,0,0.07421693465935496
39888,1,0,0.07421693465935496
39898,1,1,1.0
39905,0,0,0.013129704974743008
39913,0,0,0.013129704974743008
39914,0,0,0.013129704974743008
39921,0,0,0.013129704974743008
39922,0,0,0.013129704974743008
39923,0,0,0.07421693465935496
39924,0,0,0.013129704974743008
39927,0,0,0.013129704974743008
39930,0,0,0.013129704974743008
39940,0,0,0.013129704974743008
39942,0,0,0.013129704974743008
39946,0,0,0.013129704974743008
39949,0,0,0.07421693465935496
39952,0,0,0.013129704974743008
39968,0,0,0.013129704974743008
39974,0,0,0.07421693465935496
39979,0,0,0.013129704974743008
39983,0,0,0.07421693465935496
39998,1,0,0.07421693465935496
40001,0,0,0.013129704974743008
40002,0,0,0.013129704974743008
40003,0,0,0.07421693465935496
40005,1,1,1.0
40008,0,0,0.013129704974743008
40012,0,0,0.013129704974743008
40014,0,0,0.07421693465935496
40016,0,0,0.013129704974743008
40027,0,0,0.07421693465935496
40029,0,0,0.013129704974743008
40042,0,0,0.013129704974743008
40051,0,0,0.013129704974743008
40056,0,0,0.013129704974743008
40057,0,0,0.013129704974743008
40062,0,0,0.07421693465935496
40069,0,0,0.07421693465935496
40071,1,1,1.0
40078,0,0,0.013129704974743008
40089,0,0,0.07421693465935496
40090,0,0,0.07421693465935496
40099,0,0,0.013129704974743008
40101,0,0,0.07421693465935496
40102,0,0,0.013129704974743008
40104,0,0,0.013129704974743008
40109,0,0,0.07421693465935496
40114,0,0,0.013129704974743008
40116,0,0,0.013129704974743008
40122,0,0,0.07421693465935496
40127,0,0,0.013129704974743008
40133,0,0,0.013129704974743008
40146,0,0,0.013129704974743008
40159,1,0,0.07421693465935496
40162,0,0,0.07421693465935496
40164,0,0,0.07421693465935496
40168,0,0,0.013129704974743008
40178,0,0,0.013129704974743008
40187,0,0,0.07421693465935496
40198,1,1,1.0
40201,0,0,0.013129704974743008
40204,0,0,0.013129704974743008
40208,0,0,0.013129704974743008
40210,0,0,0.013129704974743008
40211,1,1,1.0
40219,0,0,0.07421693465935496
40227,0,0,0.013129704974743008
40230,0,0,0.013129704974743008
40237,0,0,0.013129704974743008
40245,0,0,0.013129704974743008
40246,0,0,0.013129704974743008
40248,0,0,0.013129704974743008
40255,0,0,0.013129704974743008
40257,0,0,0.07421693465935496
40269,0,0,0.07421693465935496
40270,0,0,0.013129704974743008
40271,0,0,0.013129704974743008
40275,0,0,0.013129704974743008
40297,1,0,0.013129704974743008
40305,0,0,0.013129704974743008
40309,0,0,0.013129704974743008
40310,0,0,0.013129704974743008
40312,1,1,1.0
40313,0,0,0.013129704974743008
40324,0,0,0.013129704974743008
40331,0,0,0.013129704974743008
40332,0,0,0.07421693465935496
40334,0,0,0.013129704974743008
40335,0,0,0.07421693465935496
40341,0,0,0.013129704974743008
40344,0,0,0.013129704974743008
40354,0,0,0.013129704974743008
40358,0,0,0.07421693465935496
40360,0,0,0.013129704974743008
40361,0,0,0.07421693465935496
40364,0,0,0.07421693465935496
40370,0,0,0.013129704974743008
40372,0,0,0.013129704974743008
40378,0,0,0.013129704974743008
40382,0,0,0.07421693465935496
40383,0,0,0.013129704974743008
40384,0,0,0.07421693465935496
40390,0,0,0.013129704974743008
40392,0,0,0.013129704974743008
40395,0,0,0.013129704974743008
40398,1,0,0.07421693465935496
40413,1,1,1.0
40415,0,0,0.013129704974743008
40419,0,0,0.013129704974743008
40421,0,0,0.013129704974743008
40428,0,0,0.07421693465935496
40433,0,0,0.013129704974743008
40440,0,0,0.013129704974743008
40456,0,0,0.013129704974743008
40466,0,0,0.07421693465935496
40473,0,0,0.013129704974743008
40484,0,0,0.013129704974743008
40500,0,0,0.07421693465935496
40510,0,0,0.013129704974743008
40513,0,0,0.013129704974743008
40527,0,0,0.013129704974743008
40528,0,0,0.07421693465935496
40531,0,0,0.07421693465935496
40532,0,0,0.07421693465935496
40541,0,0,0.013129704974743008
40544,0,0,0.07421693465935496
40545,0,0,0.013129704974743008
40557,0,0,0.013129704974743008
40572,0,0,0.013129704974743008
40574,0,0,0.07421693465935496
40586,0,0,0.013129704974743008
40596,0,0,0.013129704974743008
40599,0,0,0.013129704974743008
40601,0,0,0.07421693465935496
40603,0,0,0.013129704974743008
40607,0,0,0.013129704974743008
40609,0,0,0.07421693465935496
40612,0,0,0.013129704974743008
40617,0,0,0.013129704974743008
40622,0,0,0.013129704974743008
40627,0,0,0.013129704974743008
40631,0,0,0.013129704974743008
40632,0,0,0.013129704974743008
40634,0,0,0.07421693465935496
40642,0,0,0.013129704974743008
40644,0,0,0.013129704974743008
40647,0,0,0.013129704974743008
40652,0,0,0.013129704974743008
40656,0,0,0.013129704974743008
40666,0,0,0.07421693465935496
40687,0,0,0.013129704974743008
40688,0,0,0.013129704974743008
40696,0,0,0.013129704974743008
40700,0,0,0.013129704974743008
40713,0,0,0.013129704974743008
40718,1,1,1.0
40723,0,0,0.013129704974743008
40726,1,1,1.0
40732,0,0,0.013129704974743008
40735,0,0,0.013129704974743008
40736,0,0,0.013129704974743008
40739,0,0,0.07421693465935496
40740,0,0,0.07421693465935496
40744,0,0,0.013129704974743008
40747,0,0,0.013129704974743008
40760,0,0,0.013129704974743008
40773,0,0,0.07421693465935496
40777,0,0,0.07421693465935496
40778,0,0,0.07421693465935496
40779,1,0,0.013129704974743008
40782,0,0,0.013129704974743008
40788,0,0,0.07421693465935496
40789,0,0,0.013129704974743008
40793,0,0,0.013129704974743008
40803,0,0,0.07421693465935496
40810,0,0,0.07421693465935496
40818,0,0,0.07421693465935496
40820,1,0,0.07421693465935496
40822,0,0,0.013129704974743008
40835,0,0,0.013129704974743008
40838,0,0,0.013129704974743008
40847,0,0,0.013129704974743008
40851,0,0,0.013129704974743008
40852,0,0,0.07421693465935496
40853,1,0,0.013129704974743008
40859,0,0,0.013129704974743008
40865,0,0,0.07421693465935496
40869,1,1,1.0
40876,0,0,0.013129704974743008
40878,0,0,0.013129704974743008
40882,0,0,0.013129704974743008
40891,0,0,0.07421693465935496
40901,0,0,0.013129704974743008
40906,0,0,0.013129704974743008
40908,0,0,0.013129704974743008
40911,0,0,0.013129704974743008
40913,0,0,0.07421693465935496
40921,0,0,0.013129704974743008
40923,0,0,0.013129704974743008
40933,0,0,0.013129704974743008
40934,0,0,0.013129704974743008
40942,0,0,0.013129704974743008
40948,0,0,0.07421693465935496
40950,0,0,0.07421693465935496
40955,0,0,0.013129704974743008
40956,0,0,0.013129704974743008
40959,0,0,0.013129704974743008
40978,0,0,0.07421693465935496
40991,0,0,0.013129704974743008
40997,0,0,0.07421693465935496
41001,0,0,0.013129704974743008
41003,0,0,0.013129704974743008
41005,0,0,0.013129704974743008
41011,0,0,0.013129704974743008
41014,0,0,0.07421693465935496
41015,0,0,0.013129704974743008
41017,0,0,0.07421693465935496
41023,0,0,0.013129704974743008
41026,0,0,0.07421693465935496
41033,0,0,0.013129704974743008
41039,1,0,0.07421693465935496
41052,1,1,1.0
41066,0,0,0.013129704974743008
41067,0,0,0.013129704974743008
41069,0,0,0.07421693465935496
41076,0,0,0.013129704974743008
41079,1,0,0.07421693465935496
41080,0,0,0.07421693465935496
41081,0,0,0.013129704974743008
41083,0,0,0.013129704974743008
41101,0,0,0.013129704974743008
41114,0,0,0.013129704974743008
41116,0,0,0.07421693465935496
41117,0,0,0.013129704974743008
41120,0,0,0.07421693465935496
41130,0,0,0.07421693465935496
41136,0,0,0.013129704974743008
41142,0,0,0.013129704974743008
41155,0,0,0.013129704974743008
41160,0,0,0.07421693465935496
41178,0,0,0.013129704974743008
41182,0,0,0.013129704974743008
41185,0,0,0.013129704974743008
41197,0,0,0.07421693465935496
41198,0,0,0.013129704974743008
41205,0,0,0.07421693465935496
41212,1,1,1.0
41214,0,0,0.013129704974743008
41221,0,0,0.013129704974743008
41223,0,0,0.07421693465935496
41233,0,0,0.013129704974743008
41239,0,0,0.07421693465935496
41241,0,0,0.07421693465935496
41249,0,0,0.07421693465935496
41253,1,0,0.07421693465935496
41254,0,0,0.013129704974743008
41256,0,0,0.013129704974743008
41260,0,0,0.013129704974743008
41276,0,0,0.013129704974743008
41279,0,0,0.013129704974743008
41286,0,0,0.013129704974743008
41290,0,0,0.07421693465935496
41292,0,0,0.013129704974743008
41308,0,0,0.07421693465935496
41309,0,0,0.013129704974743008
41313,0,0,0.013129704974743008
41329,0,0,0.013129704974743008
41330,0,0,0.013129704974743008
41338,0,0,0.07421693465935496
41339,0,0,0.07421693465935496
41351,0,0,0.013129704974743008
41353,1,1,1.0
41356,0,0,0.013129704974743008
41360,0,0,0.013129704974743008
41362,0,0,0.07421693465935496
41366,0,0,0.013129704974743008
41367,0,0,0.013129704974743008
41371,0,0,0.07421693465935496
41373,0,0,0.013129704974743008
41375,0,0,0.013129704974743008
41377,1,1,1.0
41390,0,0,0.013129704974743008
41391,0,0,0.013129704974743008
41392,0,0,0.013129704974743008
41402,0,0,0.013129704974743008
41405,0,0,0.013129704974743008
41407,0,0,0.07421693465935496
41408,0,0,0.013129704974743008
41410,0,0,0.013129704974743008
41412,0,0,0.013129704974743008
41416,0,0,0.013129704974743008
41418,1,1,1.0
41424,0,0,0.013129704974743008
41425,0,0,0.013129704974743008
41427,0,0,0.013129704974743008
41445,0,0,0.07421693465935496
41446,0,0,0.013129704974743008
41452,0,0,0.013129704974743008
41454,0,0,0.013129704974743008
41455,1,0,0.013129704974743008
41456,0,0,0.013129704974743008
41462,0,0,0.013129704974743008
41463,0,0,0.013129704974743008
41465,0,0,0.013129704974743008
41467,0,0,0.013129704974743008
41477,0,0,0.07421693465935496
41478,0,0,0.013129704974743008
41480,0,0,0.013129704974743008
41489,0,0,0.013129704974743008
41490,0,0,0.013129704974743008
41503,0,0,0.013129704974743008
41510,0,0,0.013129704974743008
41517,0,0,0.013129704974743008
41529,0,0,0.07421693465935496
41532,0,0,0.07421693465935496
41533,0,0,0.013129704974743008
41535,0,0,0.013129704974743008
41537,0,0,0.013129704974743008
41540,0,0,0.07421693465935496
41544,1,1,1.0
41546,0,0,0.07421693465935496
41549,0,0,0.013129704974743008
41550,0,0,0.013129704974743008
41553,0,0,0.013129704974743008
41561,0,0,0.013129704974743008
41568,0,0,0.013129704974743008
41570,0,0,0.013129704974743008
41584,0,0,0.013129704974743008
41594,0,0,0.013129704974743008
41604,0,0,0.013129704974743008
41609,0,0,0.013129704974743008
41615,0,0,0.07421693465935496
41620,0,0,0.013129704974743008
41627,0,0,0.013129704974743008
41634,0,0,0.07421693465935496
41637,1,1,1.0
41644,0,0,0.013129704974743008
41653,0,0,0.013129704974743008
41660,0,0,0.013129704974743008
41661,0,0,0.013129704974743008
41667,1,0,0.07421693465935496
41668,0,0,0.07421693465935496
41674,0,0,0.07421693465935496
41675,0,0,0.07421693465935496
41681,0,0,0.013129704974743008
41683,1,0,0.07421693465935496
41690,0,0,0.013129704974743008
41692,1,1,1.0
41693,0,0,0.013129704974743008
41697,0,0,0.013129704974743008
41703,0,0,0.013129704974743008
41705,0,0,0.07421693465935496
41715,0,0,0.013129704974743008
41721,0,0,0.013129704974743008
41728,0,0,0.013129704974743008
41732,1,0,0.07421693465935496
41739,0,0,0.013129704974743008
41742,0,0,0.07421693465935496
41744,0,0,0.013129704974743008
41746,0,0,0.013129704974743008
41747,0,0,0.013129704974743008
41752,0,0,0.013129704974743008
41754,0,0,0.013129704974743008
41759,0,0,0.07421693465935496
41772,0,0,0.013129704974743008
41774,0,0,0.013129704974743008
41778,1,1,1.0
41784,0,0,0.013129704974743008
41790,0,0,0.013129704974743008
41791,0,0,0.013129704974743008
41792,0,0,0.013129704974743008
41798,0,0,0.013129704974743008
41804,0,0,0.013129704974743008
41811,0,0,0.013129704974743008
41812,0,0,0.07421693465935496
41816,0,0,0.013129704974743008
41819,0,0,0.07421693465935496
41825,0,0,0.07421693465935496
41843,0,0,0.013129704974743008
41860,0,0,0.013129704974743008
41862,0,0,0.07421693465935496
41869,0,0,0.013129704974743008
41871,0,0,0.013129704974743008
41875,0,0,0.013129704974743008
41882,0,0,0.07421693465935496
41883,0,0,0.013129704974743008
41888,0,0,0.013129704974743008
41907,1,1,1.0
41916,0,0,0.07421693465935496
41924,0,0,0.07421693465935496
41931,0,0,0.013129704974743008
41938,0,0,0.07421693465935496
41942,0,0,0.013129704974743008
41944,0,0,0.07421693465935496
41949,0,0,0.07421693465935496
41957,0,0,0.07421693465935496
41958,0,0,0.013129704974743008
41961,0,0,0.013129704974743008
41963,0,0,0.013129704974743008
41964,0,0,0.013129704974743008
41968,0,0,0.013129704974743008
41969,0,0,0.013129704974743008
41975,0,0,0.07421693465935496
41983,0,0,0.07421693465935496
41991,0,0,0.013129704974743008
41994,0,0,0.013129704974743008
41995,0,0,0.013129704974743008
41997,0,0,0.07421693465935496
42005,0,0,0.013129704974743008
42023,0,0,0.013129704974743008
42028,1,0,0.07421693465935496
42030,0,0,0.013129704974743008
42036,0,0,0.07421693465935496
42047,0,0,0.013129704974743008
42049,0,0,0.07421693465935496
42056,0,0,0.07421693465935496
42062,0,0,0.013129704974743008
42067,0,0,0.07421693465935496
42069,0,0,0.013129704974743008
42070,0,0,0.013129704974743008
42079,0,0,0.013129704974743008
42084,0,0,0.013129704974743008
42087,0,0,0.07421693465935496
42090,0,0,0.013129704974743008
42092,0,0,0.013129704974743008
42093,0,0,0.013129704974743008
42099,0,0,0.013129704974743008
42102,0,0,0.013129704974743008
42105,0,0,0.013129704974743008
42106,0,0,0.013129704974743008
42108,0,0,0.013129704974743008
42111,1,1,1.0
42113,0,0,0.013129704974743008
42118,0,0,0.013129704974743008
42122,0,0,0.013129704974743008
42123,0,0,0.013129704974743008
42125,0,0,0.013129704974743008
42139,0,0,0.07421693465935496
42152,0,0,0.013129704974743008
42157,0,0,0.013129704974743008
42158,0,0,0.013129704974743008
42162,0,0,0.013129704974743008
42171,0,0,0.013129704974743008
42172,0,0,0.07421693465935496
42176,0,0,0.013129704974743008
42179,0,0,0.013129704974743008
42190,0,0,0.013129704974743008
42194,1,1,1.0
42200,0,0,0.013129704974743008
42210,0,0,0.013129704974743008
42212,0,0,0.07421693465935496
42221,1,1,1.0
42225,0,0,0.013129704974743008
42226,0,0,0.07421693465935496
42235,0,0,0.07421693465935496
42244,0,0,0.013129704974743008
42245,0,0,0.013129704974743008
42250,0,0,0.07421693465935496
42253,0,0,0.07421693465935496
42255,0,0,0.07421693465935496
42258,1,0,0.07421693465935496
42266,0,0,0.013129704974743008
42267,0,0,0.013129704974743008
42272,0,0,0.013129704974743008
42276,0,0,0.07421693465935496
42277,0,0,0.013129704974743008
42279,0,0,0.013129704974743008
42281,0,0,0.013129704974743008
42286,0,0,0.013129704974743008
42287,0,0,0.07421693465935496
42295,0,0,0.013129704974743008
42305,0,0,0.013129704974743008
42311,1,1,1.0
42315,0,0,0.013129704974743008
42319,0,0,0.013129704974743008
42321,0,0,0.07421693465935496
42331,0,0,0.013129704974743008
42333,1,1,1.0
42336,0,0,0.013129704974743008
42337,0,0,0.013129704974743008
42341,0,0,0.013129704974743008
42351,0,0,0.013129704974743008
42354,0,0,0.013129704974743008
42357,0,0,0.013129704974743008
42363,0,0,0.013129704974743008
42379,0,0,0.013129704974743008
42391,0,0,0.07421693465935496
42395,0,0,0.013129704974743008
42397,0,0,0.013129704974743008
42406,1,0,0.07421693465935496
42425,1,0,0.07421693465935496
42437,0,0,0.07421693465935496
42442,0,0,0.013129704974743008
42443,0,0,0.07421693465935496
42446,0,0,0.07421693465935496
42451,0,0,0.07421693465935496
42465,0,0,0.013129704974743008
42482,1,1,1.0
42485,0,0,0.013129704974743008
42486,0,0,0.013129704974743008
42488,0,0,0.013129704974743008
42492,0,0,0.013129704974743008
42498,0,0,0.013129704974743008
42500,0,0,0.07421693465935496
42505,0,0,0.07421693465935496
42511,0,0,0.013129704974743008
42513,0,0,0.013129704974743008
42516,0,0,0.013129704974743008
42521,0,0,0.013129704974743008
42525,0,0,0.07421693465935496
42534,0,0,0.013129704974743008
42540,1,0,0.07421693465935496
42541,0,0,0.07421693465935496
42545,0,0,0.013129704974743008
42546,1,1,1.0
42548,0,0,0.07421693465935496
42555,0,0,0.07421693465935496
42558,0,0,0.013129704974743008
42561,0,0,0.013129704974743008
42562,0,0,0.07421693465935496
42564,0,0,0.013129704974743008
42566,0,0,0.013129704974743008
42568,0,0,0.013129704974743008
42570,0,0,0.013129704974743008
42599,0,0,0.013129704974743008
42603,0,0,0.013129704974743008
42604,0,0,0.07421693465935496
42608,0,0,0.013129704974743008
42630,0,0,0.013129704974743008
42637,0,0,0.013129704974743008
42641,0,0,0.013129704974743008
42642,0,0,0.013129704974743008
42647,0,0,0.013129704974743008
42650,0,0,0.013129704974743008
42651,1,0,0.013129704974743008
42654,0,0,0.07421693465935496
42660,0,0,0.013129704974743008
42662,0,0,0.013129704974743008
42667,0,0,0.07421693465935496
42671,0,0,0.013129704974743008
42673,0,0,0.07421693465935496
42679,0,0,0.07421693465935496
42687,0,0,0.013129704974743008
42694,0,0,0.013129704974743008
42696,0,0,0.013129704974743008
42702,0,0,0.07421693465935496
42704,0,0,0.013129704974743008
42707,0,0,0.013129704974743008
42708,0,0,0.013129704974743008
42710,0,0,0.07421693465935496
42712,1,1,1.0
42715,0,0,0.013129704974743008
42723,0,0,0.013129704974743008
42724,0,0,0.013129704974743008
42727,0,0,0.013129704974743008
42730,0,0,0.013129704974743008
42737,0,0,0.013129704974743008
42740,0,0,0.013129704974743008
42741,0,0,0.013129704974743008
42744,0,0,0.013129704974743008
42754,1,0,0.07421693465935496
42764,0,0,0.013129704974743008
42772,0,0,0.013129704974743008
42773,0,0,0.013129704974743008
42776,0,0,0.07421693465935496
42779,0,0,0.013129704974743008
42781,0,0,0.07421693465935496
42792,0,0,0.013129704974743008
42801,0,0,0.013129704974743008
42804,0,0,0.013129704974743008
42821,0,0,0.013129704974743008
42826,0,0,0.07421693465935496
42836,0,0,0.013129704974743008
42839,0,0,0.013129704974743008
42840,0,0,0.07421693465935496
42845,0,0,0.07421693465935496
42856,0,0,0.013129704974743008
42863,0,0,0.07421693465935496
42872,0,0,0.013129704974743008
42877,0,0,0.07421693465935496
42882,0,0,0.013129704974743008
42883,0,0,0.013129704974743008
42893,0,0,0.013129704974743008
42898,0,0,0.07421693465935496
42899,0,0,0.013129704974743008
42901,0,0,0.07421693465935496
42903,0,0,0.07421693465935496
42906,0,0,0.07421693465935496
42910,0,0,0.013129704974743008
42914,0,0,0.07421693465935496
42920,0,0,0.013129704974743008
42921,0,0,0.013129704974743008
42932,0,0,0.013129704974743008
42942,0,0,0.013129704974743008
42951,0,0,0.013129704974743008
42958,1,0,0.07421693465935496
42959,0,0,0.013129704974743008
42965,0,0,0.07421693465935496
42974,0,0,0.013129704974743008
42976,0,0,0.013129704974743008
42994,0,0,0.013129704974743008
43000,0,0,0.07421693465935496
43001,0,0,0.013129704974743008
43002,0,0,0.07421693465935496
43003,0,0,0.07421693465935496
43007,0,0,0.013129704974743008
43010,0,0,0.07421693465935496
43011,0,0,0.013129704974743008
43015,0,0,0.07421693465935496
43016,0,0,0.07421693465935496
43022,0,0,0.013129704974743008
43024,0,0,0.013129704974743008
43025,0,0,0.013129704974743008
43029,0,0,0.013129704974743008
43036,0,0,0.07421693465935496
43039,0,0,0.013129704974743008
43047,0,0,0.013129704974743008
43052,1,0,0.07421693465935496
43065,0,0,0.013129704974743008
43066,0,0,0.013129704974743008
43068,0,0,0.07421693465935496
43078,0,0,0.013129704974743008
43079,0,0,0.07421693465935496
43081,0,0,0.07421693465935496
43082,0,0,0.013129704974743008
43084,1,1,1.0
43085,0,0,0.013129704974743008
43096,0,0,0.013129704974743008
43099,0,0,0.013129704974743008
43121,0,0,0.07421693465935496
43124,0,0,0.07421693465935496
43145,0,0,0.013129704974743008
43149,0,0,0.013129704974743008
43150,0,0,0.013129704974743008
43164,0,0,0.013129704974743008
43165,0,0,0.013129704974743008
43167,0,0,0.07421693465935496
43169,0,0,0.013129704974743008
43183,0,0,0.013129704974743008
43190,0,0,0.07421693465935496
43194,0,0,0.013129704974743008
43195,0,0,0.013129704974743008
43199,0,0,0.07421693465935496
43202,0,0,0.013129704974743008
43205,0,0,0.07421693465935496
43208,0,0,0.013129704974743008
43229,0,0,0.07421693465935496
43230,0,0,0.013129704974743008
43242,0,0,0.07421693465935496
43245,0,0,0.013129704974743008
43247,0,0,0.07421693465935496
43257,0,0,0.07421693465935496
43258,0,0,0.07421693465935496
43265,0,0,0.013129704974743008
43272,0,0,0.07421693465935496
43273,0,0,0.013129704974743008
43274,0,0,0.013129704974743008
43276,0,0,0.013129704974743008
43277,0,0,0.07421693465935496
43288,0,0,0.013129704974743008
43289,0,0,0.013129704974743008
43293,0,0,0.07421693465935496
43295,0,0,0.07421693465935496
43300,0,0,0.07421693465935496
43303,0,0,0.07421693465935496
43306,0,0,0.013129704974743008
43310,0,0,0.013129704974743008
43314,0,0,0.013129704974743008
43318,0,0,0.013129704974743008
43322,1,1,1.0
43331,0,0,0.07421693465935496
43333,0,0,0.07421693465935496
43347,0,0,0.013129704974743008
43349,0,0,0.013129704974743008
43355,0,0,0.013129704974743008
43377,0,0,0.013129704974743008
43379,0,0,0.013129704974743008
43390,1,0,0.013129704974743008
43393,0,0,0.013129704974743008
43399,1,1,1.0
43419,0,0,0.013129704974743008
43424,1,1,1.0
43428,0,0,0.013129704974743008
43429,0,0,0.013129704974743008
43444,0,0,0.013129704974743008
43445,0,0,0.013129704974743008
43449,0,0,0.07421693465935496
43451,0,0,0.013129704974743008
43453,0,0,0.013129704974743008
43454,0,0,0.013129704974743008
43458,0,0,0.013129704974743008
43466,1,1,1.0
43472,1,0,0.07421693465935496
43474,0,0,0.07421693465935496
43477,0,0,0.013129704974743008
43487,0,0,0.07421693465935496
43497,0,0,0.013129704974743008
43498,0,0,0.013129704974743008
43505,0,0,0.013129704974743008
43507,1,0,0.013129704974743008
43537,0,0,0.013129704974743008
43538,0,0,0.013129704974743008
43543,0,0,0.013129704974743008
43545,0,0,0.013129704974743008
43558,0,0,0.013129704974743008
43563,0,0,0.013129704974743008
43569,1,1,1.0
43584,0,0,0.07421693465935496
43591,0,0,0.013129704974743008
43595,0,0,0.013129704974743008
43599,0,0,0.013129704974743008
43605,0,0,0.013129704974743008
43607,0,0,0.013129704974743008
43608,0,0,0.07421693465935496
43616,0,0,0.013129704974743008
43621,0,0,0.013129704974743008
43622,0,0,0.013129704974743008
43624,0,0,0.013129704974743008
43631,0,0,0.07421693465935496
43642,0,0,0.013129704974743008
43643,0,0,0.07421693465935496
43651,0,0,0.013129704974743008
43658,1,0,0.07421693465935496
43661,0,0,0.07421693465935496
43662,0,0,0.013129704974743008
43663,0,0,0.013129704974743008
43676,0,0,0.013129704974743008
43678,0,0,0.013129704974743008
43680,0,0,0.013129704974743008
43685,0,0,0.013129704974743008
43688,0,0,0.07421693465935496
43691,0,0,0.013129704974743008
43694,0,0,0.013129704974743008
43696,0,0,0.07421693465935496
43697,0,0,0.07421693465935496
43703,0,0,0.07421693465935496
43711,0,0,0.013129704974743008
43713,0,0,0.013129704974743008
43715,0,0,0.013129704974743008
43716,0,0,0.013129704974743008
43721,0,0,0.07421693465935496
43727,0,0,0.013129704974743008
43735,0,0,0.013129704974743008
43739,1,0,0.013129704974743008
43748,0,0,0.013129704974743008
43758,0,0,0.013129704974743008
43767,0,0,0.07421693465935496
43770,0,0,0.07421693465935496
43782,0,0,0.013129704974743008
43786,0,0,0.07421693465935496
43792,0,0,0.013129704974743008
43809,0,0,0.07421693465935496
43813,0,0,0.013129704974743008
43815,0,0,0.013129704974743008
43818,0,0,0.07421693465935496
43820,0,0,0.07421693465935496
43832,0,0,0.013129704974743008
43833,0,0,0.013129704974743008
43835,0,0,0.013129704974743008
43839,0,0,0.013129704974743008
43841,0,0,0.013129704974743008
43852,0,0,0.013129704974743008
43862,0,0,0.013129704974743008
43864,0,0,0.07421693465935496
43866,0,0,0.07421693465935496
43878,0,0,0.013129704974743008
43880,0,0,0.07421693465935496
43883,0,0,0.013129704974743008
43895,0,0,0.013129704974743008
43897,0,0,0.07421693465935496
43904,0,0,0.07421693465935496
43906,1,1,1.0
43907,0,0,0.07421693465935496
43912,0,0,0.013129704974743008
43916,0,0,0.013129704974743008
43918,0,0,0.013129704974743008
43921,0,0,0.07421693465935496
43924,0,0,0.013129704974743008
43931,0,0,0.013129704974743008
43932,0,0,0.013129704974743008
43938,0,0,0.07421693465935496
43942,0,0,0.013129704974743008
43943,1,1,1.0
43951,0,0,0.013129704974743008
43953,0,0,0.013129704974743008
43958,0,0,0.013129704974743008
43962,0,0,0.013129704974743008
43965,0,0,0.013129704974743008
43982,0,0,0.013129704974743008
43986,0,0,0.013129704974743008
43997,0,0,0.013129704974743008
43998,0,0,0.013129704974743008
43999,0,0,0.013129704974743008
44003,0,0,0.013129704974743008
44019,1,0,0.07421693465935496
44021,0,0,0.013129704974743008
44028,0,0,0.07421693465935496
44036,0,0,0.013129704974743008
44037,0,0,0.07421693465935496
44039,0,0,0.013129704974743008
44040,0,0,0.013129704974743008
44043,0,0,0.013129704974743008
44044,0,0,0.07421693465935496
44045,1,1,1.0
44051,0,0,0.07421693465935496
44063,0,0,0.013129704974743008
44072,0,0,0.013129704974743008
44074,0,0,0.013129704974743008
44077,0,0,0.013129704974743008
44086,0,0,0.07421693465935496
44088,0,0,0.07421693465935496
44089,0,0,0.013129704974743008
44095,0,0,0.013129704974743008
44104,0,0,0.013129704974743008
44119,0,0,0.013129704974743008
44120,0,0,0.013129704974743008
44123,1,1,1.0
44129,0,0,0.013129704974743008
44130,0,0,0.013129704974743008
44134,0,0,0.013129704974743008
44148,0,0,0.013129704974743008
44152,0,0,0.013129704974743008
44165,0,0,0.013129704974743008
44166,0,0,0.013129704974743008
44168,0,0,0.013129704974743008
44170,0,0,0.013129704974743008
44187,1,1,1.0
44188,0,0,0.013129704974743008
44191,0,0,0.07421693465935496
44199,0,0,0.07421693465935496
44203,0,0,0.013129704974743008
44207,0,0,0.07421693465935496
44215,0,0,0.07421693465935496
44227,0,0,0.013129704974743008
44237,0,0,0.013129704974743008
44243,0,0,0.013129704974743008
44245,0,0,0.07421693465935496
44249,0,0,0.013129704974743008
44251,1,0,0.07421693465935496
44258,0,0,0.013129704974743008
44260,0,0,0.013129704974743008
44265,0,0,0.013129704974743008
44267,0,0,0.013129704974743008
44280,0,0,0.013129704974743008
44294,0,0,0.013129704974743008
44313,0,0,0.013129704974743008
44319,0,0,0.013129704974743008
44328,0,0,0.013129704974743008
44353,0,0,0.013129704974743008
44355,0,0,0.07421693465935496
44371,0,0,0.07421693465935496
44372,0,0,0.013129704974743008
44373,0,0,0.07421693465935496
44375,0,0,0.013129704974743008
44388,0,0,0.013129704974743008
44389,0,0,0.013129704974743008
44390,0,0,0.013129704974743008
44392,0,0,0.013129704974743008
44397,0,0,0.013129704974743008
44406,0,0,0.07421693465935496
44412,0,0,0.013129704974743008
44415,0,0,0.013129704974743008
44421,0,0,0.013129704974743008
44422,0,0,0.013129704974743008
44428,0,0,0.07421693465935496
44431,0,0,0.07421693465935496
44433,1,1,1.0
44436,0,0,0.013129704974743008
44442,0,0,0.013129704974743008
44443,1,1,1.0
44446,0,0,0.013129704974743008
44457,0,0,0.013129704974743008
44458,0,0,0.013129704974743008
44475,0,0,0.013129704974743008
44477,0,0,0.013129704974743008
44480,0,0,0.07421693465935496
44494,0,0,0.013129704974743008
44505,0,0,0.013129704974743008
44516,0,0,0.013129704974743008
44522,0,0,0.07421693465935496
44526,0,0,0.07421693465935496
44527,0,0,0.07421693465935496
44534,0,0,0.013129704974743008
44543,0,0,0.013129704974743008
44545,0,0,0.013129704974743008
44556,0,0,0.013129704974743008
44559,0,0,0.07421693465935496
44563,0,0,0.013129704974743008
44565,0,0,0.07421693465935496
44567,0,0,0.013129704974743008
44572,1,0,0.07421693465935496
44573,0,0,0.07421693465935496
44578,0,0,0.013129704974743008
44585,0,0,0.013129704974743008
44594,0,0,0.013129704974743008
44598,0,0,0.013129704974743008
44600,0,0,0.013129704974743008
44601,0,0,0.013129704974743008
44608,0,0,0.013129704974743008
44611,0,0,0.013129704974743008
44629,0,0,0.013129704974743008
44639,0,0,0.013129704974743008
44641,0,0,0.07421693465935496
44643,0,0,0.013129704974743008
44650,0,0,0.013129704974743008
44653,0,0,0.07421693465935496
44667,1,0,0.013129704974743008
44668,0,0,0.013129704974743008
44673,0,0,0.07421693465935496
44675,0,0,0.013129704974743008
44678,1,1,1.0
44684,0,0,0.07421693465935496
44693,0,0,0.013129704974743008
44694,0,0,0.07421693465935496
44697,1,0,0.013129704974743008
44703,0,0,0.07421693465935496
44705,0,0,0.013129704974743008
44729,0,0,0.013129704974743008
44736,0,0,0.07421693465935496
44748,0,0,0.013129704974743008
44764,0,0,0.013129704974743008
44768,1,1,1.0
44770,1,1,1.0
44787,0,0,0.07421693465935496
44788,0,0,0.013129704974743008
44789,0,0,0.013129704974743008
44790,0,0,0.013129704974743008
44794,0,0,0.07421693465935496
44802,0,0,0.013129704974743008
44810,0,0,0.013129704974743008
44811,0,0,0.013129704974743008
44814,0,0,0.013129704974743008
44825,0,0,0.013129704974743008
44832,0,0,0.07421693465935496
44835,0,0,0.07421693465935496
44840,1,1,1.0
44841,0,0,0.013129704974743008
44848,0,0,0.013129704974743008
44849,0,0,0.07421693465935496
44853,0,0,0.013129704974743008
44856,0,0,0.013129704974743008
44859,0,0,0.013129704974743008
44864,0,0,0.013129704974743008
44867,0,0,0.013129704974743008
44872,0,0,0.07421693465935496
44873,0,0,0.013129704974743008
44875,0,0,0.013129704974743008
44878,0,0,0.013129704974743008
44882,0,0,0.013129704974743008
44883,0,0,0.013129704974743008
44884,0,0,0.07421693465935496
44890,0,0,0.013129704974743008
44893,0,0,0.013129704974743008
44894,0,0,0.013129704974743008
44899,0,0,0.013129704974743008
44905,0,0,0.07421693465935496
44908,0,0,0.07421693465935496
44929,0,0,0.013129704974743008
44937,0,0,0.013129704974743008
44938,0,0,0.013129704974743008
44944,0,0,0.07421693465935496
44958,0,0,0.013129704974743008
44961,0,0,0.013129704974743008
44968,0,0,0.013129704974743008
44975,0,0,0.07421693465935496
44980,1,1,1.0
44982,0,0,0.013129704974743008
45000,0,0,0.013129704974743008
45003,0,0,0.013129704974743008
45005,1,0,0.013129704974743008
45010,1,1,1.0
45015,0,0,0.013129704974743008
45018,0,0,0.013129704974743008
45021,1,1,1.0
45027,0,0,0.013129704974743008
45040,0,0,0.07421693465935496
45044,0,0,0.013129704974743008
45051,0,0,0.013129704974743008
45052,0,0,0.013129704974743008
45058,0,0,0.013129704974743008
45060,0,0,0.07421693465935496
45061,0,0,0.013129704974743008
45067,0,0,0.07421693465935496
45068,0,0,0.013129704974743008
45075,0,0,0.013129704974743008
45082,1,0,0.07421693465935496
45089,1,0,0.07421693465935496
45101,0,0,0.07421693465935496
45114,0,0,0.013129704974743008
45124,0,0,0.07421693465935496
45128,0,0,0.013129704974743008
45132,0,0,0.013129704974743008
45135,0,0,0.013129704974743008
45141,0,0,0.013129704974743008
45144,0,0,0.07421693465935496
45145,0,0,0.07421693465935496
45149,1,1,1.0
45152,0,0,0.07421693465935496
45159,0,0,0.013129704974743008
45166,0,0,0.07421693465935496
45175,0,0,0.07421693465935496
45179,0,0,0.07421693465935496
45193,0,0,0.013129704974743008
45196,0,0,0.013129704974743008
45197,0,0,0.013129704974743008
45199,0,0,0.013129704974743008
45209,0,0,0.07421693465935496
45214,0,0,0.013129704974743008
45220,0,0,0.013129704974743008
45227,0,0,0.013129704974743008
45228,1,1,1.0
45235,0,0,0.013129704974743008
45236,0,0,0.07421693465935496
45243,0,0,0.07421693465935496
45247,0,0,0.013129704974743008
45250,0,0,0.07421693465935496
45252,0,0,0.013129704974743008
45253,0,0,0.013129704974743008
45259,0,0,0.013129704974743008
45262,1,1,1.0
45268,0,0,0.013129704974743008
45275,0,0,0.013129704974743008
45279,0,0,0.07421693465935496
45280,0,0,0.013129704974743008
45287,0,0,0.07421693465935496
45300,0,0,0.013129704974743008
45302,0,0,0.07421693465935496
45314,0,0,0.07421693465935496
45321,0,0,0.013129704974743008
45323,0,0,0.07421693465935496
45325,0,0,0.013129704974743008
45345,0,0,0.013129704974743008
45347,0,0,0.013129704974743008
45364,0,0,0.013129704974743008
45366,0,0,0.013129704974743008
45384,0,0,0.013129704974743008
45387,0,0,0.07421693465935496
45392,0,0,0.07421693465935496
45401,0,0,0.013129704974743008
45416,0,0,0.013129704974743008
45423,0,0,0.07421693465935496
45425,0,0,0.013129704974743008
45431,0,0,0.013129704974743008
45433,0,0,0.013129704974743008
45434,0,0,0.013129704974743008
45435,0,0,0.013129704974743008
45438,0,0,0.013129704974743008
45439,0,0,0.013129704974743008
45442,0,0,0.013129704974743008
45451,1,1,1.0
45458,0,0,0.07421693465935496
45465,0,0,0.013129704974743008
45469,0,0,0.07421693465935496
45472,0,0,0.013129704974743008
45500,0,0,0.013129704974743008
45502,0,0,0.013129704974743008
45503,0,0,0.013129704974743008
45508,0,0,0.013129704974743008
45519,0,0,0.013129704974743008
45527,0,0,0.013129704974743008
45530,0,0,0.013129704974743008
45533,0,0,0.07421693465935496
45534,0,0,0.07421693465935496
45537,0,0,0.07421693465935496
45540,0,0,0.013129704974743008
45542,0,0,0.07421693465935496
45543,0,0,0.07421693465935496
45545,0,0,0.013129704974743008
45547,0,0,0.013129704974743008
45551,0,0,0.013129704974743008
45555,0,0,0.013129704974743008
45561,0,0,0.07421693465935496
45562,0,0,0.07421693465935496
45568,0,0,0.013129704974743008
45574,0,0,0.013129704974743008
45577,0,0,0.013129704974743008
45582,0,0,0.013129704974743008
45588,0,0,0.013129704974743008
45599,0,0,0.013129704974743008
45609,0,0,0.07421693465935496
45617,0,0,0.07421693465935496
45618,0,0,0.013129704974743008
45624,0,0,0.07421693465935496
45627,0,0,0.013129704974743008
45636,0,0,0.013129704974743008
45639,0,0,0.013129704974743008
45640,1,0,0.07421693465935496
45648,0,0,0.07421693465935496
45661,1,0,0.07421693465935496
45666,0,0,0.013129704974743008
45670,0,0,0.07421693465935496
45678,0,0,0.013129704974743008
45682,0,0,0.013129704974743008
45685,0,0,0.013129704974743008
45690,0,0,0.013129704974743008
45695,0,0,0.013129704974743008
45698,0,0,0.013129704974743008
45703,0,0,0.013129704974743008
45705,0,0,0.013129704974743008
45708,0,0,0.013129704974743008
45710,0,0,0.07421693465935496
45714,0,0,0.013129704974743008
45719,0,0,0.013129704974743008
45722,0,0,0.07421693465935496
45725,1,1,1.0
45742,0,0,0.013129704974743008
45756,1,1,1.0
45760,1,1,1.0
45768,0,0,0.013129704974743008
45772,0,0,0.013129704974743008
45775,0,0,0.013129704974743008
45776,0,0,0.07421693465935496
45784,0,0,0.07421693465935496
45792,0,0,0.07421693465935496
45795,0,0,0.013129704974743008
45796,0,0,0.07421693465935496
45797,0,0,0.07421693465935496
45800,0,0,0.013129704974743008
45813,0,0,0.07421693465935496
45830,1,0,0.013129704974743008
45831,0,0,0.013129704974743008
45833,0,0,0.013129704974743008
45840,0,0,0.07421693465935496
45847,0,0,0.013129704974743008
45851,0,0,0.013129704974743008
45852,0,0,0.013129704974743008
45863,0,0,0.013129704974743008
45879,0,0,0.07421693465935496
45888,0,0,0.013129704974743008
45892,0,0,0.013129704974743008
45898,0,0,0.013129704974743008
45900,0,0,0.013129704974743008
45905,0,0,0.013129704974743008
45914,0,0,0.07421693465935496
45939,0,0,0.013129704974743008
45950,0,0,0.013129704974743008
45951,0,0,0.013129704974743008
45954,0,0,0.013129704974743008
45955,0,0,0.013129704974743008
45958,0,0,0.013129704974743008
45973,0,0,0.07421693465935496
45978,0,0,0.013129704974743008
45984,0,0,0.07421693465935496
45985,1,1,1.0
46003,0,0,0.013129704974743008
46006,0,0,0.013129704974743008
46017,0,0,0.013129704974743008
46019,0,0,0.013129704974743008
46020,0,0,0.013129704974743008
46022,1,1,1.0
46027,0,0,0.013129704974743008
46030,0,0,0.013129704974743008
46033,0,0,0.013129704974743008
46038,0,0,0.013129704974743008
46060,0,0,0.013129704974743008
46065,0,0,0.013129704974743008
46066,0,0,0.013129704974743008
46072,0,0,0.07421693465935496
46075,0,0,0.013129704974743008
46078,0,0,0.07421693465935496
46080,0,0,0.013129704974743008
46082,0,0,0.013129704974743008
46086,0,0,0.013129704974743008
46109,0,0,0.07421693465935496
46111,0,0,0.013129704974743008
46114,0,0,0.07421693465935496
46119,0,0,0.013129704974743008
46122,0,0,0.013129704974743008
46127,0,0,0.07421693465935496
46130,0,0,0.013129704974743008
46133,0,0,0.013129704974743008
46137,0,0,0.07421693465935496
46139,0,0,0.07421693465935496
46150,0,0,0.013129704974743008
46152,0,0,0.013129704974743008
46156,1,1,1.0
46160,0,0,0.013129704974743008
46176,0,0,0.07421693465935496
46183,0,0,0.013129704974743008
46186,0,0,0.07421693465935496
46188,0,0,0.013129704974743008
46191,1,1,1.0
46205,0,0,0.013129704974743008
46210,0,0,0.013129704974743008
46212,0,0,0.013129704974743008
46217,0,0,0.013129704974743008
46221,1,1,1.0
46227,0,0,0.07421693465935496
46229,0,0,0.013129704974743008
46232,0,0,0.013129704974743008
46239,0,0,0.07421693465935496
46246,0,0,0.07421693465935496
46261,0,0,0.013129704974743008
46263,0,0,0.013129704974743008
46295,0,0,0.013129704974743008
46301,0,0,0.07421693465935496
46302,0,0,0.013129704974743008
46313,0,0,0.013129704974743008
46323,0,0,0.013129704974743008
46328,0,0,0.07421693465935496
46332,0,0,0.013129704974743008
46335,0,0,0.013129704974743008
46340,1,0,0.07421693465935496
46342,0,0,0.013129704974743008
46353,0,0,0.013129704974743008
46365,0,0,0.013129704974743008
46366,0,0,0.07421693465935496
46384,0,0,0.013129704974743008
46385,0,0,0.013129704974743008
46394,0,0,0.013129704974743008
46403,0,0,0.013129704974743008
46416,0,0,0.013129704974743008
46417,0,0,0.07421693465935496
46420,0,0,0.013129704974743008
46430,0,0,0.013129704974743008
46434,0,0,0.013129704974743008
46435,0,0,0.013129704974743008
46440,1,0,0.013129704974743008
46452,0,0,0.013129704974743008
46457,0,0,0.013129704974743008
46461,0,0,0.013129704974743008
46467,0,0,0.07421693465935496
46473,0,0,0.013129704974743008
46477,0,0,0.013129704974743008
46481,0,0,0.013129704974743008
46490,0,0,0.013129704974743008
46499,0,0,0.07421693465935496
46501,0,0,0.013129704974743008
46506,0,0,0.013129704974743008
46509,1,1,1.0
46526,0,0,0.013129704974743008
46532,0,0,0.07421693465935496
46534,0,0,0.07421693465935496
46535,0,0,0.013129704974743008
46539,0,0,0.07421693465935496
46545,0,0,0.07421693465935496
46546,0,0,0.013129704974743008
46551,0,0,0.013129704974743008
46557,0,0,0.013129704974743008
46558,0,0,0.013129704974743008
46564,0,0,0.07421693465935496
46578,0,0,0.013129704974743008
46590,1,0,0.07421693465935496
46597,0,0,0.07421693465935496
46603,1,1,1.0
46616,0,0,0.013129704974743008
46626,0,0,0.013129704974743008
46648,0,0,0.013129704974743008
46657,0,0,0.013129704974743008
46662,0,0,0.013129704974743008
46663,0,0,0.013129704974743008
46664,0,0,0.013129704974743008
46672,0,0,0.07421693465935496
46688,0,0,0.013129704974743008
46690,0,0,0.013129704974743008
46696,0,0,0.07421693465935496
46698,0,0,0.013129704974743008
46700,0,0,0.07421693465935496
46719,0,0,0.013129704974743008
46722,0,0,0.07421693465935496
46725,1,1,1.0
46727,0,0,0.07421693465935496
46729,0,0,0.013129704974743008
46733,0,0,0.013129704974743008
46735,0,0,0.07421693465935496
46736,0,0,0.013129704974743008
46737,0,0,0.07421693465935496
46742,0,0,0.013129704974743008
46749,0,0,0.013129704974743008
46751,0,0,0.07421693465935496
46762,0,0,0.013129704974743008
46766,0,0,0.013129704974743008
46784,0,0,0.013129704974743008
46785,0,0,0.013129704974743008
46786,0,0,0.07421693465935496
46787,0,0,0.013129704974743008
46799,0,0,0.013129704974743008
46801,0,0,0.013129704974743008
46803,0,0,0.013129704974743008
46805,0,0,0.013129704974743008
46812,0,0,0.07421693465935496
46814,1,0,0.013129704974743008
46821,0,0,0.07421693465935496
46828,0,0,0.07421693465935496
46833,0,0,0.013129704974743008
46834,0,0,0.07421693465935496
46836,0,0,0.013129704974743008
46848,0,0,0.013129704974743008
46874,0,0,0.013129704974743008
46876,0,0,0.013129704974743008
46877,0,0,0.013129704974743008
46881,0,0,0.07421693465935496
46882,1,0,0.07421693465935496
46885,0,0,0.013129704974743008
46906,1,0,0.013129704974743008
46909,0,0,0.013129704974743008
46911,0,0,0.07421693465935496
46915,0,0,0.013129704974743008
46924,0,0,0.013129704974743008
46925,0,0,0.013129704974743008
46929,0,0,0.013129704974743008
46939,0,0,0.013129704974743008
46940,1,1,1.0
46941,0,0,0.013129704974743008
46947,0,0,0.013129704974743008
46952,0,0,0.013129704974743008
46956,1,0,0.07421693465935496
46958,1,0,0.013129704974743008
46959,0,0,0.013129704974743008
46964,0,0,0.07421693465935496
46972,0,0,0.013129704974743008
46973,0,0,0.07421693465935496
46978,0,0,0.013129704974743008
46982,0,0,0.013129704974743008
46984,0,0,0.07421693465935496
46995,0,0,0.07421693465935496
47000,0,0,0.013129704974743008
47013,0,0,0.07421693465935496
47017,0,0,0.07421693465935496
47020,0,0,0.013129704974743008
47024,0,0,0.013129704974743008
47027,0,0,0.013129704974743008
47031,0,0,0.07421693465935496
47039,0,0,0.013129704974743008
47045,0,0,0.013129704974743008
47055,0,0,0.07421693465935496
47062,0,0,0.013129704974743008
47074,0,0,0.013129704974743008
47076,0,0,0.013129704974743008
47077,1,0,0.07421693465935496
47080,0,0,0.07421693465935496
47091,0,0,0.07421693465935496
47095,0,0,0.013129704974743008
47102,0,0,0.013129704974743008
47105,0,0,0.013129704974743008
47109,0,0,0.013129704974743008
47116,0,0,0.013129704974743008
47117,1,1,1.0
47125,0,0,0.013129704974743008
47130,0,0,0.013129704974743008
47141,0,0,0.07421693465935496
47143,0,0,0.07421693465935496
47145,0,0,0.013129704974743008
47151,0,0,0.013129704974743008
47160,0,0,0.07421693465935496
47187,0,0,0.07421693465935496
47198,0,0,0.07421693465935496
47205,0,0,0.013129704974743008
47211,0,0,0.07421693465935496
47219,0,0,0.013129704974743008
47221,0,0,0.013129704974743008
47227,0,0,0.013129704974743008
47230,0,0,0.013129704974743008
47235,0,0,0.07421693465935496
47238,0,0,0.013129704974743008
47246,0,0,0.013129704974743008
47247,0,0,0.07421693465935496
47252,0,0,0.013129704974743008
47255,0,0,0.07421693465935496
47256,0,0,0.013129704974743008
47257,0,0,0.07421693465935496
47259,1,1,1.0
47262,0,0,0.013129704974743008
47267,0,0,0.013129704974743008
47275,0,0,0.013129704974743008
47283,0,0,0.013129704974743008
47293,0,0,0.013129704974743008
47303,0,0,0.013129704974743008
47307,0,0,0.013129704974743008
47313,0,0,0.07421693465935496
47316,0,0,0.013129704974743008
47318,0,0,0.07421693465935496
47319,0,0,0.013129704974743008
47326,0,0,0.07421693465935496
47339,0,0,0.013129704974743008
47344,0,0,0.013129704974743008
47345,0,0,0.013129704974743008
47346,0,0,0.013129704974743008
47348,0,0,0.07421693465935496
47349,0,0,0.07421693465935496
47350,0,0,0.07421693465935496
47353,0,0,0.013129704974743008
47370,0,0,0.013129704974743008
47375,0,0,0.013129704974743008
47379,0,0,0.013129704974743008
47382,0,0,0.013129704974743008
47390,0,0,0.013129704974743008
47395,0,0,0.07421693465935496
47398,1,1,1.0
47404,0,0,0.013129704974743008
47406,0,0,0.013129704974743008
47409,0,0,0.013129704974743008
47418,0,0,0.07421693465935496
47436,0,0,0.07421693465935496
47444,0,0,0.013129704974743008
47445,0,0,0.013129704974743008
47458,0,0,0.013129704974743008
47464,0,0,0.013129704974743008
47467,0,0,0.013129704974743008
47469,0,0,0.07421693465935496
47471,0,0,0.013129704974743008
47473,1,0,0.07421693465935496
47474,0,0,0.013129704974743008
47481,0,0,0.07421693465935496
47486,0,0,0.013129704974743008
47491,0,0,0.07421693465935496
47504,0,0,0.013129704974743008
47505,0,0,0.013129704974743008
47507,0,0,0.07421693465935496
47509,0,0,0.013129704974743008
47513,0,0,0.013129704974743008
47515,0,0,0.013129704974743008
47524,0,0,0.013129704974743008
47532,1,1,1.0
47534,0,0,0.013129704974743008
47536,0,0,0.013129704974743008
47544,0,0,0.013129704974743008
47549,0,0,0.013129704974743008
47551,0,0,0.013129704974743008
47553,1,0,0.013129704974743008
47555,0,0,0.07421693465935496
47557,1,1,1.0
47563,0,0,0.013129704974743008
47572,0,0,0.07421693465935496
47576,0,0,0.013129704974743008
47588,0,0,0.07421693465935496
47589,0,0,0.013129704974743008
47591,0,0,0.07421693465935496
47592,0,0,0.013129704974743008
47603,0,0,0.07421693465935496
47610,0,0,0.07421693465935496
47615,0,0,0.07421693465935496
47620,0,0,0.013129704974743008
47643,0,0,0.013129704974743008
47662,0,0,0.013129704974743008
47665,0,0,0.013129704974743008
47666,0,0,0.013129704974743008
47668,0,0,0.013129704974743008
47672,0,0,0.07421693465935496
47676,0,0,0.013129704974743008
47685,0,0,0.07421693465935496
47687,0,0,0.07421693465935496
47689,1,1,1.0
47695,0,0,0.07421693465935496
47696,1,1,1.0
47697,0,0,0.013129704974743008
47702,0,0,0.013129704974743008
47711,0,0,0.013129704974743008
47717,0,0,0.013129704974743008
47720,0,0,0.013129704974743008
47727,0,0,0.013129704974743008
47728,0,0,0.07421693465935496
47744,0,0,0.07421693465935496
47751,0,0,0.013129704974743008
47754,0,0,0.013129704974743008
47756,0,0,0.013129704974743008
47757,0,0,0.013129704974743008
47764,0,0,0.013129704974743008
47766,1,0,0.07421693465935496
47767,0,0,0.07421693465935496
47773,0,0,0.013129704974743008
47775,0,0,0.013129704974743008
47796,0,0,0.07421693465935496
47802,0,0,0.07421693465935496
47803,0,0,0.013129704974743008
47805,0,0,0.07421693465935496
47806,0,0,0.07421693465935496
47809,0,0,0.013129704974743008
47814,0,0,0.013129704974743008
47817,0,0,0.013129704974743008
47819,0,0,0.07421693465935496
47820,0,0,0.013129704974743008
47821,0,0,0.07421693465935496
47825,0,0,0.07421693465935496
47827,1,1,1.0
47839,0,0,0.013129704974743008
47840,0,0,0.013129704974743008
47841,0,0,0.013129704974743008
47844,0,0,0.07421693465935496
47848,0,0,0.07421693465935496
47865,0,0,0.013129704974743008
47866,0,0,0.013129704974743008
47879,0,0,0.013129704974743008
47885,0,0,0.013129704974743008
47896,1,0,0.07421693465935496
47899,0,0,0.07421693465935496
47900,0,0,0.013129704974743008
47905,0,0,0.013129704974743008
47908,0,0,0.07421693465935496
47915,0,0,0.013129704974743008
47918,0,0,0.013129704974743008
47919,0,0,0.013129704974743008
47921,0,0,0.07421693465935496
47922,1,1,1.0
47925,0,0,0.013129704974743008
47927,0,0,0.013129704974743008
47933,1,1,1.0
47934,0,0,0.013129704974743008
47939,0,0,0.013129704974743008
47945,0,0,0.013129704974743008
47948,0,0,0.013129704974743008
47952,0,0,0.013129704974743008
47953,0,0,0.013129704974743008
47957,0,0,0.013129704974743008
47961,0,0,0.013129704974743008
47968,1,1,1.0
47973,0,0,0.013129704974743008
47974,0,0,0.07421693465935496
47975,0,0,0.013129704974743008
47980,0,0,0.07421693465935496
47984,0,0,0.013129704974743008
47985,0,0,0.07421693465935496
47986,0,0,0.013129704974743008
47991,0,0,0.013129704974743008
47992,0,0,0.013129704974743008
48001,0,0,0.013129704974743008
48003,0,0,0.07421693465935496
48015,0,0,0.013129704974743008
48019,0,0,0.07421693465935496
48024,0,0,0.07421693465935496
48025,0,0,0.013129704974743008
48028,0,0,0.013129704974743008
48029,0,0,0.013129704974743008
48031,0,0,0.013129704974743008
48032,0,0,0.013129704974743008
48036,0,0,0.07421693465935496
48040,0,0,0.013129704974743008
48045,0,0,0.013129704974743008
48048,0,0,0.07421693465935496
48050,0,0,0.07421693465935496
48059,0,0,0.07421693465935496
48060,0,0,0.013129704974743008
48061,0,0,0.07421693465935496
48063,0,0,0.013129704974743008
48067,0,0,0.013129704974743008
48070,0,0,0.013129704974743008
48072,0,0,0.07421693465935496
48086,1,1,1.0
48088,0,0,0.013129704974743008
48091,0,0,0.07421693465935496
48093,0,0,0.013129704974743008
48094,0,0,0.013129704974743008
48102,0,0,0.07421693465935496
48111,0,0,0.013129704974743008
48116,0,0,0.07421693465935496
48128,0,0,0.07421693465935496
48131,0,0,0.013129704974743008
48135,0,0,0.013129704974743008
48137,0,0,0.013129704974743008
48143,0,0,0.013129704974743008
48146,0,0,0.013129704974743008
48149,0,0,0.013129704974743008
48151,0,0,0.013129704974743008
48156,0,0,0.013129704974743008
48162,0,0,0.013129704974743008
48164,0,0,0.07421693465935496
48171,0,0,0.013129704974743008
48181,0,0,0.013129704974743008
48185,0,0,0.013129704974743008
48189,0,0,0.07421693465935496
48193,0,0,0.013129704974743008
48194,0,0,0.013129704974743008
48201,0,0,0.07421693465935496
48210,0,0,0.013129704974743008
48227,0,0,0.07421693465935496
48230,0,0,0.013129704974743008
48236,0,0,0.013129704974743008
48237,0,0,0.013129704974743008
48241,0,0,0.013129704974743008
48254,0,0,0.013129704974743008
48262,1,1,1.0
48264,0,0,0.013129704974743008
48274,0,0,0.07421693465935496
48278,0,0,0.013129704974743008
48279,0,0,0.07421693465935496
48297,0,0,0.013129704974743008
48298,0,0,0.07421693465935496
48301,0,0,0.013129704974743008
48302,0,0,0.013129704974743008
48303,1,0,0.07421693465935496
48306,0,0,0.013129704974743008
48311,0,0,0.07421693465935496
48315,0,0,0.07421693465935496
48320,0,0,0.07421693465935496
48321,0,0,0.013129704974743008
48323,0,0,0.07421693465935496
48329,0,0,0.07421693465935496
48341,0,0,0.07421693465935496
48345,0,0,0.013129704974743008
48356,0,0,0.013129704974743008
48357,0,0,0.013129704974743008
48358,0,0,0.07421693465935496
48359,0,0,0.013129704974743008
48363,0,0,0.013129704974743008
48367,0,0,0.07421693465935496
48379,0,0,0.013129704974743008
48380,0,0,0.07421693465935496
48385,0,0,0.07421693465935496
48386,0,0,0.013129704974743008
48399,0,0,0.013129704974743008
48403,0,0,0.013129704974743008
48409,0,0,0.07421693465935496
48419,1,1,1.0
48421,0,0,0.013129704974743008
48426,0,0,0.013129704974743008
48430,0,0,0.013129704974743008
48440,0,0,0.07421693465935496
48454,1,1,1.0
48456,0,0,0.013129704974743008
48458,0,0,0.013129704974743008
48464,0,0,0.013129704974743008
48471,1,1,1.0
48474,0,0,0.013129704974743008
48479,0,0,0.013129704974743008
48482,0,0,0.013129704974743008
48483,0,0,0.07421693465935496
48484,0,0,0.013129704974743008
48485,0,0,0.07421693465935496
48486,0,0,0.013129704974743008
48491,0,0,0.013129704974743008
48495,0,0,0.013129704974743008
48504,0,0,0.013129704974743008
48512,0,0,0.07421693465935496
48515,0,0,0.013129704974743008
48531,0,0,0.013129704974743008
48536,0,0,0.07421693465935496
48537,0,0,0.013129704974743008
48544,0,0,0.013129704974743008
48553,0,0,0.013129704974743008
48554,0,0,0.013129704974743008
48555,0,0,0.07421693465935496
48566,0,0,0.013129704974743008
48576,0,0,0.07421693465935496
48577,0,0,0.07421693465935496
48581,0,0,0.07421693465935496
48583,0,0,0.013129704974743008
48587,0,0,0.07421693465935496
48596,0,0,0.013129704974743008
48616,0,0,0.07421693465935496
48622,1,1,1.0
48629,0,0,0.013129704974743008
48636,0,0,0.013129704974743008
48648,0,0,0.013129704974743008
48653,0,0,0.013129704974743008
48655,0,0,0.013129704974743008
48657,0,0,0.013129704974743008
48664,0,0,0.07421693465935496
48668,0,0,0.013129704974743008
48669,0,0,0.013129704974743008
48678,0,0,0.07421693465935496
48681,0,0,0.013129704974743008
48688,1,0,0.013129704974743008
48689,0,0,0.013129704974743008
48717,0,0,0.013129704974743008
48728,0,0,0.013129704974743008
48729,0,0,0.013129704974743008
48731,0,0,0.013129704974743008
48745,0,0,0.013129704974743008
48747,0,0,0.07421693465935496
48761,0,0,0.013129704974743008
48762,0,0,0.013129704974743008
48767,0,0,0.013129704974743008
48770,0,0,0.013129704974743008
48787,0,0,0.07421693465935496
48793,1,1,1.0
48797,0,0,0.07421693465935496
48812,0,0,0.07421693465935496
48817,0,0,0.07421693465935496
48828,0,0,0.013129704974743008
48832,0,0,0.013129704974743008
48835,0,0,0.013129704974743008
48836,0,0,0.013129704974743008
48837,0,0,0.013129704974743008
48844,0,0,0.07421693465935496
48846,0,0,0.013129704974743008
48857,0,0,0.013129704974743008
48865,0,0,0.07421693465935496
48869,0,0,0.013129704974743008
48890,0,0,0.013129704974743008
48892,0,0,0.07421693465935496
48906,0,0,0.07421693465935496
48907,0,0,0.07421693465935496
48946,0,0,0.013129704974743008
48947,0,0,0.013129704974743008
48957,0,0,0.013129704974743008
48958,0,0,0.013129704974743008
48959,0,0,0.013129704974743008
48965,0,0,0.013129704974743008
48969,0,0,0.07421693465935496
48977,0,0,0.013129704974743008
48982,0,0,0.013129704974743008
48991,0,0,0.013129704974743008
48993,0,0,0.013129704974743008
48995,0,0,0.07421693465935496
49005,0,0,0.07421693465935496
49010,0,0,0.013129704974743008
49014,0,0,0.013129704974743008
49015,1,0,0.07421693465935496
49016,0,0,0.013129704974743008
49033,0,0,0.07421693465935496
49035,0,0,0.013129704974743008
49038,0,0,0.013129704974743008
49042,0,0,0.013129704974743008
49044,1,0,0.07421693465935496
49048,0,0,0.013129704974743008
49050,0,0,0.07421693465935496
49061,0,0,0.07421693465935496
49071,0,0,0.013129704974743008
49075,0,0,0.07421693465935496
49076,0,0,0.013129704974743008
49081,0,0,0.013129704974743008
49089,0,0,0.013129704974743008
49095,1,0,0.07421693465935496
49107,0,0,0.07421693465935496
49122,0,0,0.013129704974743008
49124,0,0,0.013129704974743008
49126,0,0,0.013129704974743008
49128,0,0,0.07421693465935496
49132,0,0,0.013129704974743008
49133,0,0,0.013129704974743008
49136,0,0,0.013129704974743008
49137,1,1,1.0
49140,1,1,1.0
49142,0,0,0.013129704974743008
49144,0,0,0.013129704974743008
49149,0,0,0.07421693465935496
49166,0,0,0.013129704974743008
49169,0,0,0.013129704974743008
49181,0,0,0.07421693465935496
49185,0,0,0.013129704974743008
49187,0,0,0.013129704974743008
49200,0,0,0.07421693465935496
49203,0,0,0.07421693465935496
49205,0,0,0.013129704974743008
49215,0,0,0.013129704974743008
49216,0,0,0.013129704974743008
49218,0,0,0.013129704974743008
49220,0,0,0.013129704974743008
49231,0,0,0.013129704974743008
49244,0,0,0.07421693465935496
49253,1,1,1.0
49255,0,0,0.013129704974743008
49266,0,0,0.013129704974743008
49271,1,0,0.07421693465935496
49283,0,0,0.013129704974743008
49284,0,0,0.013129704974743008
49300,0,0,0.013129704974743008
49307,0,0,0.013129704974743008
49308,0,0,0.013129704974743008
49312,0,0,0.07421693465935496
49313,0,0,0.07421693465935496
49318,0,0,0.013129704974743008
49324,0,0,0.07421693465935496
49341,0,0,0.07421693465935496
49344,1,1,1.0
49345,0,0,0.013129704974743008
49347,1,0,0.07421693465935496
49349,0,0,0.07421693465935496
49362,0,0,0.013129704974743008
49369,0,0,0.013129704974743008
49391,0,0,0.013129704974743008
49397,0,0,0.013129704974743008
49399,0,0,0.07421693465935496
49400,0,0,0.013129704974743008
49404,0,0,0.013129704974743008
49405,0,0,0.07421693465935496
49422,0,0,0.013129704974743008
49425,0,0,0.013129704974743008
49429,0,0,0.013129704974743008
49430,0,0,0.013129704974743008
49433,0,0,0.013129704974743008
49434,0,0,0.013129704974743008
49435,0,0,0.013129704974743008
49438,0,0,0.07421693465935496
49440,1,0,0.07421693465935496
49444,0,0,0.013129704974743008
49445,0,0,0.07421693465935496
49449,0,0,0.07421693465935496
49454,0,0,0.013129704974743008
49455,0,0,0.07421693465935496
49458,1,0,0.07421693465935496
49477,0,0,0.07421693465935496
49484,0,0,0.013129704974743008
49493,0,0,0.013129704974743008
49498,0,0,0.013129704974743008
49499,0,0,0.013129704974743008
49522,0,0,0.013129704974743008
49525,0,0,0.013129704974743008
49527,0,0,0.013129704974743008
49529,0,0,0.013129704974743008
49540,0,0,0.013129704974743008
49541,0,0,0.07421693465935496
49542,0,0,0.013129704974743008
49551,0,0,0.013129704974743008
49557,0,0,0.013129704974743008
49559,0,0,0.013129704974743008
49564,0,0,0.013129704974743008
49567,0,0,0.013129704974743008
49568,0,0,0.013129704974743008
49570,0,0,0.07421693465935496
49599,0,0,0.013129704974743008
49601,0,0,0.013129704974743008
49604,0,0,0.013129704974743008
49605,0,0,0.013129704974743008
49614,0,0,0.013129704974743008
49616,0,0,0.013129704974743008
49631,0,0,0.013129704974743008
49633,0,0,0.07421693465935496
49636,0,0,0.013129704974743008
49637,0,0,0.013129704974743008
49640,0,0,0.013129704974743008
49642,0,0,0.013129704974743008
49656,0,0,0.013129704974743008
49660,0,0,0.013129704974743008
49662,0,0,0.07421693465935496
49666,0,0,0.013129704974743008
49670,0,0,0.013129704974743008
49674,0,0,0.07421693465935496
49676,0,0,0.013129704974743008
49682,0,0,0.013129704974743008
49691,0,0,0.013129704974743008
49696,1,0,0.07421693465935496
49701,1,1,1.0
49704,0,0,0.013129704974743008
49705,0,0,0.013129704974743008
49717,0,0,0.07421693465935496
49720,0,0,0.07421693465935496
49726,0,0,0.07421693465935496
49729,0,0,0.013129704974743008
49732,0,0,0.013129704974743008
49734,0,0,0.013129704974743008
49735,1,0,0.07421693465935496
49736,0,0,0.013129704974743008
49737,0,0,0.013129704974743008
49742,1,1,1.0
49743,0,0,0.07421693465935496
49748,0,0,0.013129704974743008
49757,0,0,0.013129704974743008
49759,0,0,0.07421693465935496
49760,0,0,0.013129704974743008
49763,0,0,0.07421693465935496
49764,0,0,0.07421693465935496
49785,0,0,0.013129704974743008
49787,0,0,0.013129704974743008
49789,0,0,0.07421693465935496
49791,0,0,0.07421693465935496
49799,0,0,0.013129704974743008
49810,0,0,0.013129704974743008
49812,0,0,0.013129704974743008
49818,0,0,0.013129704974743008
49828,0,0,0.013129704974743008
49842,0,0,0.07421693465935496
49846,0,0,0.013129704974743008
49848,0,0,0.013129704974743008
49854,0,0,0.07421693465935496
49858,0,0,0.013129704974743008
49859,0,0,0.013129704974743008
49866,0,0,0.013129704974743008
49876,0,0,0.013129704974743008
49879,0,0,0.013129704974743008
49884,0,0,0.013129704974743008
49885,0,0,0.013129704974743008
49890,0,0,0.013129704974743008
49896,0,0,0.013129704974743008
49898,0,0,0.013129704974743008
49903,0,0,0.013129704974743008
49925,0,0,0.013129704974743008
49926,0,0,0.013129704974743008
49927,0,0,0.07421693465935496
49935,1,1,1.0
49942,0,0,0.013129704974743008
49945,0,0,0.013129704974743008
49948,0,0,0.013129704974743008
49949,1,1,1.0
49951,0,0,0.013129704974743008
49964,0,0,0.013129704974743008
49966,0,0,0.013129704974743008
49974,0,0,0.07421693465935496
49983,0,0,0.013129704974743008
49991,0,0,0.013129704974743008
49994,0,0,0.07421693465935496
50000,0,0,0.07421693465935496
50011,1,1,1.0
50014,1,0,0.013129704974743008
50023,0,0,0.07421693465935496
50024,0,0,0.07421693465935496
50027,0,0,0.013129704974743008
50029,0,0,0.07421693465935496
50032,1,1,1.0
50048,0,0,0.013129704974743008
50060,0,0,0.013129704974743008
50067,0,0,0.07421693465935496
50075,0,0,0.07421693465935496
50076,0,0,0.013129704974743008
50078,0,0,0.013129704974743008
50086,0,0,0.013129704974743008
50089,0,0,0.07421693465935496
50094,0,0,0.013129704974743008
50095,0,0,0.013129704974743008
50114,0,0,0.013129704974743008
50117,0,0,0.07421693465935496
50120,0,0,0.013129704974743008
50123,0,0,0.013129704974743008
50130,0,0,0.013129704974743008
50132,0,0,0.013129704974743008
50133,0,0,0.013129704974743008
50136,0,0,0.07421693465935496
50145,0,0,0.013129704974743008
50148,0,0,0.07421693465935496
50149,0,0,0.013129704974743008
50150,0,0,0.013129704974743008
50151,0,0,0.013129704974743008
50177,0,0,0.07421693465935496
50180,0,0,0.013129704974743008
50182,0,0,0.07421693465935496
50184,0,0,0.07421693465935496
50194,0,0,0.013129704974743008
50200,0,0,0.013129704974743008
50208,1,0,0.013129704974743008
50209,0,0,0.07421693465935496
50211,0,0,0.013129704974743008
50212,1,1,1.0
50213,0,0,0.013129704974743008
50216,0,0,0.013129704974743008
50218,0,0,0.07421693465935496
50219,0,0,0.013129704974743008
50222,1,1,1.0
50227,0,0,0.013129704974743008
50233,0,0,0.07421693465935496
50234,0,0,0.07421693465935496
50235,0,0,0.013129704974743008
50240,0,0,0.07421693465935496
50246,0,0,0.013129704974743008
50247,0,0,0.07421693465935496
50252,0,0,0.07421693465935496
50261,0,0,0.013129704974743008
50268,0,0,0.013129704974743008
50275,0,0,0.013129704974743008
50277,0,0,0.013129704974743008
50287,0,0,0.07421693465935496
50289,0,0,0.013129704974743008
50295,0,0,0.013129704974743008
50299,0,0,0.013129704974743008
50315,0,0,0.07421693465935496
50317,0,0,0.013129704974743008
50320,0,0,0.013129704974743008
50322,0,0,0.07421693465935496
50328,0,0,0.013129704974743008
50330,0,0,0.013129704974743008
50346,0,0,0.013129704974743008
50360,0,0,0.013129704974743008
50364,0,0,0.013129704974743008
50369,0,0,0.07421693465935496
50373,0,0,0.07421693465935496
50375,0,0,0.07421693465935496
50384,0,0,0.013129704974743008
50385,0,0,0.013129704974743008
50388,0,0,0.07421693465935496
50390,0,0,0.013129704974743008
50400,0,0,0.013129704974743008
50404,0,0,0.013129704974743008
50407,0,0,0.013129704974743008
50413,0,0,0.07421693465935496
50415,0,0,0.013129704974743008
50421,0,0,0.013129704974743008
50428,0,0,0.07421693465935496
50429,0,0,0.07421693465935496
50431,0,0,0.013129704974743008
50439,0,0,0.013129704974743008
50449,0,0,0.013129704974743008
50460,0,0,0.07421693465935496
50467,0,0,0.07421693465935496
50471,0,0,0.013129704974743008
50482,0,0,0.013129704974743008
50496,0,0,0.013129704974743008
50497,0,0,0.013129704974743008
50498,0,0,0.07421693465935496
50502,0,0,0.013129704974743008
50505,0,0,0.013129704974743008
50507,0,0,0.07421693465935496
50512,0,0,0.013129704974743008
50514,0,0,0.07421693465935496
50518,0,0,0.013129704974743008
50525,0,0,0.013129704974743008
50531,1,1,1.0
50537,0,0,0.013129704974743008
50558,1,1,1.0
50559,0,0,0.013129704974743008
50562,0,0,0.013129704974743008
50574,0,0,0.07421693465935496
50575,0,0,0.013129704974743008
50576,0,0,0.013129704974743008
50586,0,0,0.013129704974743008
50587,0,0,0.07421693465935496
50588,1,0,0.07421693465935496
50596,0,0,0.013129704974743008
50612,0,0,0.013129704974743008
50614,0,0,0.013129704974743008
50618,0,0,0.013129704974743008
50623,0,0,0.013129704974743008
50624,0,0,0.07421693465935496
50625,0,0,0.013129704974743008
50626,0,0,0.013129704974743008
50628,0,0,0.013129704974743008
50630,0,0,0.013129704974743008
50639,0,0,0.07421693465935496
50640,0,0,0.07421693465935496
50645,0,0,0.013129704974743008
50649,1,1,1.0
50650,0,0,0.013129704974743008
50657,0,0,0.013129704974743008
50664,0,0,0.07421693465935496
50668,0,0,0.07421693465935496
50676,0,0,0.013129704974743008
50677,0,0,0.013129704974743008
50679,0,0,0.013129704974743008
50688,0,0,0.07421693465935496
50690,0,0,0.013129704974743008
50695,0,0,0.013129704974743008
50697,0,0,0.013129704974743008
50701,0,0,0.013129704974743008
50703,0,0,0.013129704974743008
50712,0,0,0.013129704974743008
50720,0,0,0.07421693465935496
50721,1,0,0.013129704974743008
50726,1,0,0.07421693465935496
50733,0,0,0.013129704974743008
50737,0,0,0.013129704974743008
50745,0,0,0.07421693465935496
50746,0,0,0.013129704974743008
50747,0,0,0.07421693465935496
50748,0,0,0.013129704974743008
50755,0,0,0.07421693465935496
50760,1,1,1.0
50768,0,0,0.013129704974743008
50769,0,0,0.013129704974743008
50776,0,0,0.013129704974743008
50787,0,0,0.07421693465935496
50793,0,0,0.07421693465935496
50794,0,0,0.013129704974743008
50820,0,0,0.013129704974743008
50828,0,0,0.013129704974743008
50829,0,0,0.013129704974743008
50831,0,0,0.013129704974743008
50839,1,0,0.07421693465935496
50843,0,0,0.013129704974743008
50853,0,0,0.013129704974743008
50862,0,0,0.013129704974743008
50865,0,0,0.013129704974743008
50871,0,0,0.07421693465935496
50879,0,0,0.013129704974743008
50897,0,0,0.013129704974743008
50899,0,0,0.013129704974743008
50902,0,0,0.013129704974743008
50904,0,0,0.013129704974743008
50909,0,0,0.013129704974743008
50920,0,0,0.013129704974743008
50933,0,0,0.07421693465935496
50938,0,0,0.013129704974743008
50946,0,0,0.013129704974743008
50953,0,0,0.013129704974743008
50957,0,0,0.07421693465935496
50963,0,0,0.07421693465935496
50975,0,0,0.013129704974743008
50976,0,0,0.013129704974743008
50987,0,0,0.013129704974743008
50988,0,0,0.013129704974743008
50993,1,1,1.0
50998,0,0,0.07421693465935496
51001,1,0,0.07421693465935496
51004,0,0,0.013129704974743008
51007,0,0,0.013129704974743008
51010,0,0,0.07421693465935496
51013,0,0,0.013129704974743008
51018,0,0,0.013129704974743008
51019,0,0,0.07421693465935496
51020,0,0,0.07421693465935496
51021,0,0,0.013129704974743008
51024,0,0,0.013129704974743008
51026,0,0,0.013129704974743008
51042,0,0,0.013129704974743008
51049,0,0,0.013129704974743008
51050,0,0,0.013129704974743008
51073,0,0,0.013129704974743008
51074,0,0,0.013129704974743008
51077,0,0,0.013129704974743008
51078,0,0,0.013129704974743008
51090,1,0,0.07421693465935496
51092,0,0,0.013129704974743008
51096,0,0,0.07421693465935496
51097,0,0,0.07421693465935496
51100,0,0,0.013129704974743008
51102,0,0,0.013129704974743008
51105,0,0,0.07421693465935496
51110,0,0,0.013129704974743008
51132,0,0,0.013129704974743008
51136,0,0,0.07421693465935496
51142,0,0,0.07421693465935496
51143,0,0,0.013129704974743008
51145,0,0,0.013129704974743008
51166,0,0,0.013129704974743008
51170,0,0,0.07421693465935496
51178,0,0,0.07421693465935496
51179,0,0,0.013129704974743008
51187,0,0,0.013129704974743008
51189,0,0,0.013129704974743008
51194,0,0,0.013129704974743008
51204,0,0,0.013129704974743008
51206,0,0,0.013129704974743008
51208,0,0,0.013129704974743008
51210,0,0,0.013129704974743008
51214,0,0,0.013129704974743008
51216,0,0,0.013129704974743008
51220,0,0,0.013129704974743008
51229,0,0,0.013129704974743008
51240,0,0,0.013129704974743008
51247,0,0,0.07421693465935496
51255,0,0,0.013129704974743008
51260,0,0,0.07421693465935496
51268,0,0,0.013129704974743008
51271,0,0,0.07421693465935496
51272,0,0,0.013129704974743008
51276,0,0,0.013129704974743008
51277,1,1,1.0
51284,0,0,0.013129704974743008
51285,0,0,0.013129704974743008
51288,0,0,0.013129704974743008
51291,0,0,0.013129704974743008
51296,0,0,0.013129704974743008
51297,0,0,0.013129704974743008
51315,0,0,0.013129704974743008
51317,0,0,0.013129704974743008
51319,0,0,0.013129704974743008
51322,0,0,0.013129704974743008
51324,0,0,0.013129704974743008
51326,0,0,0.013129704974743008
51327,0,0,0.07421693465935496
51332,1,0,0.07421693465935496
51333,0,0,0.013129704974743008
51335,1,0,0.07421693465935496
51339,0,0,0.07421693465935496
51344,1,1,1.0
51345,0,0,0.013129704974743008
51356,0,0,0.07421693465935496
51359,0,0,0.013129704974743008
51361,0,0,0.07421693465935496
51375,0,0,0.07421693465935496
51376,0,0,0.013129704974743008
51389,0,0,0.013129704974743008
51398,0,0,0.013129704974743008
51399,0,0,0.013129704974743008
51402,0,0,0.013129704974743008
51415,0,0,0.013129704974743008
51416,0,0,0.07421693465935496
51418,0,0,0.013129704974743008
51421,0,0,0.013129704974743008
51422,0,0,0.013129704974743008
51425,0,0,0.07421693465935496
51433,0,0,0.013129704974743008
51441,0,0,0.013129704974743008
51453,0,0,0.013129704974743008
51456,1,1,1.0
51457,0,0,0.013129704974743008
51460,0,0,0.013129704974743008
51471,1,1,1.0
51472,0,0,0.013129704974743008
51484,0,0,0.07421693465935496
51489,0,0,0.07421693465935496
51491,0,0,0.07421693465935496
51493,0,0,0.013129704974743008
51502,0,0,0.013129704974743008
51506,0,0,0.013129704974743008
51524,0,0,0.013129704974743008
51525,0,0,0.013129704974743008
51529,0,0,0.013129704974743008
51538,0,0,0.07421693465935496
51541,0,0,0.013129704974743008
51547,0,0,0.013129704974743008
51548,0,0,0.013129704974743008
51555,0,0,0.07421693465935496
51563,0,0,0.07421693465935496
51564,0,0,0.07421693465935496
51566,0,0,0.013129704974743008
51574,0,0,0.013129704974743008
51583,0,0,0.07421693465935496
51586,0,0,0.07421693465935496
51587,1,0,0.013129704974743008
51588,0,0,0.07421693465935496
51600,0,0,0.07421693465935496
51601,0,0,0.07421693465935496
51607,0,0,0.013129704974743008
51611,0,0,0.07421693465935496
51613,0,0,0.013129704974743008
51621,0,0,0.013129704974743008
51625,0,0,0.013129704974743008
51639,1,1,1.0
51642,1,1,1.0
51646,0,0,0.013129704974743008
51651,0,0,0.07421693465935496
51653,0,0,0.013129704974743008
51654,0,0,0.07421693465935496
51657,0,0,0.013129704974743008
51659,0,0,0.013129704974743008
51660,0,0,0.013129704974743008
51661,0,0,0.013129704974743008
51668,0,0,0.07421693465935496
51670,0,0,0.07421693465935496
51673,1,0,0.07421693465935496
51675,0,0,0.07421693465935496
51676,0,0,0.07421693465935496
51678,0,0,0.013129704974743008
51679,0,0,0.07421693465935496
51682,0,0,0.07421693465935496
51687,0,0,0.013129704974743008
51689,1,0,0.013129704974743008
51706,0,0,0.013129704974743008
51709,0,0,0.07421693465935496
51711,0,0,0.013129704974743008
51714,0,0,0.07421693465935496
51716,0,0,0.013129704974743008
51720,0,0,0.013129704974743008
51722,0,0,0.07421693465935496
51723,0,0,0.013129704974743008
51728,0,0,0.07421693465935496
51729,0,0,0.013129704974743008
51734,0,0,0.013129704974743008
51736,0,0,0.013129704974743008
51739,0,0,0.013129704974743008
51742,0,0,0.07421693465935496
51744,0,0,0.013129704974743008
51751,0,0,0.013129704974743008
51762,0,0,0.013129704974743008
51766,0,0,0.07421693465935496
51771,0,0,0.013129704974743008
51774,1,1,1.0
51782,0,0,0.013129704974743008
51785,0,0,0.013129704974743008
51787,0,0,0.013129704974743008
51789,0,0,0.013129704974743008
51791,0,0,0.013129704974743008
51792,0,0,0.013129704974743008
51793,0,0,0.07421693465935496
51795,0,0,0.07421693465935496
51797,0,0,0.07421693465935496
51800,0,0,0.07421693465935496
51801,0,0,0.013129704974743008
51806,0,0,0.07421693465935496
51808,0,0,0.07421693465935496
51814,0,0,0.07421693465935496
51822,0,0,0.013129704974743008
51826,0,0,0.013129704974743008
51829,1,0,0.07421693465935496
51851,0,0,0.07421693465935496
51862,0,0,0.013129704974743008
51868,1,0,0.013129704974743008
51869,0,0,0.07421693465935496
51871,0,0,0.013129704974743008
51879,1,1,1.0
51884,1,1,1.0
51886,1,1,1.0
51888,0,0,0.013129704974743008
51892,0,0,0.07421693465935496
51894,1,1,1.0
51895,0,0,0.013129704974743008
51899,0,0,0.07421693465935496
51905,1,0,0.07421693465935496
51907,0,0,0.013129704974743008
51921,0,0,0.013129704974743008
51925,0,0,0.013129704974743008
51928,0,0,0.013129704974743008
51931,0,0,0.013129704974743008
51932,0,0,0.013129704974743008
51935,0,0,0.013129704974743008
51936,1,1,1.0
51948,1,1,1.0
51949,0,0,0.07421693465935496
51962,0,0,0.07421693465935496
51970,0,0,0.07421693465935496
51976,0,0,0.013129704974743008
51986,0,0,0.013129704974743008
51996,0,0,0.013129704974743008
51997,0,0,0.013129704974743008
52007,1,1,1.0
52012,0,0,0.013129704974743008
52013,0,0,0.013129704974743008
52017,0,0,0.013129704974743008
52021,0,0,0.013129704974743008
52022,0,0,0.013129704974743008
52027,0,0,0.07421693465935496
52036,0,0,0.07421693465935496
52038,0,0,0.07421693465935496
52042,0,0,0.07421693465935496
52043,0,0,0.07421693465935496
52059,1,1,1.0
52063,0,0,0.013129704974743008
52066,0,0,0.07421693465935496
52070,0,0,0.013129704974743008
52086,0,0,0.013129704974743008
52092,0,0,0.07421693465935496
52103,0,0,0.07421693465935496
52108,0,0,0.07421693465935496
52110,0,0,0.013129704974743008
52121,0,0,0.013129704974743008
52125,0,0,0.07421693465935496
52133,0,0,0.07421693465935496
52136,0,0,0.013129704974743008
52138,0,0,0.013129704974743008
52148,0,0,0.013129704974743008
52149,0,0,0.013129704974743008
52156,0,0,0.013129704974743008
52159,0,0,0.013129704974743008
52165,0,0,0.013129704974743008
52166,0,0,0.013129704974743008
52168,0,0,0.013129704974743008
52172,0,0,0.013129704974743008
52175,1,0,0.07421693465935496
52180,0,0,0.07421693465935496
52190,0,0,0.07421693465935496
52194,0,0,0.013129704974743008
52199,0,0,0.013129704974743008
52205,0,0,0.013129704974743008
52216,0,0,0.013129704974743008
52232,0,0,0.013129704974743008
52240,0,0,0.07421693465935496
52247,0,0,0.013129704974743008
52255,0,0,0.013129704974743008
52258,0,0,0.013129704974743008
52261,0,0,0.07421693465935496
52264,0,0,0.07421693465935496
52265,0,0,0.013129704974743008
52266,0,0,0.013129704974743008
52275,0,0,0.013129704974743008
52286,0,0,0.013129704974743008
52288,0,0,0.013129704974743008
52289,0,0,0.07421693465935496
52302,1,1,1.0
52303,0,0,0.013129704974743008
52304,0,0,0.013129704974743008
52310,0,0,0.07421693465935496
52311,0,0,0.013129704974743008
52313,0,0,0.013129704974743008
52321,0,0,0.013129704974743008
52332,0,0,0.013129704974743008
52338,0,0,0.07421693465935496
52342,0,0,0.07421693465935496
52346,0,0,0.013129704974743008
52353,0,0,0.013129704974743008
52355,0,0,0.013129704974743008
52358,0,0,0.07421693465935496
52364,0,0,0.013129704974743008
52365,0,0,0.013129704974743008
52366,0,0,0.07421693465935496
52377,0,0,0.013129704974743008
52381,0,0,0.07421693465935496
52382,0,0,0.013129704974743008
52387,0,0,0.013129704974743008
52388,0,0,0.07421693465935496
52396,0,0,0.013129704974743008
52402,0,0,0.07421693465935496
52407,1,1,1.0
52408,0,0,0.013129704974743008
52415,0,0,0.013129704974743008
52416,0,0,0.07421693465935496
52417,0,0,0.07421693465935496
52419,0,0,0.07421693465935496
52423,0,0,0.07421693465935496
52435,1,1,1.0
52441,1,1,1.0
52459,0,0,0.013129704974743008
52460,0,0,0.013129704974743008
52465,0,0,0.013129704974743008
52467,0,0,0.07421693465935496
52476,0,0,0.07421693465935496
52481,0,0,0.013129704974743008
52487,0,0,0.013129704974743008
52491,0,0,0.013129704974743008
52493,0,0,0.013129704974743008
52498,0,0,0.013129704974743008
52503,0,0,0.013129704974743008
52507,0,0,0.013129704974743008
52514,0,0,0.07421693465935496
52516,0,0,0.013129704974743008
52519,0,0,0.013129704974743008
52524,0,0,0.07421693465935496
52528,0,0,0.013129704974743008
52539,0,0,0.07421693465935496
52544,0,0,0.07421693465935496
52552,0,0,0.07421693465935496
52572,0,0,0.07421693465935496
52573,0,0,0.013129704974743008
52574,0,0,0.013129704974743008
52576,0,0,0.013129704974743008
52582,0,0,0.013129704974743008
52594,0,0,0.013129704974743008
52598,0,0,0.013129704974743008
52602,0,0,0.013129704974743008
52608,0,0,0.013129704974743008
52609,1,1,1.0
52613,0,0,0.013129704974743008
52620,0,0,0.013129704974743008
52623,0,0,0.07421693465935496
52632,0,0,0.013129704974743008
52646,0,0,0.013129704974743008
52647,0,0,0.013129704974743008
52652,0,0,0.013129704974743008
52653,1,0,0.013129704974743008
52654,0,0,0.07421693465935496
52656,0,0,0.013129704974743008
52661,0,0,0.07421693465935496
52676,0,0,0.013129704974743008
52678,0,0,0.013129704974743008
52682,0,0,0.013129704974743008
52687,0,0,0.013129704974743008
52690,0,0,0.07421693465935496
52699,0,0,0.013129704974743008
52700,0,0,0.07421693465935496
52707,0,0,0.013129704974743008
52711,0,0,0.013129704974743008
52715,0,0,0.013129704974743008
52726,0,0,0.013129704974743008
52733,0,0,0.013129704974743008
52737,0,0,0.013129704974743008
52748,0,0,0.013129704974743008
52750,1,0,0.07421693465935496
52751,0,0,0.013129704974743008
52752,0,0,0.013129704974743008
52759,0,0,0.013129704974743008
52763,0,0,0.013129704974743008
52773,0,0,0.07421693465935496
52775,0,0,0.013129704974743008
52777,0,0,0.013129704974743008
52782,0,0,0.013129704974743008
52790,0,0,0.013129704974743008
52793,0,0,0.013129704974743008
52795,0,0,0.013129704974743008
52799,0,0,0.013129704974743008
52811,0,0,0.013129704974743008
52813,0,0,0.013129704974743008
52815,0,0,0.07421693465935496
52820,0,0,0.07421693465935496
52837,0,0,0.013129704974743008
52849,0,0,0.07421693465935496
52859,0,0,0.013129704974743008
52886,0,0,0.07421693465935496
52887,0,0,0.013129704974743008
52893,1,0,0.07421693465935496
52904,0,0,0.013129704974743008
52908,0,0,0.013129704974743008
52912,0,0,0.013129704974743008
52913,0,0,0.013129704974743008
52917,0,0,0.07421693465935496
52919,0,0,0.013129704974743008
52932,1,0,0.013129704974743008
52936,0,0,0.013129704974743008
52938,0,0,0.013129704974743008
52941,0,0,0.07421693465935496
52944,0,0,0.013129704974743008
52947,1,1,1.0
52955,0,0,0.013129704974743008
52958,0,0,0.07421693465935496
52964,0,0,0.013129704974743008
52974,0,0,0.013129704974743008
52977,0,0,0.013129704974743008
52981,0,0,0.07421693465935496
52985,0,0,0.07421693465935496
52986,0,0,0.07421693465935496
53000,1,0,0.07421693465935496
53001,1,1,1.0
53010,0,0,0.07421693465935496
53011,0,0,0.013129704974743008
53018,0,0,0.013129704974743008
53020,0,0,0.013129704974743008
53022,0,0,0.013129704974743008
53026,1,1,1.0
53028,0,0,0.013129704974743008
53031,1,0,0.07421693465935496
53033,0,0,0.013129704974743008
53039,0,0,0.013129704974743008
53042,0,0,0.013129704974743008
53046,0,0,0.013129704974743008
53052,0,0,0.07421693465935496
53053,0,0,0.07421693465935496
53059,0,0,0.07421693465935496
53073,1,0,0.07421693465935496
53074,0,0,0.013129704974743008
53081,0,0,0.013129704974743008
53086,0,0,0.013129704974743008
53101,0,0,0.013129704974743008
53107,0,0,0.013129704974743008
53108,1,1,1.0
53109,0,0,0.013129704974743008
53112,0,0,0.013129704974743008
53113,1,1,1.0
53114,0,0,0.013129704974743008
53115,0,0,0.013129704974743008
53122,0,0,0.07421693465935496
53125,0,0,0.013129704974743008
53126,0,0,0.013129704974743008
53136,0,0,0.07421693465935496
53146,0,0,0.07421693465935496
53153,0,0,0.013129704974743008
53157,0,0,0.013129704974743008
53163,0,0,0.013129704974743008
53166,0,0,0.013129704974743008
53171,0,0,0.013129704974743008
53179,0,0,0.013129704974743008
53180,1,1,1.0
53182,1,0,0.07421693465935496
53187,0,0,0.07421693465935496
53191,1,0,0.013129704974743008
53202,0,0,0.013129704974743008
53209,0,0,0.07421693465935496
53213,1,0,0.013129704974743008
53214,0,0,0.013129704974743008
53215,0,0,0.07421693465935496
53217,0,0,0.013129704974743008
53237,0,0,0.013129704974743008
53245,0,0,0.013129704974743008
53263,0,0,0.07421693465935496
53283,1,1,1.0
53285,0,0,0.013129704974743008
53291,0,0,0.013129704974743008
53316,0,0,0.013129704974743008
53322,0,0,0.013129704974743008
53333,0,0,0.013129704974743008
53336,0,0,0.013129704974743008
53346,0,0,0.013129704974743008
53347,0,0,0.07421693465935496
53363,0,0,0.013129704974743008
53366,0,0,0.07421693465935496
53370,0,0,0.07421693465935496
53374,0,0,0.013129704974743008
53375,0,0,0.013129704974743008
53381,0,0,0.013129704974743008
53382,0,0,0.013129704974743008
53387,1,1,1.0
53392,0,0,0.07421693465935496
53414,0,0,0.013129704974743008
53415,0,0,0.013129704974743008
53419,0,0,0.07421693465935496
53421,0,0,0.07421693465935496
53428,0,0,0.07421693465935496
53429,0,0,0.07421693465935496
53433,0,0,0.013129704974743008
53437,0,0,0.013129704974743008
53440,0,0,0.013129704974743008
53441,0,0,0.07421693465935496
53442,0,0,0.07421693465935496
53444,0,0,0.07421693465935496
53447,0,0,0.07421693465935496
53448,0,0,0.013129704974743008
53449,0,0,0.013129704974743008
53457,0,0,0.07421693465935496
53469,1,0,0.07421693465935496
53472,0,0,0.013129704974743008
53480,0,0,0.013129704974743008
53490,0,0,0.07421693465935496
53491,0,0,0.07421693465935496
53493,0,0,0.013129704974743008
53501,0,0,0.013129704974743008
53510,0,0,0.013129704974743008
53513,0,0,0.013129704974743008
53514,1,1,1.0
53524,0,0,0.013129704974743008
53531,0,0,0.013129704974743008
53535,0,0,0.013129704974743008
53559,1,1,1.0
53560,0,0,0.013129704974743008
53563,0,0,0.013129704974743008
53565,0,0,0.013129704974743008
53574,0,0,0.013129704974743008
53576,0,0,0.07421693465935496
53580,0,0,0.07421693465935496
53581,1,1,1.0
53582,0,0,0.013129704974743008
53590,0,0,0.013129704974743008
53599,0,0,0.07421693465935496
53604,0,0,0.013129704974743008
53606,0,0,0.07421693465935496
53608,1,1,1.0
53626,0,0,0.013129704974743008
53637,0,0,0.013129704974743008
53640,0,0,0.013129704974743008
53645,0,0,0.013129704974743008
53647,0,0,0.07421693465935496
53653,0,0,0.013129704974743008
53663,0,0,0.07421693465935496
53671,0,0,0.013129704974743008
53676,0,0,0.013129704974743008
53680,0,0,0.013129704974743008
53685,1,1,1.0
53696,0,0,0.013129704974743008
53701,0,0,0.013129704974743008
53705,1,1,1.0
53714,0,0,0.013129704974743008
53717,0,0,0.07421693465935496
53721,0,0,0.07421693465935496
53732,0,0,0.07421693465935496
53734,0,0,0.013129704974743008
53738,0,0,0.013129704974743008
53739,0,0,0.013129704974743008
53746,0,0,0.07421693465935496
53748,0,0,0.013129704974743008
53751,0,0,0.013129704974743008
53753,0,0,0.013129704974743008
53754,0,0,0.013129704974743008
53755,0,0,0.013129704974743008
53756,0,0,0.013129704974743008
53759,1,1,1.0
53760,0,0,0.013129704974743008
53765,0,0,0.07421693465935496
53769,0,0,0.013129704974743008
53770,0,0,0.07421693465935496
53774,0,0,0.013129704974743008
53776,0,0,0.013129704974743008
53779,0,0,0.013129704974743008
53780,0,0,0.013129704974743008
53781,0,0,0.07421693465935496
53787,0,0,0.07421693465935496
53794,0,0,0.013129704974743008
53796,1,0,0.07421693465935496
53797,0,0,0.013129704974743008
53800,0,0,0.013129704974743008
53801,0,0,0.013129704974743008
53804,0,0,0.013129704974743008
53807,0,0,0.013129704974743008
53814,1,1,1.0
53828,0,0,0.013129704974743008
53829,0,0,0.013129704974743008
53833,0,0,0.013129704974743008
53838,0,0,0.013129704974743008
53839,0,0,0.07421693465935496
53845,0,0,0.013129704974743008
53855,0,0,0.013129704974743008
53861,0,0,0.07421693465935496
53882,0,0,0.013129704974743008
53888,0,0,0.013129704974743008
53909,0,0,0.013129704974743008
53911,0,0,0.013129704974743008
53916,0,0,0.013129704974743008
53918,0,0,0.013129704974743008
53924,0,0,0.07421693465935496
53936,0,0,0.07421693465935496
53946,0,0,0.013129704974743008
53963,0,0,0.07421693465935496
53967,0,0,0.013129704974743008
53968,0,0,0.013129704974743008
53970,0,0,0.013129704974743008
53973,1,0,0.013129704974743008
53974,1,0,0.07421693465935496
53979,0,0,0.013129704974743008
53980,1,0,0.07421693465935496
53987,0,0,0.07421693465935496
53988,0,0,0.013129704974743008
53996,0,0,0.013129704974743008
53997,0,0,0.013129704974743008
53998,0,0,0.07421693465935496
54022,0,0,0.013129704974743008
54034,0,0,0.013129704974743008
54035,0,0,0.013129704974743008
54039,0,0,0.013129704974743008
54049,1,1,1.0
54062,0,0,0.013129704974743008
54064,0,0,0.013129704974743008
54068,1,0,0.07421693465935496
54072,0,0,0.013129704974743008
54075,0,0,0.013129704974743008
54093,0,0,0.013129704974743008
54094,0,0,0.013129704974743008
54102,0,0,0.013129704974743008
54103,0,0,0.07421693465935496
54105,0,0,0.013129704974743008
54108,0,0,0.07421693465935496
54109,0,0,0.013129704974743008
54116,0,0,0.013129704974743008
54118,0,0,0.013129704974743008
54119,0,0,0.013129704974743008
54121,0,0,0.013129704974743008
54122,0,0,0.013129704974743008
54145,1,1,1.0
54153,0,0,0.013129704974743008
54155,0,0,0.07421693465935496
54165,0,0,0.013129704974743008
54166,0,0,0.07421693465935496
54167,0,0,0.07421693465935496
54170,0,0,0.07421693465935496
54172,0,0,0.013129704974743008
54175,0,0,0.013129704974743008
54176,0,0,0.013129704974743008
54192,0,0,0.013129704974743008
54211,0,0,0.07421693465935496
54213,0,0,0.013129704974743008
54219,0,0,0.013129704974743008
54221,0,0,0.013129704974743008
54232,0,0,0.013129704974743008
54240,0,0,0.013129704974743008
54244,0,0,0.07421693465935496
54246,0,0,0.013129704974743008
54247,0,0,0.013129704974743008
54248,0,0,0.013129704974743008
54249,0,0,0.07421693465935496
54253,0,0,0.013129704974743008
54259,0,0,0.07421693465935496
54260,0,0,0.07421693465935496
54262,0,0,0.013129704974743008
54263,0,0,0.013129704974743008
54265,1,0,0.013129704974743008
54278,0,0,0.07421693465935496
54298,0,0,0.013129704974743008
54303,1,1,1.0
54304,0,0,0.013129704974743008
54306,0,0,0.07421693465935496
54311,0,0,0.013129704974743008
54319,0,0,0.07421693465935496
54328,0,0,0.013129704974743008
54330,0,0,0.013129704974743008
54331,0,0,0.07421693465935496
54337,0,0,0.013129704974743008
54340,0,0,0.013129704974743008
54343,1,1,1.0
54344,1,1,1.0
54345,0,0,0.07421693465935496
54351,0,0,0.013129704974743008
54352,0,0,0.013129704974743008
54356,0,0,0.013129704974743008
54366,0,0,0.013129704974743008
54369,0,0,0.013129704974743008
54371,0,0,0.07421693465935496
54380,0,0,0.013129704974743008
54385,0,0,0.013129704974743008
54395,0,0,0.07421693465935496
54398,0,0,0.013129704974743008
54406,0,0,0.013129704974743008
54423,0,0,0.07421693465935496
54427,0,0,0.07421693465935496
54433,0,0,0.07421693465935496
54439,0,0,0.07421693465935496
54440,0,0,0.013129704974743008
54441,1,0,0.07421693465935496
54442,0,0,0.07421693465935496
54447,0,0,0.013129704974743008
54461,0,0,0.013129704974743008
54471,0,0,0.013129704974743008
54472,0,0,0.013129704974743008
54486,0,0,0.013129704974743008
54495,1,1,1.0
54498,0,0,0.013129704974743008
54501,0,0,0.013129704974743008
54505,0,0,0.07421693465935496
54511,1,1,1.0
54518,0,0,0.013129704974743008
54519,0,0,0.013129704974743008
54523,0,0,0.07421693465935496
54530,0,0,0.07421693465935496
54538,0,0,0.07421693465935496
54544,0,0,0.013129704974743008
54559,0,0,0.013129704974743008
54563,0,0,0.013129704974743008
54566,0,0,0.013129704974743008
54576,0,0,0.07421693465935496
54578,0,0,0.013129704974743008
54580,1,1,1.0
54585,0,0,0.013129704974743008
54595,0,0,0.013129704974743008
54598,0,0,0.013129704974743008
54604,0,0,0.013129704974743008
54613,0,0,0.07421693465935496
54614,0,0,0.013129704974743008
54621,0,0,0.07421693465935496
54623,0,0,0.07421693465935496
54626,1,0,0.07421693465935496
54640,0,0,0.013129704974743008
54641,0,0,0.07421693465935496
54644,0,0,0.013129704974743008
54647,0,0,0.07421693465935496
54650,0,0,0.013129704974743008
54655,0,0,0.07421693465935496
54657,0,0,0.013129704974743008
54659,0,0,0.07421693465935496
54664,0,0,0.013129704974743008
54666,0,0,0.013129704974743008
54672,0,0,0.013129704974743008
54675,0,0,0.07421693465935496
54680,0,0,0.07421693465935496
54694,0,0,0.013129704974743008
54698,0,0,0.013129704974743008
54699,0,0,0.013129704974743008
54705,0,0,0.013129704974743008
54710,0,0,0.013129704974743008
54713,0,0,0.07421693465935496
54719,0,0,0.013129704974743008
54721,0,0,0.013129704974743008
54730,0,0,0.013129704974743008
54734,0,0,0.013129704974743008
54737,0,0,0.013129704974743008
54740,0,0,0.013129704974743008
54741,0,0,0.07421693465935496
54745,0,0,0.013129704974743008
54748,0,0,0.013129704974743008
54749,0,0,0.013129704974743008
54750,0,0,0.013129704974743008
54751,0,0,0.013129704974743008
54756,0,0,0.013129704974743008
54760,0,0,0.07421693465935496
54768,0,0,0.013129704974743008
54772,0,0,0.07421693465935496
54780,0,0,0.013129704974743008
54786,0,0,0.07421693465935496
54792,0,0,0.013129704974743008
54797,0,0,0.07421693465935496
54798,1,0,0.07421693465935496
54812,0,0,0.013129704974743008
54822,0,0,0.013129704974743008
54824,0,0,0.013129704974743008
54825,1,0,0.013129704974743008
54826,1,0,0.07421693465935496
54829,0,0,0.07421693465935496
54830,0,0,0.013129704974743008
54846,0,0,0.07421693465935496
54848,1,1,1.0
54849,0,0,0.07421693465935496
54850,0,0,0.013129704974743008
54859,0,0,0.013129704974743008
54860,0,0,0.013129704974743008
54862,0,0,0.013129704974743008
54874,0,0,0.07421693465935496
54875,0,0,0.013129704974743008
54882,0,0,0.07421693465935496
54884,0,0,0.07421693465935496
54886,0,0,0.013129704974743008
54888,1,1,1.0
54889,0,0,0.013129704974743008
54892,0,0,0.013129704974743008
54901,0,0,0.013129704974743008
54915,0,0,0.013129704974743008
54919,0,0,0.013129704974743008
54920,0,0,0.07421693465935496
54921,0,0,0.013129704974743008
54923,0,0,0.013129704974743008
54925,0,0,0.07421693465935496
54929,0,0,0.07421693465935496
54937,0,0,0.07421693465935496
54948,0,0,0.013129704974743008
54970,1,1,1.0
54972,1,1,1.0
54975,0,0,0.07421693465935496
54986,0,0,0.07421693465935496
54990,0,0,0.013129704974743008
54993,0,0,0.013129704974743008
54997,0,0,0.07421693465935496
55005,0,0,0.013129704974743008
55007,0,0,0.013129704974743008
55011,0,0,0.013129704974743008
55034,0,0,0.07421693465935496
55035,0,0,0.07421693465935496
55043,0,0,0.013129704974743008
55044,0,0,0.013129704974743008
55053,0,0,0.07421693465935496
55056,0,0,0.013129704974743008
55059,0,0,0.013129704974743008
55062,0,0,0.013129704974743008
55067,0,0,0.07421693465935496
55068,0,0,0.013129704974743008
55075,0,0,0.013129704974743008
55080,0,0,0.013129704974743008
55084,1,0,0.013129704974743008
55093,0,0,0.07421693465935496
55095,0,0,0.013129704974743008
55101,0,0,0.07421693465935496
55103,0,0,0.013129704974743008
55119,0,0,0.013129704974743008
55120,0,0,0.07421693465935496
55123,0,0,0.013129704974743008
55129,0,0,0.013129704974743008
55130,0,0,0.07421693465935496
55134,0,0,0.07421693465935496
55135,0,0,0.013129704974743008
55158,0,0,0.07421693465935496
55165,0,0,0.013129704974743008
55170,0,0,0.013129704974743008
55174,0,0,0.013129704974743008
55177,0,0,0.013129704974743008
55180,0,0,0.013129704974743008
55188,0,0,0.013129704974743008
55191,0,0,0.013129704974743008
55198,0,0,0.013129704974743008
55199,0,0,0.013129704974743008
55200,1,1,1.0
55202,1,0,0.013129704974743008
55216,0,0,0.07421693465935496
55236,0,0,0.013129704974743008
55245,0,0,0.013129704974743008
55248,0,0,0.07421693465935496
55250,0,0,0.07421693465935496
55255,0,0,0.013129704974743008
55257,0,0,0.07421693465935496
55266,0,0,0.07421693465935496
55270,0,0,0.013129704974743008
55279,0,0,0.013129704974743008
55280,0,0,0.07421693465935496
55282,0,0,0.07421693465935496
55283,1,1,1.0
55294,0,0,0.013129704974743008
55296,0,0,0.07421693465935496
55301,0,0,0.07421693465935496
55307,1,1,1.0
55310,0,0,0.013129704974743008
55320,0,0,0.07421693465935496
55327,0,0,0.013129704974743008
55333,0,0,0.013129704974743008
55337,0,0,0.013129704974743008
55338,0,0,0.013129704974743008
55346,0,0,0.013129704974743008
55354,0,0,0.013129704974743008
55356,0,0,0.013129704974743008
55364,0,0,0.013129704974743008
55365,0,0,0.013129704974743008
55373,0,0,0.013129704974743008
55377,0,0,0.013129704974743008
55379,0,0,0.013129704974743008
55394,0,0,0.013129704974743008
55397,0,0,0.013129704974743008
55404,0,0,0.07421693465935496
55428,0,0,0.07421693465935496
55429,0,0,0.07421693465935496
55439,0,0,0.013129704974743008
55443,0,0,0.013129704974743008
55446,0,0,0.013129704974743008
55448,0,0,0.013129704974743008
55449,0,0,0.07421693465935496
55456,0,0,0.013129704974743008
55462,0,0,0.07421693465935496
55465,0,0,0.013129704974743008
55471,0,0,0.07421693465935496
55476,0,0,0.013129704974743008
55478,1,1,1.0
55479,0,0,0.013129704974743008
55484,0,0,0.013129704974743008
55486,0,0,0.07421693465935496
55488,0,0,0.013129704974743008
55492,0,0,0.013129704974743008
55495,0,0,0.013129704974743008
55496,0,0,0.013129704974743008
55511,0,0,0.013129704974743008
55514,0,0,0.013129704974743008
55515,0,0,0.013129704974743008
55516,0,0,0.07421693465935496
55524,0,0,0.07421693465935496
55536,0,0,0.013129704974743008
55537,0,0,0.013129704974743008
55541,0,0,0.013129704974743008
55545,0,0,0.07421693465935496
55550,0,0,0.013129704974743008
55553,0,0,0.013129704974743008
55562,0,0,0.013129704974743008
55570,0,0,0.013129704974743008
55572,0,0,0.013129704974743008
55586,0,0,0.013129704974743008
55591,0,0,0.07421693465935496
55596,0,0,0.013129704974743008
55614,0,0,0.07421693465935496
55617,0,0,0.013129704974743008
55622,0,0,0.013129704974743008
55626,0,0,0.07421693465935496
55643,1,1,1.0
55644,0,0,0.07421693465935496
55647,0,0,0.013129704974743008
55648,0,0,0.013129704974743008
55657,0,0,0.07421693465935496
55658,0,0,0.013129704974743008
55661,0,0,0.013129704974743008
55666,0,0,0.013129704974743008
55669,0,0,0.013129704974743008
55670,0,0,0.07421693465935496
55674,0,0,0.07421693465935496
55677,1,1,1.0
55678,0,0,0.013129704974743008
55684,0,0,0.07421693465935496
55685,0,0,0.013129704974743008
55686,0,0,0.07421693465935496
55691,0,0,0.013129704974743008
55694,0,0,0.013129704974743008
55705,0,0,0.07421693465935496
55710,0,0,0.013129704974743008
55711,0,0,0.07421693465935496
55712,0,0,0.013129704974743008
55713,0,0,0.013129704974743008
55716,0,0,0.013129704974743008
55727,0,0,0.013129704974743008
55729,0,0,0.07421693465935496
55730,0,0,0.013129704974743008
55738,1,0,0.013129704974743008
55752,0,0,0.013129704974743008
55765,0,0,0.013129704974743008
55771,0,0,0.013129704974743008
55772,0,0,0.013129704974743008
55776,0,0,0.013129704974743008
55778,0,0,0.013129704974743008
55780,0,0,0.013129704974743008
55781,0,0,0.013129704974743008
55784,0,0,0.013129704974743008
55788,0,0,0.013129704974743008
55793,0,0,0.07421693465935496
55799,0,0,0.013129704974743008
55802,0,0,0.013129704974743008
55805,0,0,0.013129704974743008
55806,0,0,0.07421693465935496
55807,1,1,1.0
55817,0,0,0.013129704974743008
55819,0,0,0.013129704974743008
55820,0,0,0.07421693465935496
55827,0,0,0.07421693465935496
55833,0,0,0.013129704974743008
55841,0,0,0.013129704974743008
55843,0,0,0.013129704974743008
55849,0,0,0.013129704974743008
55853,0,0,0.013129704974743008
55855,0,0,0.013129704974743008
55864,0,0,0.013129704974743008
55866,0,0,0.013129704974743008
55867,0,0,0.013129704974743008
55875,1,0,0.07421693465935496
55876,0,0,0.07421693465935496
55885,0,0,0.013129704974743008
55910,0,0,0.013129704974743008
55911,0,0,0.07421693465935496
55912,0,0,0.013129704974743008
55915,0,0,0.013129704974743008
55917,0,0,0.013129704974743008
55919,0,0,0.013129704974743008
55932,0,0,0.07421693465935496
55933,0,0,0.013129704974743008
55934,0,0,0.07421693465935496
55942,0,0,0.013129704974743008
55943,0,0,0.013129704974743008
55952,0,0,0.013129704974743008
55955,0,0,0.013129704974743008
55957,0,0,0.013129704974743008
55960,0,0,0.07421693465935496
55963,0,0,0.07421693465935496
55964,0,0,0.013129704974743008
55973,0,0,0.013129704974743008
55987,0,0,0.013129704974743008
55988,0,0,0.013129704974743008
55989,0,0,0.013129704974743008
55990,0,0,0.013129704974743008
55992,0,0,0.07421693465935496
55995,0,0,0.013129704974743008
56005,0,0,0.013129704974743008
56008,1,1,1.0
56010,0,0,0.07421693465935496
56024,0,0,0.07421693465935496
56041,0,0,0.013129704974743008
56042,0,0,0.07421693465935496
56051,0,0,0.07421693465935496
56054,0,0,0.013129704974743008
56072,0,0,0.013129704974743008
56073,0,0,0.013129704974743008
56075,0,0,0.013129704974743008
56079,0,0,0.013129704974743008
56081,0,0,0.013129704974743008
56086,0,0,0.013129704974743008
56093,0,0,0.013129704974743008
56104,0,0,0.07421693465935496
56107,0,0,0.013129704974743008
56116,0,0,0.013129704974743008
56118,0,0,0.013129704974743008
56122,0,0,0.013129704974743008
56125,0,0,0.07421693465935496
56128,0,0,0.013129704974743008
56129,0,0,0.013129704974743008
56132,0,0,0.07421693465935496
56143,0,0,0.013129704974743008
56147,0,0,0.013129704974743008
56149,0,0,0.013129704974743008
56151,0,0,0.013129704974743008
56152,0,0,0.013129704974743008
56156,0,0,0.013129704974743008
56158,0,0,0.013129704974743008
56162,0,0,0.013129704974743008
56165,0,0,0.013129704974743008
56182,0,0,0.07421693465935496
56184,0,0,0.013129704974743008
56190,1,1,1.0
56200,0,0,0.07421693465935496
56205,0,0,0.013129704974743008
56206,0,0,0.013129704974743008
56208,0,0,0.013129704974743008
56211,1,1,1.0
56215,0,0,0.07421693465935496
56216,1,0,0.07421693465935496
56217,0,0,0.07421693465935496
56218,0,0,0.013129704974743008
56219,0,0,0.013129704974743008
56222,0,0,0.013129704974743008
56230,0,0,0.013129704974743008
56235,0,0,0.013129704974743008
56240,0,0,0.07421693465935496
56245,0,0,0.013129704974743008
56250,0,0,0.013129704974743008
56252,0,0,0.013129704974743008
56259,0,0,0.07421693465935496
56261,0,0,0.013129704974743008
56263,0,0,0.07421693465935496
56266,0,0,0.013129704974743008
56268,0,0,0.013129704974743008
56270,0,0,0.013129704974743008
56272,0,0,0.013129704974743008
56277,0,0,0.013129704974743008
56280,0,0,0.013129704974743008
56282,1,0,0.013129704974743008
56286,0,0,0.013129704974743008
56293,0,0,0.013129704974743008
56294,0,0,0.013129704974743008
56310,0,0,0.013129704974743008
56315,0,0,0.013129704974743008
56344,0,0,0.013129704974743008
56347,0,0,0.013129704974743008
56349,1,1,1.0
56357,0,0,0.07421693465935496
56366,0,0,0.013129704974743008
56378,0,0,0.013129704974743008
56383,1,1,1.0
56394,0,0,0.07421693465935496
56399,0,0,0.013129704974743008
56401,0,0,0.07421693465935496
56405,0,0,0.013129704974743008
56409,0,0,0.07421693465935496
56416,0,0,0.07421693465935496
56423,0,0,0.07421693465935496
56426,0,0,0.07421693465935496
56429,0,0,0.013129704974743008
56430,0,0,0.07421693465935496
56433,0,0,0.013129704974743008
56450,0,0,0.013129704974743008
56456,0,0,0.013129704974743008
56461,0,0,0.013129704974743008
56468,0,0,0.013129704974743008
56470,0,0,0.07421693465935496
56479,0,0,0.013129704974743008
56482,0,0,0.07421693465935496
56484,0,0,0.07421693465935496
56486,0,0,0.013129704974743008
56493,0,0,0.013129704974743008
56496,0,0,0.013129704974743008
56500,0,0,0.013129704974743008
56509,0,0,0.013129704974743008
56510,1,0,0.07421693465935496
56517,0,0,0.013129704974743008
56520,0,0,0.013129704974743008
56523,1,1,1.0
56524,0,0,0.07421693465935496
56525,0,0,0.07421693465935496
56529,0,0,0.013129704974743008
56531,0,0,0.013129704974743008
56533,1,1,1.0
56534,0,0,0.013129704974743008
56546,0,0,0.07421693465935496
56548,0,0,0.013129704974743008
56553,0,0,0.07421693465935496
56569,0,0,0.013129704974743008
56580,0,0,0.013129704974743008
56583,0,0,0.013129704974743008
56585,0,0,0.013129704974743008
56586,0,0,0.013129704974743008
56588,0,0,0.013129704974743008
56589,0,0,0.013129704974743008
56592,0,0,0.013129704974743008
56595,0,0,0.013129704974743008
56596,1,0,0.07421693465935496
56608,0,0,0.013129704974743008
56610,0,0,0.013129704974743008
56613,0,0,0.07421693465935496
56622,0,0,0.013129704974743008
56630,0,0,0.013129704974743008
56634,0,0,0.013129704974743008
56642,0,0,0.013129704974743008
56645,0,0,0.013129704974743008
56652,0,0,0.013129704974743008
56655,0,0,0.013129704974743008
56662,1,1,1.0
56665,0,0,0.013129704974743008
56668,0,0,0.013129704974743008
56678,1,1,1.0
56679,0,0,0.013129704974743008
56688,0,0,0.07421693465935496
56689,0,0,0.013129704974743008
56692,0,0,0.013129704974743008
56703,0,0,0.07421693465935496
56707,0,0,0.013129704974743008
56708,0,0,0.013129704974743008
56709,0,0,0.013129704974743008
56715,0,0,0.013129704974743008
56724,0,0,0.013129704974743008
56730,1,0,0.013129704974743008
56731,0,0,0.07421693465935496
56733,0,0,0.013129704974743008
56736,0,0,0.07421693465935496
56737,0,0,0.07421693465935496
56739,0,0,0.013129704974743008
56741,0,0,0.013129704974743008
56746,0,0,0.013129704974743008
56748,0,0,0.07421693465935496
56749,0,0,0.013129704974743008
56750,0,0,0.013129704974743008
56759,0,0,0.013129704974743008
56766,0,0,0.013129704974743008
56767,0,0,0.013129704974743008
56771,0,0,0.013129704974743008
56774,0,0,0.07421693465935496
56784,1,1,1.0
56791,0,0,0.07421693465935496
56794,1,1,1.0
56796,0,0,0.07421693465935496
56798,0,0,0.07421693465935496
56799,0,0,0.013129704974743008
56801,0,0,0.013129704974743008
56808,0,0,0.013129704974743008
56814,0,0,0.013129704974743008
56826,0,0,0.013129704974743008
56828,0,0,0.013129704974743008
56830,0,0,0.013129704974743008
56831,0,0,0.013129704974743008
56834,0,0,0.013129704974743008
56841,0,0,0.07421693465935496
56842,0,0,0.07421693465935496
56846,0,0,0.013129704974743008
56853,0,0,0.013129704974743008
56856,0,0,0.013129704974743008
56858,0,0,0.013129704974743008
56861,0,0,0.07421693465935496
56868,0,0,0.013129704974743008
56869,0,0,0.013129704974743008
56871,0,0,0.013129704974743008
56876,0,0,0.013129704974743008
56880,0,0,0.013129704974743008
56889,0,0,0.013129704974743008
56894,0,0,0.013129704974743008
56895,0,0,0.013129704974743008
56901,0,0,0.013129704974743008
56905,0,0,0.013129704974743008
56907,0,0,0.07421693465935496
56910,0,0,0.013129704974743008
56915,0,0,0.013129704974743008
56929,0,0,0.013129704974743008
56936,0,0,0.013129704974743008
56941,0,0,0.013129704974743008
56947,0,0,0.013129704974743008
56952,1,1,1.0
56953,0,0,0.013129704974743008
56955,0,0,0.013129704974743008
56956,0,0,0.07421693465935496
56958,0,0,0.013129704974743008
56961,0,0,0.07421693465935496
56963,0,0,0.013129704974743008
56965,0,0,0.013129704974743008
56968,0,0,0.013129704974743008
56973,0,0,0.07421693465935496
56975,0,0,0.013129704974743008
56976,0,0,0.013129704974743008
56980,0,0,0.013129704974743008
56981,0,0,0.013129704974743008
56991,1,1,1.0
57004,0,0,0.07421693465935496
57012,0,0,0.07421693465935496
57025,0,0,0.07421693465935496
57028,0,0,0.07421693465935496
57035,0,0,0.07421693465935496
57054,0,0,0.013129704974743008
57057,0,0,0.013129704974743008
57058,0,0,0.013129704974743008
57061,0,0,0.013129704974743008
57063,0,0,0.07421693465935496
57064,0,0,0.013129704974743008
57068,0,0,0.07421693465935496
57076,0,0,0.07421693465935496
57080,0,0,0.013129704974743008
57088,0,0,0.013129704974743008
57091,0,0,0.013129704974743008
57095,1,0,0.07421693465935496
57100,0,0,0.013129704974743008
57110,0,0,0.013129704974743008
57121,0,0,0.013129704974743008
57123,0,0,0.07421693465935496
57129,0,0,0.07421693465935496
57132,0,0,0.013129704974743008
57141,0,0,0.013129704974743008
57142,0,0,0.07421693465935496
57154,0,0,0.013129704974743008
57162,0,0,0.013129704974743008
57170,0,0,0.013129704974743008
57174,0,0,0.013129704974743008
57176,0,0,0.013129704974743008
57180,0,0,0.07421693465935496
57181,0,0,0.013129704974743008
57182,0,0,0.013129704974743008
57186,0,0,0.013129704974743008
57192,0,0,0.013129704974743008
57198,0,0,0.07421693465935496
57206,0,0,0.013129704974743008
57209,0,0,0.07421693465935496
57214,0,0,0.07421693465935496
57215,0,0,0.07421693465935496
57222,0,0,0.013129704974743008
57223,0,0,0.013129704974743008
57226,0,0,0.013129704974743008
57227,0,0,0.013129704974743008
57230,0,0,0.013129704974743008
57233,0,0,0.013129704974743008
57241,0,0,0.07421693465935496
57249,0,0,0.013129704974743008
57251,0,0,0.013129704974743008
57255,0,0,0.07421693465935496
57259,0,0,0.013129704974743008
57266,0,0,0.013129704974743008
57270,0,0,0.013129704974743008
57273,0,0,0.013129704974743008
57278,0,0,0.07421693465935496
57281,0,0,0.013129704974743008
57283,0,0,0.013129704974743008
57285,0,0,0.013129704974743008
57286,1,1,1.0
57293,0,0,0.013129704974743008
57297,0,0,0.013129704974743008
57306,0,0,0.013129704974743008
57310,0,0,0.07421693465935496
57311,0,0,0.013129704974743008
57313,0,0,0.013129704974743008
57316,0,0,0.013129704974743008
57323,0,0,0.07421693465935496
57324,0,0,0.013129704974743008
57326,0,0,0.013129704974743008
57328,0,0,0.013129704974743008
57332,0,0,0.013129704974743008
57333,0,0,0.07421693465935496
57337,0,0,0.013129704974743008
57342,0,0,0.013129704974743008
57374,0,0,0.013129704974743008
57378,0,0,0.013129704974743008
57389,0,0,0.013129704974743008
57390,0,0,0.013129704974743008
57398,0,0,0.07421693465935496
57406,0,0,0.013129704974743008
57409,0,0,0.07421693465935496
57410,0,0,0.07421693465935496
57413,0,0,0.07421693465935496
57425,1,1,1.0
57431,0,0,0.013129704974743008
57434,0,0,0.07421693465935496
57435,1,1,1.0
57440,0,0,0.013129704974743008
57443,1,1,1.0
57447,0,0,0.013129704974743008
57450,0,0,0.013129704974743008
57452,0,0,0.013129704974743008
57463,0,0,0.013129704974743008
57468,0,0,0.013129704974743008
57485,0,0,0.013129704974743008
57488,1,1,1.0
57501,0,0,0.013129704974743008
57502,0,0,0.013129704974743008
57520,0,0,0.013129704974743008
57530,0,0,0.013129704974743008
57531,1,0,0.07421693465935496
57533,0,0,0.07421693465935496
57535,0,0,0.07421693465935496
57558,0,0,0.013129704974743008
57568,0,0,0.07421693465935496
57570,0,0,0.013129704974743008
57588,0,0,0.013129704974743008
57600,0,0,0.07421693465935496
57603,0,0,0.07421693465935496
57609,0,0,0.013129704974743008
57616,0,0,0.013129704974743008
57618,1,1,1.0
57625,0,0,0.013129704974743008
57629,0,0,0.07421693465935496
57631,0,0,0.013129704974743008
57632,0,0,0.07421693465935496
57638,0,0,0.013129704974743008
57642,0,0,0.013129704974743008
57644,0,0,0.013129704974743008
57650,0,0,0.013129704974743008
57651,0,0,0.013129704974743008
57655,0,0,0.013129704974743008
57659,0,0,0.013129704974743008
57683,0,0,0.013129704974743008
57684,0,0,0.013129704974743008
57686,1,0,0.07421693465935496
57688,0,0,0.013129704974743008
57692,0,0,0.013129704974743008
57698,0,0,0.07421693465935496
57699,0,0,0.013129704974743008
57703,0,0,0.013129704974743008
57704,0,0,0.07421693465935496
57721,0,0,0.07421693465935496
57735,1,0,0.013129704974743008
57736,0,0,0.013129704974743008
57746,0,0,0.07421693465935496
57748,0,0,0.013129704974743008
57750,0,0,0.013129704974743008
57753,0,0,0.013129704974743008
57756,0,0,0.013129704974743008
57766,0,0,0.013129704974743008
57771,1,0,0.013129704974743008
57773,0,0,0.013129704974743008
57776,0,0,0.013129704974743008
57777,0,0,0.013129704974743008
57778,1,1,1.0
57780,0,0,0.013129704974743008
57790,0,0,0.07421693465935496
57794,0,0,0.07421693465935496
57801,0,0,0.07421693465935496
57804,0,0,0.013129704974743008
57811,0,0,0.07421693465935496
57813,0,0,0.013129704974743008
57816,0,0,0.013129704974743008
57824,0,0,0.013129704974743008
57832,0,0,0.07421693465935496
57833,0,0,0.07421693465935496
57845,0,0,0.013129704974743008
57852,0,0,0.013129704974743008
57853,0,0,0.013129704974743008
57854,0,0,0.013129704974743008
57859,0,0,0.013129704974743008
57866,0,0,0.07421693465935496
57877,0,0,0.013129704974743008
57883,0,0,0.013129704974743008
57890,0,0,0.07421693465935496
57895,0,0,0.07421693465935496
57899,0,0,0.07421693465935496
57900,0,0,0.013129704974743008
57907,0,0,0.013129704974743008
57911,1,1,1.0
57913,0,0,0.013129704974743008
57919,0,0,0.07421693465935496
57929,0,0,0.013129704974743008
57933,0,0,0.013129704974743008
57936,0,0,0.013129704974743008
57942,0,0,0.013129704974743008
57946,1,0,0.07421693465935496
57954,0,0,0.013129704974743008
57955,1,0,0.07421693465935496
57958,0,0,0.013129704974743008
57974,0,0,0.07421693465935496
57976,1,0,0.07421693465935496
57984,0,0,0.07421693465935496
57988,0,0,0.07421693465935496
57990,0,0,0.07421693465935496
57993,1,1,1.0
58000,0,0,0.013129704974743008
58002,0,0,0.013129704974743008
58005,0,0,0.013129704974743008
58006,0,0,0.07421693465935496
58007,0,0,0.013129704974743008
58015,0,0,0.013129704974743008
58018,1,0,0.07421693465935496
58024,1,1,1.0
58025,0,0,0.013129704974743008
58026,0,0,0.013129704974743008
58030,0,0,0.013129704974743008
58040,0,0,0.013129704974743008
58043,0,0,0.07421693465935496
58046,0,0,0.013129704974743008
58050,0,0,0.07421693465935496
58054,1,0,0.07421693465935496
58056,0,0,0.07421693465935496
58057,0,0,0.013129704974743008
58078,0,0,0.013129704974743008
58079,1,1,1.0
58082,0,0,0.013129704974743008
58091,0,0,0.013129704974743008
58096,0,0,0.013129704974743008
58098,1,0,0.07421693465935496
58099,1,0,0.013129704974743008
58103,0,0,0.013129704974743008
58108,0,0,0.07421693465935496
58110,0,0,0.07421693465935496
58113,0,0,0.013129704974743008
58120,0,0,0.013129704974743008
58121,0,0,0.013129704974743008
58124,0,0,0.013129704974743008
58140,0,0,0.07421693465935496
58143,0,0,0.013129704974743008
58154,0,0,0.07421693465935496
58158,0,0,0.013129704974743008
58160,0,0,0.07421693465935496
58176,0,0,0.013129704974743008
58188,0,0,0.013129704974743008
58192,0,0,0.07421693465935496
58195,1,1,1.0
58204,0,0,0.07421693465935496
58206,0,0,0.013129704974743008
58207,1,1,1.0
58210,0,0,0.013129704974743008
58214,0,0,0.013129704974743008
58222,0,0,0.07421693465935496
58228,0,0,0.013129704974743008
58238,0,0,0.013129704974743008
58243,0,0,0.013129704974743008
58245,0,0,0.07421693465935496
58247,1,1,1.0
58258,0,0,0.013129704974743008
58275,0,0,0.07421693465935496
58278,0,0,0.013129704974743008
58289,1,1,1.0
58290,0,0,0.013129704974743008
58298,0,0,0.013129704974743008
58300,0,0,0.07421693465935496
58303,0,0,0.07421693465935496
58306,0,0,0.013129704974743008
58307,0,0,0.013129704974743008
58309,0,0,0.013129704974743008
58310,0,0,0.013129704974743008
58318,1,1,1.0
58324,0,0,0.013129704974743008
58329,0,0,0.013129704974743008
58341,0,0,0.07421693465935496
58348,0,0,0.013129704974743008
58349,0,0,0.013129704974743008
58350,0,0,0.013129704974743008
58354,0,0,0.013129704974743008
58355,0,0,0.07421693465935496
58359,0,0,0.07421693465935496
58365,0,0,0.013129704974743008
58370,0,0,0.013129704974743008
58371,0,0,0.013129704974743008
58377,0,0,0.013129704974743008
58387,0,0,0.07421693465935496
58389,0,0,0.013129704974743008
58390,0,0,0.07421693465935496
58397,0,0,0.07421693465935496
58408,0,0,0.013129704974743008
58417,0,0,0.013129704974743008
58428,0,0,0.013129704974743008
58432,0,0,0.013129704974743008
58433,1,1,1.0
58434,0,0,0.013129704974743008
58436,0,0,0.07421693465935496
58442,0,0,0.07421693465935496
58449,0,0,0.013129704974743008
58458,1,1,1.0
58468,0,0,0.07421693465935496
58494,0,0,0.013129704974743008
58506,0,0,0.013129704974743008
58508,0,0,0.013129704974743008
58514,0,0,0.013129704974743008
58518,0,0,0.013129704974743008
58528,0,0,0.013129704974743008
58529,0,0,0.013129704974743008
58535,0,0,0.013129704974743008
58545,0,0,0.013129704974743008
58546,0,0,0.07421693465935496
58552,0,0,0.013129704974743008
58558,1,1,1.0
58560,0,0,0.013129704974743008
58561,0,0,0.07421693465935496
58563,0,0,0.013129704974743008
58569,0,0,0.07421693465935496
58572,0,0,0.013129704974743008
58573,0,0,0.013129704974743008
58586,0,0,0.013129704974743008
58588,0,0,0.013129704974743008
58589,0,0,0.013129704974743008
58591,0,0,0.013129704974743008
58594,0,0,0.013129704974743008
58597,0,0,0.013129704974743008
58598,0,0,0.013129704974743008
58603,0,0,0.07421693465935496
58609,0,0,0.013129704974743008
58612,0,0,0.013129704974743008
58615,0,0,0.013129704974743008
58623,0,0,0.013129704974743008
58625,0,0,0.07421693465935496
58626,0,0,0.013129704974743008
58630,0,0,0.07421693465935496
58632,0,0,0.013129704974743008
58633,0,0,0.07421693465935496
58649,0,0,0.013129704974743008
58650,0,0,0.07421693465935496
58653,0,0,0.07421693465935496
58655,0,0,0.013129704974743008
58657,0,0,0.07421693465935496
58658,0,0,0.013129704974743008
58665,0,0,0.013129704974743008
58668,0,0,0.013129704974743008
58671,0,0,0.07421693465935496
58674,0,0,0.013129704974743008
58695,0,0,0.07421693465935496
58696,1,1,1.0
58699,0,0,0.013129704974743008
58702,0,0,0.013129704974743008
58709,0,0,0.07421693465935496
58710,0,0,0.07421693465935496
58712,0,0,0.07421693465935496
58713,0,0,0.013129704974743008
58721,0,0,0.013129704974743008
58728,0,0,0.013129704974743008
58729,0,0,0.013129704974743008
58731,0,0,0.013129704974743008
58733,0,0,0.013129704974743008
58737,0,0,0.07421693465935496
58746,0,0,0.07421693465935496
58749,0,0,0.07421693465935496
58750,0,0,0.07421693465935496
58753,0,0,0.013129704974743008
58757,0,0,0.07421693465935496
58766,0,0,0.07421693465935496
58773,0,0,0.013129704974743008
58785,0,0,0.07421693465935496
58792,0,0,0.013129704974743008
58797,0,0,0.013129704974743008
58807,0,0,0.07421693465935496
58813,0,0,0.013129704974743008
58814,0,0,0.013129704974743008
58815,0,0,0.013129704974743008
58816,0,0,0.013129704974743008
58817,0,0,0.07421693465935496
58818,0,0,0.013129704974743008
58822,0,0,0.013129704974743008
58827,1,1,1.0
58830,0,0,0.013129704974743008
58832,0,0,0.013129704974743008
58835,0,0,0.013129704974743008
58837,0,0,0.07421693465935496
58846,0,0,0.013129704974743008
58866,0,0,0.07421693465935496
58882,0,0,0.013129704974743008
58886,0,0,0.013129704974743008
58888,0,0,0.07421693465935496
58889,1,1,1.0
58904,0,0,0.013129704974743008
58908,0,0,0.013129704974743008
58909,0,0,0.013129704974743008
58930,0,0,0.013129704974743008
58935,0,0,0.07421693465935496
58948,0,0,0.013129704974743008
58952,0,0,0.013129704974743008
58957,1,1,1.0
58959,0,0,0.013129704974743008
58987,0,0,0.013129704974743008
58998,0,0,0.013129704974743008
59003,0,0,0.013129704974743008
59009,0,0,0.07421693465935496
59011,0,0,0.07421693465935496
59013,0,0,0.013129704974743008
59017,0,0,0.013129704974743008
59027,0,0,0.07421693465935496
59028,0,0,0.013129704974743008
59050,0,0,0.07421693465935496
59051,0,0,0.013129704974743008
59063,0,0,0.013129704974743008
59064,1,1,1.0
59077,0,0,0.013129704974743008
59078,0,0,0.013129704974743008
59111,0,0,0.013129704974743008
59113,1,0,0.07421693465935496
59116,0,0,0.013129704974743008
59124,0,0,0.013129704974743008
59140,0,0,0.07421693465935496
59149,0,0,0.013129704974743008
59158,0,0,0.013129704974743008
59166,0,0,0.013129704974743008
59176,0,0,0.013129704974743008
59179,0,0,0.07421693465935496
59189,0,0,0.07421693465935496
59190,0,0,0.013129704974743008
59195,0,0,0.013129704974743008
59199,0,0,0.013129704974743008
59207,0,0,0.013129704974743008
59209,0,0,0.013129704974743008
59216,0,0,0.013129704974743008
59219,0,0,0.013129704974743008
59232,0,0,0.013129704974743008
59241,0,0,0.07421693465935496
59256,0,0,0.013129704974743008
59264,0,0,0.013129704974743008
59267,0,0,0.013129704974743008
59270,0,0,0.07421693465935496
59277,0,0,0.013129704974743008
59278,1,1,1.0
59285,0,0,0.013129704974743008
59291,0,0,0.013129704974743008
59292,0,0,0.013129704974743008
59295,0,0,0.07421693465935496
59308,0,0,0.07421693465935496
59316,0,0,0.013129704974743008
59326,1,1,1.0
59332,0,0,0.013129704974743008
59333,0,0,0.07421693465935496
59335,0,0,0.013129704974743008
59337,0,0,0.013129704974743008
59341,0,0,0.07421693465935496
59342,0,0,0.07421693465935496
59358,0,0,0.013129704974743008
59359,1,1,1.0
59360,0,0,0.07421693465935496
59361,0,0,0.013129704974743008
59362,0,0,0.013129704974743008
59363,0,0,0.07421693465935496
59366,0,0,0.07421693465935496
59369,0,0,0.013129704974743008
59379,0,0,0.013129704974743008
59381,0,0,0.013129704974743008
59402,0,0,0.07421693465935496
59403,0,0,0.013129704974743008
59407,1,1,1.0
59427,0,0,0.013129704974743008
59443,1,1,1.0
59446,0,0,0.013129704974743008
59451,1,0,0.07421693465935496
59454,0,0,0.013129704974743008
59459,0,0,0.013129704974743008
59463,0,0,0.013129704974743008
59466,1,0,0.013129704974743008
59467,1,1,1.0
59473,0,0,0.07421693465935496
59477,0,0,0.013129704974743008
59481,0,0,0.013129704974743008
59516,0,0,0.013129704974743008
59522,0,0,0.013129704974743008
59527,0,0,0.013129704974743008
59546,0,0,0.07421693465935496
59547,1,1,1.0
59548,0,0,0.013129704974743008
59552,0,0,0.013129704974743008
59554,0,0,0.013129704974743008
59560,0,0,0.07421693465935496
59567,0,0,0.013129704974743008
59576,0,0,0.07421693465935496
59581,0,0,0.07421693465935496
59584,0,0,0.013129704974743008
59594,0,0,0.013129704974743008
59597,0,0,0.013129704974743008
59599,1,1,1.0
59600,1,0,0.07421693465935496
59603,0,0,0.013129704974743008
59606,0,0,0.013129704974743008
59610,0,0,0.013129704974743008
59613,0,0,0.013129704974743008
59614,0,0,0.013129704974743008
59618,0,0,0.013129704974743008
59619,0,0,0.07421693465935496
59620,0,0,0.013129704974743008
59627,0,0,0.013129704974743008
59631,1,1,1.0
59633,0,0,0.013129704974743008
59634,0,0,0.07421693465935496
59635,0,0,0.013129704974743008
59636,0,0,0.013129704974743008
59637,0,0,0.013129704974743008
59641,0,0,0.013129704974743008
59655,1,1,1.0
59657,0,0,0.07421693465935496
59662,0,0,0.013129704974743008
59664,0,0,0.013129704974743008
59674,0,0,0.013129704974743008
59690,0,0,0.013129704974743008
59694,0,0,0.013129704974743008
59697,0,0,0.013129704974743008
59698,0,0,0.013129704974743008
59702,0,0,0.07421693465935496
59714,0,0,0.013129704974743008
59715,0,0,0.07421693465935496
59723,1,0,0.013129704974743008
59733,0,0,0.013129704974743008
59742,1,0,0.013129704974743008
59747,0,0,0.013129704974743008
59752,0,0,0.07421693465935496
59757,1,1,1.0
59782,0,0,0.013129704974743008
59783,0,0,0.013129704974743008
59789,0,0,0.07421693465935496
59803,0,0,0.013129704974743008
59811,1,1,1.0
59814,1,1,1.0
59816,0,0,0.07421693465935496
59818,0,0,0.013129704974743008
59820,0,0,0.07421693465935496
59822,0,0,0.013129704974743008
59826,1,0,0.07421693465935496
59857,0,0,0.07421693465935496
59859,1,1,1.0
59868,0,0,0.07421693465935496
59872,0,0,0.013129704974743008
59877,0,0,0.013129704974743008
59879,1,0,0.07421693465935496
59880,0,0,0.07421693465935496
59892,0,0,0.07421693465935496
59897,0,0,0.013129704974743008
59901,0,0,0.013129704974743008
59902,0,0,0.07421693465935496
59910,0,0,0.07421693465935496
59918,0,0,0.013129704974743008
59921,0,0,0.013129704974743008
59923,1,1,1.0
59931,0,0,0.013129704974743008
59934,0,0,0.013129704974743008
59938,1,1,1.0
59943,0,0,0.013129704974743008
59952,0,0,0.013129704974743008
59968,0,0,0.013129704974743008
59974,1,1,1.0
59977,0,0,0.013129704974743008
59987,0,0,0.013129704974743008
59989,0,0,0.013129704974743008
59991,0,0,0.013129704974743008
60006,0,0,0.013129704974743008
60008,1,0,0.013129704974743008
60011,0,0,0.013129704974743008
60013,0,0,0.013129704974743008
60015,0,0,0.013129704974743008
60038,0,0,0.013129704974743008
60039,0,0,0.07421693465935496
60050,0,0,0.07421693465935496
60052,0,0,0.013129704974743008
60053,0,0,0.013129704974743008
60059,0,0,0.013129704974743008
60065,0,0,0.07421693465935496
60072,0,0,0.013129704974743008
60077,0,0,0.013129704974743008
60083,0,0,0.013129704974743008
60088,0,0,0.013129704974743008
60106,1,0,0.07421693465935496
60107,0,0,0.013129704974743008
60109,0,0,0.07421693465935496
60110,0,0,0.013129704974743008
60117,0,0,0.07421693465935496
60144,0,0,0.013129704974743008
60145,0,0,0.013129704974743008
60147,0,0,0.013129704974743008
60154,0,0,0.013129704974743008
60156,0,0,0.07421693465935496
60163,0,0,0.013129704974743008
60167,1,1,1.0
60168,0,0,0.013129704974743008
60178,0,0,0.07421693465935496
60179,0,0,0.013129704974743008
60207,0,0,0.013129704974743008
60216,0,0,0.013129704974743008
60230,1,1,1.0
60232,1,1,1.0
60234,0,0,0.013129704974743008
60236,0,0,0.013129704974743008
60239,0,0,0.013129704974743008
60240,0,0,0.013129704974743008
60246,0,0,0.013129704974743008
60255,0,0,0.013129704974743008
60257,0,0,0.013129704974743008
60267,0,0,0.07421693465935496
60270,0,0,0.013129704974743008
60275,0,0,0.013129704974743008
60278,0,0,0.013129704974743008
60279,1,1,1.0
60280,0,0,0.013129704974743008
60300,0,0,0.013129704974743008
60310,0,0,0.013129704974743008
60321,0,0,0.013129704974743008
60324,0,0,0.013129704974743008
60340,0,0,0.013129704974743008
60349,0,0,0.013129704974743008
60352,0,0,0.013129704974743008
60358,0,0,0.013129704974743008
60362,0,0,0.013129704974743008
60366,0,0,0.013129704974743008
60368,0,0,0.013129704974743008
60370,1,0,0.07421693465935496
60374,0,0,0.013129704974743008
60385,0,0,0.013129704974743008
60392,1,1,1.0
60403,0,0,0.013129704974743008
60407,0,0,0.07421693465935496
60417,0,0,0.013129704974743008
60421,0,0,0.013129704974743008
60426,0,0,0.07421693465935496
60432,1,0,0.013129704974743008
60434,0,0,0.07421693465935496
60449,0,0,0.07421693465935496
60488,0,0,0.07421693465935496
60489,0,0,0.07421693465935496
60493,1,1,1.0
60494,0,0,0.013129704974743008
60497,0,0,0.013129704974743008
60521,0,0,0.013129704974743008
60526,0,0,0.013129704974743008
60530,0,0,0.013129704974743008
60541,0,0,0.013129704974743008
60548,1,1,1.0
60549,1,1,1.0
60550,0,0,0.013129704974743008
60560,1,1,1.0
60561,0,0,0.013129704974743008
60566,0,0,0.013129704974743008
60568,1,1,1.0
60570,0,0,0.013129704974743008
60575,0,0,0.013129704974743008
60577,0,0,0.013129704974743008
60582,0,0,0.013129704974743008
60588,0,0,0.013129704974743008
60602,0,0,0.07421693465935496
60605,0,0,0.07421693465935496
60620,1,0,0.07421693465935496
60632,0,0,0.013129704974743008
60634,0,0,0.07421693465935496
60640,0,0,0.013129704974743008
60649,0,0,0.013129704974743008
60652,1,1,1.0
60656,0,0,0.07421693465935496
60674,0,0,0.013129704974743008
60685,0,0,0.013129704974743008
60686,0,0,0.07421693465935496
60688,0,0,0.013129704974743008
60692,0,0,0.013129704974743008
60708,1,1,1.0
60709,1,1,1.0
60711,0,0,0.013129704974743008
60713,0,0,0.013129704974743008
60718,0,0,0.013129704974743008
60722,0,0,0.07421693465935496
60728,0,0,0.013129704974743008
60732,0,0,0.013129704974743008
60733,1,0,0.07421693465935496
60735,0,0,0.013129704974743008
60753,0,0,0.07421693465935496
60756,0,0,0.013129704974743008
60758,1,1,1.0
60762,0,0,0.013129704974743008
60777,0,0,0.013129704974743008
60789,0,0,0.013129704974743008
60815,0,0,0.07421693465935496
60818,0,0,0.07421693465935496
60819,0,0,0.013129704974743008
60827,0,0,0.013129704974743008
60829,0,0,0.013129704974743008
60833,0,0,0.07421693465935496
60842,0,0,0.07421693465935496
60846,1,1,1.0
60848,0,0,0.013129704974743008
60866,0,0,0.013129704974743008
60875,0,0,0.013129704974743008
60882,1,1,1.0
60887,0,0,0.013129704974743008
60888,0,0,0.013129704974743008
60890,0,0,0.013129704974743008
60904,0,0,0.013129704974743008
60906,0,0,0.013129704974743008
60911,0,0,0.013129704974743008
60912,0,0,0.013129704974743008
60924,0,0,0.013129704974743008
60935,0,0,0.013129704974743008
60937,0,0,0.013129704974743008
60946,0,0,0.013129704974743008
60960,0,0,0.013129704974743008
60961,0,0,0.013129704974743008
60965,0,0,0.07421693465935496
60973,0,0,0.07421693465935496
60979,0,0,0.013129704974743008
60984,0,0,0.013129704974743008
60997,0,0,0.013129704974743008
61003,0,0,0.013129704974743008
61010,0,0,0.013129704974743008
61017,0,0,0.07421693465935496
61021,0,0,0.013129704974743008
61022,0,0,0.013129704974743008
61025,0,0,0.07421693465935496
61027,0,0,0.013129704974743008
61034,0,0,0.07421693465935496
61037,0,0,0.07421693465935496
61039,0,0,0.07421693465935496
61043,0,0,0.013129704974743008
61044,0,0,0.013129704974743008
61050,0,0,0.013129704974743008
61060,0,0,0.013129704974743008
61062,0,0,0.013129704974743008
61063,0,0,0.013129704974743008
61066,0,0,0.013129704974743008
61071,0,0,0.013129704974743008
61080,0,0,0.07421693465935496
61081,0,0,0.013129704974743008
61088,0,0,0.013129704974743008
61098,0,0,0.07421693465935496
61104,0,0,0.013129704974743008
61105,1,1,1.0
61113,0,0,0.013129704974743008
61123,0,0,0.013129704974743008
61135,0,0,0.013129704974743008
61138,0,0,0.013129704974743008
61140,0,0,0.07421693465935496
61144,1,1,1.0
61147,0,0,0.013129704974743008
61148,0,0,0.07421693465935496
61150,1,0,0.07421693465935496
61153,0,0,0.013129704974743008
61155,0,0,0.013129704974743008
61156,0,0,0.013129704974743008
61164,0,0,0.013129704974743008
61167,0,0,0.07421693465935496
61170,0,0,0.07421693465935496
61174,0,0,0.013129704974743008
61175,0,0,0.013129704974743008
61178,0,0,0.013129704974743008
61179,0,0,0.013129704974743008
61189,0,0,0.013129704974743008
61196,0,0,0.013129704974743008
61203,0,0,0.07421693465935496
61206,0,0,0.013129704974743008
61226,0,0,0.013129704974743008
61229,0,0,0.013129704974743008
61230,0,0,0.013129704974743008
61234,1,1,1.0
61235,0,0,0.013129704974743008
61239,0,0,0.013129704974743008
61248,0,0,0.013129704974743008
61249,0,0,0.013129704974743008
61250,0,0,0.013129704974743008
61261,0,0,0.07421693465935496
61267,0,0,0.07421693465935496
61284,0,0,0.013129704974743008
61288,0,0,0.013129704974743008
61290,0,0,0.013129704974743008
61311,0,0,0.013129704974743008
61318,0,0,0.013129704974743008
61319,0,0,0.013129704974743008
61321,0,0,0.07421693465935496
61326,1,0,0.07421693465935496
61331,1,0,0.07421693465935496
61333,0,0,0.07421693465935496
61335,0,0,0.013129704974743008
61342,0,0,0.013129704974743008
61343,0,0,0.07421693465935496
61351,0,0,0.013129704974743008
61352,1,1,1.0
61370,0,0,0.013129704974743008
61378,0,0,0.07421693465935496
61387,0,0,0.013129704974743008
61390,0,0,0.013129704974743008
61405,0,0,0.013129704974743008
61407,0,0,0.07421693465935496
61417,1,1,1.0
61420,1,1,1.0
61423,0,0,0.013129704974743008
61424,0,0,0.013129704974743008
61434,0,0,0.013129704974743008
61436,0,0,0.013129704974743008
61451,0,0,0.013129704974743008
61460,0,0,0.013129704974743008
61468,0,0,0.013129704974743008
61472,0,0,0.07421693465935496
61479,0,0,0.013129704974743008
61483,0,0,0.013129704974743008
61489,1,1,1.0
61492,0,0,0.013129704974743008
61494,0,0,0.07421693465935496
61495,0,0,0.07421693465935496
61498,0,0,0.013129704974743008
61505,0,0,0.013129704974743008
61510,0,0,0.013129704974743008
61514,0,0,0.013129704974743008
61516,1,1,1.0
61524,0,0,0.013129704974743008
61529,0,0,0.013129704974743008
61530,0,0,0.013129704974743008
61535,0,0,0.013129704974743008
61537,0,0,0.07421693465935496
61538,0,0,0.013129704974743008
61541,0,0,0.013129704974743008
61552,0,0,0.013129704974743008
61565,0,0,0.07421693465935496
61570,0,0,0.013129704974743008
61574,0,0,0.013129704974743008
61576,0,0,0.013129704974743008
61587,0,0,0.013129704974743008
61589,0,0,0.013129704974743008
61596,0,0,0.013129704974743008
61599,0,0,0.07421693465935496
61604,0,0,0.013129704974743008
61609,0,0,0.013129704974743008
61611,0,0,0.07421693465935496
61612,0,0,0.013129704974743008
61613,0,0,0.07421693465935496
61615,0,0,0.013129704974743008
61616,0,0,0.013129704974743008
61624,0,0,0.07421693465935496
61637,1,0,0.07421693465935496
61646,0,0,0.013129704974743008
61654,0,0,0.07421693465935496
61658,0,0,0.013129704974743008
61665,0,0,0.07421693465935496
61668,0,0,0.013129704974743008
61680,0,0,0.013129704974743008
61686,0,0,0.07421693465935496
61688,1,1,1.0
61690,0,0,0.013129704974743008
61698,0,0,0.013129704974743008
61703,0,0,0.013129704974743008
61713,0,0,0.013129704974743008
61714,0,0,0.013129704974743008
61715,0,0,0.07421693465935496
61720,0,0,0.013129704974743008
61729,0,0,0.013129704974743008
61733,0,0,0.013129704974743008
61737,0,0,0.013129704974743008
61739,0,0,0.013129704974743008
61748,0,0,0.013129704974743008
61762,0,0,0.013129704974743008
61767,0,0,0.07421693465935496
61768,0,0,0.07421693465935496
61769,0,0,0.013129704974743008
61771,0,0,0.013129704974743008
61773,0,0,0.013129704974743008
61777,0,0,0.07421693465935496
61784,0,0,0.013129704974743008
61789,0,0,0.013129704974743008
61797,0,0,0.07421693465935496
61799,1,0,0.013129704974743008
61808,1,0,0.013129704974743008
61810,0,0,0.07421693465935496
61816,0,0,0.07421693465935496
61825,0,0,0.07421693465935496
61843,0,0,0.013129704974743008
61845,0,0,0.07421693465935496
61846,0,0,0.013129704974743008
61847,0,0,0.07421693465935496
61851,0,0,0.013129704974743008
61852,0,0,0.013129704974743008
61855,0,0,0.07421693465935496
61869,0,0,0.013129704974743008
61871,0,0,0.013129704974743008
61878,0,0,0.013129704974743008
61880,0,0,0.013129704974743008
61890,0,0,0.07421693465935496
61898,0,0,0.07421693465935496
61905,0,0,0.07421693465935496
61914,0,0,0.07421693465935496
61917,0,0,0.013129704974743008
61939,0,0,0.013129704974743008
61959,0,0,0.07421693465935496
61962,0,0,0.013129704974743008
61967,0,0,0.013129704974743008
61971,0,0,0.07421693465935496
61976,0,0,0.013129704974743008
61981,0,0,0.07421693465935496
61984,0,0,0.013129704974743008
61985,0,0,0.013129704974743008
61986,0,0,0.013129704974743008
61987,0,0,0.07421693465935496
61992,0,0,0.013129704974743008
61994,0,0,0.07421693465935496
61997,0,0,0.07421693465935496
61999,0,0,0.013129704974743008
62000,0,0,0.07421693465935496
62002,0,0,0.07421693465935496
62004,0,0,0.013129704974743008
62015,0,0,0.013129704974743008
62019,0,0,0.013129704974743008
62025,0,0,0.013129704974743008
62033,0,0,0.013129704974743008
62034,0,0,0.07421693465935496
62044,0,0,0.013129704974743008
62047,0,0,0.013129704974743008
62053,0,0,0.013129704974743008
62054,0,0,0.013129704974743008
62056,1,0,0.07421693465935496
62057,0,0,0.013129704974743008
62061,0,0,0.013129704974743008
62066,0,0,0.013129704974743008
62067,0,0,0.07421693465935496
62071,1,1,1.0
62075,0,0,0.013129704974743008
62081,1,1,1.0
62089,0,0,0.013129704974743008
62096,0,0,0.013129704974743008
62103,1,0,0.013129704974743008
62119,0,0,0.013129704974743008
62125,0,0,0.013129704974743008
62137,0,0,0.013129704974743008
62138,0,0,0.07421693465935496
62141,0,0,0.013129704974743008
62144,0,0,0.013129704974743008
62152,0,0,0.013129704974743008
62153,0,0,0.013129704974743008
62155,0,0,0.013129704974743008
62157,0,0,0.013129704974743008
62159,0,0,0.013129704974743008
62161,0,0,0.07421693465935496
62163,0,0,0.013129704974743008
62164,1,1,1.0
62166,0,0,0.07421693465935496
62171,0,0,0.013129704974743008
62176,0,0,0.013129704974743008
62182,0,0,0.013129704974743008
62187,0,0,0.013129704974743008
62189,0,0,0.013129704974743008
62191,0,0,0.07421693465935496
62198,0,0,0.013129704974743008
62203,0,0,0.07421693465935496
62215,0,0,0.013129704974743008
62221,0,0,0.07421693465935496
62227,0,0,0.013129704974743008
62230,0,0,0.07421693465935496
62231,0,0,0.013129704974743008
62235,0,0,0.013129704974743008
62236,0,0,0.013129704974743008
62243,0,0,0.013129704974743008
62244,0,0,0.07421693465935496
62253,0,0,0.013129704974743008
62255,0,0,0.07421693465935496
62257,0,0,0.013129704974743008
62260,0,0,0.013129704974743008
62261,0,0,0.013129704974743008
62269,0,0,0.013129704974743008
62272,0,0,0.013129704974743008
62276,0,0,0.013129704974743008
62279,0,0,0.013129704974743008
62281,1,0,0.07421693465935496
62296,0,0,0.013129704974743008
62304,0,0,0.013129704974743008
62311,0,0,0.013129704974743008
62313,0,0,0.07421693465935496
62314,0,0,0.013129704974743008
62316,0,0,0.013129704974743008
62319,1,1,1.0
62320,0,0,0.013129704974743008
62322,1,1,1.0
62324,0,0,0.07421693465935496
62330,0,0,0.013129704974743008
62335,0,0,0.013129704974743008
62338,0,0,0.013129704974743008
62339,0,0,0.013129704974743008
62344,0,0,0.013129704974743008
62349,0,0,0.013129704974743008
62357,0,0,0.013129704974743008
62359,1,1,1.0
62363,0,0,0.013129704974743008
62372,0,0,0.013129704974743008
62384,0,0,0.013129704974743008
62385,0,0,0.013129704974743008
62395,0,0,0.013129704974743008
62404,0,0,0.013129704974743008
62406,0,0,0.07421693465935496
62409,0,0,0.013129704974743008
62415,0,0,0.013129704974743008
62418,0,0,0.07421693465935496
62429,0,0,0.013129704974743008
62432,0,0,0.013129704974743008
62433,0,0,0.07421693465935496
62435,0,0,0.07421693465935496
62436,0,0,0.013129704974743008
62440,0,0,0.013129704974743008
62441,0,0,0.013129704974743008
62442,0,0,0.07421693465935496
62447,0,0,0.013129704974743008
62451,0,0,0.07421693465935496
62453,0,0,0.07421693465935496
62459,0,0,0.07421693465935496
62473,1,1,1.0
62485,1,1,1.0
62495,0,0,0.07421693465935496
62496,0,0,0.07421693465935496
62501,1,1,1.0
62505,0,0,0.013129704974743008
62509,0,0,0.013129704974743008
62510,0,0,0.013129704974743008
62514,1,1,1.0
62520,0,0,0.013129704974743008
62525,0,0,0.013129704974743008
62534,0,0,0.013129704974743008
62536,0,0,0.07421693465935496
62542,0,0,0.013129704974743008
62548,0,0,0.07421693465935496
62550,0,0,0.013129704974743008
62553,0,0,0.013129704974743008
62573,0,0,0.013129704974743008
62575,0,0,0.07421693465935496
62592,0,0,0.07421693465935496
62595,1,1,1.0
62599,1,0,0.07421693465935496
62601,0,0,0.013129704974743008
62603,0,0,0.013129704974743008
62608,0,0,0.07421693465935496
62612,0,0,0.013129704974743008
62615,0,0,0.013129704974743008
62620,0,0,0.013129704974743008
62627,0,0,0.013129704974743008
62642,0,0,0.013129704974743008
62651,0,0,0.07421693465935496
62652,0,0,0.07421693465935496
62666,0,0,0.013129704974743008
62669,0,0,0.013129704974743008
62676,0,0,0.013129704974743008
62677,0,0,0.013129704974743008
62679,0,0,0.07421693465935496
62685,1,1,1.0
62695,0,0,0.013129704974743008
62707,0,0,0.013129704974743008
62710,0,0,0.07421693465935496
62716,0,0,0.013129704974743008
62720,0,0,0.013129704974743008
62721,0,0,0.07421693465935496
62723,0,0,0.013129704974743008
62729,0,0,0.013129704974743008
62732,0,0,0.07421693465935496
62740,0,0,0.013129704974743008
62744,0,0,0.07421693465935496
62747,0,0,0.013129704974743008
62753,0,0,0.013129704974743008
62759,0,0,0.07421693465935496
62761,0,0,0.07421693465935496
62766,0,0,0.013129704974743008
62769,0,0,0.013129704974743008
62782,0,0,0.013129704974743008
62783,0,0,0.013129704974743008
62787,0,0,0.013129704974743008
62790,0,0,0.013129704974743008
62795,0,0,0.013129704974743008
62801,0,0,0.07421693465935496
62805,0,0,0.013129704974743008
62808,0,0,0.013129704974743008
62810,0,0,0.07421693465935496
62815,0,0,0.07421693465935496
62821,0,0,0.013129704974743008
62823,0,0,0.013129704974743008
62824,0,0,0.07421693465935496
62830,0,0,0.013129704974743008
62833,0,0,0.013129704974743008
62834,0,0,0.013129704974743008
62840,0,0,0.013129704974743008
62845,0,0,0.013129704974743008
62853,0,0,0.013129704974743008
62855,0,0,0.013129704974743008
62857,0,0,0.013129704974743008
62861,0,0,0.013129704974743008
62862,0,0,0.013129704974743008
62864,0,0,0.013129704974743008
62869,1,1,1.0
62870,0,0,0.013129704974743008
62884,0,0,0.013129704974743008
62885,0,0,0.013129704974743008
62893,0,0,0.013129704974743008
62897,0,0,0.013129704974743008
62898,0,0,0.013129704974743008
62909,0,0,0.013129704974743008
62911,0,0,0.013129704974743008
62913,0,0,0.013129704974743008
62916,0,0,0.07421693465935496
62918,0,0,0.07421693465935496
62920,0,0,0.013129704974743008
62921,0,0,0.013129704974743008
62923,0,0,0.07421693465935496
62926,0,0,0.013129704974743008
62930,0,0,0.013129704974743008
62932,0,0,0.013129704974743008
62933,0,0,0.013129704974743008
62948,0,0,0.013129704974743008
62953,0,0,0.07421693465935496
62955,1,1,1.0
62957,0,0,0.07421693465935496
62967,0,0,0.07421693465935496
62973,0,0,0.013129704974743008
62990,0,0,0.013129704974743008
62992,0,0,0.07421693465935496
62995,0,0,0.013129704974743008
62996,0,0,0.013129704974743008
63003,0,0,0.013129704974743008
63013,0,0,0.013129704974743008
63015,0,0,0.013129704974743008
63016,0,0,0.013129704974743008
63018,0,0,0.07421693465935496
63019,0,0,0.07421693465935496
63022,0,0,0.013129704974743008
63034,0,0,0.013129704974743008
63044,0,0,0.013129704974743008
63051,1,1,1.0
63059,0,0,0.07421693465935496
63061,0,0,0.013129704974743008
63067,0,0,0.07421693465935496
63069,0,0,0.013129704974743008
63071,0,0,0.07421693465935496
63088,0,0,0.07421693465935496
63089,0,0,0.013129704974743008
63095,0,0,0.013129704974743008
63097,0,0,0.013129704974743008
63113,0,0,0.013129704974743008
63130,0,0,0.013129704974743008
63135,0,0,0.07421693465935496
63137,0,0,0.013129704974743008
63144,0,0,0.013129704974743008
63149,0,0,0.013129704974743008
63158,0,0,0.013129704974743008
63163,0,0,0.07421693465935496
63169,0,0,0.013129704974743008
63174,0,0,0.013129704974743008
63180,0,0,0.07421693465935496
63189,0,0,0.07421693465935496
63197,0,0,0.07421693465935496
63207,0,0,0.013129704974743008
63208,0,0,0.013129704974743008
63211,0,0,0.07421693465935496
63215,0,0,0.013129704974743008
63216,0,0,0.013129704974743008
63218,1,1,1.0
63226,0,0,0.07421693465935496
63239,0,0,0.013129704974743008
63241,0,0,0.013129704974743008
63242,1,0,0.07421693465935496
63243,0,0,0.013129704974743008
63252,0,0,0.013129704974743008
63254,1,1,1.0
63265,0,0,0.07421693465935496
63266,0,0,0.013129704974743008
63267,0,0,0.07421693465935496
63273,0,0,0.07421693465935496
63276,0,0,0.013129704974743008
63278,0,0,0.013129704974743008
63279,0,0,0.013129704974743008
63283,0,0,0.013129704974743008
63287,0,0,0.013129704974743008
63288,0,0,0.013129704974743008
63291,0,0,0.07421693465935496
63298,0,0,0.013129704974743008
63304,0,0,0.013129704974743008
63312,0,0,0.07421693465935496
63314,0,0,0.013129704974743008
63316,0,0,0.013129704974743008
63318,0,0,0.07421693465935496
63319,0,0,0.013129704974743008
63324,0,0,0.07421693465935496
63337,0,0,0.013129704974743008
63340,0,0,0.013129704974743008
63352,0,0,0.013129704974743008
63355,0,0,0.013129704974743008
63369,0,0,0.013129704974743008
63375,0,0,0.013129704974743008
63381,0,0,0.07421693465935496
63382,0,0,0.07421693465935496
63383,0,0,0.07421693465935496
63384,0,0,0.07421693465935496
63387,0,0,0.013129704974743008
63391,0,0,0.013129704974743008
63393,0,0,0.07421693465935496
63396,1,0,0.07421693465935496
63402,0,0,0.07421693465935496
63404,0,0,0.013129704974743008
63405,0,0,0.013129704974743008
63406,0,0,0.013129704974743008
63422,0,0,0.013129704974743008
63431,0,0,0.013129704974743008
63433,0,0,0.013129704974743008
63436,0,0,0.013129704974743008
63451,0,0,0.013129704974743008
63452,1,0,0.07421693465935496
63461,0,0,0.013129704974743008
63470,0,0,0.013129704974743008
63471,0,0,0.013129704974743008
63472,0,0,0.013129704974743008
63474,0,0,0.013129704974743008
63478,0,0,0.07421693465935496
63482,0,0,0.013129704974743008
63484,0,0,0.07421693465935496
63486,0,0,0.013129704974743008
63487,1,1,1.0
63491,0,0,0.013129704974743008
63492,0,0,0.013129704974743008
63498,0,0,0.07421693465935496
63499,0,0,0.07421693465935496
63512,0,0,0.013129704974743008
63526,0,0,0.013129704974743008
63528,1,0,0.013129704974743008
63529,0,0,0.013129704974743008
63531,0,0,0.013129704974743008
63534,0,0,0.013129704974743008
63536,0,0,0.013129704974743008
63546,0,0,0.013129704974743008
63550,0,0,0.013129704974743008
63551,0,0,0.013129704974743008
63554,0,0,0.013129704974743008
63562,0,0,0.07421693465935496
63564,0,0,0.07421693465935496
63568,0,0,0.013129704974743008
63572,0,0,0.07421693465935496
63573,0,0,0.07421693465935496
63574,0,0,0.07421693465935496
63582,0,0,0.013129704974743008
63584,0,0,0.07421693465935496
63587,0,0,0.013129704974743008
63590,0,0,0.07421693465935496
63592,0,0,0.013129704974743008
63600,0,0,0.07421693465935496
63619,0,0,0.013129704974743008
63622,0,0,0.013129704974743008
63623,0,0,0.013129704974743008
63629,0,0,0.013129704974743008
63630,0,0,0.07421693465935496
63644,1,1,1.0
63649,0,0,0.07421693465935496
63674,0,0,0.013129704974743008
63682,0,0,0.013129704974743008
63686,0,0,0.013129704974743008
63687,0,0,0.013129704974743008
63689,1,1,1.0
63690,0,0,0.07421693465935496
63697,1,1,1.0
63703,0,0,0.07421693465935496
63719,0,0,0.013129704974743008
63726,0,0,0.013129704974743008
63728,0,0,0.013129704974743008
63731,0,0,0.013129704974743008
63736,0,0,0.013129704974743008
63737,0,0,0.013129704974743008
63744,0,0,0.013129704974743008
63746,0,0,0.013129704974743008
63755,0,0,0.07421693465935496
63756,0,0,0.07421693465935496
63757,0,0,0.013129704974743008
63758,0,0,0.07421693465935496
63767,0,0,0.013129704974743008
63773,0,0,0.013129704974743008
63775,0,0,0.013129704974743008
63777,0,0,0.013129704974743008
63781,1,0,0.013129704974743008
63783,0,0,0.013129704974743008
63786,0,0,0.013129704974743008
63787,0,0,0.07421693465935496
63788,0,0,0.013129704974743008
63789,0,0,0.07421693465935496
63793,0,0,0.07421693465935496
63799,0,0,0.013129704974743008
63802,0,0,0.013129704974743008
63804,0,0,0.013129704974743008
63817,1,0,0.07421693465935496
63819,0,0,0.07421693465935496
63830,1,1,1.0
63840,1,1,1.0
63841,0,0,0.013129704974743008
63850,0,0,0.013129704974743008
63852,0,0,0.013129704974743008
63853,0,0,0.013129704974743008
63855,0,0,0.07421693465935496
63858,0,0,0.013129704974743008
63862,0,0,0.013129704974743008
63864,0,0,0.013129704974743008
63867,0,0,0.013129704974743008
63883,0,0,0.07421693465935496
63887,0,0,0.013129704974743008
63893,0,0,0.013129704974743008
63910,0,0,0.07421693465935496
63916,0,0,0.013129704974743008
63919,0,0,0.013129704974743008
63926,0,0,0.013129704974743008
63933,0,0,0.07421693465935496
63935,0,0,0.013129704974743008
63936,0,0,0.013129704974743008
63942,0,0,0.013129704974743008
63963,1,0,0.013129704974743008
63973,0,0,0.013129704974743008
63975,0,0,0.013129704974743008
63980,0,0,0.013129704974743008
63990,0,0,0.07421693465935496
63991,0,0,0.07421693465935496
63995,0,0,0.013129704974743008
63998,0,0,0.07421693465935496
64003,0,0,0.013129704974743008
64007,1,0,0.07421693465935496
64015,0,0,0.013129704974743008
64032,0,0,0.07421693465935496
64043,0,0,0.013129704974743008
64045,0,0,0.07421693465935496
64046,0,0,0.013129704974743008
64048,0,0,0.013129704974743008
64052,0,0,0.07421693465935496
64053,1,0,0.07421693465935496
64055,0,0,0.013129704974743008
64060,0,0,0.013129704974743008
64064,0,0,0.013129704974743008
64070,0,0,0.013129704974743008
64075,0,0,0.013129704974743008
64084,0,0,0.013129704974743008
64087,0,0,0.013129704974743008
64088,0,0,0.013129704974743008
64092,0,0,0.013129704974743008
64105,0,0,0.013129704974743008
64109,0,0,0.013129704974743008
64111,0,0,0.013129704974743008
64122,0,0,0.013129704974743008
64126,0,0,0.013129704974743008
64129,0,0,0.013129704974743008
64130,1,1,1.0
64142,0,0,0.013129704974743008
64143,0,0,0.013129704974743008
64144,0,0,0.07421693465935496
64146,0,0,0.013129704974743008
64150,0,0,0.013129704974743008
64152,0,0,0.013129704974743008
64153,0,0,0.013129704974743008
64156,0,0,0.013129704974743008
64157,0,0,0.07421693465935496
64169,0,0,0.013129704974743008
64177,0,0,0.013129704974743008
64180,0,0,0.07421693465935496
64187,0,0,0.013129704974743008
64190,0,0,0.013129704974743008
64191,0,0,0.013129704974743008
64192,0,0,0.07421693465935496
64213,0,0,0.013129704974743008
64219,0,0,0.013129704974743008
64222,0,0,0.013129704974743008
64227,0,0,0.013129704974743008
64230,0,0,0.07421693465935496
64231,0,0,0.07421693465935496
64237,0,0,0.013129704974743008
64238,0,0,0.013129704974743008
64240,0,0,0.07421693465935496
64247,0,0,0.013129704974743008
64250,0,0,0.07421693465935496
64252,0,0,0.07421693465935496
64255,1,1,1.0
64256,0,0,0.07421693465935496
64258,0,0,0.07421693465935496
64259,0,0,0.07421693465935496
64262,0,0,0.07421693465935496
64273,0,0,0.013129704974743008
64279,0,0,0.013129704974743008
64285,0,0,0.013129704974743008
64289,0,0,0.013129704974743008
64290,1,1,1.0
64291,0,0,0.013129704974743008
64293,0,0,0.07421693465935496
64298,0,0,0.07421693465935496
64299,0,0,0.07421693465935496
64303,0,0,0.07421693465935496
64309,0,0,0.013129704974743008
64310,0,0,0.013129704974743008
64319,0,0,0.013129704974743008
64320,0,0,0.07421693465935496
64336,0,0,0.013129704974743008
64338,0,0,0.013129704974743008
64343,1,1,1.0
64345,0,0,0.013129704974743008
64348,0,0,0.07421693465935496
64355,0,0,0.013129704974743008
64373,0,0,0.07421693465935496
64375,0,0,0.013129704974743008
64388,0,0,0.013129704974743008
64389,0,0,0.07421693465935496
64393,0,0,0.013129704974743008
64401,0,0,0.013129704974743008
64412,0,0,0.013129704974743008
64422,0,0,0.013129704974743008
64424,0,0,0.013129704974743008
64425,0,0,0.013129704974743008
64430,0,0,0.07421693465935496
64433,0,0,0.013129704974743008
64437,1,1,1.0
64443,0,0,0.013129704974743008
64447,0,0,0.07421693465935496
64448,0,0,0.013129704974743008
64452,1,1,1.0
64468,0,0,0.013129704974743008
64473,0,0,0.013129704974743008
64474,0,0,0.013129704974743008
64482,0,0,0.013129704974743008
64483,0,0,0.013129704974743008
64489,0,0,0.07421693465935496
64496,0,0,0.013129704974743008
64499,0,0,0.07421693465935496
64506,0,0,0.013129704974743008
64507,0,0,0.07421693465935496
64509,0,0,0.07421693465935496
64511,1,0,0.013129704974743008
64520,1,1,1.0
64526,0,0,0.07421693465935496
64530,0,0,0.013129704974743008
64533,1,0,0.07421693465935496
64535,1,0,0.013129704974743008
64536,0,0,0.013129704974743008
64538,0,0,0.013129704974743008
64542,0,0,0.013129704974743008
64544,1,1,1.0
64552,0,0,0.07421693465935496
64568,0,0,0.013129704974743008
64569,0,0,0.013129704974743008
64577,0,0,0.013129704974743008
64579,0,0,0.013129704974743008
64580,0,0,0.07421693465935496
64582,0,0,0.013129704974743008
64590,0,0,0.07421693465935496
64592,0,0,0.013129704974743008
64604,0,0,0.013129704974743008
64607,0,0,0.07421693465935496
64612,0,0,0.07421693465935496
64615,0,0,0.013129704974743008
64617,0,0,0.013129704974743008
64639,0,0,0.07421693465935496
64643,0,0,0.07421693465935496
64645,0,0,0.013129704974743008
64650,1,1,1.0
64651,0,0,0.013129704974743008
64653,0,0,0.013129704974743008
64668,0,0,0.07421693465935496
64676,0,0,0.013129704974743008
64694,0,0,0.013129704974743008
64695,0,0,0.013129704974743008
64698,1,0,0.07421693465935496
64704,0,0,0.013129704974743008
64705,1,1,1.0
64712,0,0,0.013129704974743008
64716,0,0,0.07421693465935496
64717,0,0,0.07421693465935496
64720,0,0,0.013129704974743008
64724,0,0,0.013129704974743008
64725,0,0,0.013129704974743008
64740,0,0,0.013129704974743008
64745,0,0,0.013129704974743008
64747,0,0,0.013129704974743008
64748,0,0,0.07421693465935496
64757,0,0,0.013129704974743008
64759,0,0,0.013129704974743008
64766,0,0,0.07421693465935496
64768,0,0,0.013129704974743008
64772,0,0,0.07421693465935496
64776,0,0,0.013129704974743008
64777,0,0,0.013129704974743008
64785,0,0,0.013129704974743008
64794,0,0,0.013129704974743008
64804,0,0,0.013129704974743008
64810,0,0,0.013129704974743008
64818,0,0,0.013129704974743008
64832,0,0,0.013129704974743008
64841,0,0,0.013129704974743008
64846,0,0,0.013129704974743008
64857,0,0,0.07421693465935496
64863,0,0,0.013129704974743008
64873,0,0,0.013129704974743008
64878,0,0,0.013129704974743008
64888,0,0,0.013129704974743008
64901,0,0,0.013129704974743008
64904,0,0,0.013129704974743008
64907,0,0,0.013129704974743008
64917,1,0,0.07421693465935496
64919,1,0,0.013129704974743008
64920,0,0,0.013129704974743008
64939,0,0,0.013129704974743008
64952,0,0,0.07421693465935496
64954,0,0,0.013129704974743008
64960,0,0,0.013129704974743008
64961,0,0,0.013129704974743008
64967,0,0,0.013129704974743008
64969,0,0,0.013129704974743008
64972,0,0,0.013129704974743008
64973,0,0,0.013129704974743008
64976,0,0,0.013129704974743008
64987,1,0,0.013129704974743008
64988,0,0,0.013129704974743008
65001,0,0,0.013129704974743008
65006,0,0,0.013129704974743008
65012,0,0,0.013129704974743008
65014,0,0,0.013129704974743008
65018,0,0,0.013129704974743008
65037,0,0,0.07421693465935496
65039,1,1,1.0
65041,0,0,0.013129704974743008
65055,0,0,0.07421693465935496
65056,0,0,0.013129704974743008
65066,0,0,0.013129704974743008
65069,0,0,0.013129704974743008
65078,0,0,0.07421693465935496
65079,0,0,0.013129704974743008
65082,0,0,0.013129704974743008
65091,0,0,0.013129704974743008
65094,0,0,0.013129704974743008
65097,0,0,0.07421693465935496
65099,0,0,0.07421693465935496
65104,0,0,0.07421693465935496
65114,0,0,0.07421693465935496
65117,0,0,0.013129704974743008
65125,0,0,0.07421693465935496
65127,0,0,0.013129704974743008
65133,0,0,0.07421693465935496
65140,0,0,0.013129704974743008
65142,0,0,0.07421693465935496
65144,0,0,0.013129704974743008
65145,0,0,0.07421693465935496
65149,0,0,0.07421693465935496
65159,0,0,0.013129704974743008
65161,0,0,0.013129704974743008
65163,0,0,0.013129704974743008
65175,0,0,0.07421693465935496
65176,0,0,0.07421693465935496
65178,0,0,0.07421693465935496
65181,0,0,0.07421693465935496
65182,0,0,0.013129704974743008
65183,0,0,0.013129704974743008
65184,0,0,0.013129704974743008
65186,0,0,0.07421693465935496
65192,0,0,0.013129704974743008
65193,1,1,1.0
65196,0,0,0.013129704974743008
65203,0,0,0.07421693465935496
65207,0,0,0.013129704974743008
65212,0,0,0.013129704974743008
65221,0,0,0.013129704974743008
65238,0,0,0.013129704974743008
65240,0,0,0.013129704974743008
65242,0,0,0.013129704974743008
65243,0,0,0.013129704974743008
65246,0,0,0.013129704974743008
65256,0,0,0.013129704974743008
65257,0,0,0.07421693465935496
65265,0,0,0.013129704974743008
65270,0,0,0.013129704974743008
65280,0,0,0.013129704974743008
65281,0,0,0.07421693465935496
65284,1,1,1.0
65287,0,0,0.013129704974743008
65288,0,0,0.013129704974743008
65295,1,1,1.0
65296,1,1,1.0
65303,0,0,0.013129704974743008
65308,0,0,0.013129704974743008
65310,0,0,0.013129704974743008
65319,0,0,0.07421693465935496
65322,0,0,0.013129704974743008
65325,0,0,0.07421693465935496
65331,0,0,0.07421693465935496
65334,0,0,0.07421693465935496
65338,0,0,0.07421693465935496
65340,0,0,0.013129704974743008
65346,0,0,0.07421693465935496
65359,0,0,0.07421693465935496
65361,0,0,0.013129704974743008
65376,0,0,0.013129704974743008
65387,1,1,1.0
65392,0,0,0.07421693465935496
65393,0,0,0.013129704974743008
65398,0,0,0.07421693465935496
65399,0,0,0.013129704974743008
65400,0,0,0.013129704974743008
65405,0,0,0.013129704974743008
65407,0,0,0.013129704974743008
65415,0,0,0.013129704974743008
65416,0,0,0.07421693465935496
65419,0,0,0.013129704974743008
65422,0,0,0.013129704974743008
65428,0,0,0.013129704974743008
65433,0,0,0.013129704974743008
65443,0,0,0.07421693465935496
65444,0,0,0.013129704974743008
65448,1,0,0.07421693465935496
65451,0,0,0.07421693465935496
65452,0,0,0.013129704974743008
65467,0,0,0.07421693465935496
65468,0,0,0.013129704974743008
65471,0,0,0.013129704974743008
65473,0,0,0.07421693465935496
65477,0,0,0.07421693465935496
65486,1,1,1.0
65490,0,0,0.013129704974743008
65491,0,0,0.013129704974743008
65492,0,0,0.013129704974743008
65495,0,0,0.013129704974743008
65498,0,0,0.07421693465935496
65525,0,0,0.07421693465935496
65527,0,0,0.013129704974743008
65536,0,0,0.013129704974743008
65557,1,1,1.0
65559,0,0,0.07421693465935496
65560,0,0,0.013129704974743008
65567,1,1,1.0
65577,0,0,0.013129704974743008
65579,0,0,0.013129704974743008
65582,0,0,0.013129704974743008
65588,0,0,0.013129704974743008
65598,0,0,0.013129704974743008
65599,0,0,0.07421693465935496
65610,0,0,0.013129704974743008
65614,0,0,0.07421693465935496
65619,0,0,0.013129704974743008
65620,0,0,0.07421693465935496
65626,0,0,0.013129704974743008
65629,0,0,0.013129704974743008
65630,0,0,0.013129704974743008
65633,0,0,0.013129704974743008
65640,0,0,0.013129704974743008
65651,0,0,0.013129704974743008
65656,0,0,0.013129704974743008
65662,0,0,0.013129704974743008
65666,0,0,0.013129704974743008
65673,0,0,0.013129704974743008
65676,0,0,0.013129704974743008
65680,0,0,0.013129704974743008
65683,0,0,0.013129704974743008
65689,0,0,0.07421693465935496
65692,0,0,0.07421693465935496
65698,0,0,0.07421693465935496
65700,0,0,0.013129704974743008
65704,0,0,0.013129704974743008
65709,0,0,0.013129704974743008
65720,0,0,0.013129704974743008
65724,1,0,0.013129704974743008
65725,0,0,0.013129704974743008
65732,0,0,0.013129704974743008
65736,0,0,0.07421693465935496
65737,0,0,0.013129704974743008
65783,0,0,0.013129704974743008
65785,0,0,0.07421693465935496
65792,0,0,0.013129704974743008
65793,0,0,0.013129704974743008
65801,0,0,0.013129704974743008
65807,0,0,0.07421693465935496
65822,0,0,0.013129704974743008
65850,0,0,0.013129704974743008
65859,0,0,0.07421693465935496
65860,0,0,0.013129704974743008
65864,0,0,0.07421693465935496
65867,0,0,0.013129704974743008
65869,1,1,1.0
65880,0,0,0.013129704974743008
65887,0,0,0.013129704974743008
65891,0,0,0.013129704974743008
65892,1,1,1.0
65894,0,0,0.07421693465935496
65908,0,0,0.07421693465935496
65910,0,0,0.07421693465935496
65920,0,0,0.07421693465935496
65921,0,0,0.013129704974743008
65925,1,0,0.07421693465935496
65931,0,0,0.013129704974743008
65943,0,0,0.013129704974743008
65944,0,0,0.013129704974743008
65954,0,0,0.013129704974743008
65959,0,0,0.013129704974743008
65960,0,0,0.07421693465935496
65961,0,0,0.013129704974743008
65962,0,0,0.013129704974743008
65980,0,0,0.013129704974743008
65983,0,0,0.07421693465935496
65995,1,1,1.0
65996,0,0,0.07421693465935496
66013,0,0,0.07421693465935496
66017,0,0,0.013129704974743008
66022,0,0,0.013129704974743008
66026,1,1,1.0
66032,0,0,0.07421693465935496
66039,0,0,0.07421693465935496
66044,0,0,0.013129704974743008
66049,0,0,0.07421693465935496
66052,0,0,0.07421693465935496
66057,0,0,0.013129704974743008
66067,0,0,0.013129704974743008
66069,0,0,0.07421693465935496
66073,0,0,0.013129704974743008
66075,0,0,0.013129704974743008
66076,0,0,0.013129704974743008
66078,0,0,0.013129704974743008
66079,0,0,0.013129704974743008
66090,0,0,0.07421693465935496
66091,0,0,0.07421693465935496
66092,0,0,0.07421693465935496
66096,0,0,0.07421693465935496
66098,0,0,0.07421693465935496
66104,0,0,0.013129704974743008
66106,0,0,0.013129704974743008
66107,0,0,0.013129704974743008
66117,0,0,0.013129704974743008
66119,0,0,0.013129704974743008
66128,0,0,0.013129704974743008
66131,0,0,0.013129704974743008
66136,1,0,0.07421693465935496
66146,0,0,0.07421693465935496
66148,0,0,0.013129704974743008
66153,0,0,0.07421693465935496
66156,0,0,0.07421693465935496
66159,0,0,0.07421693465935496
66160,0,0,0.07421693465935496
66178,0,0,0.013129704974743008
66201,0,0,0.013129704974743008
66210,0,0,0.013129704974743008
66212,0,0,0.07421693465935496
66213,0,0,0.013129704974743008
66215,0,0,0.013129704974743008
66223,0,0,0.013129704974743008
66227,0,0,0.07421693465935496
66238,0,0,0.013129704974743008
66243,0,0,0.013129704974743008
66248,0,0,0.013129704974743008
66249,0,0,0.013129704974743008
66253,0,0,0.013129704974743008
66255,0,0,0.013129704974743008
66259,0,0,0.07421693465935496
66270,0,0,0.013129704974743008
66271,0,0,0.013129704974743008
66275,0,0,0.013129704974743008
66276,0,0,0.07421693465935496
66278,0,0,0.013129704974743008
66280,0,0,0.013129704974743008
66281,0,0,0.013129704974743008
66286,0,0,0.013129704974743008
66289,0,0,0.013129704974743008
66300,0,0,0.013129704974743008
66302,0,0,0.013129704974743008
66307,0,0,0.07421693465935496
66308,0,0,0.07421693465935496
66314,0,0,0.013129704974743008
66315,0,0,0.013129704974743008
66322,1,1,1.0
66323,0,0,0.013129704974743008
66327,0,0,0.07421693465935496
66330,1,1,1.0
66332,0,0,0.07421693465935496
66336,0,0,0.013129704974743008
66338,0,0,0.013129704974743008
66343,1,0,0.013129704974743008
66350,0,0,0.07421693465935496
66352,0,0,0.013129704974743008
66366,0,0,0.07421693465935496
66372,0,0,0.013129704974743008
66374,0,0,0.013129704974743008
66383,0,0,0.013129704974743008
66388,0,0,0.013129704974743008
66389,0,0,0.013129704974743008
66393,0,0,0.07421693465935496
66394,0,0,0.07421693465935496
66398,0,0,0.07421693465935496
66399,0,0,0.07421693465935496
66404,1,1,1.0
66406,0,0,0.013129704974743008
66435,0,0,0.013129704974743008
66437,0,0,0.013129704974743008
66438,0,0,0.013129704974743008
66442,0,0,0.013129704974743008
66443,0,0,0.013129704974743008
66452,0,0,0.013129704974743008
66453,0,0,0.07421693465935496
66458,0,0,0.013129704974743008
66469,0,0,0.07421693465935496
66472,1,1,1.0
66482,0,0,0.07421693465935496
66484,0,0,0.07421693465935496
66488,0,0,0.013129704974743008
66489,1,1,1.0
66497,0,0,0.013129704974743008
66501,0,0,0.013129704974743008
66506,0,0,0.07421693465935496
66520,0,0,0.07421693465935496
66522,0,0,0.013129704974743008
66531,0,0,0.013129704974743008
66536,1,0,0.07421693465935496
66537,0,0,0.013129704974743008
66548,1,1,1.0
66561,0,0,0.013129704974743008
66562,0,0,0.07421693465935496
66568,0,0,0.013129704974743008
66577,0,0,0.013129704974743008
66579,0,0,0.013129704974743008
66583,0,0,0.013129704974743008
66589,0,0,0.07421693465935496
66590,0,0,0.07421693465935496
66600,0,0,0.013129704974743008
66603,0,0,0.013129704974743008
66611,0,0,0.013129704974743008
66613,0,0,0.013129704974743008
66614,0,0,0.013129704974743008
66617,0,0,0.07421693465935496
66618,0,0,0.013129704974743008
66627,0,0,0.013129704974743008
66630,0,0,0.07421693465935496
66637,0,0,0.013129704974743008
66641,0,0,0.07421693465935496
66660,0,0,0.013129704974743008
66667,0,0,0.013129704974743008
66673,1,1,1.0
66675,0,0,0.013129704974743008
66677,0,0,0.013129704974743008
66696,0,0,0.013129704974743008
66698,0,0,0.013129704974743008
66702,0,0,0.07421693465935496
66708,0,0,0.07421693465935496
66717,0,0,0.013129704974743008
66727,0,0,0.013129704974743008
66732,0,0,0.013129704974743008
66738,0,0,0.013129704974743008
66739,0,0,0.013129704974743008
66746,0,0,0.07421693465935496
66747,0,0,0.013129704974743008
66748,0,0,0.013129704974743008
66753,0,0,0.07421693465935496
66758,0,0,0.013129704974743008
66765,0,0,0.013129704974743008
66767,0,0,0.07421693465935496
66768,0,0,0.013129704974743008
66769,0,0,0.07421693465935496
66770,0,0,0.013129704974743008
66774,0,0,0.07421693465935496
66780,0,0,0.07421693465935496
66785,0,0,0.07421693465935496
66786,0,0,0.07421693465935496
66789,0,0,0.013129704974743008
66791,0,0,0.013129704974743008
66794,0,0,0.013129704974743008
66798,0,0,0.07421693465935496
66805,0,0,0.013129704974743008
66812,0,0,0.013129704974743008
66814,0,0,0.013129704974743008
66817,0,0,0.013129704974743008
66821,0,0,0.013129704974743008
66824,0,0,0.07421693465935496
66825,0,0,0.013129704974743008
66828,0,0,0.013129704974743008
66833,0,0,0.013129704974743008
66837,0,0,0.013129704974743008
66848,0,0,0.013129704974743008
66849,0,0,0.013129704974743008
66851,0,0,0.013129704974743008
66856,0,0,0.013129704974743008
66859,0,0,0.013129704974743008
66860,0,0,0.013129704974743008
66861,0,0,0.013129704974743008
66865,0,0,0.013129704974743008
66874,0,0,0.013129704974743008
66875,0,0,0.013129704974743008
66888,0,0,0.013129704974743008
66903,0,0,0.013129704974743008
66906,0,0,0.07421693465935496
66909,0,0,0.07421693465935496
66918,0,0,0.013129704974743008
66919,0,0,0.013129704974743008
66921,0,0,0.013129704974743008
66927,0,0,0.013129704974743008
66937,0,0,0.013129704974743008
66938,0,0,0.013129704974743008
66939,0,0,0.07421693465935496
66950,0,0,0.013129704974743008
66962,0,0,0.07421693465935496
66973,1,0,0.07421693465935496
66982,1,1,1.0
66987,0,0,0.07421693465935496
66997,0,0,0.013129704974743008
67003,0,0,0.013129704974743008
67015,0,0,0.07421693465935496
67020,0,0,0.013129704974743008
67023,1,1,1.0
67025,0,0,0.013129704974743008
67029,0,0,0.07421693465935496
67037,0,0,0.013129704974743008
67040,0,0,0.013129704974743008
67054,0,0,0.013129704974743008
67060,0,0,0.013129704974743008
67087,0,0,0.013129704974743008
67096,1,1,1.0
67106,0,0,0.013129704974743008
67109,1,0,0.013129704974743008
67110,0,0,0.013129704974743008
67111,0,0,0.013129704974743008
67115,0,0,0.07421693465935496
67126,0,0,0.013129704974743008
67128,0,0,0.013129704974743008
67135,0,0,0.013129704974743008
67136,1,0,0.07421693465935496
67142,0,0,0.013129704974743008
67149,0,0,0.013129704974743008
67162,0,0,0.07421693465935496
67171,0,0,0.07421693465935496
67182,0,0,0.013129704974743008
67188,0,0,0.013129704974743008
67198,0,0,0.013129704974743008
67199,0,0,0.07421693465935496
67202,0,0,0.07421693465935496
67208,0,0,0.07421693465935496
67209,0,0,0.013129704974743008
67212,0,0,0.013129704974743008
67219,0,0,0.013129704974743008
67230,0,0,0.07421693465935496
67264,0,0,0.013129704974743008
67270,0,0,0.07421693465935496
67271,0,0,0.013129704974743008
67277,0,0,0.013129704974743008
67282,0,0,0.07421693465935496
67285,0,0,0.013129704974743008
67290,0,0,0.013129704974743008
67291,0,0,0.013129704974743008
67295,0,0,0.013129704974743008
67296,0,0,0.013129704974743008
67300,0,0,0.07421693465935496
67305,0,0,0.013129704974743008
67310,0,0,0.013129704974743008
67318,1,0,0.07421693465935496
67323,0,0,0.07421693465935496
67324,0,0,0.013129704974743008
67325,0,0,0.013129704974743008
67331,0,0,0.013129704974743008
67337,1,1,1.0
67340,0,0,0.013129704974743008
67343,1,1,1.0
67346,0,0,0.013129704974743008
67348,0,0,0.07421693465935496
67350,0,0,0.013129704974743008
67356,0,0,0.013129704974743008
67357,0,0,0.013129704974743008
67358,1,0,0.07421693465935496
67374,0,0,0.013129704974743008
67376,0,0,0.013129704974743008
67392,0,0,0.013129704974743008
67400,0,0,0.013129704974743008
67401,0,0,0.07421693465935496
67403,0,0,0.013129704974743008
67416,0,0,0.07421693465935496
67421,0,0,0.013129704974743008
67437,0,0,0.07421693465935496
67442,0,0,0.07421693465935496
67445,0,0,0.013129704974743008
67454,0,0,0.013129704974743008
67455,0,0,0.013129704974743008
67457,0,0,0.013129704974743008
67469,0,0,0.013129704974743008
67475,0,0,0.013129704974743008
67480,0,0,0.013129704974743008
67481,0,0,0.07421693465935496
67483,0,0,0.013129704974743008
67488,0,0,0.013129704974743008
67492,0,0,0.07421693465935496
67503,0,0,0.013129704974743008
67506,0,0,0.013129704974743008
67509,0,0,0.013129704974743008
67515,0,0,0.013129704974743008
67518,0,0,0.013129704974743008
67520,0,0,0.013129704974743008
67535,0,0,0.013129704974743008
67539,0,0,0.013129704974743008
67542,0,0,0.013129704974743008
67551,0,0,0.013129704974743008
67553,0,0,0.013129704974743008
67565,0,0,0.013129704974743008
67567,0,0,0.013129704974743008
67583,0,0,0.013129704974743008
67585,0,0,0.07421693465935496
67588,0,0,0.013129704974743008
67599,0,0,0.013129704974743008
67602,0,0,0.013129704974743008
67605,0,0,0.013129704974743008
67610,0,0,0.013129704974743008
67612,0,0,0.013129704974743008
67620,0,0,0.013129704974743008
67622,0,0,0.013129704974743008
67648,0,0,0.013129704974743008
67667,0,0,0.013129704974743008
67672,0,0,0.013129704974743008
67677,0,0,0.013129704974743008
67678,0,0,0.013129704974743008
67681,0,0,0.07421693465935496
67686,0,0,0.013129704974743008
67688,1,1,1.0
67700,0,0,0.013129704974743008
67702,0,0,0.013129704974743008
67714,1,1,1.0
67715,1,0,0.07421693465935496
67718,0,0,0.013129704974743008
67719,0,0,0.013129704974743008
67735,0,0,0.07421693465935496
67741,0,0,0.013129704974743008
67747,0,0,0.013129704974743008
67749,0,0,0.013129704974743008
67754,0,0,0.013129704974743008
67755,0,0,0.013129704974743008
67756,0,0,0.013129704974743008
67765,0,0,0.07421693465935496
67766,0,0,0.07421693465935496
67774,0,0,0.07421693465935496
67776,0,0,0.07421693465935496
67784,0,0,0.013129704974743008
67786,0,0,0.013129704974743008
67790,0,0,0.07421693465935496
67792,0,0,0.013129704974743008
67805,0,0,0.013129704974743008
67809,0,0,0.07421693465935496
67814,0,0,0.013129704974743008
67818,0,0,0.07421693465935496
67825,0,0,0.013129704974743008
67842,0,0,0.013129704974743008
67848,0,0,0.013129704974743008
67850,0,0,0.013129704974743008
67853,0,0,0.013129704974743008
67854,0,0,0.013129704974743008
67855,0,0,0.07421693465935496
67856,0,0,0.013129704974743008
67860,0,0,0.07421693465935496
67863,0,0,0.013129704974743008
67865,0,0,0.013129704974743008
67873,0,0,0.013129704974743008
67878,0,0,0.07421693465935496
67884,0,0,0.013129704974743008
67891,0,0,0.013129704974743008
67897,0,0,0.07421693465935496
67901,0,0,0.013129704974743008
67907,0,0,0.013129704974743008
67914,0,0,0.07421693465935496
67916,0,0,0.013129704974743008
67920,0,0,0.013129704974743008
67922,0,0,0.013129704974743008
67928,0,0,0.013129704974743008
67941,0,0,0.013129704974743008
67945,0,0,0.013129704974743008
67947,0,0,0.013129704974743008
67956,0,0,0.013129704974743008
67959,0,0,0.013129704974743008
67962,0,0,0.013129704974743008
67966,0,0,0.013129704974743008
67975,0,0,0.013129704974743008
67995,0,0,0.07421693465935496
67998,0,0,0.013129704974743008
68007,0,0,0.07421693465935496
68019,0,0,0.013129704974743008
68029,0,0,0.013129704974743008
68030,0,0,0.07421693465935496
68031,0,0,0.013129704974743008
68042,0,0,0.07421693465935496
68047,0,0,0.013129704974743008
68049,0,0,0.013129704974743008
68052,0,0,0.07421693465935496
68053,0,0,0.013129704974743008
68056,0,0,0.013129704974743008
68058,0,0,0.013129704974743008
68061,0,0,0.013129704974743008
68066,0,0,0.013129704974743008
68073,0,0,0.013129704974743008
68075,0,0,0.013129704974743008
68076,0,0,0.07421693465935496
68082,0,0,0.013129704974743008
68084,0,0,0.07421693465935496
68088,0,0,0.013129704974743008
68089,0,0,0.07421693465935496
68091,0,0,0.07421693465935496
68121,0,0,0.013129704974743008
68128,0,0,0.013129704974743008
68134,0,0,0.013129704974743008
68137,0,0,0.013129704974743008
68142,0,0,0.013129704974743008
68151,0,0,0.07421693465935496
68154,0,0,0.013129704974743008
68164,0,0,0.013129704974743008
68176,0,0,0.013129704974743008
68192,0,0,0.013129704974743008
68193,1,1,1.0
68198,0,0,0.07421693465935496
68200,0,0,0.013129704974743008
68214,0,0,0.013129704974743008
68221,0,0,0.013129704974743008
68224,0,0,0.013129704974743008
68226,1,1,1.0
68233,0,0,0.013129704974743008
68258,0,0,0.013129704974743008
68259,1,1,1.0
68264,0,0,0.07421693465935496
68281,0,0,0.013129704974743008
68282,0,0,0.013129704974743008
68285,1,0,0.013129704974743008
68300,0,0,0.013129704974743008
68304,0,0,0.013129704974743008
68309,0,0,0.013129704974743008
68313,1,1,1.0
68328,0,0,0.07421693465935496
68329,0,0,0.013129704974743008
68330,0,0,0.013129704974743008
68331,0,0,0.013129704974743008
68335,0,0,0.07421693465935496
68338,0,0,0.013129704974743008
68343,0,0,0.013129704974743008
68349,0,0,0.013129704974743008
68360,0,0,0.013129704974743008
68373,0,0,0.013129704974743008
68376,0,0,0.07421693465935496
68377,0,0,0.013129704974743008
68382,0,0,0.07421693465935496
68393,0,0,0.07421693465935496
68401,0,0,0.013129704974743008
68405,1,1,1.0
68409,0,0,0.07421693465935496
68416,0,0,0.013129704974743008
68422,0,0,0.07421693465935496
68427,0,0,0.013129704974743008
68434,0,0,0.07421693465935496
68435,0,0,0.013129704974743008
68438,0,0,0.07421693465935496
68440,0,0,0.013129704974743008
68450,0,0,0.013129704974743008
68459,0,0,0.07421693465935496
68464,0,0,0.07421693465935496
68477,0,0,0.013129704974743008
68478,0,0,0.013129704974743008
68487,0,0,0.013129704974743008
68488,0,0,0.013129704974743008
68489,0,0,0.013129704974743008
68493,0,0,0.013129704974743008
68498,0,0,0.013129704974743008
68499,0,0,0.013129704974743008
68501,0,0,0.013129704974743008
68504,0,0,0.07421693465935496
68518,0,0,0.013129704974743008
68519,0,0,0.07421693465935496
68521,0,0,0.07421693465935496
68529,0,0,0.013129704974743008
68532,0,0,0.013129704974743008
68540,0,0,0.07421693465935496
68546,0,0,0.013129704974743008
68549,0,0,0.013129704974743008
68554,0,0,0.013129704974743008
68562,0,0,0.013129704974743008
68564,0,0,0.013129704974743008
68569,0,0,0.013129704974743008
68570,0,0,0.07421693465935496
68582,0,0,0.07421693465935496
68583,0,0,0.013129704974743008
68590,0,0,0.013129704974743008
68596,0,0,0.013129704974743008
68602,0,0,0.013129704974743008
68604,0,0,0.013129704974743008
68620,0,0,0.07421693465935496
68622,0,0,0.013129704974743008
68631,0,0,0.013129704974743008
68643,1,1,1.0
68649,0,0,0.013129704974743008
68658,0,0,0.013129704974743008
68668,0,0,0.07421693465935496
68670,0,0,0.013129704974743008
68674,0,0,0.013129704974743008
68678,0,0,0.013129704974743008
68696,0,0,0.013129704974743008
68697,0,0,0.07421693465935496
68705,0,0,0.013129704974743008
68715,0,0,0.013129704974743008
68747,0,0,0.07421693465935496
68751,0,0,0.07421693465935496
68753,0,0,0.07421693465935496
68756,0,0,0.013129704974743008
68764,1,0,0.013129704974743008
68783,1,0,0.07421693465935496
68784,0,0,0.013129704974743008
68785,0,0,0.07421693465935496
68788,0,0,0.013129704974743008
68790,0,0,0.07421693465935496
68794,1,1,1.0
68796,0,0,0.013129704974743008
68801,0,0,0.07421693465935496
68809,0,0,0.013129704974743008
68812,0,0,0.013129704974743008
68813,0,0,0.013129704974743008
68815,0,0,0.013129704974743008
68823,0,0,0.013129704974743008
68825,0,0,0.013129704974743008
68833,0,0,0.013129704974743008
68834,0,0,0.013129704974743008
68844,0,0,0.07421693465935496
68845,0,0,0.07421693465935496
68857,0,0,0.07421693465935496
68861,1,1,1.0
68874,0,0,0.013129704974743008
68877,0,0,0.013129704974743008
68887,0,0,0.07421693465935496
68910,0,0,0.013129704974743008
68914,0,0,0.013129704974743008
68918,0,0,0.013129704974743008
68923,0,0,0.07421693465935496
68933,0,0,0.07421693465935496
68934,0,0,0.013129704974743008
68950,0,0,0.07421693465935496
68951,0,0,0.013129704974743008
68959,0,0,0.013129704974743008
68962,0,0,0.013129704974743008
68966,0,0,0.013129704974743008
68970,0,0,0.07421693465935496
68972,0,0,0.07421693465935496
68974,0,0,0.013129704974743008
68975,0,0,0.013129704974743008
68992,0,0,0.013129704974743008
68994,0,0,0.013129704974743008
68998,0,0,0.07421693465935496
68999,0,0,0.07421693465935496
69005,0,0,0.013129704974743008
69011,0,0,0.07421693465935496
69026,0,0,0.013129704974743008
69027,0,0,0.07421693465935496
69035,0,0,0.013129704974743008
69052,0,0,0.07421693465935496
69055,0,0,0.07421693465935496
69056,0,0,0.013129704974743008
69065,0,0,0.07421693465935496
69075,0,0,0.013129704974743008
69081,1,1,1.0
69090,1,0,0.07421693465935496
69091,0,0,0.07421693465935496
69094,0,0,0.07421693465935496
69098,0,0,0.013129704974743008
69103,0,0,0.013129704974743008
69104,0,0,0.07421693465935496
69117,0,0,0.013129704974743008
69120,0,0,0.07421693465935496
69122,0,0,0.013129704974743008
69137,0,0,0.013129704974743008
69150,0,0,0.013129704974743008
69155,0,0,0.013129704974743008
69156,0,0,0.013129704974743008
69157,0,0,0.07421693465935496
69158,0,0,0.013129704974743008
69160,0,0,0.07421693465935496
69167,0,0,0.013129704974743008
69171,0,0,0.013129704974743008
69175,0,0,0.013129704974743008
69178,0,0,0.07421693465935496
69179,0,0,0.013129704974743008
69180,0,0,0.013129704974743008
69183,0,0,0.013129704974743008
69185,0,0,0.013129704974743008
69188,0,0,0.013129704974743008
69208,1,0,0.07421693465935496
69209,0,0,0.013129704974743008
69210,0,0,0.013129704974743008
69221,0,0,0.07421693465935496
69222,0,0,0.013129704974743008
69230,0,0,0.013129704974743008
69231,0,0,0.013129704974743008
69235,1,1,1.0
69246,1,1,1.0
69252,0,0,0.013129704974743008
69255,0,0,0.07421693465935496
69257,0,0,0.013129704974743008
69261,0,0,0.07421693465935496
69264,0,0,0.07421693465935496
69265,0,0,0.07421693465935496
69271,0,0,0.013129704974743008
69277,0,0,0.07421693465935496
69278,0,0,0.07421693465935496
69285,0,0,0.07421693465935496
69287,0,0,0.013129704974743008
69294,0,0,0.07421693465935496
69296,0,0,0.07421693465935496
69303,0,0,0.013129704974743008
69311,0,0,0.013129704974743008
69312,0,0,0.013129704974743008
69317,0,0,0.013129704974743008
69319,0,0,0.07421693465935496
69322,0,0,0.013129704974743008
69327,0,0,0.013129704974743008
69329,0,0,0.07421693465935496
69335,0,0,0.013129704974743008
69338,0,0,0.013129704974743008
69341,0,0,0.013129704974743008
69344,0,0,0.013129704974743008
69348,0,0,0.013129704974743008
69350,0,0,0.013129704974743008
69351,0,0,0.07421693465935496
69353,0,0,0.07421693465935496
69369,1,1,1.0
69372,0,0,0.07421693465935496
69375,0,0,0.013129704974743008
69382,0,0,0.013129704974743008
69393,0,0,0.013129704974743008
69397,0,0,0.013129704974743008
69400,0,0,0.013129704974743008
69408,0,0,0.013129704974743008
69414,0,0,0.07421693465935496
69420,0,0,0.013129704974743008
69421,0,0,0.07421693465935496
69425,0,0,0.013129704974743008
69433,1,0,0.07421693465935496
69444,0,0,0.07421693465935496
69447,1,1,1.0
69449,0,0,0.07421693465935496
69458,0,0,0.013129704974743008
69459,0,0,0.013129704974743008
69465,0,0,0.013129704974743008
69467,0,0,0.013129704974743008
69468,0,0,0.013129704974743008
69472,0,0,0.013129704974743008
69477,0,0,0.013129704974743008
69479,0,0,0.013129704974743008
69481,0,0,0.07421693465935496
69488,0,0,0.013129704974743008
69494,1,1,1.0
69506,0,0,0.013129704974743008
69512,0,0,0.013129704974743008
69516,1,0,0.07421693465935496
69518,0,0,0.013129704974743008
69522,0,0,0.013129704974743008
69526,1,1,1.0
69533,0,0,0.013129704974743008
69538,0,0,0.07421693465935496
69547,0,0,0.07421693465935496
69548,0,0,0.07421693465935496
69550,0,0,0.07421693465935496
69551,0,0,0.07421693465935496
69552,0,0,0.013129704974743008
69559,0,0,0.013129704974743008
69560,0,0,0.07421693465935496
69563,0,0,0.013129704974743008
69566,0,0,0.07421693465935496
69570,0,0,0.07421693465935496
69572,0,0,0.013129704974743008
69573,0,0,0.013129704974743008
69575,0,0,0.07421693465935496
69595,0,0,0.013129704974743008
69597,0,0,0.013129704974743008
69611,0,0,0.013129704974743008
69615,0,0,0.013129704974743008
69635,0,0,0.07421693465935496
69641,0,0,0.013129704974743008
69651,0,0,0.013129704974743008
69654,0,0,0.07421693465935496
69660,0,0,0.013129704974743008
69664,0,0,0.013129704974743008
69666,0,0,0.07421693465935496
69670,1,1,1.0
69675,1,0,0.013129704974743008
69677,0,0,0.013129704974743008
69685,0,0,0.07421693465935496
69687,0,0,0.07421693465935496
69688,0,0,0.07421693465935496
69693,0,0,0.013129704974743008
69694,0,0,0.013129704974743008
69695,0,0,0.07421693465935496
69698,0,0,0.013129704974743008
69704,0,0,0.013129704974743008
69708,0,0,0.07421693465935496
69709,1,1,1.0
69716,0,0,0.013129704974743008
69730,0,0,0.013129704974743008
69731,0,0,0.013129704974743008
69732,0,0,0.013129704974743008
69737,0,0,0.013129704974743008
69739,0,0,0.013129704974743008
69742,0,0,0.07421693465935496
69745,0,0,0.013129704974743008
69752,0,0,0.07421693465935496
69758,0,0,0.07421693465935496
69762,0,0,0.013129704974743008
69770,0,0,0.013129704974743008
69780,0,0,0.07421693465935496
69786,0,0,0.013129704974743008
69792,0,0,0.013129704974743008
69800,0,0,0.07421693465935496
69806,1,1,1.0
69807,0,0,0.013129704974743008
69810,0,0,0.07421693465935496
69815,0,0,0.013129704974743008
69816,0,0,0.013129704974743008
69819,0,0,0.07421693465935496
69821,0,0,0.013129704974743008
69824,0,0,0.013129704974743008
69831,1,1,1.0
69834,0,0,0.013129704974743008
69843,1,1,1.0
69844,0,0,0.013129704974743008
69847,0,0,0.013129704974743008
69848,0,0,0.013129704974743008
69857,0,0,0.013129704974743008
69861,0,0,0.013129704974743008
69864,0,0,0.07421693465935496
69866,0,0,0.013129704974743008
69867,0,0,0.013129704974743008
69875,0,0,0.013129704974743008
69876,0,0,0.013129704974743008
69884,0,0,0.013129704974743008
69894,0,0,0.07421693465935496
69902,0,0,0.07421693465935496
69908,0,0,0.013129704974743008
69910,0,0,0.07421693465935496
69912,0,0,0.013129704974743008
69913,0,0,0.013129704974743008
69926,0,0,0.013129704974743008
69927,0,0,0.013129704974743008
69928,0,0,0.013129704974743008
69930,0,0,0.013129704974743008
69932,0,0,0.013129704974743008
69934,0,0,0.013129704974743008
69936,0,0,0.013129704974743008
69939,1,0,0.07421693465935496
69940,0,0,0.013129704974743008
69944,0,0,0.013129704974743008
69950,0,0,0.07421693465935496
69960,0,0,0.013129704974743008
69968,0,0,0.07421693465935496
69974,0,0,0.013129704974743008
69977,0,0,0.013129704974743008
70003,1,0,0.013129704974743008
70015,0,0,0.013129704974743008
70017,0,0,0.013129704974743008
70021,0,0,0.013129704974743008
70025,0,0,0.07421693465935496
70026,0,0,0.013129704974743008
70028,0,0,0.013129704974743008
70033,0,0,0.013129704974743008
70038,0,0,0.013129704974743008
70039,0,0,0.013129704974743008
70046,0,0,0.013129704974743008
70048,0,0,0.013129704974743008
70058,0,0,0.013129704974743008
70063,0,0,0.013129704974743008
70066,1,1,1.0
70073,0,0,0.013129704974743008
70079,0,0,0.013129704974743008
70080,0,0,0.07421693465935496
70093,0,0,0.013129704974743008
70096,0,0,0.013129704974743008
70104,0,0,0.07421693465935496
70107,0,0,0.013129704974743008
70108,0,0,0.013129704974743008
70114,0,0,0.013129704974743008
70121,1,1,1.0
70123,0,0,0.013129704974743008
70142,0,0,0.013129704974743008
70146,0,0,0.013129704974743008
70151,0,0,0.013129704974743008
70159,0,0,0.07421693465935496
70160,0,0,0.07421693465935496
70168,0,0,0.013129704974743008
70171,0,0,0.07421693465935496
70181,0,0,0.013129704974743008
70187,0,0,0.013129704974743008
70193,0,0,0.07421693465935496
70196,0,0,0.013129704974743008
70197,0,0,0.013129704974743008
70200,0,0,0.07421693465935496
70203,0,0,0.013129704974743008
70217,0,0,0.07421693465935496
70220,0,0,0.013129704974743008
70226,0,0,0.013129704974743008
70234,0,0,0.013129704974743008
70239,0,0,0.013129704974743008
70241,0,0,0.013129704974743008
70242,0,0,0.013129704974743008
70249,1,0,0.07421693465935496
70253,0,0,0.07421693465935496
70270,0,0,0.07421693465935496
70276,0,0,0.013129704974743008
70281,0,0,0.07421693465935496
70282,1,1,1.0
70283,0,0,0.07421693465935496
70284,0,0,0.07421693465935496
70294,0,0,0.013129704974743008
70303,1,1,1.0
70308,0,0,0.07421693465935496
70309,0,0,0.013129704974743008
70312,0,0,0.013129704974743008
70321,0,0,0.07421693465935496
70324,0,0,0.07421693465935496
70325,0,0,0.07421693465935496
70344,0,0,0.07421693465935496
70353,0,0,0.013129704974743008
70354,0,0,0.013129704974743008
70360,0,0,0.013129704974743008
70362,0,0,0.07421693465935496
70363,1,0,0.013129704974743008
70372,1,1,1.0
70373,0,0,0.013129704974743008
70382,1,1,1.0
70395,0,0,0.013129704974743008
70400,0,0,0.013129704974743008
70425,0,0,0.013129704974743008
70429,1,1,1.0
70430,0,0,0.013129704974743008
70438,0,0,0.013129704974743008
70448,0,0,0.07421693465935496
70454,0,0,0.013129704974743008
70458,0,0,0.07421693465935496
70482,0,0,0.013129704974743008
70494,0,0,0.013129704974743008
70495,0,0,0.013129704974743008
70498,0,0,0.07421693465935496
70499,0,0,0.013129704974743008
70506,0,0,0.013129704974743008
70507,0,0,0.013129704974743008
70513,1,1,1.0
70528,0,0,0.013129704974743008
70529,0,0,0.013129704974743008
70530,0,0,0.013129704974743008
70540,0,0,0.013129704974743008
70542,0,0,0.013129704974743008
70545,0,0,0.07421693465935496
70550,0,0,0.07421693465935496
70552,0,0,0.013129704974743008
70559,0,0,0.013129704974743008
70565,0,0,0.013129704974743008
70569,0,0,0.013129704974743008
70580,0,0,0.013129704974743008
70593,0,0,0.07421693465935496
70602,0,0,0.013129704974743008
70604,0,0,0.07421693465935496
70606,0,0,0.07421693465935496
70609,0,0,0.07421693465935496
70614,0,0,0.013129704974743008
70615,0,0,0.07421693465935496
70621,0,0,0.013129704974743008
70622,0,0,0.013129704974743008
70623,0,0,0.013129704974743008
70628,0,0,0.013129704974743008
70629,0,0,0.07421693465935496
70630,0,0,0.013129704974743008
70631,0,0,0.07421693465935496
70641,0,0,0.013129704974743008
70643,0,0,0.013129704974743008
70656,0,0,0.013129704974743008
70661,0,0,0.013129704974743008
70663,0,0,0.07421693465935496
70668,0,0,0.013129704974743008
70676,1,1,1.0
70677,0,0,0.013129704974743008
70678,0,0,0.013129704974743008
70681,1,1,1.0
70687,0,0,0.013129704974743008
70705,0,0,0.013129704974743008
70707,0,0,0.013129704974743008
70712,0,0,0.013129704974743008
70717,0,0,0.013129704974743008
70726,0,0,0.013129704974743008
70733,0,0,0.013129704974743008
70736,0,0,0.013129704974743008
70749,0,0,0.013129704974743008
70755,0,0,0.07421693465935496
70759,0,0,0.013129704974743008
70760,0,0,0.013129704974743008
70778,0,0,0.07421693465935496
70779,0,0,0.013129704974743008
70785,0,0,0.013129704974743008
70788,0,0,0.013129704974743008
70789,1,1,1.0
70792,0,0,0.013129704974743008
70796,0,0,0.013129704974743008
70798,0,0,0.07421693465935496
70811,0,0,0.07421693465935496
70814,0,0,0.07421693465935496
70816,0,0,0.013129704974743008
70817,0,0,0.07421693465935496
70818,0,0,0.07421693465935496
70826,0,0,0.013129704974743008
70829,0,0,0.013129704974743008
70841,1,1,1.0
70842,0,0,0.013129704974743008
70843,0,0,0.013129704974743008
70847,0,0,0.013129704974743008
70856,0,0,0.013129704974743008
70857,0,0,0.013129704974743008
70860,0,0,0.013129704974743008
70861,0,0,0.013129704974743008
70864,0,0,0.07421693465935496
70874,0,0,0.013129704974743008
70877,0,0,0.07421693465935496
70896,0,0,0.07421693465935496
70904,0,0,0.013129704974743008
70905,0,0,0.013129704974743008
70912,0,0,0.013129704974743008
70920,0,0,0.013129704974743008
70921,0,0,0.013129704974743008
70922,0,0,0.07421693465935496
70925,0,0,0.07421693465935496
70935,0,0,0.013129704974743008
70936,0,0,0.07421693465935496
70939,0,0,0.013129704974743008
70941,0,0,0.013129704974743008
70948,0,0,0.07421693465935496
70954,0,0,0.013129704974743008
70956,0,0,0.07421693465935496
70964,0,0,0.013129704974743008
70976,0,0,0.013129704974743008
70977,0,0,0.013129704974743008
70978,0,0,0.013129704974743008
70985,0,0,0.07421693465935496
70986,0,0,0.013129704974743008
70988,0,0,0.013129704974743008
70989,0,0,0.013129704974743008
71018,0,0,0.013129704974743008
71025,0,0,0.07421693465935496
71032,0,0,0.013129704974743008
71035,0,0,0.07421693465935496
71042,0,0,0.013129704974743008
71043,0,0,0.013129704974743008
71045,0,0,0.013129704974743008
71048,0,0,0.013129704974743008
71052,0,0,0.07421693465935496
71059,0,0,0.013129704974743008
71066,0,0,0.07421693465935496
71072,0,0,0.013129704974743008
71077,0,0,0.07421693465935496
71080,0,0,0.013129704974743008
71082,0,0,0.07421693465935496
71083,0,0,0.013129704974743008
71089,0,0,0.07421693465935496
71097,0,0,0.07421693465935496
71113,0,0,0.013129704974743008
71127,0,0,0.013129704974743008
71130,0,0,0.013129704974743008
71132,0,0,0.013129704974743008
71139,0,0,0.013129704974743008
71141,0,0,0.013129704974743008
71143,0,0,0.013129704974743008
71148,0,0,0.013129704974743008
71155,0,0,0.013129704974743008
71156,0,0,0.013129704974743008
71166,0,0,0.013129704974743008
71168,0,0,0.013129704974743008
71169,0,0,0.013129704974743008
71173,0,0,0.013129704974743008
71175,0,0,0.07421693465935496
71181,0,0,0.07421693465935496
71186,0,0,0.013129704974743008
71189,0,0,0.07421693465935496
71191,0,0,0.013129704974743008
71193,1,1,1.0
71206,0,0,0.07421693465935496
71210,1,1,1.0
71220,0,0,0.07421693465935496
71224,0,0,0.013129704974743008
71238,0,0,0.013129704974743008
71239,0,0,0.013129704974743008
71243,0,0,0.013129704974743008
71244,0,0,0.013129704974743008
71245,0,0,0.013129704974743008
71263,0,0,0.013129704974743008
71270,0,0,0.013129704974743008
71273,1,1,1.0
71276,0,0,0.013129704974743008
71283,0,0,0.013129704974743008
71286,0,0,0.013129704974743008
71287,0,0,0.013129704974743008
71289,1,0,0.07421693465935496
71290,0,0,0.07421693465935496
71292,0,0,0.013129704974743008
71296,0,0,0.013129704974743008
71299,0,0,0.07421693465935496
71303,0,0,0.07421693465935496
71304,0,0,0.013129704974743008
71312,0,0,0.07421693465935496
71317,0,0,0.07421693465935496
71324,0,0,0.07421693465935496
71325,0,0,0.07421693465935496
71326,1,1,1.0
71330,1,1,1.0
71334,0,0,0.013129704974743008
71341,0,0,0.013129704974743008
71344,0,0,0.07421693465935496
71350,0,0,0.07421693465935496
71352,0,0,0.013129704974743008
71355,0,0,0.013129704974743008
71358,0,0,0.013129704974743008
71367,0,0,0.013129704974743008
71373,1,1,1.0
71379,0,0,0.013129704974743008
71385,0,0,0.013129704974743008
71386,0,0,0.013129704974743008
71390,0,0,0.013129704974743008
71391,0,0,0.07421693465935496
71394,0,0,0.013129704974743008
71401,0,0,0.07421693465935496
71406,0,0,0.07421693465935496
71410,1,0,0.07421693465935496
71414,0,0,0.013129704974743008
71426,0,0,0.013129704974743008
71427,0,0,0.013129704974743008
71430,0,0,0.013129704974743008
71436,0,0,0.013129704974743008
71439,0,0,0.07421693465935496
71440,0,0,0.013129704974743008
71441,0,0,0.07421693465935496
71447,0,0,0.013129704974743008
71448,0,0,0.013129704974743008
71451,0,0,0.07421693465935496
71453,0,0,0.013129704974743008
71461,0,0,0.013129704974743008
71476,0,0,0.013129704974743008
71489,1,1,1.0
71493,0,0,0.07421693465935496
71497,0,0,0.07421693465935496
71498,1,0,0.07421693465935496
71514,0,0,0.013129704974743008
71517,0,0,0.013129704974743008
71528,0,0,0.013129704974743008
71531,0,0,0.013129704974743008
71534,0,0,0.013129704974743008
71535,0,0,0.07421693465935496
71536,0,0,0.013129704974743008
71538,1,1,1.0
71545,0,0,0.013129704974743008
71550,0,0,0.013129704974743008
71552,0,0,0.013129704974743008
71557,0,0,0.07421693465935496
71559,1,0,0.013129704974743008
71565,0,0,0.013129704974743008
71571,0,0,0.07421693465935496
71572,0,0,0.013129704974743008
71578,0,0,0.013129704974743008
71580,0,0,0.013129704974743008
71582,0,0,0.013129704974743008
71592,0,0,0.013129704974743008
71599,0,0,0.07421693465935496
71602,0,0,0.013129704974743008
71604,0,0,0.07421693465935496
71616,0,0,0.013129704974743008
71624,0,0,0.07421693465935496
71628,0,0,0.013129704974743008
71630,0,0,0.013129704974743008
71636,0,0,0.013129704974743008
71639,0,0,0.013129704974743008
71656,0,0,0.013129704974743008
71659,0,0,0.013129704974743008
71662,0,0,0.07421693465935496
71663,0,0,0.07421693465935496
71673,0,0,0.013129704974743008
71674,0,0,0.013129704974743008
71679,0,0,0.013129704974743008
71691,0,0,0.013129704974743008
71697,1,0,0.013129704974743008
71702,0,0,0.013129704974743008
71715,0,0,0.013129704974743008
71722,0,0,0.013129704974743008
71739,0,0,0.013129704974743008
71740,0,0,0.013129704974743008
71743,0,0,0.013129704974743008
71746,0,0,0.07421693465935496
71752,0,0,0.013129704974743008
71775,1,1,1.0
71803,0,0,0.013129704974743008
71805,0,0,0.07421693465935496
71816,1,1,1.0
71824,0,0,0.013129704974743008
71835,0,0,0.013129704974743008
71841,0,0,0.013129704974743008
71856,0,0,0.013129704974743008
71857,0,0,0.013129704974743008
71861,0,0,0.013129704974743008
71864,0,0,0.07421693465935496
71867,1,0,0.07421693465935496
71872,0,0,0.013129704974743008
71878,0,0,0.013129704974743008
71880,0,0,0.07421693465935496
71889,0,0,0.013129704974743008
71901,0,0,0.013129704974743008
71911,0,0,0.013129704974743008
71920,0,0,0.07421693465935496
71941,0,0,0.013129704974743008
71942,0,0,0.07421693465935496
71943,0,0,0.07421693465935496
71949,0,0,0.013129704974743008
71954,0,0,0.013129704974743008
71967,0,0,0.07421693465935496
71970,0,0,0.07421693465935496
71989,0,0,0.013129704974743008
71991,0,0,0.013129704974743008
72010,0,0,0.013129704974743008
72030,0,0,0.07421693465935496
72031,0,0,0.07421693465935496
72032,0,0,0.013129704974743008
72041,0,0,0.013129704974743008
72044,0,0,0.07421693465935496
72051,0,0,0.013129704974743008
72052,1,1,1.0
72058,0,0,0.013129704974743008
72062,0,0,0.013129704974743008
72065,0,0,0.013129704974743008
72066,0,0,0.013129704974743008
72069,0,0,0.013129704974743008
72076,0,0,0.07421693465935496
72078,0,0,0.013129704974743008
72081,0,0,0.013129704974743008
72082,0,0,0.07421693465935496
72083,0,0,0.013129704974743008
72084,0,0,0.013129704974743008
72087,0,0,0.07421693465935496
72101,0,0,0.013129704974743008
72107,0,0,0.013129704974743008
72116,1,1,1.0
72119,0,0,0.07421693465935496
72128,0,0,0.013129704974743008
72137,0,0,0.07421693465935496
72140,0,0,0.07421693465935496
72141,0,0,0.013129704974743008
72149,0,0,0.013129704974743008
72153,0,0,0.013129704974743008
72158,0,0,0.013129704974743008
72160,0,0,0.013129704974743008
72182,0,0,0.07421693465935496
72183,0,0,0.013129704974743008
72184,0,0,0.013129704974743008
72196,0,0,0.07421693465935496
72201,0,0,0.013129704974743008
72203,0,0,0.013129704974743008
72204,0,0,0.013129704974743008
72208,0,0,0.013129704974743008
72212,0,0,0.07421693465935496
72213,0,0,0.07421693465935496
72222,0,0,0.07421693465935496
72227,0,0,0.013129704974743008
72249,0,0,0.013129704974743008
72250,0,0,0.013129704974743008
72251,0,0,0.013129704974743008
72259,0,0,0.013129704974743008
72263,0,0,0.013129704974743008
72265,0,0,0.013129704974743008
72266,0,0,0.07421693465935496
72268,0,0,0.07421693465935496
72269,0,0,0.013129704974743008
72273,0,0,0.013129704974743008
72277,0,0,0.013129704974743008
72285,0,0,0.07421693465935496
72301,0,0,0.07421693465935496
72305,0,0,0.013129704974743008
72307,0,0,0.013129704974743008
72309,0,0,0.07421693465935496
72311,0,0,0.07421693465935496
72315,0,0,0.013129704974743008
72326,0,0,0.013129704974743008
72328,0,0,0.013129704974743008
72350,0,0,0.07421693465935496
72351,0,0,0.013129704974743008
72359,0,0,0.013129704974743008
72361,1,0,0.07421693465935496
72362,0,0,0.07421693465935496
72365,1,1,1.0
72372,0,0,0.07421693465935496
72377,0,0,0.07421693465935496
72378,0,0,0.07421693465935496
72383,0,0,0.013129704974743008
72387,0,0,0.013129704974743008
72391,0,0,0.013129704974743008
72392,0,0,0.013129704974743008
72396,0,0,0.013129704974743008
72398,0,0,0.07421693465935496
72399,0,0,0.013129704974743008
72407,0,0,0.013129704974743008
72410,0,0,0.013129704974743008
72423,0,0,0.013129704974743008
72424,0,0,0.013129704974743008
72432,0,0,0.07421693465935496
72435,0,0,0.07421693465935496
72436,1,1,1.0
72439,0,0,0.013129704974743008
72445,0,0,0.013129704974743008
72450,0,0,0.07421693465935496
72454,0,0,0.013129704974743008
72455,0,0,0.013129704974743008
72470,0,0,0.013129704974743008
72474,0,0,0.013129704974743008
72508,0,0,0.013129704974743008
72509,0,0,0.07421693465935496
72517,0,0,0.07421693465935496
72528,0,0,0.07421693465935496
72536,0,0,0.013129704974743008
72537,0,0,0.013129704974743008
72541,0,0,0.013129704974743008
72544,0,0,0.013129704974743008
72545,0,0,0.013129704974743008
72546,0,0,0.07421693465935496
72549,0,0,0.013129704974743008
72555,0,0,0.07421693465935496
72559,0,0,0.013129704974743008
72572,0,0,0.013129704974743008
72574,0,0,0.013129704974743008
72579,0,0,0.013129704974743008
72587,0,0,0.013129704974743008
72601,0,0,0.07421693465935496
72606,0,0,0.013129704974743008
72611,0,0,0.013129704974743008
72615,1,1,1.0
72618,0,0,0.013129704974743008
72649,0,0,0.013129704974743008
72655,0,0,0.013129704974743008
72659,0,0,0.013129704974743008
72665,0,0,0.013129704974743008
72671,0,0,0.013129704974743008
72673,0,0,0.013129704974743008
72674,0,0,0.013129704974743008
72676,0,0,0.013129704974743008
72688,0,0,0.013129704974743008
72689,1,1,1.0
72694,0,0,0.013129704974743008
72697,0,0,0.013129704974743008
72704,0,0,0.013129704974743008
72709,0,0,0.013129704974743008
72713,0,0,0.07421693465935496
72714,0,0,0.013129704974743008
72715,0,0,0.013129704974743008
72721,0,0,0.07421693465935496
72725,0,0,0.07421693465935496
72731,0,0,0.013129704974743008
72734,0,0,0.013129704974743008
72747,0,0,0.013129704974743008
72750,0,0,0.013129704974743008
72754,0,0,0.013129704974743008
72755,0,0,0.013129704974743008
72761,0,0,0.013129704974743008
72762,0,0,0.013129704974743008
72769,0,0,0.013129704974743008
72773,0,0,0.07421693465935496
72775,0,0,0.07421693465935496
72776,1,0,0.07421693465935496
72781,0,0,0.07421693465935496
72782,0,0,0.013129704974743008
72783,0,0,0.07421693465935496
72784,1,0,0.07421693465935496
72812,0,0,0.013129704974743008
72822,0,0,0.013129704974743008
72830,0,0,0.07421693465935496
72832,0,0,0.013129704974743008
72834,0,0,0.013129704974743008
72840,0,0,0.07421693465935496
72848,0,0,0.013129704974743008
72856,0,0,0.07421693465935496
72873,0,0,0.07421693465935496
72877,0,0,0.07421693465935496
72886,0,0,0.013129704974743008
72888,1,1,1.0
72890,0,0,0.013129704974743008
72892,0,0,0.013129704974743008
72894,0,0,0.07421693465935496
72914,1,1,1.0
72915,0,0,0.013129704974743008
72917,0,0,0.013129704974743008
72921,0,0,0.07421693465935496
72922,0,0,0.013129704974743008
72925,0,0,0.07421693465935496
72927,0,0,0.013129704974743008
72937,0,0,0.07421693465935496
72956,0,0,0.07421693465935496
72960,0,0,0.07421693465935496
72963,0,0,0.07421693465935496
72969,0,0,0.013129704974743008
72970,0,0,0.07421693465935496
72974,0,0,0.013129704974743008
72975,1,0,0.07421693465935496
72977,0,0,0.013129704974743008
72979,0,0,0.013129704974743008
72980,0,0,0.013129704974743008
72998,0,0,0.013129704974743008
73014,0,0,0.07421693465935496
73017,1,1,1.0
73019,0,0,0.013129704974743008
73024,0,0,0.07421693465935496
73031,0,0,0.013129704974743008
73038,0,0,0.013129704974743008
73045,0,0,0.013129704974743008
73047,0,0,0.013129704974743008
73057,0,0,0.013129704974743008
73085,0,0,0.013129704974743008
73088,0,0,0.013129704974743008
73092,0,0,0.07421693465935496
73115,0,0,0.013129704974743008
73123,0,0,0.07421693465935496
73132,0,0,0.013129704974743008
73138,0,0,0.013129704974743008
73144,1,1,1.0
73159,1,0,0.013129704974743008
73161,0,0,0.013129704974743008
73166,0,0,0.013129704974743008
73171,0,0,0.07421693465935496
73185,0,0,0.013129704974743008
73193,0,0,0.07421693465935496
73196,0,0,0.013129704974743008
73217,0,0,0.013129704974743008
73222,0,0,0.07421693465935496
73225,0,0,0.013129704974743008
73240,0,0,0.07421693465935496
73241,0,0,0.013129704974743008
73258,0,0,0.07421693465935496
73260,0,0,0.07421693465935496
73265,0,0,0.013129704974743008
73271,0,0,0.013129704974743008
73276,0,0,0.07421693465935496
73279,0,0,0.07421693465935496
73285,0,0,0.013129704974743008
73289,0,0,0.013129704974743008
73290,0,0,0.07421693465935496
73292,0,0,0.013129704974743008
73297,0,0,0.013129704974743008
73302,0,0,0.07421693465935496
73312,0,0,0.07421693465935496
73328,0,0,0.013129704974743008
73331,0,0,0.013129704974743008
73334,0,0,0.013129704974743008
73349,0,0,0.013129704974743008
73350,0,0,0.013129704974743008
73360,0,0,0.013129704974743008
73366,0,0,0.013129704974743008
73368,0,0,0.013129704974743008
73369,1,1,1.0
73372,0,0,0.013129704974743008
73377,0,0,0.07421693465935496
73393,0,0,0.013129704974743008
73396,0,0,0.013129704974743008
73399,1,1,1.0
73404,0,0,0.013129704974743008
73407,0,0,0.013129704974743008
73410,0,0,0.07421693465935496
73411,0,0,0.013129704974743008
73415,0,0,0.07421693465935496
73416,0,0,0.013129704974743008
73422,0,0,0.07421693465935496
73435,0,0,0.013129704974743008
73436,0,0,0.07421693465935496
73441,0,0,0.013129704974743008
73454,1,1,1.0
73458,0,0,0.013129704974743008
73460,0,0,0.013129704974743008
73466,0,0,0.013129704974743008
73470,0,0,0.07421693465935496
73489,0,0,0.013129704974743008
73496,1,1,1.0
73504,0,0,0.013129704974743008
73518,0,0,0.013129704974743008
73520,0,0,0.013129704974743008
73529,0,0,0.013129704974743008
73530,0,0,0.07421693465935496
73532,0,0,0.07421693465935496
73536,0,0,0.07421693465935496
73540,0,0,0.013129704974743008
73551,0,0,0.07421693465935496
73552,0,0,0.013129704974743008
73558,0,0,0.013129704974743008
73567,0,0,0.013129704974743008
73569,0,0,0.013129704974743008
73570,0,0,0.013129704974743008
73572,0,0,0.07421693465935496
73582,0,0,0.013129704974743008
73585,0,0,0.07421693465935496
73587,0,0,0.013129704974743008
73591,0,0,0.013129704974743008
73597,0,0,0.013129704974743008
73602,0,0,0.013129704974743008
73605,0,0,0.013129704974743008
73614,0,0,0.07421693465935496
73622,0,0,0.013129704974743008
73644,0,0,0.07421693465935496
73647,0,0,0.013129704974743008
73648,0,0,0.013129704974743008
73651,0,0,0.07421693465935496
73654,0,0,0.013129704974743008
73655,1,1,1.0
73661,0,0,0.07421693465935496
73663,0,0,0.013129704974743008
73673,0,0,0.07421693465935496
73679,0,0,0.013129704974743008
73682,0,0,0.07421693465935496
73685,0,0,0.013129704974743008
73690,1,1,1.0
73697,0,0,0.013129704974743008
73699,0,0,0.013129704974743008
73708,0,0,0.013129704974743008
73712,0,0,0.013129704974743008
73713,0,0,0.013129704974743008
73725,0,0,0.07421693465935496
73728,0,0,0.07421693465935496
73737,0,0,0.07421693465935496
73742,0,0,0.013129704974743008
73743,0,0,0.013129704974743008
73745,0,0,0.07421693465935496
73746,0,0,0.013129704974743008
73752,0,0,0.013129704974743008
73755,0,0,0.013129704974743008
73759,0,0,0.013129704974743008
73760,0,0,0.013129704974743008
73761,0,0,0.013129704974743008
73765,0,0,0.07421693465935496
73778,0,0,0.013129704974743008
73787,0,0,0.013129704974743008
73789,0,0,0.013129704974743008
73805,0,0,0.013129704974743008
73809,0,0,0.013129704974743008
73820,0,0,0.013129704974743008
73825,0,0,0.013129704974743008
73826,0,0,0.013129704974743008
73830,0,0,0.013129704974743008
73841,0,0,0.013129704974743008
73843,0,0,0.07421693465935496
73850,0,0,0.013129704974743008
73852,0,0,0.013129704974743008
73855,0,0,0.07421693465935496
73857,0,0,0.013129704974743008
73858,0,0,0.013129704974743008
73868,0,0,0.07421693465935496
73885,0,0,0.013129704974743008
73898,0,0,0.07421693465935496
73899,1,1,1.0
73908,0,0,0.07421693465935496
73913,1,1,1.0
73914,0,0,0.013129704974743008
73922,0,0,0.013129704974743008
73923,0,0,0.013129704974743008
73924,0,0,0.013129704974743008
73934,1,1,1.0
73945,1,1,1.0
73947,0,0,0.013129704974743008
73956,0,0,0.07421693465935496
73968,0,0,0.07421693465935496
73973,0,0,0.013129704974743008
73983,0,0,0.07421693465935496
73988,0,0,0.013129704974743008
73991,0,0,0.013129704974743008
73992,0,0,0.013129704974743008
73995,0,0,0.013129704974743008
73996,0,0,0.013129704974743008
73998,0,0,0.013129704974743008
74002,0,0,0.013129704974743008
74006,0,0,0.013129704974743008
74008,0,0,0.013129704974743008
74017,0,0,0.013129704974743008
74018,0,0,0.013129704974743008
74019,0,0,0.013129704974743008
74021,0,0,0.013129704974743008
74024,0,0,0.013129704974743008
74028,0,0,0.07421693465935496
74036,0,0,0.013129704974743008
74042,0,0,0.07421693465935496
74043,0,0,0.013129704974743008
74044,0,0,0.07421693465935496
74052,0,0,0.013129704974743008
74053,0,0,0.013129704974743008
74054,1,0,0.07421693465935496
74062,0,0,0.013129704974743008
74072,0,0,0.013129704974743008
74074,0,0,0.013129704974743008
74087,0,0,0.013129704974743008
74094,0,0,0.013129704974743008
74101,0,0,0.07421693465935496
74103,0,0,0.013129704974743008
74107,0,0,0.013129704974743008
74114,0,0,0.013129704974743008
74129,0,0,0.013129704974743008
74130,0,0,0.013129704974743008
74134,0,0,0.013129704974743008
74138,0,0,0.013129704974743008
74141,0,0,0.013129704974743008
74144,0,0,0.013129704974743008
74147,0,0,0.013129704974743008
74150,0,0,0.013129704974743008
74165,1,1,1.0
74175,0,0,0.013129704974743008
74178,0,0,0.013129704974743008
74184,0,0,0.07421693465935496
74194,0,0,0.07421693465935496
74195,0,0,0.013129704974743008
74196,0,0,0.013129704974743008
74204,0,0,0.07421693465935496
74208,1,0,0.013129704974743008
74210,0,0,0.013129704974743008
74216,0,0,0.013129704974743008
74221,0,0,0.013129704974743008
74227,0,0,0.013129704974743008
74231,0,0,0.013129704974743008
74240,0,0,0.07421693465935496
74241,0,0,0.07421693465935496
74262,0,0,0.013129704974743008
74268,0,0,0.013129704974743008
74283,0,0,0.07421693465935496
74287,0,0,0.013129704974743008
74290,0,0,0.07421693465935496
74297,0,0,0.07421693465935496
74308,0,0,0.013129704974743008
74309,0,0,0.07421693465935496
74312,0,0,0.013129704974743008
74330,0,0,0.013129704974743008
74331,0,0,0.013129704974743008
74343,0,0,0.07421693465935496
74344,0,0,0.013129704974743008
74345,0,0,0.07421693465935496
74351,0,0,0.013129704974743008
74354,1,0,0.07421693465935496
74371,0,0,0.013129704974743008
74380,0,0,0.013129704974743008
74399,0,0,0.013129704974743008
74402,0,0,0.013129704974743008
74405,0,0,0.013129704974743008
74409,0,0,0.013129704974743008
74411,0,0,0.07421693465935496
74414,0,0,0.013129704974743008
74421,0,0,0.07421693465935496
74423,0,0,0.07421693465935496
74437,0,0,0.013129704974743008
74461,1,0,0.013129704974743008
74473,0,0,0.07421693465935496
74475,0,0,0.013129704974743008
74476,0,0,0.013129704974743008
74478,0,0,0.013129704974743008
74479,0,0,0.013129704974743008
74480,0,0,0.013129704974743008
74505,0,0,0.07421693465935496
74508,0,0,0.07421693465935496
74515,0,0,0.07421693465935496
74517,0,0,0.013129704974743008
74519,1,0,0.013129704974743008
74528,0,0,0.013129704974743008
74532,0,0,0.013129704974743008
74534,0,0,0.013129704974743008
74541,1,0,0.07421693465935496
74546,0,0,0.013129704974743008
74551,0,0,0.013129704974743008
74558,0,0,0.013129704974743008
74559,0,0,0.013129704974743008
74562,0,0,0.013129704974743008
74586,0,0,0.07421693465935496
74593,0,0,0.013129704974743008
74595,0,0,0.013129704974743008
74598,0,0,0.07421693465935496
74599,0,0,0.013129704974743008
74607,0,0,0.013129704974743008
74610,1,1,1.0
74611,0,0,0.013129704974743008
74618,0,0,0.013129704974743008
74622,0,0,0.07421693465935496
74640,1,1,1.0
74648,0,0,0.013129704974743008
74651,0,0,0.013129704974743008
74660,0,0,0.07421693465935496
74669,0,0,0.013129704974743008
74675,0,0,0.013129704974743008
74680,0,0,0.07421693465935496
74684,0,0,0.013129704974743008
74692,0,0,0.013129704974743008
74693,0,0,0.07421693465935496
74697,1,1,1.0
74702,0,0,0.013129704974743008
74711,0,0,0.013129704974743008
74718,0,0,0.013129704974743008
74725,1,0,0.07421693465935496
74732,0,0,0.013129704974743008
74738,0,0,0.07421693465935496
74739,0,0,0.013129704974743008
74740,0,0,0.07421693465935496
74741,0,0,0.07421693465935496
74757,0,0,0.013129704974743008
74762,0,0,0.07421693465935496
74765,0,0,0.013129704974743008
74768,0,0,0.013129704974743008
74774,0,0,0.07421693465935496
74776,0,0,0.013129704974743008
74779,0,0,0.013129704974743008
74782,0,0,0.07421693465935496
74784,1,1,1.0
74786,0,0,0.07421693465935496
74787,1,1,1.0
74789,0,0,0.013129704974743008
74797,0,0,0.013129704974743008
74803,0,0,0.07421693465935496
74810,0,0,0.013129704974743008
74811,0,0,0.07421693465935496
74818,0,0,0.013129704974743008
74819,0,0,0.013129704974743008
74830,0,0,0.07421693465935496
74839,0,0,0.013129704974743008
74840,0,0,0.013129704974743008
74845,0,0,0.013129704974743008
74853,0,0,0.013129704974743008
74858,0,0,0.013129704974743008
74859,0,0,0.07421693465935496
74867,0,0,0.013129704974743008
74868,0,0,0.013129704974743008
74879,0,0,0.07421693465935496
74880,0,0,0.013129704974743008
74885,0,0,0.013129704974743008
74888,0,0,0.013129704974743008
74889,0,0,0.07421693465935496
74890,1,1,1.0
74891,0,0,0.07421693465935496
74893,0,0,0.013129704974743008
74894,0,0,0.07421693465935496
74895,0,0,0.07421693465935496
74897,0,0,0.013129704974743008
74909,0,0,0.013129704974743008
74910,1,1,1.0
74912,0,0,0.013129704974743008
74922,0,0,0.013129704974743008
74930,0,0,0.07421693465935496
74931,0,0,0.013129704974743008
74932,0,0,0.013129704974743008
74944,1,1,1.0
74949,0,0,0.013129704974743008
74954,0,0,0.013129704974743008
74955,0,0,0.013129704974743008
74957,0,0,0.013129704974743008
74961,0,0,0.07421693465935496
74965,0,0,0.013129704974743008
74969,0,0,0.013129704974743008
74970,0,0,0.07421693465935496
74973,1,1,1.0
74978,0,0,0.013129704974743008
74981,0,0,0.013129704974743008
75011,0,0,0.07421693465935496
75027,0,0,0.013129704974743008
75028,0,0,0.07421693465935496
75034,0,0,0.013129704974743008
75035,0,0,0.013129704974743008
75038,0,0,0.013129704974743008
75039,0,0,0.013129704974743008
75046,0,0,0.013129704974743008
75049,0,0,0.013129704974743008
75050,0,0,0.013129704974743008
75064,0,0,0.013129704974743008
75073,0,0,0.013129704974743008
75076,0,0,0.013129704974743008
75080,0,0,0.07421693465935496
75106,0,0,0.07421693465935496
75109,1,1,1.0
75113,0,0,0.07421693465935496
75120,0,0,0.013129704974743008
75121,0,0,0.07421693465935496
75127,0,0,0.013129704974743008
75128,0,0,0.013129704974743008
75132,0,0,0.013129704974743008
75135,0,0,0.013129704974743008
75143,0,0,0.07421693465935496
75149,0,0,0.013129704974743008
75153,0,0,0.013129704974743008
75157,0,0,0.013129704974743008
75166,0,0,0.013129704974743008
75168,0,0,0.013129704974743008
75180,0,0,0.013129704974743008
75193,0,0,0.013129704974743008
75195,0,0,0.013129704974743008
75205,0,0,0.013129704974743008
75208,0,0,0.013129704974743008
75210,0,0,0.013129704974743008
75219,0,0,0.013129704974743008
75223,0,0,0.013129704974743008
75231,0,0,0.013129704974743008
75248,0,0,0.013129704974743008
75281,0,0,0.013129704974743008
75283,0,0,0.013129704974743008
75284,0,0,0.013129704974743008
75286,0,0,0.013129704974743008
75289,0,0,0.013129704974743008
75297,0,0,0.013129704974743008
75302,0,0,0.013129704974743008
75303,0,0,0.07421693465935496
75306,0,0,0.013129704974743008
75307,0,0,0.013129704974743008
75316,0,0,0.07421693465935496
75328,1,1,1.0
75329,0,0,0.013129704974743008
75331,0,0,0.013129704974743008
75356,0,0,0.013129704974743008
75363,0,0,0.013129704974743008
75371,0,0,0.013129704974743008
75374,0,0,0.07421693465935496
75376,0,0,0.07421693465935496
75377,1,0,0.07421693465935496
75386,0,0,0.07421693465935496
75389,0,0,0.013129704974743008
75392,0,0,0.07421693465935496
75393,0,0,0.07421693465935496
75398,0,0,0.07421693465935496
75399,0,0,0.013129704974743008
75404,0,0,0.013129704974743008
75405,0,0,0.07421693465935496
75417,0,0,0.013129704974743008
75422,0,0,0.07421693465935496
75435,0,0,0.07421693465935496
75437,0,0,0.013129704974743008
75440,0,0,0.013129704974743008
75441,0,0,0.07421693465935496
75446,0,0,0.013129704974743008
75456,0,0,0.07421693465935496
75460,0,0,0.013129704974743008
75461,0,0,0.07421693465935496
75467,0,0,0.07421693465935496
75473,0,0,0.07421693465935496
75474,0,0,0.07421693465935496
75477,0,0,0.013129704974743008
75478,0,0,0.013129704974743008
75480,0,0,0.013129704974743008
75488,0,0,0.07421693465935496
75494,0,0,0.013129704974743008
75502,0,0,0.013129704974743008
75504,0,0,0.013129704974743008
75507,0,0,0.013129704974743008
75508,1,1,1.0
75511,0,0,0.07421693465935496
75512,0,0,0.013129704974743008
75523,0,0,0.013129704974743008
75531,0,0,0.013129704974743008
75537,0,0,0.07421693465935496
75548,0,0,0.013129704974743008
75552,0,0,0.013129704974743008
75558,0,0,0.013129704974743008
75560,0,0,0.013129704974743008
75561,0,0,0.07421693465935496
75563,0,0,0.013129704974743008
75571,0,0,0.013129704974743008
75573,0,0,0.013129704974743008
75581,0,0,0.07421693465935496
75582,0,0,0.07421693465935496
75586,0,0,0.013129704974743008
75588,0,0,0.07421693465935496
75593,0,0,0.013129704974743008
75599,0,0,0.013129704974743008
75625,0,0,0.07421693465935496
75632,0,0,0.013129704974743008
75640,0,0,0.013129704974743008
75642,0,0,0.07421693465935496
75644,0,0,0.013129704974743008
75650,0,0,0.07421693465935496
75660,0,0,0.07421693465935496
75663,0,0,0.013129704974743008
75666,1,1,1.0
75692,0,0,0.013129704974743008
75699,0,0,0.07421693465935496
75700,0,0,0.013129704974743008
75702,0,0,0.013129704974743008
75703,0,0,0.013129704974743008
75709,0,0,0.013129704974743008
75714,0,0,0.013129704974743008
75717,0,0,0.07421693465935496
75719,0,0,0.07421693465935496
75722,0,0,0.013129704974743008
75723,0,0,0.013129704974743008
75726,0,0,0.013129704974743008
75728,0,0,0.013129704974743008
75746,0,0,0.013129704974743008
75752,0,0,0.013129704974743008
75758,0,0,0.013129704974743008
75766,0,0,0.013129704974743008
75769,0,0,0.07421693465935496
75770,0,0,0.013129704974743008
75777,0,0,0.07421693465935496
75781,0,0,0.013129704974743008
75790,0,0,0.013129704974743008
75792,0,0,0.013129704974743008
75794,0,0,0.013129704974743008
75816,0,0,0.013129704974743008
75820,0,0,0.013129704974743008
75823,1,1,1.0
75833,0,0,0.013129704974743008
75840,0,0,0.07421693465935496
75848,0,0,0.07421693465935496
75851,0,0,0.013129704974743008
75856,0,0,0.013129704974743008
75870,0,0,0.013129704974743008
75871,0,0,0.013129704974743008
75878,1,1,1.0
75880,0,0,0.07421693465935496
75885,0,0,0.013129704974743008
75887,0,0,0.013129704974743008
75893,1,1,1.0
75900,0,0,0.013129704974743008
75903,0,0,0.013129704974743008
75906,0,0,0.013129704974743008
75910,0,0,0.07421693465935496
75915,0,0,0.07421693465935496
75920,1,1,1.0
75941,0,0,0.013129704974743008
75944,0,0,0.013129704974743008
75951,0,0,0.013129704974743008
75957,1,0,0.07421693465935496
75971,0,0,0.07421693465935496
75979,0,0,0.013129704974743008
75991,0,0,0.07421693465935496
75992,0,0,0.013129704974743008
75994,0,0,0.013129704974743008
75997,0,0,0.07421693465935496
76000,0,0,0.013129704974743008
76002,0,0,0.013129704974743008
76007,0,0,0.07421693465935496
76008,0,0,0.013129704974743008
76010,0,0,0.013129704974743008
76011,0,0,0.013129704974743008
76021,0,0,0.013129704974743008
76037,0,0,0.013129704974743008
76046,0,0,0.013129704974743008
76059,0,0,0.013129704974743008
76060,0,0,0.013129704974743008
76066,0,0,0.013129704974743008
76075,0,0,0.013129704974743008
76079,0,0,0.013129704974743008
76088,0,0,0.07421693465935496
76113,0,0,0.013129704974743008
76114,0,0,0.013129704974743008
76115,0,0,0.013129704974743008
76116,0,0,0.013129704974743008
76117,0,0,0.013129704974743008
76122,1,1,1.0
76125,0,0,0.07421693465935496
76127,0,0,0.013129704974743008
76135,0,0,0.013129704974743008
76147,0,0,0.07421693465935496
76155,0,0,0.07421693465935496
76161,0,0,0.013129704974743008
76163,0,0,0.013129704974743008
76166,1,1,1.0
76170,1,1,1.0
76171,0,0,0.013129704974743008
76172,1,0,0.07421693465935496
76175,0,0,0.013129704974743008
76176,0,0,0.07421693465935496
76179,0,0,0.07421693465935496
76187,0,0,0.013129704974743008
76202,0,0,0.07421693465935496
76211,0,0,0.013129704974743008
76215,0,0,0.013129704974743008
76226,0,0,0.07421693465935496
76229,0,0,0.013129704974743008
76235,0,0,0.07421693465935496
76254,0,0,0.013129704974743008
76258,0,0,0.013129704974743008
76264,0,0,0.013129704974743008
76266,0,0,0.07421693465935496
76267,0,0,0.013129704974743008
76268,1,0,0.013129704974743008
76273,0,0,0.013129704974743008
76291,0,0,0.013129704974743008
76302,0,0,0.013129704974743008
76309,0,0,0.013129704974743008
76316,0,0,0.013129704974743008
76319,0,0,0.013129704974743008
76320,0,0,0.013129704974743008
76321,1,0,0.07421693465935496
76324,0,0,0.013129704974743008
76325,0,0,0.07421693465935496
76326,0,0,0.013129704974743008
76327,0,0,0.013129704974743008
76328,0,0,0.013129704974743008
76332,0,0,0.013129704974743008
76333,0,0,0.013129704974743008
76353,0,0,0.07421693465935496
76355,0,0,0.013129704974743008
76356,0,0,0.013129704974743008
76359,0,0,0.013129704974743008
76374,1,1,1.0
76382,0,0,0.013129704974743008
76384,0,0,0.013129704974743008
76389,0,0,0.013129704974743008
76391,1,0,0.07421693465935496
76395,0,0,0.013129704974743008
76396,0,0,0.013129704974743008
76398,0,0,0.013129704974743008
76408,0,0,0.013129704974743008
76415,0,0,0.07421693465935496
76416,0,0,0.013129704974743008
76425,0,0,0.013129704974743008
76430,0,0,0.013129704974743008
76438,0,0,0.013129704974743008
76443,0,0,0.013129704974743008
76453,0,0,0.07421693465935496
76455,0,0,0.07421693465935496
76457,0,0,0.013129704974743008
76464,0,0,0.013129704974743008
76465,1,1,1.0
76468,0,0,0.013129704974743008
76473,0,0,0.013129704974743008
76476,0,0,0.07421693465935496
76480,0,0,0.013129704974743008
76485,1,1,1.0
76486,0,0,0.013129704974743008
76497,0,0,0.013129704974743008
76498,0,0,0.013129704974743008
76499,0,0,0.013129704974743008
76503,0,0,0.013129704974743008
76505,0,0,0.013129704974743008
76507,0,0,0.013129704974743008
76508,0,0,0.013129704974743008
76516,0,0,0.07421693465935496
76519,0,0,0.013129704974743008
76520,0,0,0.07421693465935496
76522,1,1,1.0
76524,0,0,0.07421693465935496
76527,0,0,0.07421693465935496
76536,1,1,1.0
76537,0,0,0.013129704974743008
76550,0,0,0.013129704974743008
76553,0,0,0.013129704974743008
76555,0,0,0.013129704974743008
76556,0,0,0.013129704974743008
76562,0,0,0.013129704974743008
76564,0,0,0.07421693465935496
76572,0,0,0.013129704974743008
76576,0,0,0.013129704974743008
76579,0,0,0.013129704974743008
76594,0,0,0.013129704974743008
76604,0,0,0.013129704974743008
76610,0,0,0.013129704974743008
76611,0,0,0.07421693465935496
76615,0,0,0.013129704974743008
76616,0,0,0.013129704974743008
76619,0,0,0.013129704974743008
76630,0,0,0.013129704974743008
76635,0,0,0.013129704974743008
76636,0,0,0.013129704974743008
76651,1,1,1.0
76656,0,0,0.07421693465935496
76682,0,0,0.013129704974743008
76688,0,0,0.013129704974743008
76694,0,0,0.07421693465935496
76696,0,0,0.013129704974743008
76701,0,0,0.013129704974743008
76710,0,0,0.013129704974743008
76714,0,0,0.07421693465935496
76716,0,0,0.07421693465935496
76717,1,0,0.07421693465935496
76721,0,0,0.013129704974743008
76724,0,0,0.013129704974743008
76727,1,1,1.0
76737,0,0,0.013129704974743008
76742,0,0,0.013129704974743008
76746,0,0,0.013129704974743008
76747,0,0,0.07421693465935496
76759,0,0,0.013129704974743008
76761,0,0,0.013129704974743008
76783,0,0,0.013129704974743008
76786,0,0,0.07421693465935496
76790,0,0,0.013129704974743008
76794,0,0,0.013129704974743008
76797,0,0,0.013129704974743008
76800,0,0,0.013129704974743008
76805,0,0,0.07421693465935496
76810,1,1,1.0
76812,0,0,0.07421693465935496
76814,0,0,0.07421693465935496
76825,0,0,0.013129704974743008
76841,0,0,0.013129704974743008
76848,0,0,0.013129704974743008
76858,0,0,0.013129704974743008
76860,0,0,0.07421693465935496
76862,0,0,0.013129704974743008
76870,0,0,0.013129704974743008
76871,0,0,0.013129704974743008
76874,0,0,0.013129704974743008
76894,0,0,0.013129704974743008
76896,0,0,0.013129704974743008
76904,0,0,0.013129704974743008
76906,0,0,0.013129704974743008
76911,0,0,0.013129704974743008
76912,0,0,0.013129704974743008
76914,1,1,1.0
76918,0,0,0.07421693465935496
76923,1,1,1.0
76925,0,0,0.013129704974743008
76928,0,0,0.013129704974743008
76932,0,0,0.07421693465935496
76939,0,0,0.013129704974743008
76947,0,0,0.07421693465935496
76955,0,0,0.013129704974743008
76962,0,0,0.013129704974743008
76964,1,0,0.07421693465935496
76978,0,0,0.013129704974743008
76982,0,0,0.013129704974743008
76991,0,0,0.07421693465935496
76992,0,0,0.013129704974743008
76998,0,0,0.013129704974743008
76999,0,0,0.07421693465935496
77012,0,0,0.013129704974743008
77014,0,0,0.013129704974743008
77020,0,0,0.013129704974743008
77022,0,0,0.013129704974743008
77024,0,0,0.013129704974743008
77034,0,0,0.013129704974743008
77047,1,1,1.0
77059,0,0,0.013129704974743008
77060,0,0,0.013129704974743008
77061,1,1,1.0
77073,0,0,0.07421693465935496
77083,0,0,0.013129704974743008
77089,0,0,0.013129704974743008
77097,0,0,0.013129704974743008
77099,0,0,0.013129704974743008
77103,0,0,0.07421693465935496
77104,0,0,0.013129704974743008
77110,0,0,0.013129704974743008
77115,0,0,0.013129704974743008
77127,0,0,0.013129704974743008
77134,0,0,0.013129704974743008
77139,0,0,0.013129704974743008
77140,0,0,0.013129704974743008
77141,0,0,0.07421693465935496
77146,0,0,0.07421693465935496
77151,0,0,0.07421693465935496
77157,0,0,0.013129704974743008
77164,0,0,0.013129704974743008
77165,0,0,0.013129704974743008
77171,1,1,1.0
77173,0,0,0.013129704974743008
77180,0,0,0.07421693465935496
77184,0,0,0.07421693465935496
77197,0,0,0.013129704974743008
77202,1,1,1.0
77205,0,0,0.07421693465935496
77206,0,0,0.013129704974743008
77210,0,0,0.013129704974743008
77224,0,0,0.013129704974743008
77227,0,0,0.013129704974743008
77228,0,0,0.013129704974743008
77234,1,1,1.0
77236,0,0,0.07421693465935496
77239,0,0,0.013129704974743008
77246,1,0,0.07421693465935496
77247,1,0,0.07421693465935496
77251,0,0,0.07421693465935496
77254,0,0,0.013129704974743008
77255,0,0,0.07421693465935496
77266,0,0,0.013129704974743008
77267,0,0,0.07421693465935496
77275,0,0,0.07421693465935496
77287,0,0,0.013129704974743008
77299,0,0,0.013129704974743008
77304,0,0,0.013129704974743008
77312,1,1,1.0
77313,0,0,0.013129704974743008
77324,0,0,0.07421693465935496
77326,0,0,0.013129704974743008
77330,0,0,0.013129704974743008
77333,0,0,0.013129704974743008
77336,0,0,0.07421693465935496
77340,0,0,0.013129704974743008
77342,0,0,0.013129704974743008
77343,0,0,0.07421693465935496
77344,0,0,0.013129704974743008
77359,0,0,0.013129704974743008
77365,0,0,0.013129704974743008
77369,0,0,0.013129704974743008
77381,0,0,0.07421693465935496
77386,0,0,0.013129704974743008
77387,0,0,0.013129704974743008
77395,0,0,0.07421693465935496
77400,1,0,0.013129704974743008
77404,0,0,0.013129704974743008
77406,0,0,0.013129704974743008
77407,0,0,0.013129704974743008
77409,0,0,0.013129704974743008
77414,0,0,0.07421693465935496
77417,0,0,0.013129704974743008
77420,0,0,0.013129704974743008
77423,0,0,0.07421693465935496
77427,0,0,0.07421693465935496
77449,0,0,0.013129704974743008
77457,0,0,0.013129704974743008
77465,0,0,0.013129704974743008
77477,0,0,0.013129704974743008
77491,1,1,1.0
77494,0,0,0.013129704974743008
77496,0,0,0.013129704974743008
77497,0,0,0.07421693465935496
77504,0,0,0.013129704974743008
77506,0,0,0.07421693465935496
77512,0,0,0.013129704974743008
77517,0,0,0.013129704974743008
77518,0,0,0.013129704974743008
77520,0,0,0.07421693465935496
77523,0,0,0.013129704974743008
77524,0,0,0.013129704974743008
77525,0,0,0.013129704974743008
77529,0,0,0.013129704974743008
77538,0,0,0.07421693465935496
77548,0,0,0.07421693465935496
77549,0,0,0.013129704974743008
77565,0,0,0.013129704974743008
77567,0,0,0.013129704974743008
77571,0,0,0.013129704974743008
77585,0,0,0.013129704974743008
77589,0,0,0.013129704974743008
77603,0,0,0.013129704974743008
77612,1,1,1.0
77618,0,0,0.013129704974743008
77638,0,0,0.013129704974743008
77640,0,0,0.013129704974743008
77641,0,0,0.013129704974743008
77643,0,0,0.013129704974743008
77646,0,0,0.013129704974743008
77655,0,0,0.07421693465935496
77657,0,0,0.013129704974743008
77667,0,0,0.013129704974743008
77673,0,0,0.013129704974743008
77683,0,0,0.013129704974743008
77685,0,0,0.07421693465935496
77690,0,0,0.013129704974743008
77692,0,0,0.013129704974743008
77719,0,0,0.013129704974743008
77723,0,0,0.07421693465935496
77726,0,0,0.013129704974743008
77733,0,0,0.013129704974743008
77741,0,0,0.013129704974743008
77742,0,0,0.07421693465935496
77746,0,0,0.013129704974743008
77749,0,0,0.013129704974743008
77757,0,0,0.013129704974743008
77758,0,0,0.013129704974743008
77760,0,0,0.013129704974743008
77762,0,0,0.013129704974743008
77767,0,0,0.013129704974743008
77772,0,0,0.013129704974743008
77785,0,0,0.07421693465935496
77788,0,0,0.013129704974743008
77794,0,0,0.013129704974743008
77820,0,0,0.013129704974743008
77837,0,0,0.07421693465935496
77840,0,0,0.013129704974743008
77844,0,0,0.013129704974743008
77847,0,0,0.013129704974743008
77856,0,0,0.013129704974743008
77867,0,0,0.013129704974743008
77868,0,0,0.013129704974743008
77870,0,0,0.013129704974743008
77871,0,0,0.07421693465935496
77879,0,0,0.013129704974743008
77882,0,0,0.07421693465935496
77884,0,0,0.013129704974743008
77894,0,0,0.07421693465935496
77897,0,0,0.07421693465935496
77903,0,0,0.07421693465935496
77911,0,0,0.07421693465935496
77912,0,0,0.013129704974743008
77914,0,0,0.013129704974743008
77916,0,0,0.07421693465935496
77921,0,0,0.013129704974743008
77929,0,0,0.07421693465935496
77930,0,0,0.07421693465935496
77937,0,0,0.07421693465935496
77938,0,0,0.013129704974743008
77943,0,0,0.013129704974743008
77945,1,0,0.013129704974743008
77947,0,0,0.013129704974743008
77948,0,0,0.013129704974743008
77952,0,0,0.07421693465935496
77966,0,0,0.013129704974743008
77967,0,0,0.013129704974743008
77972,1,1,1.0
77973,0,0,0.07421693465935496
77975,0,0,0.013129704974743008
77985,0,0,0.013129704974743008
77987,0,0,0.013129704974743008
77988,0,0,0.07421693465935496
78004,0,0,0.013129704974743008
78005,0,0,0.013129704974743008
78007,0,0,0.07421693465935496
78010,0,0,0.07421693465935496
78015,0,0,0.07421693465935496
78017,0,0,0.07421693465935496
78020,0,0,0.013129704974743008
78023,0,0,0.07421693465935496
78026,1,0,0.013129704974743008
78030,0,0,0.07421693465935496
78034,0,0,0.013129704974743008
78035,0,0,0.013129704974743008
78040,0,0,0.013129704974743008
78045,0,0,0.07421693465935496
78051,0,0,0.013129704974743008
78059,0,0,0.07421693465935496
78061,0,0,0.013129704974743008
78066,0,0,0.013129704974743008
78078,0,0,0.013129704974743008
78080,1,1,1.0
78089,0,0,0.013129704974743008
78096,0,0,0.013129704974743008
78116,0,0,0.07421693465935496
78123,0,0,0.013129704974743008
78125,0,0,0.07421693465935496
78126,0,0,0.013129704974743008
78141,0,0,0.013129704974743008
78164,0,0,0.013129704974743008
78171,0,0,0.013129704974743008
78180,0,0,0.013129704974743008
78182,0,0,0.013129704974743008
78188,0,0,0.013129704974743008
78203,0,0,0.013129704974743008
78205,0,0,0.013129704974743008
78207,0,0,0.07421693465935496
78214,0,0,0.013129704974743008
78216,0,0,0.013129704974743008
78222,0,0,0.07421693465935496
78229,0,0,0.013129704974743008
78230,0,0,0.013129704974743008
78239,0,0,0.013129704974743008
78241,0,0,0.013129704974743008
78247,0,0,0.013129704974743008
78248,0,0,0.013129704974743008
78249,0,0,0.013129704974743008
78261,0,0,0.013129704974743008
78264,0,0,0.07421693465935496
78265,0,0,0.07421693465935496
78278,0,0,0.013129704974743008
78283,0,0,0.013129704974743008
78303,0,0,0.07421693465935496
78309,0,0,0.013129704974743008
78311,0,0,0.013129704974743008
78312,0,0,0.07421693465935496
78319,0,0,0.013129704974743008
78327,0,0,0.07421693465935496
78332,0,0,0.013129704974743008
78336,0,0,0.013129704974743008
78342,0,0,0.013129704974743008
78352,0,0,0.07421693465935496
78354,0,0,0.013129704974743008
78357,0,0,0.013129704974743008
78358,0,0,0.013129704974743008
78360,0,0,0.013129704974743008
78363,0,0,0.013129704974743008
78365,0,0,0.013129704974743008
78370,0,0,0.07421693465935496
78379,0,0,0.013129704974743008
78407,0,0,0.013129704974743008
78412,0,0,0.013129704974743008
78414,1,1,1.0
78425,0,0,0.013129704974743008
78430,0,0,0.07421693465935496
78436,1,1,1.0
78439,0,0,0.013129704974743008
78442,1,1,1.0
78444,0,0,0.013129704974743008
78446,0,0,0.013129704974743008
78449,0,0,0.07421693465935496
78450,0,0,0.013129704974743008
78451,0,0,0.013129704974743008
78452,0,0,0.013129704974743008
78456,0,0,0.013129704974743008
78464,0,0,0.013129704974743008
78465,1,1,1.0
78467,0,0,0.07421693465935496
78472,1,1,1.0
78475,0,0,0.07421693465935496
78480,0,0,0.07421693465935496
78492,0,0,0.013129704974743008
78498,0,0,0.07421693465935496
78500,0,0,0.013129704974743008
78508,0,0,0.07421693465935496
78511,0,0,0.013129704974743008
78514,0,0,0.013129704974743008
78518,0,0,0.07421693465935496
78519,1,0,0.07421693465935496
78520,0,0,0.07421693465935496
78525,0,0,0.07421693465935496
78526,0,0,0.07421693465935496
78530,0,0,0.013129704974743008
78535,0,0,0.013129704974743008
78558,0,0,0.07421693465935496
78561,0,0,0.013129704974743008
78569,0,0,0.013129704974743008
78574,0,0,0.013129704974743008
78580,0,0,0.013129704974743008
78582,0,0,0.07421693465935496
78583,1,0,0.013129704974743008
78584,0,0,0.013129704974743008
78601,0,0,0.07421693465935496
78604,0,0,0.013129704974743008
78617,1,1,1.0
78629,0,0,0.013129704974743008
78635,1,1,1.0
78637,0,0,0.013129704974743008
78649,0,0,0.07421693465935496
78650,0,0,0.013129704974743008
78651,0,0,0.013129704974743008
78656,0,0,0.013129704974743008
78661,0,0,0.013129704974743008
78668,0,0,0.07421693465935496
78671,1,1,1.0
78672,0,0,0.013129704974743008
78677,0,0,0.07421693465935496
78688,0,0,0.013129704974743008
78692,0,0,0.013129704974743008
78696,0,0,0.013129704974743008
78709,0,0,0.013129704974743008
78712,1,1,1.0
78719,0,0,0.07421693465935496
78721,0,0,0.013129704974743008
78734,0,0,0.013129704974743008
78735,0,0,0.013129704974743008
78736,0,0,0.013129704974743008
78738,0,0,0.013129704974743008
78743,0,0,0.013129704974743008
78749,0,0,0.013129704974743008
78752,0,0,0.07421693465935496
78754,1,1,1.0
78755,0,0,0.07421693465935496
78760,0,0,0.013129704974743008
78769,0,0,0.013129704974743008
78782,0,0,0.013129704974743008
78790,0,0,0.07421693465935496
78811,0,0,0.013129704974743008
78812,0,0,0.07421693465935496
78816,0,0,0.013129704974743008
78818,1,1,1.0
78826,0,0,0.013129704974743008
78830,0,0,0.013129704974743008
78836,1,0,0.013129704974743008
78838,0,0,0.07421693465935496
78844,0,0,0.013129704974743008
78846,0,0,0.013129704974743008
78848,0,0,0.013129704974743008
78853,0,0,0.07421693465935496
78854,0,0,0.013129704974743008
78855,0,0,0.013129704974743008
78866,0,0,0.013129704974743008
78871,0,0,0.013129704974743008
78885,0,0,0.013129704974743008
78909,0,0,0.07421693465935496
78912,0,0,0.013129704974743008
78920,0,0,0.013129704974743008
78924,0,0,0.013129704974743008
78931,0,0,0.07421693465935496
78934,0,0,0.07421693465935496
78939,0,0,0.07421693465935496
78948,0,0,0.013129704974743008
78959,0,0,0.013129704974743008
78963,0,0,0.013129704974743008
78973,0,0,0.013129704974743008
78975,0,0,0.07421693465935496
78993,1,1,1.0
79009,0,0,0.013129704974743008
79025,0,0,0.013129704974743008
79026,0,0,0.013129704974743008
79028,0,0,0.013129704974743008
79037,0,0,0.013129704974743008
79043,0,0,0.013129704974743008
79045,0,0,0.013129704974743008
79046,0,0,0.013129704974743008
79058,0,0,0.013129704974743008
79067,0,0,0.013129704974743008
79072,0,0,0.013129704974743008
79076,0,0,0.013129704974743008
79078,0,0,0.07421693465935496
79081,0,0,0.013129704974743008
79100,0,0,0.013129704974743008
79105,0,0,0.013129704974743008
79106,0,0,0.013129704974743008
79107,0,0,0.013129704974743008
79108,0,0,0.013129704974743008
79120,0,0,0.013129704974743008
79125,0,0,0.013129704974743008
79127,0,0,0.013129704974743008
79128,1,0,0.013129704974743008
79131,0,0,0.013129704974743008
79140,0,0,0.013129704974743008
79147,0,0,0.07421693465935496
79149,1,0,0.013129704974743008
79158,0,0,0.013129704974743008
79176,0,0,0.013129704974743008
79179,0,0,0.013129704974743008
79185,0,0,0.07421693465935496
79186,0,0,0.013129704974743008
79187,1,1,1.0
79189,0,0,0.013129704974743008
79191,0,0,0.07421693465935496
79195,0,0,0.07421693465935496
79204,0,0,0.07421693465935496
79208,0,0,0.07421693465935496
79211,0,0,0.013129704974743008
79212,0,0,0.07421693465935496
79214,0,0,0.013129704974743008
79216,0,0,0.07421693465935496
79225,0,0,0.013129704974743008
79240,0,0,0.013129704974743008
79251,0,0,0.013129704974743008
79255,0,0,0.013129704974743008
79259,0,0,0.07421693465935496
79289,0,0,0.013129704974743008
79291,0,0,0.013129704974743008
79305,0,0,0.013129704974743008
79310,0,0,0.07421693465935496
79314,0,0,0.07421693465935496
79320,0,0,0.013129704974743008
79321,0,0,0.013129704974743008
79326,0,0,0.013129704974743008
79327,0,0,0.013129704974743008
79330,0,0,0.013129704974743008
79334,0,0,0.013129704974743008
79344,0,0,0.013129704974743008
79347,1,0,0.013129704974743008
79349,0,0,0.07421693465935496
79354,0,0,0.013129704974743008
79356,0,0,0.013129704974743008
79366,0,0,0.013129704974743008
79370,0,0,0.013129704974743008
79372,0,0,0.07421693465935496
79375,0,0,0.013129704974743008
79381,0,0,0.013129704974743008
79385,0,0,0.07421693465935496
79397,0,0,0.07421693465935496
79399,0,0,0.013129704974743008
79401,0,0,0.07421693465935496
79407,0,0,0.013129704974743008
79412,0,0,0.07421693465935496
79421,0,0,0.013129704974743008
79422,0,0,0.013129704974743008
79424,0,0,0.07421693465935496
79430,0,0,0.013129704974743008
79433,0,0,0.013129704974743008
79441,0,0,0.013129704974743008
79447,0,0,0.013129704974743008
79448,0,0,0.013129704974743008
79466,0,0,0.013129704974743008
79467,0,0,0.07421693465935496
79476,0,0,0.013129704974743008
79482,0,0,0.013129704974743008
79488,0,0,0.07421693465935496
79495,0,0,0.013129704974743008
79502,1,0,0.013129704974743008
79506,0,0,0.013129704974743008
79510,0,0,0.07421693465935496
79511,1,1,1.0
79513,0,0,0.07421693465935496
79515,0,0,0.013129704974743008
79519,0,0,0.013129704974743008
79521,0,0,0.07421693465935496
79524,0,0,0.013129704974743008
79526,0,0,0.07421693465935496
79529,0,0,0.013129704974743008
79533,0,0,0.07421693465935496
79534,0,0,0.013129704974743008
79541,0,0,0.013129704974743008
79542,0,0,0.013129704974743008
79550,0,0,0.013129704974743008
79552,0,0,0.013129704974743008
79557,0,0,0.013129704974743008
79571,0,0,0.013129704974743008
79572,0,0,0.013129704974743008
79573,0,0,0.013129704974743008
79584,0,0,0.013129704974743008
79589,0,0,0.013129704974743008
79594,0,0,0.013129704974743008
79595,0,0,0.07421693465935496
79598,0,0,0.013129704974743008
79612,0,0,0.07421693465935496
79620,0,0,0.013129704974743008
79623,0,0,0.07421693465935496
79625,1,1,1.0
79638,0,0,0.013129704974743008
79642,0,0,0.07421693465935496
79646,0,0,0.013129704974743008
79650,0,0,0.013129704974743008
79654,0,0,0.07421693465935496
79659,0,0,0.013129704974743008
79662,0,0,0.013129704974743008
79667,0,0,0.07421693465935496
79669,0,0,0.07421693465935496
79678,1,1,1.0
79679,0,0,0.013129704974743008
79681,0,0,0.013129704974743008
79693,0,0,0.013129704974743008
79709,0,0,0.013129704974743008
79719,0,0,0.013129704974743008
79727,0,0,0.013129704974743008
79730,0,0,0.013129704974743008
79735,0,0,0.07421693465935496
79739,0,0,0.013129704974743008
79740,0,0,0.07421693465935496
79742,0,0,0.013129704974743008
79749,0,0,0.013129704974743008
79752,0,0,0.013129704974743008
79754,0,0,0.013129704974743008
79761,0,0,0.013129704974743008
79763,0,0,0.07421693465935496
79764,0,0,0.013129704974743008
79777,0,0,0.013129704974743008
79781,0,0,0.013129704974743008
79783,0,0,0.013129704974743008
79790,0,0,0.013129704974743008
79799,0,0,0.013129704974743008
79800,0,0,0.013129704974743008
79807,0,0,0.013129704974743008
79809,1,1,1.0
79811,1,0,0.07421693465935496
79814,0,0,0.013129704974743008
79818,0,0,0.013129704974743008
79821,0,0,0.013129704974743008
79823,0,0,0.07421693465935496
79825,0,0,0.07421693465935496
79830,0,0,0.013129704974743008
79833,0,0,0.013129704974743008
79838,1,1,1.0
79839,0,0,0.07421693465935496
79841,0,0,0.07421693465935496
79843,0,0,0.013129704974743008
79847,0,0,0.013129704974743008
79850,0,0,0.013129704974743008
79864,1,1,1.0
79866,0,0,0.013129704974743008
79869,0,0,0.07421693465935496
79878,0,0,0.013129704974743008
79879,0,0,0.013129704974743008
79889,0,0,0.013129704974743008
79911,0,0,0.013129704974743008
79912,0,0,0.07421693465935496
79919,0,0,0.013129704974743008
79924,0,0,0.07421693465935496
79934,0,0,0.07421693465935496
79940,0,0,0.013129704974743008
79941,0,0,0.013129704974743008
79954,0,0,0.013129704974743008
79967,1,0,0.07421693465935496
79968,0,0,0.07421693465935496
79970,0,0,0.07421693465935496
79971,0,0,0.013129704974743008
79975,0,0,0.07421693465935496
79983,0,0,0.013129704974743008
79986,0,0,0.013129704974743008
79989,0,0,0.07421693465935496
79992,0,0,0.013129704974743008
79995,1,1,1.0
80000,0,0,0.013129704974743008
80016,0,0,0.013129704974743008
80021,1,0,0.013129704974743008
80022,0,0,0.013129704974743008
80026,0,0,0.07421693465935496
80035,0,0,0.07421693465935496
80036,0,0,0.013129704974743008
80042,0,0,0.013129704974743008
80043,0,0,0.013129704974743008
80044,0,0,0.07421693465935496
80054,0,0,0.07421693465935496
80059,1,1,1.0
80065,0,0,0.07421693465935496
80084,0,0,0.013129704974743008
80086,1,1,1.0
80091,0,0,0.013129704974743008
80097,0,0,0.07421693465935496
80100,0,0,0.013129704974743008
80108,0,0,0.07421693465935496
80127,0,0,0.013129704974743008
80134,0,0,0.013129704974743008
80141,0,0,0.013129704974743008
80144,0,0,0.013129704974743008
80154,0,0,0.013129704974743008
80155,0,0,0.013129704974743008
80160,0,0,0.07421693465935496
80167,1,1,1.0
80185,0,0,0.013129704974743008
80186,0,0,0.013129704974743008
80203,0,0,0.07421693465935496
80209,1,1,1.0
80217,0,0,0.07421693465935496
80219,0,0,0.013129704974743008
80225,0,0,0.013129704974743008
80238,0,0,0.013129704974743008
80243,0,0,0.013129704974743008
80247,0,0,0.013129704974743008
80249,0,0,0.013129704974743008
80254,0,0,0.013129704974743008
80261,0,0,0.013129704974743008
80262,0,0,0.07421693465935496
80265,0,0,0.07421693465935496
80273,0,0,0.013129704974743008
80286,0,0,0.07421693465935496
80296,0,0,0.013129704974743008
80303,0,0,0.013129704974743008
80315,0,0,0.013129704974743008
80321,0,0,0.013129704974743008
80335,0,0,0.07421693465935496
80340,0,0,0.013129704974743008
80349,0,0,0.013129704974743008
80351,0,0,0.013129704974743008
80357,0,0,0.013129704974743008
80359,1,1,1.0
80376,0,0,0.07421693465935496
80377,0,0,0.013129704974743008
80394,0,0,0.013129704974743008
80406,0,0,0.013129704974743008
80414,0,0,0.013129704974743008
80417,0,0,0.07421693465935496
80418,0,0,0.07421693465935496
80420,0,0,0.013129704974743008
80428,0,0,0.07421693465935496
80430,0,0,0.013129704974743008
80432,0,0,0.013129704974743008
80435,0,0,0.07421693465935496
80442,0,0,0.013129704974743008
80446,0,0,0.013129704974743008
80449,0,0,0.013129704974743008
80462,0,0,0.013129704974743008
80466,0,0,0.013129704974743008
80472,0,0,0.07421693465935496
80475,1,0,0.07421693465935496
80484,0,0,0.013129704974743008
80487,0,0,0.013129704974743008
80489,0,0,0.013129704974743008
80491,0,0,0.013129704974743008
80499,0,0,0.07421693465935496
80502,0,0,0.013129704974743008
80509,0,0,0.013129704974743008
80512,0,0,0.07421693465935496
80513,0,0,0.07421693465935496
80521,0,0,0.07421693465935496
80534,0,0,0.07421693465935496
80550,0,0,0.07421693465935496
80553,0,0,0.013129704974743008
80556,0,0,0.013129704974743008
80563,0,0,0.07421693465935496
80578,0,0,0.013129704974743008
80579,0,0,0.013129704974743008
80584,0,0,0.013129704974743008
80589,0,0,0.013129704974743008
80590,0,0,0.013129704974743008
80591,0,0,0.013129704974743008
80601,0,0,0.013129704974743008
80602,0,0,0.013129704974743008
80606,1,0,0.07421693465935496
80612,0,0,0.013129704974743008
80617,0,0,0.013129704974743008
80619,0,0,0.013129704974743008
80620,0,0,0.013129704974743008
80623,0,0,0.013129704974743008
80625,0,0,0.07421693465935496
80631,1,0,0.07421693465935496
80647,0,0,0.07421693465935496
80650,1,1,1.0
80653,0,0,0.013129704974743008
80655,0,0,0.013129704974743008
80656,0,0,0.013129704974743008
80665,0,0,0.013129704974743008
80672,0,0,0.013129704974743008
80679,0,0,0.013129704974743008
80681,1,1,1.0
80686,1,1,1.0
80687,0,0,0.07421693465935496
80693,0,0,0.07421693465935496
80695,0,0,0.013129704974743008
80706,0,0,0.013129704974743008
80710,0,0,0.013129704974743008
80718,0,0,0.013129704974743008
80724,0,0,0.07421693465935496
80739,0,0,0.07421693465935496
80742,1,0,0.07421693465935496
80757,0,0,0.013129704974743008
80761,1,1,1.0
80777,0,0,0.013129704974743008
80780,0,0,0.07421693465935496
80784,0,0,0.013129704974743008
80791,0,0,0.07421693465935496
80794,0,0,0.07421693465935496
80802,0,0,0.013129704974743008
80803,0,0,0.013129704974743008
80804,0,0,0.013129704974743008
80806,0,0,0.013129704974743008
80809,0,0,0.013129704974743008
80812,1,1,1.0
80814,0,0,0.013129704974743008
80815,0,0,0.013129704974743008
80820,0,0,0.07421693465935496
80821,0,0,0.07421693465935496
80822,0,0,0.07421693465935496
80823,0,0,0.013129704974743008
80834,0,0,0.013129704974743008
80845,0,0,0.013129704974743008
80850,1,1,1.0
80856,0,0,0.07421693465935496
80858,0,0,0.013129704974743008
80866,0,0,0.07421693465935496
80873,0,0,0.013129704974743008
80874,0,0,0.013129704974743008
80882,0,0,0.013129704974743008
80893,0,0,0.013129704974743008
80894,0,0,0.07421693465935496
80895,0,0,0.013129704974743008
80922,1,1,1.0
80932,0,0,0.013129704974743008
80935,1,0,0.07421693465935496
80936,1,1,1.0
80938,0,0,0.07421693465935496
80940,0,0,0.013129704974743008
80942,0,0,0.013129704974743008
80945,0,0,0.013129704974743008
80952,0,0,0.07421693465935496
80958,0,0,0.013129704974743008
80965,0,0,0.013129704974743008
80969,1,0,0.07421693465935496
80973,0,0,0.07421693465935496
80975,1,0,0.07421693465935496
80977,0,0,0.013129704974743008
80987,0,0,0.07421693465935496
80990,0,0,0.013129704974743008
80991,0,0,0.013129704974743008
80996,0,0,0.07421693465935496
81008,0,0,0.013129704974743008
81015,0,0,0.07421693465935496
81018,0,0,0.013129704974743008
81046,0,0,0.013129704974743008
81048,0,0,0.07421693465935496
81053,0,0,0.013129704974743008
81060,1,1,1.0
81063,1,0,0.07421693465935496
81071,0,0,0.013129704974743008
81074,0,0,0.013129704974743008
81077,0,0,0.07421693465935496
81079,0,0,0.07421693465935496
81082,0,0,0.013129704974743008
81092,0,0,0.013129704974743008
81103,0,0,0.07421693465935496
81108,0,0,0.013129704974743008
81110,0,0,0.07421693465935496
81127,0,0,0.013129704974743008
81132,0,0,0.013129704974743008
81147,1,1,1.0
81148,0,0,0.013129704974743008
81151,0,0,0.07421693465935496
81160,0,0,0.07421693465935496
81161,0,0,0.013129704974743008
81166,0,0,0.013129704974743008
81169,0,0,0.013129704974743008
81175,0,0,0.013129704974743008
81176,0,0,0.013129704974743008
81183,1,1,1.0
81184,0,0,0.013129704974743008
81185,0,0,0.013129704974743008
81186,0,0,0.013129704974743008
81190,1,0,0.07421693465935496
81197,0,0,0.013129704974743008
81213,1,0,0.07421693465935496
81214,0,0,0.013129704974743008
81222,0,0,0.013129704974743008
81225,0,0,0.07421693465935496
81231,0,0,0.07421693465935496
81236,0,0,0.07421693465935496
81243,0,0,0.013129704974743008
81244,0,0,0.013129704974743008
81245,1,1,1.0
81246,0,0,0.07421693465935496
81252,0,0,0.013129704974743008
81257,0,0,0.07421693465935496
81258,0,0,0.013129704974743008
81264,0,0,0.013129704974743008
81267,1,1,1.0
81270,0,0,0.013129704974743008
81271,0,0,0.013129704974743008
81277,0,0,0.07421693465935496
81278,0,0,0.07421693465935496
81288,0,0,0.013129704974743008
81295,0,0,0.013129704974743008
81296,1,1,1.0
81298,0,0,0.013129704974743008
81302,0,0,0.013129704974743008
81307,0,0,0.07421693465935496
81316,0,0,0.07421693465935496
81320,0,0,0.013129704974743008
81329,1,1,1.0
81330,0,0,0.07421693465935496
81332,0,0,0.013129704974743008
81333,0,0,0.07421693465935496
81334,0,0,0.013129704974743008
81335,0,0,0.013129704974743008
81346,1,1,1.0
81351,0,0,0.013129704974743008
81364,0,0,0.013129704974743008
81371,1,1,1.0
81385,0,0,0.013129704974743008
81387,0,0,0.013129704974743008
81397,1,1,1.0
81401,0,0,0.013129704974743008
81402,0,0,0.013129704974743008
81403,0,0,0.013129704974743008
81405,0,0,0.07421693465935496
81407,1,1,1.0
81408,0,0,0.013129704974743008
81411,0,0,0.013129704974743008
81419,0,0,0.07421693465935496
81422,0,0,0.013129704974743008
81423,0,0,0.013129704974743008
81426,0,0,0.013129704974743008
81427,0,0,0.07421693465935496
81430,0,0,0.07421693465935496
81450,0,0,0.07421693465935496
81459,0,0,0.07421693465935496
81469,0,0,0.013129704974743008
81481,0,0,0.013129704974743008
81482,0,0,0.07421693465935496
81494,0,0,0.07421693465935496
81495,0,0,0.013129704974743008
81501,0,0,0.013129704974743008
81507,1,0,0.013129704974743008
81509,0,0,0.013129704974743008
81511,0,0,0.013129704974743008
81517,0,0,0.013129704974743008
81521,0,0,0.013129704974743008
81528,0,0,0.013129704974743008
81530,0,0,0.013129704974743008
81535,0,0,0.013129704974743008
81538,0,0,0.013129704974743008
81545,0,0,0.013129704974743008
81565,0,0,0.07421693465935496
81573,0,0,0.013129704974743008
81574,1,1,1.0
81579,0,0,0.013129704974743008
81583,0,0,0.013129704974743008
81590,0,0,0.013129704974743008
81602,0,0,0.013129704974743008
81614,1,1,1.0
81615,0,0,0.013129704974743008
81616,0,0,0.013129704974743008
81617,0,0,0.013129704974743008
81619,0,0,0.013129704974743008
81620,0,0,0.013129704974743008
81622,0,0,0.07421693465935496
81626,0,0,0.013129704974743008
81631,1,1,1.0
81638,1,0,0.013129704974743008
81646,0,0,0.013129704974743008
81647,1,0,0.07421693465935496
81648,0,0,0.07421693465935496
81655,0,0,0.013129704974743008
81658,0,0,0.013129704974743008
81661,0,0,0.07421693465935496
81669,0,0,0.07421693465935496
81684,0,0,0.07421693465935496
81691,0,0,0.013129704974743008
81701,0,0,0.013129704974743008
81702,1,0,0.013129704974743008
81704,0,0,0.013129704974743008
81709,0,0,0.013129704974743008
81710,0,0,0.013129704974743008
81716,0,0,0.07421693465935496
81720,0,0,0.013129704974743008
81722,0,0,0.07421693465935496
81723,0,0,0.013129704974743008
81725,0,0,0.013129704974743008
81727,0,0,0.013129704974743008
81729,0,0,0.07421693465935496
81731,0,0,0.013129704974743008
81739,0,0,0.07421693465935496
81741,1,1,1.0
81743,0,0,0.013129704974743008
81744,0,0,0.013129704974743008
81750,0,0,0.013129704974743008
81751,0,0,0.07421693465935496
81752,0,0,0.013129704974743008
81754,0,0,0.013129704974743008
81755,0,0,0.07421693465935496
81761,0,0,0.013129704974743008
81762,0,0,0.013129704974743008
81773,0,0,0.013129704974743008
81775,0,0,0.07421693465935496
81782,0,0,0.013129704974743008
81783,0,0,0.013129704974743008
81784,0,0,0.013129704974743008
81785,1,1,1.0
81813,0,0,0.07421693465935496
81832,0,0,0.013129704974743008
81836,0,0,0.013129704974743008
81839,0,0,0.013129704974743008
81851,0,0,0.013129704974743008
81854,0,0,0.013129704974743008
81863,0,0,0.013129704974743008
81868,0,0,0.07421693465935496
81869,0,0,0.07421693465935496
81870,0,0,0.013129704974743008
81874,0,0,0.07421693465935496
81875,0,0,0.013129704974743008
81878,0,0,0.013129704974743008
81890,1,1,1.0
81895,0,0,0.013129704974743008
81896,0,0,0.07421693465935496
81900,0,0,0.07421693465935496
81910,0,0,0.07421693465935496
81918,0,0,0.07421693465935496
81943,0,0,0.07421693465935496
81947,1,1,1.0
81948,0,0,0.07421693465935496
81949,0,0,0.07421693465935496
81953,0,0,0.07421693465935496
81955,0,0,0.07421693465935496
81967,0,0,0.013129704974743008
81969,0,0,0.013129704974743008
81970,0,0,0.07421693465935496
81973,0,0,0.013129704974743008
81975,0,0,0.013129704974743008
82002,0,0,0.013129704974743008
82003,0,0,0.013129704974743008
82004,0,0,0.013129704974743008
82006,0,0,0.013129704974743008
82009,0,0,0.013129704974743008
82012,0,0,0.013129704974743008
82019,0,0,0.013129704974743008
82023,0,0,0.07421693465935496
82024,0,0,0.013129704974743008
82027,0,0,0.07421693465935496
82029,0,0,0.013129704974743008
82039,0,0,0.013129704974743008
82041,0,0,0.07421693465935496
82042,0,0,0.013129704974743008
82043,0,0,0.013129704974743008
82045,0,0,0.07421693465935496
82051,0,0,0.013129704974743008
82053,0,0,0.013129704974743008
82054,0,0,0.07421693465935496
82058,0,0,0.013129704974743008
82062,0,0,0.013129704974743008
82067,0,0,0.07421693465935496
82075,0,0,0.013129704974743008
82085,0,0,0.013129704974743008
82091,0,0,0.013129704974743008
82095,0,0,0.07421693465935496
82099,0,0,0.013129704974743008
82101,1,0,0.07421693465935496
82109,0,0,0.07421693465935496
82119,0,0,0.013129704974743008
82126,0,0,0.013129704974743008
82135,0,0,0.013129704974743008
82150,0,0,0.013129704974743008
82159,0,0,0.013129704974743008
82161,0,0,0.013129704974743008
82162,0,0,0.013129704974743008
82165,0,0,0.013129704974743008
82181,0,0,0.013129704974743008
82183,0,0,0.013129704974743008
82187,1,1,1.0
82191,0,0,0.013129704974743008
82200,0,0,0.07421693465935496
82204,0,0,0.013129704974743008
82207,0,0,0.013129704974743008
82210,1,0,0.07421693465935496
82212,0,0,0.013129704974743008
82219,0,0,0.07421693465935496
82221,0,0,0.013129704974743008
82224,0,0,0.013129704974743008
82231,0,0,0.013129704974743008
82237,0,0,0.07421693465935496
82241,0,0,0.013129704974743008
82242,0,0,0.013129704974743008
82243,0,0,0.013129704974743008
82248,0,0,0.013129704974743008
82249,0,0,0.013129704974743008
82250,0,0,0.07421693465935496
82255,0,0,0.07421693465935496
82261,0,0,0.013129704974743008
82263,0,0,0.013129704974743008
82266,0,0,0.013129704974743008
82268,0,0,0.07421693465935496
82269,0,0,0.013129704974743008
82271,0,0,0.07421693465935496
82278,0,0,0.07421693465935496
82291,0,0,0.013129704974743008
82293,0,0,0.07421693465935496
82295,0,0,0.07421693465935496
82308,0,0,0.013129704974743008
82314,0,0,0.013129704974743008
82332,0,0,0.013129704974743008
82337,0,0,0.013129704974743008
82338,0,0,0.07421693465935496
82347,0,0,0.013129704974743008
82365,0,0,0.013129704974743008
82366,0,0,0.013129704974743008
82367,0,0,0.013129704974743008
82373,1,1,1.0
82377,0,0,0.07421693465935496
82379,0,0,0.013129704974743008
82388,0,0,0.013129704974743008
82403,0,0,0.07421693465935496
82405,0,0,0.07421693465935496
82408,0,0,0.013129704974743008
82414,0,0,0.013129704974743008
82416,0,0,0.013129704974743008
82420,1,1,1.0
82421,0,0,0.07421693465935496
82422,0,0,0.013129704974743008
82432,0,0,0.013129704974743008
82436,0,0,0.07421693465935496
82437,0,0,0.013129704974743008
82440,1,1,1.0
82441,0,0,0.013129704974743008
82445,0,0,0.013129704974743008
82458,1,1,1.0
82460,0,0,0.013129704974743008
82464,1,1,1.0
82465,0,0,0.013129704974743008
82476,0,0,0.07421693465935496
82479,0,0,0.013129704974743008
82480,0,0,0.013129704974743008
82481,0,0,0.013129704974743008
82482,0,0,0.013129704974743008
82483,0,0,0.07421693465935496
82491,0,0,0.013129704974743008
82492,0,0,0.013129704974743008
82493,0,0,0.013129704974743008
82496,0,0,0.013129704974743008
82500,0,0,0.013129704974743008
82502,1,0,0.013129704974743008
82508,1,1,1.0
82513,0,0,0.013129704974743008
82520,0,0,0.07421693465935496
82536,0,0,0.013129704974743008
82537,0,0,0.013129704974743008
82543,0,0,0.07421693465935496
82551,0,0,0.07421693465935496
82553,0,0,0.013129704974743008
82555,0,0,0.07421693465935496
82558,0,0,0.013129704974743008
82561,0,0,0.013129704974743008
82579,0,0,0.07421693465935496
82581,0,0,0.07421693465935496
82582,0,0,0.013129704974743008
82599,0,0,0.013129704974743008
82602,1,1,1.0
82608,0,0,0.07421693465935496
82617,0,0,0.07421693465935496
82618,0,0,0.07421693465935496
82623,0,0,0.013129704974743008
82624,1,0,0.07421693465935496
82625,0,0,0.013129704974743008
82630,0,0,0.013129704974743008
82635,0,0,0.013129704974743008
82637,0,0,0.013129704974743008
82645,1,1,1.0
82649,0,0,0.07421693465935496
82650,0,0,0.013129704974743008
82652,0,0,0.013129704974743008
82655,1,0,0.013129704974743008
82658,0,0,0.013129704974743008
82665,0,0,0.013129704974743008
82669,1,1,1.0
82671,0,0,0.013129704974743008
82679,0,0,0.013129704974743008
82680,1,1,1.0
82683,0,0,0.013129704974743008
82685,0,0,0.013129704974743008
82697,0,0,0.07421693465935496
82702,1,0,0.07421693465935496
82705,0,0,0.07421693465935496
82709,0,0,0.07421693465935496
82711,0,0,0.013129704974743008
82716,1,0,0.013129704974743008
82720,0,0,0.07421693465935496
82721,0,0,0.013129704974743008
82731,0,0,0.07421693465935496
82754,0,0,0.07421693465935496
82770,0,0,0.07421693465935496
82771,0,0,0.07421693465935496
82775,1,1,1.0
82776,0,0,0.013129704974743008
82779,1,0,0.07421693465935496
82790,0,0,0.07421693465935496
82793,0,0,0.013129704974743008
82804,0,0,0.013129704974743008
82805,0,0,0.013129704974743008
82809,0,0,0.013129704974743008
82812,0,0,0.013129704974743008
82815,0,0,0.013129704974743008
82821,0,0,0.013129704974743008
82830,0,0,0.013129704974743008
82846,1,1,1.0
82862,0,0,0.013129704974743008
82873,0,0,0.013129704974743008
82878,0,0,0.013129704974743008
82879,1,0,0.07421693465935496
82887,0,0,0.07421693465935496
82899,0,0,0.013129704974743008
82910,0,0,0.013129704974743008
82917,0,0,0.013129704974743008
82930,0,0,0.07421693465935496
82931,0,0,0.013129704974743008
82932,0,0,0.07421693465935496
82935,0,0,0.07421693465935496
82936,0,0,0.013129704974743008
82940,0,0,0.07421693465935496
82944,0,0,0.013129704974743008
82951,0,0,0.013129704974743008
82964,0,0,0.013129704974743008
82965,0,0,0.07421693465935496
82976,0,0,0.07421693465935496
82978,0,0,0.013129704974743008
83003,0,0,0.07421693465935496
83006,0,0,0.013129704974743008
83007,0,0,0.013129704974743008
83008,0,0,0.013129704974743008
83011,0,0,0.013129704974743008
83031,0,0,0.013129704974743008
83038,0,0,0.013129704974743008
83039,0,0,0.013129704974743008
83046,0,0,0.07421693465935496
83054,0,0,0.013129704974743008
83057,0,0,0.013129704974743008
83061,0,0,0.07421693465935496
83066,0,0,0.07421693465935496
83067,0,0,0.07421693465935496
83068,0,0,0.013129704974743008
83078,0,0,0.013129704974743008
83080,1,1,1.0
83084,0,0,0.013129704974743008
83087,1,0,0.013129704974743008
83088,0,0,0.013129704974743008
83090,1,1,1.0
83092,0,0,0.07421693465935496
83096,0,0,0.013129704974743008
83105,0,0,0.013129704974743008
83109,0,0,0.013129704974743008
83116,0,0,0.013129704974743008
83121,0,0,0.013129704974743008
83125,1,0,0.07421693465935496
83138,0,0,0.013129704974743008
83139,0,0,0.013129704974743008
83145,0,0,0.013129704974743008
83151,0,0,0.07421693465935496
83155,0,0,0.013129704974743008
83165,0,0,0.07421693465935496
83168,0,0,0.013129704974743008
83172,0,0,0.013129704974743008
83174,0,0,0.013129704974743008
83180,0,0,0.013129704974743008
83184,0,0,0.07421693465935496
83185,0,0,0.013129704974743008
83186,0,0,0.07421693465935496
83193,0,0,0.013129704974743008
83199,0,0,0.013129704974743008
83205,0,0,0.07421693465935496
83206,0,0,0.013129704974743008
83218,0,0,0.013129704974743008
83237,0,0,0.013129704974743008
83242,0,0,0.013129704974743008
83244,0,0,0.013129704974743008
83254,0,0,0.013129704974743008
83256,0,0,0.013129704974743008
83258,0,0,0.013129704974743008
83270,1,1,1.0
83276,1,1,1.0
83277,0,0,0.07421693465935496
83284,0,0,0.07421693465935496
83289,0,0,0.013129704974743008
83290,1,1,1.0
83293,0,0,0.013129704974743008
83295,0,0,0.013129704974743008
83306,0,0,0.013129704974743008
83309,0,0,0.07421693465935496
83310,0,0,0.013129704974743008
83311,0,0,0.013129704974743008
83312,0,0,0.013129704974743008
83318,0,0,0.013129704974743008
83324,0,0,0.013129704974743008
83329,0,0,0.013129704974743008
83331,0,0,0.07421693465935496
83333,0,0,0.013129704974743008
83335,0,0,0.013129704974743008
83347,0,0,0.013129704974743008
83352,0,0,0.013129704974743008
83353,0,0,0.013129704974743008
83355,0,0,0.013129704974743008
83357,0,0,0.013129704974743008
83361,0,0,0.07421693465935496
83366,0,0,0.013129704974743008
83372,0,0,0.013129704974743008
83374,0,0,0.07421693465935496
83378,0,0,0.013129704974743008
83381,0,0,0.013129704974743008
83383,0,0,0.07421693465935496
83391,0,0,0.013129704974743008
83396,0,0,0.013129704974743008
83400,0,0,0.013129704974743008
83404,0,0,0.013129704974743008
83406,1,1,1.0
83417,0,0,0.07421693465935496
83424,0,0,0.013129704974743008
83425,0,0,0.013129704974743008
83429,0,0,0.013129704974743008
83434,0,0,0.07421693465935496
83436,0,0,0.013129704974743008
83439,0,0,0.07421693465935496
83444,0,0,0.013129704974743008
83450,0,0,0.013129704974743008
83460,0,0,0.07421693465935496
83464,0,0,0.013129704974743008
83477,0,0,0.013129704974743008
83479,0,0,0.013129704974743008
83491,0,0,0.07421693465935496
83496,0,0,0.07421693465935496
83500,0,0,0.07421693465935496
83502,0,0,0.013129704974743008
83504,0,0,0.013129704974743008
83514,0,0,0.013129704974743008
83516,0,0,0.013129704974743008
83517,0,0,0.07421693465935496
83530,0,0,0.013129704974743008
83538,0,0,0.013129704974743008
83541,0,0,0.07421693465935496
83543,0,0,0.013129704974743008
83549,0,0,0.013129704974743008
83552,0,0,0.013129704974743008
83558,0,0,0.07421693465935496
83559,0,0,0.013129704974743008
83565,1,1,1.0
83566,1,0,0.07421693465935496
83573,0,0,0.013129704974743008
83576,0,0,0.013129704974743008
83584,0,0,0.013129704974743008
83594,0,0,0.013129704974743008
83598,0,0,0.07421693465935496
83600,0,0,0.013129704974743008
83603,0,0,0.013129704974743008
83604,0,0,0.07421693465935496
83605,0,0,0.013129704974743008
83608,0,0,0.07421693465935496
83613,1,0,0.07421693465935496
83614,0,0,0.013129704974743008
83621,0,0,0.013129704974743008
83623,0,0,0.07421693465935496
83629,0,0,0.07421693465935496
83640,0,0,0.07421693465935496
83643,0,0,0.013129704974743008
83644,1,1,1.0
83648,0,0,0.013129704974743008
83651,0,0,0.013129704974743008
83653,0,0,0.013129704974743008
83656,1,1,1.0
83659,0,0,0.07421693465935496
83662,0,0,0.013129704974743008
83666,0,0,0.07421693465935496
83669,0,0,0.07421693465935496
83673,0,0,0.07421693465935496
83676,0,0,0.07421693465935496
83678,0,0,0.013129704974743008
83682,0,0,0.013129704974743008
83684,1,1,1.0
83686,0,0,0.013129704974743008
83687,0,0,0.013129704974743008
83699,0,0,0.013129704974743008
83702,0,0,0.013129704974743008
83721,0,0,0.013129704974743008
83727,0,0,0.013129704974743008
83728,0,0,0.07421693465935496
83731,0,0,0.013129704974743008
83735,0,0,0.07421693465935496
83736,0,0,0.07421693465935496
83737,0,0,0.013129704974743008
83747,0,0,0.013129704974743008
83748,1,1,1.0
83756,0,0,0.013129704974743008
83757,0,0,0.013129704974743008
83772,0,0,0.013129704974743008
83774,0,0,0.013129704974743008
83777,0,0,0.013129704974743008
83791,0,0,0.013129704974743008
83793,0,0,0.013129704974743008
83803,0,0,0.07421693465935496
83806,0,0,0.013129704974743008
83810,0,0,0.013129704974743008
83814,0,0,0.013129704974743008
83816,0,0,0.013129704974743008
83819,0,0,0.07421693465935496
83826,0,0,0.013129704974743008
83832,0,0,0.013129704974743008
83844,0,0,0.013129704974743008
83851,0,0,0.07421693465935496
83858,0,0,0.013129704974743008
83861,1,0,0.013129704974743008
83863,0,0,0.07421693465935496
83866,0,0,0.013129704974743008
83870,0,0,0.07421693465935496
83871,0,0,0.013129704974743008
83873,0,0,0.013129704974743008
83875,0,0,0.07421693465935496
83882,1,1,1.0
83888,0,0,0.07421693465935496
83902,0,0,0.013129704974743008
83906,0,0,0.013129704974743008
83918,0,0,0.07421693465935496
83924,1,1,1.0
83926,0,0,0.07421693465935496
83933,1,1,1.0
83939,0,0,0.013129704974743008
83940,0,0,0.013129704974743008
83943,0,0,0.013129704974743008
83946,1,1,1.0
83952,0,0,0.07421693465935496
83956,0,0,0.013129704974743008
83971,0,0,0.013129704974743008
83975,0,0,0.013129704974743008
83979,0,0,0.013129704974743008
83983,0,0,0.07421693465935496
83988,1,0,0.07421693465935496
83989,0,0,0.013129704974743008
83996,0,0,0.07421693465935496
83998,0,0,0.013129704974743008
84009,0,0,0.013129704974743008
84011,0,0,0.013129704974743008
84015,0,0,0.013129704974743008
84020,0,0,0.013129704974743008
84022,0,0,0.013129704974743008
84024,0,0,0.013129704974743008
84025,0,0,0.013129704974743008
84028,0,0,0.013129704974743008
84029,0,0,0.013129704974743008
84032,0,0,0.013129704974743008
84033,0,0,0.07421693465935496
84044,0,0,0.013129704974743008
84048,1,0,0.07421693465935496
84055,0,0,0.013129704974743008
84063,0,0,0.013129704974743008
84068,0,0,0.013129704974743008
84071,0,0,0.013129704974743008
84076,0,0,0.013129704974743008
84078,0,0,0.07421693465935496
84091,0,0,0.013129704974743008
84093,0,0,0.07421693465935496
84097,0,0,0.013129704974743008
84098,1,0,0.013129704974743008
84102,0,0,0.013129704974743008
84112,0,0,0.07421693465935496
84116,0,0,0.07421693465935496
84123,0,0,0.013129704974743008
84125,0,0,0.07421693465935496
84128,0,0,0.07421693465935496
84132,0,0,0.07421693465935496
84135,0,0,0.013129704974743008
84147,0,0,0.013129704974743008
84149,0,0,0.013129704974743008
84161,0,0,0.013129704974743008
84162,0,0,0.013129704974743008
84175,0,0,0.013129704974743008
84177,0,0,0.07421693465935496
84179,0,0,0.013129704974743008
84180,0,0,0.07421693465935496
84183,0,0,0.013129704974743008
84189,1,1,1.0
84198,0,0,0.013129704974743008
84206,0,0,0.013129704974743008
84208,1,1,1.0
84210,0,0,0.013129704974743008
84213,0,0,0.013129704974743008
84219,0,0,0.013129704974743008
84224,0,0,0.013129704974743008
84236,0,0,0.013129704974743008
84242,0,0,0.013129704974743008
84245,1,1,1.0
84246,0,0,0.07421693465935496
84247,0,0,0.013129704974743008
84248,0,0,0.013129704974743008
84250,0,0,0.013129704974743008
84251,0,0,0.013129704974743008
84253,0,0,0.07421693465935496
84256,0,0,0.013129704974743008
84258,0,0,0.013129704974743008
84269,0,0,0.07421693465935496
84272,0,0,0.013129704974743008
84273,0,0,0.013129704974743008
84283,0,0,0.013129704974743008
84284,0,0,0.013129704974743008
84291,0,0,0.013129704974743008
84293,0,0,0.07421693465935496
84295,0,0,0.013129704974743008
84296,0,0,0.013129704974743008
84297,0,0,0.013129704974743008
84307,0,0,0.013129704974743008
84324,0,0,0.07421693465935496
84353,0,0,0.013129704974743008
84356,1,0,0.07421693465935496
84364,0,0,0.07421693465935496
84369,0,0,0.013129704974743008
84381,0,0,0.013129704974743008
84389,0,0,0.013129704974743008
84397,0,0,0.013129704974743008
84401,0,0,0.013129704974743008
84404,0,0,0.07421693465935496
84406,0,0,0.013129704974743008
84424,0,0,0.07421693465935496
84426,0,0,0.013129704974743008
84427,0,0,0.013129704974743008
84428,0,0,0.07421693465935496
84440,0,0,0.013129704974743008
84448,0,0,0.013129704974743008
84449,0,0,0.013129704974743008
84451,0,0,0.07421693465935496
84455,0,0,0.013129704974743008
84458,0,0,0.07421693465935496
84463,0,0,0.013129704974743008
84468,0,0,0.013129704974743008
84479,0,0,0.013129704974743008
84481,0,0,0.013129704974743008
84482,0,0,0.07421693465935496
84488,0,0,0.013129704974743008
84493,0,0,0.013129704974743008
84499,0,0,0.07421693465935496
84506,0,0,0.07421693465935496
84516,0,0,0.013129704974743008
84517,0,0,0.07421693465935496
84523,1,0,0.07421693465935496
84525,0,0,0.013129704974743008
84530,0,0,0.013129704974743008
84531,0,0,0.07421693465935496
84533,0,0,0.013129704974743008
84537,1,1,1.0
84543,1,1,1.0
84544,0,0,0.013129704974743008
84556,0,0,0.07421693465935496
84557,0,0,0.013129704974743008
84572,0,0,0.013129704974743008
84596,0,0,0.07421693465935496
84606,0,0,0.013129704974743008
84608,0,0,0.013129704974743008
84610,0,0,0.013129704974743008
84612,1,1,1.0
84623,0,0,0.013129704974743008
84629,0,0,0.013129704974743008
84644,0,0,0.013129704974743008
84647,0,0,0.07421693465935496
84649,0,0,0.013129704974743008
84652,0,0,0.013129704974743008
84660,0,0,0.013129704974743008
84673,0,0,0.07421693465935496
84675,0,0,0.013129704974743008
84680,0,0,0.013129704974743008
84683,0,0,0.07421693465935496
84684,0,0,0.07421693465935496
84689,0,0,0.013129704974743008
84704,0,0,0.013129704974743008
84714,0,0,0.013129704974743008
84718,0,0,0.07421693465935496
84721,0,0,0.07421693465935496
84725,0,0,0.013129704974743008
84728,0,0,0.013129704974743008
84729,0,0,0.013129704974743008
84730,0,0,0.013129704974743008
84733,0,0,0.07421693465935496
84736,0,0,0.07421693465935496
84737,0,0,0.07421693465935496
84739,0,0,0.07421693465935496
84742,0,0,0.07421693465935496
84743,0,0,0.013129704974743008
84746,1,0,0.07421693465935496
84752,0,0,0.013129704974743008
84756,0,0,0.013129704974743008
84757,0,0,0.013129704974743008
84773,0,0,0.07421693465935496
84777,0,0,0.07421693465935496
84782,1,0,0.07421693465935496
84793,0,0,0.07421693465935496
84797,0,0,0.013129704974743008
84802,0,0,0.013129704974743008
84818,0,0,0.07421693465935496
84820,0,0,0.013129704974743008
84822,0,0,0.013129704974743008
84826,0,0,0.013129704974743008
84835,0,0,0.07421693465935496
84839,0,0,0.013129704974743008
84840,0,0,0.07421693465935496
84842,0,0,0.013129704974743008
84846,1,1,1.0
84853,0,0,0.013129704974743008
84857,0,0,0.013129704974743008
84863,0,0,0.07421693465935496
84866,1,1,1.0
84868,0,0,0.07421693465935496
84869,0,0,0.013129704974743008
84874,0,0,0.013129704974743008
84883,0,0,0.013129704974743008
84888,0,0,0.07421693465935496
84894,0,0,0.07421693465935496
84897,0,0,0.013129704974743008
84899,0,0,0.013129704974743008
84908,0,0,0.013129704974743008
84911,0,0,0.013129704974743008
84918,0,0,0.07421693465935496
84927,0,0,0.07421693465935496
84937,0,0,0.07421693465935496
84938,0,0,0.07421693465935496
84939,0,0,0.07421693465935496
84953,0,0,0.013129704974743008
84957,0,0,0.07421693465935496
84971,0,0,0.013129704974743008
84973,0,0,0.07421693465935496
84976,0,0,0.013129704974743008
84979,0,0,0.013129704974743008
84990,0,0,0.013129704974743008
85004,0,0,0.013129704974743008
85021,0,0,0.07421693465935496
85029,0,0,0.013129704974743008
85030,0,0,0.013129704974743008
85033,0,0,0.013129704974743008
85035,0,0,0.013129704974743008
85039,0,0,0.013129704974743008
85040,0,0,0.013129704974743008
85042,0,0,0.013129704974743008
85044,0,0,0.07421693465935496
85047,0,0,0.013129704974743008
85063,1,0,0.07421693465935496
85070,0,0,0.07421693465935496
85088,0,0,0.013129704974743008
85090,0,0,0.013129704974743008
85092,0,0,0.013129704974743008
85097,0,0,0.013129704974743008
85100,0,0,0.013129704974743008
85103,0,0,0.013129704974743008
85105,0,0,0.07421693465935496
85110,0,0,0.013129704974743008
85114,0,0,0.013129704974743008
85115,0,0,0.013129704974743008
85124,0,0,0.013129704974743008
85131,0,0,0.013129704974743008
85134,0,0,0.013129704974743008
85139,0,0,0.013129704974743008
85142,0,0,0.013129704974743008
85145,0,0,0.013129704974743008
85155,0,0,0.013129704974743008
85171,0,0,0.013129704974743008
85178,0,0,0.013129704974743008
85181,1,1,1.0
85183,1,1,1.0
85185,0,0,0.07421693465935496
85212,0,0,0.07421693465935496
85213,1,0,0.07421693465935496
85214,0,0,0.013129704974743008
85219,0,0,0.013129704974743008
85221,0,0,0.07421693465935496
85231,0,0,0.013129704974743008
85233,0,0,0.07421693465935496
85238,0,0,0.013129704974743008
85245,0,0,0.013129704974743008
85248,0,0,0.013129704974743008
85249,0,0,0.013129704974743008
85254,0,0,0.013129704974743008
85256,0,0,0.013129704974743008
85257,0,0,0.013129704974743008
85263,0,0,0.013129704974743008
85266,0,0,0.07421693465935496
85268,0,0,0.013129704974743008
85270,0,0,0.07421693465935496
85287,0,0,0.013129704974743008
85289,0,0,0.013129704974743008
85294,0,0,0.013129704974743008
85309,0,0,0.013129704974743008
85320,0,0,0.07421693465935496
85343,0,0,0.07421693465935496
85347,0,0,0.013129704974743008
85348,0,0,0.013129704974743008
85350,0,0,0.013129704974743008
85355,0,0,0.013129704974743008
85365,0,0,0.013129704974743008
85372,0,0,0.07421693465935496
85376,0,0,0.07421693465935496
85382,0,0,0.013129704974743008
85383,0,0,0.013129704974743008
85391,0,0,0.013129704974743008
85396,0,0,0.013129704974743008
85399,0,0,0.013129704974743008
85403,0,0,0.07421693465935496
85405,0,0,0.07421693465935496
85412,0,0,0.013129704974743008
85414,0,0,0.013129704974743008
85417,0,0,0.013129704974743008
85429,0,0,0.013129704974743008
85434,0,0,0.07421693465935496
85439,0,0,0.07421693465935496
85443,0,0,0.07421693465935496
85447,0,0,0.013129704974743008
85451,0,0,0.07421693465935496
85453,1,1,1.0
85455,0,0,0.013129704974743008
85456,0,0,0.07421693465935496
85457,0,0,0.013129704974743008
85459,0,0,0.013129704974743008
85460,1,1,1.0
85462,0,0,0.013129704974743008
85468,0,0,0.07421693465935496
85480,0,0,0.013129704974743008
85487,0,0,0.013129704974743008
85492,0,0,0.013129704974743008
85497,0,0,0.013129704974743008
85498,0,0,0.013129704974743008
85500,0,0,0.07421693465935496
85504,0,0,0.013129704974743008
85505,1,1,1.0
85509,0,0,0.013129704974743008
85524,0,0,0.07421693465935496
85525,0,0,0.013129704974743008
85532,0,0,0.07421693465935496
85536,0,0,0.013129704974743008
85537,0,0,0.013129704974743008
85539,0,0,0.013129704974743008
85541,0,0,0.013129704974743008
85542,0,0,0.013129704974743008
85547,0,0,0.07421693465935496
85556,0,0,0.07421693465935496
85568,0,0,0.013129704974743008
85569,0,0,0.07421693465935496
85572,0,0,0.013129704974743008
85582,0,0,0.013129704974743008
85588,0,0,0.07421693465935496
85589,0,0,0.013129704974743008
85590,0,0,0.013129704974743008
85611,0,0,0.013129704974743008
85612,0,0,0.013129704974743008
85613,0,0,0.07421693465935496
85617,1,0,0.013129704974743008
85625,0,0,0.013129704974743008
85627,0,0,0.013129704974743008
85641,1,1,1.0
85643,0,0,0.013129704974743008
85650,0,0,0.013129704974743008
85653,0,0,0.07421693465935496
85656,0,0,0.07421693465935496
85658,0,0,0.013129704974743008
85662,0,0,0.013129704974743008
85679,0,0,0.013129704974743008
85691,0,0,0.07421693465935496
85696,0,0,0.013129704974743008
85702,0,0,0.013129704974743008
85708,0,0,0.013129704974743008
85709,0,0,0.013129704974743008
85713,0,0,0.013129704974743008
85719,0,0,0.013129704974743008
85742,0,0,0.013129704974743008
85747,0,0,0.013129704974743008
85762,0,0,0.013129704974743008
85767,0,0,0.07421693465935496
85771,0,0,0.07421693465935496
85775,0,0,0.013129704974743008
85777,1,0,0.07421693465935496
85783,0,0,0.07421693465935496
85784,0,0,0.07421693465935496
85791,0,0,0.013129704974743008
85806,0,0,0.013129704974743008
85814,0,0,0.013129704974743008
85833,0,0,0.07421693465935496
85841,0,0,0.013129704974743008
85857,0,0,0.07421693465935496
85862,0,0,0.013129704974743008
85865,0,0,0.07421693465935496
85867,0,0,0.013129704974743008
85869,1,1,1.0
85871,0,0,0.07421693465935496
85874,0,0,0.013129704974743008
85887,0,0,0.013129704974743008
85894,0,0,0.07421693465935496
85897,0,0,0.013129704974743008
85898,0,0,0.07421693465935496
85900,0,0,0.013129704974743008
85904,0,0,0.013129704974743008
85914,0,0,0.013129704974743008
85917,0,0,0.013129704974743008
85919,0,0,0.013129704974743008
85923,0,0,0.013129704974743008
85924,0,0,0.013129704974743008
85931,0,0,0.07421693465935496
85932,0,0,0.013129704974743008
85937,0,0,0.013129704974743008
85940,1,1,1.0
85954,0,0,0.013129704974743008
85958,0,0,0.07421693465935496
85968,0,0,0.013129704974743008
85973,0,0,0.013129704974743008
85979,0,0,0.013129704974743008
85980,1,0,0.07421693465935496
85983,0,0,0.07421693465935496
85988,0,0,0.013129704974743008
86000,0,0,0.013129704974743008
86005,0,0,0.013129704974743008
86009,0,0,0.013129704974743008
86036,0,0,0.013129704974743008
86040,0,0,0.07421693465935496
86050,0,0,0.013129704974743008
86053,0,0,0.07421693465935496
86054,0,0,0.07421693465935496
86055,0,0,0.013129704974743008
86056,0,0,0.07421693465935496
86057,0,0,0.013129704974743008
86064,0,0,0.013129704974743008
86065,0,0,0.013129704974743008
86079,0,0,0.013129704974743008
86088,0,0,0.07421693465935496
86091,0,0,0.07421693465935496
86094,0,0,0.013129704974743008
86096,0,0,0.013129704974743008
86103,0,0,0.013129704974743008
86110,0,0,0.013129704974743008
86116,0,0,0.07421693465935496
86129,0,0,0.013129704974743008
86131,0,0,0.07421693465935496
86132,0,0,0.013129704974743008
86142,0,0,0.013129704974743008
86145,0,0,0.013129704974743008
86152,0,0,0.07421693465935496
86170,0,0,0.013129704974743008
86172,0,0,0.013129704974743008
86174,0,0,0.013129704974743008
86181,0,0,0.07421693465935496
86187,0,0,0.013129704974743008
86191,0,0,0.013129704974743008
86193,0,0,0.07421693465935496
86200,0,0,0.013129704974743008
86203,0,0,0.07421693465935496
86213,1,1,1.0
86215,0,0,0.07421693465935496
86233,0,0,0.07421693465935496
86241,0,0,0.013129704974743008
86242,0,0,0.07421693465935496
86244,0,0,0.07421693465935496
86250,0,0,0.07421693465935496
86257,0,0,0.07421693465935496
86266,0,0,0.013129704974743008
86269,0,0,0.013129704974743008
86272,0,0,0.07421693465935496
86278,0,0,0.013129704974743008
86279,0,0,0.013129704974743008
86283,0,0,0.07421693465935496
86302,0,0,0.013129704974743008
86305,0,0,0.07421693465935496
86307,0,0,0.07421693465935496
86316,0,0,0.07421693465935496
86318,0,0,0.013129704974743008
86325,0,0,0.013129704974743008
86326,0,0,0.013129704974743008
86337,0,0,0.013129704974743008
86339,0,0,0.013129704974743008
86346,0,0,0.07421693465935496
86350,0,0,0.07421693465935496
86355,0,0,0.07421693465935496
86363,0,0,0.07421693465935496
86367,0,0,0.013129704974743008
86373,0,0,0.07421693465935496
86379,0,0,0.013129704974743008
86381,0,0,0.013129704974743008
86382,0,0,0.07421693465935496
86386,0,0,0.07421693465935496
86404,0,0,0.07421693465935496
86418,0,0,0.07421693465935496
86419,0,0,0.013129704974743008
86427,1,1,1.0
86430,0,0,0.013129704974743008
86437,0,0,0.013129704974743008
86441,0,0,0.013129704974743008
86442,0,0,0.013129704974743008
86449,1,1,1.0
86451,0,0,0.013129704974743008
86470,0,0,0.013129704974743008
86472,0,0,0.013129704974743008
86478,0,0,0.07421693465935496
86483,0,0,0.013129704974743008
86485,0,0,0.013129704974743008
86490,0,0,0.013129704974743008
86492,0,0,0.07421693465935496
86493,0,0,0.013129704974743008
86495,0,0,0.013129704974743008
86499,0,0,0.07421693465935496
86509,0,0,0.013129704974743008
86510,0,0,0.013129704974743008
86513,0,0,0.013129704974743008
86514,0,0,0.013129704974743008
86522,0,0,0.013129704974743008
86524,0,0,0.013129704974743008
86533,0,0,0.013129704974743008
86535,1,1,1.0
86536,0,0,0.013129704974743008
86539,0,0,0.07421693465935496
86544,0,0,0.013129704974743008
86557,0,0,0.013129704974743008
86560,0,0,0.07421693465935496
86562,0,0,0.013129704974743008
86566,0,0,0.013129704974743008
86567,0,0,0.07421693465935496
86573,1,1,1.0
86575,0,0,0.07421693465935496
86578,0,0,0.07421693465935496
86581,0,0,0.013129704974743008
86586,0,0,0.013129704974743008
86589,0,0,0.013129704974743008
86595,0,0,0.07421693465935496
86604,0,0,0.013129704974743008
86605,0,0,0.013129704974743008
86617,0,0,0.013129704974743008
86619,0,0,0.013129704974743008
86622,0,0,0.013129704974743008
86623,0,0,0.013129704974743008
86626,0,0,0.07421693465935496
86629,0,0,0.07421693465935496
86631,1,0,0.013129704974743008
86639,0,0,0.013129704974743008
86647,0,0,0.07421693465935496
86651,0,0,0.013129704974743008
86660,0,0,0.013129704974743008
86666,0,0,0.013129704974743008
86667,0,0,0.07421693465935496
86669,0,0,0.07421693465935496
86673,0,0,0.013129704974743008
86683,0,0,0.013129704974743008
86685,0,0,0.07421693465935496
86687,0,0,0.013129704974743008
86697,0,0,0.013129704974743008
86699,0,0,0.013129704974743008
86701,0,0,0.07421693465935496
86710,0,0,0.013129704974743008
86714,0,0,0.013129704974743008
86716,0,0,0.07421693465935496
86722,0,0,0.013129704974743008
86724,0,0,0.013129704974743008
86729,0,0,0.07421693465935496
86730,0,0,0.013129704974743008
86732,0,0,0.013129704974743008
86733,0,0,0.013129704974743008
86734,0,0,0.013129704974743008
86742,0,0,0.07421693465935496
86748,0,0,0.013129704974743008
86754,0,0,0.013129704974743008
86755,0,0,0.013129704974743008
86757,0,0,0.013129704974743008
86760,0,0,0.013129704974743008
86775,0,0,0.013129704974743008
86786,0,0,0.013129704974743008
86787,0,0,0.07421693465935496
86792,0,0,0.07421693465935496
86801,1,0,0.07421693465935496
86821,0,0,0.013129704974743008
86826,0,0,0.07421693465935496
86828,0,0,0.013129704974743008
86829,0,0,0.07421693465935496
86835,0,0,0.013129704974743008
86842,1,0,0.07421693465935496
86849,0,0,0.07421693465935496
86857,0,0,0.07421693465935496
86859,0,0,0.07421693465935496
86860,0,0,0.07421693465935496
86863,0,0,0.013129704974743008
86866,0,0,0.013129704974743008
86869,1,1,1.0
86870,0,0,0.013129704974743008
86873,0,0,0.013129704974743008
86880,0,0,0.07421693465935496
86883,0,0,0.013129704974743008
86884,0,0,0.07421693465935496
86885,1,1,1.0
86889,0,0,0.07421693465935496
86890,0,0,0.07421693465935496
86906,0,0,0.013129704974743008
86908,0,0,0.013129704974743008
86922,0,0,0.07421693465935496
86924,0,0,0.013129704974743008
86926,0,0,0.013129704974743008
86933,0,0,0.013129704974743008
86937,0,0,0.013129704974743008
86946,0,0,0.013129704974743008
86948,0,0,0.013129704974743008
86954,0,0,0.07421693465935496
86956,0,0,0.013129704974743008
86957,1,1,1.0
86959,0,0,0.013129704974743008
86962,0,0,0.013129704974743008
86971,0,0,0.07421693465935496
86973,0,0,0.013129704974743008
86977,0,0,0.013129704974743008
86981,0,0,0.07421693465935496
86984,0,0,0.013129704974743008
86986,0,0,0.07421693465935496
86993,1,1,1.0
87000,0,0,0.013129704974743008
87011,0,0,0.07421693465935496
87015,0,0,0.013129704974743008
87019,0,0,0.013129704974743008
87020,0,0,0.013129704974743008
87021,0,0,0.07421693465935496
87041,0,0,0.013129704974743008
87043,0,0,0.013129704974743008
87049,0,0,0.013129704974743008
87056,0,0,0.013129704974743008
87057,0,0,0.013129704974743008
87058,0,0,0.07421693465935496
87066,0,0,0.013129704974743008
87070,0,0,0.013129704974743008
87084,0,0,0.013129704974743008
87094,1,1,1.0
87095,0,0,0.013129704974743008
87098,0,0,0.07421693465935496
87099,0,0,0.013129704974743008
87114,0,0,0.07421693465935496
87115,0,0,0.013129704974743008
87121,0,0,0.013129704974743008
87122,0,0,0.07421693465935496
87127,0,0,0.013129704974743008
87131,1,1,1.0
87132,0,0,0.07421693465935496
87138,0,0,0.07421693465935496
87147,0,0,0.07421693465935496
87154,0,0,0.013129704974743008
87157,0,0,0.013129704974743008
87161,0,0,0.013129704974743008
87173,0,0,0.013129704974743008
87174,0,0,0.013129704974743008
87175,0,0,0.07421693465935496
87182,0,0,0.013129704974743008
87186,0,0,0.07421693465935496
87187,0,0,0.013129704974743008
87191,0,0,0.013129704974743008
87214,0,0,0.013129704974743008
87220,0,0,0.013129704974743008
87221,1,1,1.0
87223,0,0,0.013129704974743008
87225,1,0,0.07421693465935496
87227,0,0,0.013129704974743008
87229,0,0,0.013129704974743008
87235,0,0,0.013129704974743008
87240,0,0,0.07421693465935496
87245,0,0,0.07421693465935496
87247,0,0,0.013129704974743008
87248,0,0,0.013129704974743008
87257,0,0,0.013129704974743008
87270,0,0,0.013129704974743008
87272,0,0,0.013129704974743008
87274,0,0,0.07421693465935496
87276,0,0,0.013129704974743008
87282,0,0,0.013129704974743008
87288,0,0,0.013129704974743008
87289,0,0,0.013129704974743008
87298,0,0,0.013129704974743008
87301,0,0,0.013129704974743008
87302,0,0,0.013129704974743008
87303,0,0,0.013129704974743008
87308,1,1,1.0
87312,0,0,0.013129704974743008
87313,0,0,0.013129704974743008
87315,0,0,0.013129704974743008
87326,1,1,1.0
87333,0,0,0.013129704974743008
87334,0,0,0.013129704974743008
87336,0,0,0.013129704974743008
87339,0,0,0.013129704974743008
87351,0,0,0.013129704974743008
87352,0,0,0.07421693465935496
87353,0,0,0.013129704974743008
87355,0,0,0.013129704974743008
87366,0,0,0.013129704974743008
87371,0,0,0.013129704974743008
87372,0,0,0.013129704974743008
87375,0,0,0.013129704974743008
87378,0,0,0.013129704974743008
87394,0,0,0.013129704974743008
87397,0,0,0.013129704974743008
87401,1,1,1.0
87406,0,0,0.07421693465935496
87407,0,0,0.07421693465935496
87411,1,0,0.013129704974743008
87414,0,0,0.07421693465935496
87432,0,0,0.07421693465935496
87435,0,0,0.013129704974743008
87441,0,0,0.013129704974743008
87462,1,1,1.0
87464,0,0,0.013129704974743008
87476,0,0,0.013129704974743008
87479,0,0,0.013129704974743008
87480,0,0,0.07421693465935496
87481,0,0,0.013129704974743008
87483,0,0,0.013129704974743008
87497,1,1,1.0
87499,0,0,0.013129704974743008
87510,0,0,0.013129704974743008
87518,0,0,0.013129704974743008
87521,0,0,0.07421693465935496
87525,0,0,0.013129704974743008
87536,0,0,0.013129704974743008
87544,0,0,0.013129704974743008
87545,0,0,0.07421693465935496
87552,1,1,1.0
87559,0,0,0.013129704974743008
87564,0,0,0.07421693465935496
87579,0,0,0.013129704974743008
87580,0,0,0.013129704974743008
87583,0,0,0.07421693465935496
87585,0,0,0.013129704974743008
87593,0,0,0.013129704974743008
87596,0,0,0.013129704974743008
87598,0,0,0.07421693465935496
87600,0,0,0.07421693465935496
87609,0,0,0.013129704974743008
87618,0,0,0.013129704974743008
87621,0,0,0.013129704974743008
87624,0,0,0.013129704974743008
87633,0,0,0.07421693465935496
87635,0,0,0.013129704974743008
87636,0,0,0.013129704974743008
87648,0,0,0.013129704974743008
87650,1,0,0.07421693465935496
87653,1,0,0.07421693465935496
87655,0,0,0.013129704974743008
87658,0,0,0.013129704974743008
87661,0,0,0.013129704974743008
87667,0,0,0.013129704974743008
87669,0,0,0.013129704974743008
87671,0,0,0.013129704974743008
87676,0,0,0.013129704974743008
87683,0,0,0.013129704974743008
87684,0,0,0.013129704974743008
87686,0,0,0.07421693465935496
87687,0,0,0.013129704974743008
87688,1,0,0.07421693465935496
87689,0,0,0.013129704974743008
87690,0,0,0.07421693465935496
87691,0,0,0.013129704974743008
87694,0,0,0.013129704974743008
87699,1,1,1.0
87706,0,0,0.07421693465935496
87707,0,0,0.07421693465935496
87708,0,0,0.013129704974743008
87710,0,0,0.013129704974743008
87713,0,0,0.013129704974743008
87714,0,0,0.07421693465935496
87728,0,0,0.07421693465935496
87730,0,0,0.07421693465935496
87732,0,0,0.013129704974743008
87740,0,0,0.013129704974743008
87752,0,0,0.013129704974743008
87761,0,0,0.013129704974743008
87763,0,0,0.07421693465935496
87770,0,0,0.07421693465935496
87780,0,0,0.013129704974743008
87787,1,1,1.0
87807,0,0,0.07421693465935496
87809,0,0,0.013129704974743008
87813,0,0,0.013129704974743008
87820,1,0,0.07421693465935496
87823,0,0,0.013129704974743008
87829,0,0,0.013129704974743008
87834,0,0,0.013129704974743008
87839,0,0,0.013129704974743008
87843,0,0,0.013129704974743008
87846,0,0,0.013129704974743008
87850,0,0,0.07421693465935496
87853,0,0,0.013129704974743008
87857,0,0,0.07421693465935496
87870,0,0,0.07421693465935496
87871,0,0,0.013129704974743008
87876,0,0,0.013129704974743008
87889,0,0,0.07421693465935496
87891,0,0,0.07421693465935496
87892,0,0,0.07421693465935496
87915,0,0,0.013129704974743008
87917,0,0,0.013129704974743008
87931,0,0,0.013129704974743008
87937,0,0,0.013129704974743008
87942,0,0,0.07421693465935496
87944,0,0,0.013129704974743008
87948,0,0,0.013129704974743008
87950,0,0,0.013129704974743008
87960,0,0,0.013129704974743008
87961,0,0,0.013129704974743008
87963,0,0,0.013129704974743008
87966,0,0,0.013129704974743008
87968,0,0,0.07421693465935496
87973,0,0,0.013129704974743008
87983,0,0,0.013129704974743008
87985,0,0,0.013129704974743008
87989,0,0,0.013129704974743008
88002,0,0,0.07421693465935496
88007,0,0,0.013129704974743008
88008,0,0,0.013129704974743008
88013,0,0,0.013129704974743008
88018,0,0,0.013129704974743008
88021,0,0,0.013129704974743008
88023,0,0,0.013129704974743008
88033,0,0,0.013129704974743008
88035,0,0,0.013129704974743008
88037,0,0,0.013129704974743008
88042,0,0,0.07421693465935496
88043,0,0,0.013129704974743008
88046,0,0,0.013129704974743008
88048,0,0,0.013129704974743008
88049,1,1,1.0
88056,0,0,0.013129704974743008
88065,0,0,0.013129704974743008
88066,0,0,0.07421693465935496
88076,0,0,0.013129704974743008
88083,0,0,0.013129704974743008
88087,1,1,1.0
88092,0,0,0.07421693465935496
88093,0,0,0.013129704974743008
88095,0,0,0.013129704974743008
88100,0,0,0.013129704974743008
88105,0,0,0.07421693465935496
88116,0,0,0.07421693465935496
88123,0,0,0.07421693465935496
88126,0,0,0.07421693465935496
88127,0,0,0.013129704974743008
88142,0,0,0.013129704974743008
88149,0,0,0.013129704974743008
88156,0,0,0.07421693465935496
88173,0,0,0.013129704974743008
88184,0,0,0.013129704974743008
88188,0,0,0.013129704974743008
88189,1,1,1.0
88197,0,0,0.013129704974743008
88202,0,0,0.013129704974743008
88203,1,1,1.0
88210,0,0,0.013129704974743008
88215,0,0,0.07421693465935496
88224,0,0,0.013129704974743008
88230,0,0,0.013129704974743008
88232,1,1,1.0
88239,0,0,0.013129704974743008
88244,0,0,0.013129704974743008
88246,0,0,0.013129704974743008
88248,0,0,0.013129704974743008
88250,0,0,0.013129704974743008
88251,0,0,0.013129704974743008
88253,1,1,1.0
88264,1,1,1.0
88276,0,0,0.013129704974743008
88278,0,0,0.013129704974743008
88294,0,0,0.013129704974743008
88306,0,0,0.013129704974743008
88309,1,1,1.0
88314,0,0,0.013129704974743008
88329,0,0,0.013129704974743008
88336,1,1,1.0
88338,0,0,0.07421693465935496
88341,0,0,0.013129704974743008
88350,0,0,0.013129704974743008
88358,0,0,0.07421693465935496
88363,0,0,0.013129704974743008
88370,0,0,0.013129704974743008
88371,0,0,0.013129704974743008
88373,0,0,0.013129704974743008
88378,0,0,0.013129704974743008
88381,1,1,1.0
88386,1,1,1.0
88399,0,0,0.07421693465935496
88401,0,0,0.013129704974743008
88407,0,0,0.07421693465935496
88408,0,0,0.013129704974743008
88419,0,0,0.013129704974743008
88420,0,0,0.07421693465935496
88421,1,1,1.0
88422,0,0,0.013129704974743008
88426,0,0,0.013129704974743008
88428,0,0,0.013129704974743008
88436,0,0,0.07421693465935496
88442,0,0,0.013129704974743008
88444,0,0,0.013129704974743008
88449,0,0,0.013129704974743008
88450,0,0,0.013129704974743008
88460,0,0,0.013129704974743008
88462,0,0,0.013129704974743008
88483,0,0,0.013129704974743008
88492,0,0,0.013129704974743008
88497,0,0,0.07421693465935496
88499,1,1,1.0
88501,0,0,0.07421693465935496
88504,0,0,0.07421693465935496
88506,0,0,0.013129704974743008
88522,0,0,0.013129704974743008
88525,0,0,0.013129704974743008
88527,0,0,0.013129704974743008
88531,0,0,0.013129704974743008
88536,0,0,0.013129704974743008
88539,0,0,0.013129704974743008
88542,0,0,0.07421693465935496
88547,1,1,1.0
88554,0,0,0.013129704974743008
88558,0,0,0.013129704974743008
88567,0,0,0.013129704974743008
88570,0,0,0.013129704974743008
88572,0,0,0.013129704974743008
88574,0,0,0.013129704974743008
88575,0,0,0.013129704974743008
88578,0,0,0.07421693465935496
88588,0,0,0.013129704974743008
88591,0,0,0.07421693465935496
88592,0,0,0.07421693465935496
88599,0,0,0.07421693465935496
88600,0,0,0.013129704974743008
88601,0,0,0.013129704974743008
88602,0,0,0.013129704974743008
88604,0,0,0.013129704974743008
88608,0,0,0.013129704974743008
88612,0,0,0.013129704974743008
88616,0,0,0.013129704974743008
88619,0,0,0.013129704974743008
88621,0,0,0.013129704974743008
88623,0,0,0.013129704974743008
88624,0,0,0.013129704974743008
88631,0,0,0.013129704974743008
88637,0,0,0.07421693465935496
88643,0,0,0.013129704974743008
88661,0,0,0.013129704974743008
88672,1,0,0.07421693465935496
88674,0,0,0.013129704974743008
88680,0,0,0.013129704974743008
88683,0,0,0.013129704974743008
88692,0,0,0.013129704974743008
88696,0,0,0.07421693465935496
88704,0,0,0.07421693465935496
88709,1,0,0.07421693465935496
88711,0,0,0.013129704974743008
88714,0,0,0.013129704974743008
88716,0,0,0.07421693465935496
88719,0,0,0.07421693465935496
88720,0,0,0.07421693465935496
88721,1,0,0.07421693465935496
88726,0,0,0.07421693465935496
88727,1,0,0.07421693465935496
88739,0,0,0.013129704974743008
88740,0,0,0.013129704974743008
88744,0,0,0.013129704974743008
88746,0,0,0.07421693465935496
88749,0,0,0.07421693465935496
88754,0,0,0.013129704974743008
88765,0,0,0.013129704974743008
88790,0,0,0.013129704974743008
88796,0,0,0.013129704974743008
88799,0,0,0.013129704974743008
88803,0,0,0.013129704974743008
88810,0,0,0.013129704974743008
88812,0,0,0.013129704974743008
88817,0,0,0.07421693465935496
88818,0,0,0.013129704974743008
88827,0,0,0.013129704974743008
88830,1,0,0.07421693465935496
88832,0,0,0.07421693465935496
88837,0,0,0.07421693465935496
88838,0,0,0.013129704974743008
88842,0,0,0.07421693465935496
88843,0,0,0.013129704974743008
88846,0,0,0.07421693465935496
88849,0,0,0.07421693465935496
88853,0,0,0.07421693465935496
88854,0,0,0.013129704974743008
88859,1,1,1.0
88874,0,0,0.013129704974743008
88878,0,0,0.013129704974743008
88881,0,0,0.013129704974743008
88884,0,0,0.013129704974743008
88885,0,0,0.013129704974743008
88889,0,0,0.013129704974743008
88898,0,0,0.07421693465935496
88907,0,0,0.013129704974743008
88908,0,0,0.013129704974743008
88910,0,0,0.07421693465935496
88912,0,0,0.013129704974743008
88914,0,0,0.013129704974743008
88917,0,0,0.07421693465935496
88918,0,0,0.013129704974743008
88922,0,0,0.07421693465935496
88925,0,0,0.013129704974743008
88935,0,0,0.013129704974743008
88951,0,0,0.013129704974743008
88959,0,0,0.07421693465935496
88962,0,0,0.013129704974743008
88971,0,0,0.013129704974743008
88975,0,0,0.013129704974743008
88978,0,0,0.07421693465935496
88980,0,0,0.013129704974743008
88985,0,0,0.013129704974743008
88986,0,0,0.013129704974743008
88994,0,0,0.013129704974743008
88997,0,0,0.07421693465935496
89004,1,1,1.0
89014,0,0,0.07421693465935496
89020,0,0,0.013129704974743008
89031,0,0,0.013129704974743008
89032,1,1,1.0
89036,0,0,0.013129704974743008
89037,0,0,0.013129704974743008
89045,0,0,0.013129704974743008
89049,0,0,0.013129704974743008
89054,0,0,0.013129704974743008
89059,0,0,0.013129704974743008
89060,0,0,0.013129704974743008
89061,0,0,0.07421693465935496
89065,0,0,0.013129704974743008
89074,0,0,0.013129704974743008
89075,0,0,0.013129704974743008
89080,0,0,0.013129704974743008
89081,0,0,0.013129704974743008
89084,1,0,0.013129704974743008
89085,0,0,0.013129704974743008
89101,0,0,0.07421693465935496
89111,0,0,0.07421693465935496
89116,0,0,0.013129704974743008
89120,0,0,0.013129704974743008
89131,0,0,0.013129704974743008
89138,0,0,0.07421693465935496
89148,0,0,0.013129704974743008
89149,0,0,0.07421693465935496
89153,1,0,0.07421693465935496
89169,0,0,0.013129704974743008
89178,1,1,1.0
89183,0,0,0.013129704974743008
89188,0,0,0.013129704974743008
89196,0,0,0.07421693465935496
89198,0,0,0.013129704974743008
89203,0,0,0.013129704974743008
89204,0,0,0.013129704974743008
89206,0,0,0.013129704974743008
89208,0,0,0.013129704974743008
89213,0,0,0.013129704974743008
89214,0,0,0.013129704974743008
89216,0,0,0.013129704974743008
89236,0,0,0.013129704974743008
89244,0,0,0.013129704974743008
89245,0,0,0.013129704974743008
89255,0,0,0.07421693465935496
89261,0,0,0.013129704974743008
89262,0,0,0.013129704974743008
89279,0,0,0.07421693465935496
89283,0,0,0.013129704974743008
89288,0,0,0.07421693465935496
89290,0,0,0.013129704974743008
89292,0,0,0.013129704974743008
89298,0,0,0.013129704974743008
89304,0,0,0.013129704974743008
89305,0,0,0.07421693465935496
89318,0,0,0.013129704974743008
89325,0,0,0.07421693465935496
89332,0,0,0.013129704974743008
89336,0,0,0.013129704974743008
89337,0,0,0.013129704974743008
89341,0,0,0.013129704974743008
89345,0,0,0.013129704974743008
89346,0,0,0.013129704974743008
89347,0,0,0.013129704974743008
89354,1,1,1.0
89355,0,0,0.013129704974743008
89356,1,1,1.0
89365,0,0,0.013129704974743008
89373,1,0,0.013129704974743008
89375,0,0,0.013129704974743008
89378,0,0,0.013129704974743008
89379,0,0,0.013129704974743008
89382,1,0,0.07421693465935496
89387,0,0,0.013129704974743008
89390,0,0,0.013129704974743008
89394,0,0,0.013129704974743008
89395,1,0,0.07421693465935496
89397,0,0,0.013129704974743008
89403,1,1,1.0
89413,0,0,0.013129704974743008
89423,0,0,0.07421693465935496
89424,0,0,0.013129704974743008
89442,0,0,0.07421693465935496
89446,1,0,0.013129704974743008
89450,0,0,0.07421693465935496
89456,0,0,0.013129704974743008
89462,0,0,0.013129704974743008
89463,0,0,0.013129704974743008
89468,0,0,0.013129704974743008
89470,0,0,0.013129704974743008
89473,0,0,0.07421693465935496
89474,0,0,0.013129704974743008
89487,1,1,1.0
89489,0,0,0.013129704974743008
89491,1,0,0.07421693465935496
89492,0,0,0.013129704974743008
89506,0,0,0.07421693465935496
89519,0,0,0.013129704974743008
89520,1,0,0.07421693465935496
89526,0,0,0.013129704974743008
89540,0,0,0.07421693465935496
89543,0,0,0.07421693465935496
89546,0,0,0.013129704974743008
89547,0,0,0.013129704974743008
89557,0,0,0.07421693465935496
89560,0,0,0.013129704974743008
89561,0,0,0.013129704974743008
89563,0,0,0.07421693465935496
89567,0,0,0.013129704974743008
89568,0,0,0.07421693465935496
89575,0,0,0.013129704974743008
89577,0,0,0.013129704974743008
89584,0,0,0.013129704974743008
89590,0,0,0.013129704974743008
89593,0,0,0.07421693465935496
89594,0,0,0.013129704974743008
89595,0,0,0.013129704974743008
89596,0,0,0.013129704974743008
89598,0,0,0.013129704974743008
89600,0,0,0.07421693465935496
89607,0,0,0.013129704974743008
89612,1,1,1.0
89617,0,0,0.013129704974743008
89618,0,0,0.013129704974743008
89620,0,0,0.07421693465935496
89621,1,1,1.0
89622,0,0,0.013129704974743008
89635,0,0,0.07421693465935496
89636,0,0,0.013129704974743008
89660,0,0,0.013129704974743008
89661,0,0,0.013129704974743008
89673,0,0,0.07421693465935496
89674,0,0,0.013129704974743008
89676,0,0,0.07421693465935496
89678,0,0,0.013129704974743008
89684,1,0,0.013129704974743008
89695,0,0,0.013129704974743008
89698,0,0,0.07421693465935496
89704,0,0,0.013129704974743008
89710,0,0,0.013129704974743008
89712,0,0,0.013129704974743008
89717,0,0,0.013129704974743008
89718,0,0,0.07421693465935496
89723,0,0,0.07421693465935496
89724,0,0,0.013129704974743008
89725,0,0,0.013129704974743008
89729,0,0,0.013129704974743008
89730,0,0,0.07421693465935496
89755,1,0,0.013129704974743008
89761,0,0,0.013129704974743008
89783,0,0,0.013129704974743008
89784,0,0,0.07421693465935496
89785,0,0,0.013129704974743008
89805,0,0,0.013129704974743008
89813,0,0,0.07421693465935496
89814,0,0,0.07421693465935496
89819,0,0,0.013129704974743008
89826,0,0,0.07421693465935496
89843,0,0,0.07421693465935496
89845,1,1,1.0
89849,0,0,0.013129704974743008
89858,0,0,0.07421693465935496
89865,0,0,0.07421693465935496
89874,0,0,0.013129704974743008
89882,0,0,0.07421693465935496
89901,0,0,0.013129704974743008
89908,0,0,0.013129704974743008
89912,0,0,0.013129704974743008
89916,0,0,0.013129704974743008
89919,0,0,0.07421693465935496
89923,0,0,0.013129704974743008
89928,0,0,0.013129704974743008
89929,0,0,0.07421693465935496
89933,0,0,0.013129704974743008
89947,0,0,0.07421693465935496
89973,0,0,0.07421693465935496
89980,0,0,0.013129704974743008
89992,0,0,0.013129704974743008
90005,0,0,0.07421693465935496
90007,0,0,0.013129704974743008
90020,0,0,0.07421693465935496
90024,0,0,0.013129704974743008
90030,0,0,0.013129704974743008
90036,0,0,0.07421693465935496
90040,0,0,0.013129704974743008
90044,0,0,0.013129704974743008
90046,1,1,1.0
90052,0,0,0.013129704974743008
90054,0,0,0.07421693465935496
90056,0,0,0.013129704974743008
90057,0,0,0.013129704974743008
90071,0,0,0.013129704974743008
90073,1,0,0.07421693465935496
90074,0,0,0.013129704974743008
90080,0,0,0.07421693465935496
90082,1,1,1.0
90092,0,0,0.07421693465935496
90093,0,0,0.07421693465935496
90094,0,0,0.013129704974743008
90095,1,1,1.0
90096,0,0,0.013129704974743008
90097,0,0,0.013129704974743008
90113,0,0,0.013129704974743008
90116,0,0,0.07421693465935496
90119,0,0,0.013129704974743008
90120,0,0,0.013129704974743008
90128,0,0,0.013129704974743008
90143,0,0,0.013129704974743008
90152,0,0,0.013129704974743008
90166,0,0,0.013129704974743008
90169,0,0,0.013129704974743008
90173,0,0,0.013129704974743008
90177,0,0,0.07421693465935496
90179,0,0,0.07421693465935496
90181,0,0,0.013129704974743008
90186,0,0,0.07421693465935496
90191,0,0,0.013129704974743008
90199,0,0,0.013129704974743008
90203,0,0,0.013129704974743008
90216,1,1,1.0
90232,0,0,0.07421693465935496
90240,1,1,1.0
90251,0,0,0.07421693465935496
90257,0,0,0.013129704974743008
90258,0,0,0.013129704974743008
90259,0,0,0.07421693465935496
90261,0,0,0.013129704974743008
90263,0,0,0.07421693465935496
90264,1,0,0.07421693465935496
90277,0,0,0.07421693465935496
90282,0,0,0.013129704974743008
90288,0,0,0.013129704974743008
90292,0,0,0.013129704974743008
90302,0,0,0.013129704974743008
90307,0,0,0.07421693465935496
90314,0,0,0.013129704974743008
90323,0,0,0.013129704974743008
90332,0,0,0.07421693465935496
90343,0,0,0.013129704974743008
90358,1,1,1.0
90365,0,0,0.013129704974743008
90372,0,0,0.013129704974743008
90386,0,0,0.013129704974743008
90390,0,0,0.013129704974743008
90391,1,1,1.0
90395,0,0,0.013129704974743008
90399,0,0,0.013129704974743008
90403,0,0,0.07421693465935496
90417,0,0,0.013129704974743008
90421,0,0,0.013129704974743008
90422,0,0,0.07421693465935496
90423,0,0,0.013129704974743008
90425,0,0,0.07421693465935496
90427,0,0,0.013129704974743008
90435,0,0,0.07421693465935496
90437,0,0,0.013129704974743008
90443,0,0,0.013129704974743008
90447,1,1,1.0
90448,0,0,0.07421693465935496
90449,0,0,0.013129704974743008
90451,0,0,0.07421693465935496
90452,0,0,0.013129704974743008
90455,0,0,0.013129704974743008
90462,0,0,0.07421693465935496
90477,0,0,0.07421693465935496
90481,0,0,0.013129704974743008
90487,0,0,0.013129704974743008
90488,0,0,0.013129704974743008
90489,1,1,1.0
90493,0,0,0.07421693465935496
90499,0,0,0.013129704974743008
90500,0,0,0.013129704974743008
90504,0,0,0.07421693465935496
90505,0,0,0.07421693465935496
90506,0,0,0.013129704974743008
90512,0,0,0.013129704974743008
90515,1,0,0.07421693465935496
90530,0,0,0.013129704974743008
90532,0,0,0.013129704974743008
90537,0,0,0.07421693465935496
90542,1,1,1.0
90557,0,0,0.013129704974743008
90560,0,0,0.013129704974743008
90562,0,0,0.013129704974743008
90563,0,0,0.07421693465935496
90564,0,0,0.013129704974743008
90567,1,1,1.0
90568,0,0,0.013129704974743008
90570,0,0,0.07421693465935496
90572,0,0,0.013129704974743008
90582,0,0,0.013129704974743008
90583,0,0,0.013129704974743008
90587,0,0,0.013129704974743008
90589,0,0,0.013129704974743008
90591,0,0,0.013129704974743008
90608,0,0,0.013129704974743008
90612,0,0,0.013129704974743008
90615,1,1,1.0
90625,0,0,0.07421693465935496
90627,0,0,0.07421693465935496
90633,0,0,0.013129704974743008
90634,0,0,0.013129704974743008
90638,0,0,0.07421693465935496
90646,0,0,0.013129704974743008
90651,0,0,0.013129704974743008
90652,1,0,0.013129704974743008
90653,0,0,0.07421693465935496
90657,0,0,0.013129704974743008
90658,1,0,0.07421693465935496
90670,0,0,0.07421693465935496
90677,0,0,0.07421693465935496
90678,0,0,0.07421693465935496
90699,0,0,0.013129704974743008
90702,0,0,0.013129704974743008
90703,0,0,0.07421693465935496
90704,0,0,0.07421693465935496
90707,0,0,0.07421693465935496
90709,0,0,0.07421693465935496
90715,0,0,0.013129704974743008
90725,0,0,0.07421693465935496
90736,0,0,0.013129704974743008
90738,0,0,0.013129704974743008
90741,0,0,0.07421693465935496
90751,0,0,0.013129704974743008
90764,0,0,0.07421693465935496
90767,0,0,0.013129704974743008
90768,0,0,0.07421693465935496
90769,0,0,0.013129704974743008
90770,0,0,0.013129704974743008
90774,0,0,0.07421693465935496
90777,0,0,0.07421693465935496
90790,0,0,0.013129704974743008
90796,0,0,0.013129704974743008
90800,0,0,0.013129704974743008
90803,1,1,1.0
90804,0,0,0.07421693465935496
90808,0,0,0.07421693465935496
90810,0,0,0.013129704974743008
90816,0,0,0.013129704974743008
90817,0,0,0.07421693465935496
90821,0,0,0.07421693465935496
90835,0,0,0.013129704974743008
90839,0,0,0.013129704974743008
90840,0,0,0.013129704974743008
90842,0,0,0.013129704974743008
90844,0,0,0.013129704974743008
90852,0,0,0.013129704974743008
90854,0,0,0.013129704974743008
90861,0,0,0.013129704974743008
90866,0,0,0.013129704974743008
90880,0,0,0.07421693465935496
90896,0,0,0.07421693465935496
90900,0,0,0.013129704974743008
90901,0,0,0.013129704974743008
90902,0,0,0.013129704974743008
90903,0,0,0.07421693465935496
90919,0,0,0.013129704974743008
90923,0,0,0.013129704974743008
90924,0,0,0.013129704974743008
90925,0,0,0.013129704974743008
90926,0,0,0.07421693465935496
90928,0,0,0.07421693465935496
90933,0,0,0.013129704974743008
90937,0,0,0.013129704974743008
90966,0,0,0.013129704974743008
90967,0,0,0.013129704974743008
90969,0,0,0.07421693465935496
90986,0,0,0.013129704974743008
90989,0,0,0.013129704974743008
90991,0,0,0.013129704974743008
90993,0,0,0.013129704974743008
91005,0,0,0.013129704974743008
91008,0,0,0.07421693465935496
91011,0,0,0.013129704974743008
91012,0,0,0.013129704974743008
91014,1,1,1.0
91015,0,0,0.013129704974743008
91021,0,0,0.07421693465935496
91024,0,0,0.07421693465935496
91025,0,0,0.013129704974743008
91026,0,0,0.07421693465935496
91027,0,0,0.013129704974743008
91032,0,0,0.013129704974743008
91057,0,0,0.013129704974743008
91058,0,0,0.013129704974743008
91063,0,0,0.07421693465935496
91065,0,0,0.013129704974743008
91072,1,1,1.0
91074,0,0,0.07421693465935496
91083,0,0,0.013129704974743008
91084,0,0,0.013129704974743008
91090,0,0,0.013129704974743008
91091,0,0,0.013129704974743008
91096,0,0,0.013129704974743008
91098,0,0,0.013129704974743008
91118,0,0,0.013129704974743008
91120,0,0,0.013129704974743008
91121,1,1,1.0
91126,0,0,0.07421693465935496
91127,1,0,0.07421693465935496
91131,0,0,0.013129704974743008
91135,0,0,0.07421693465935496
91142,0,0,0.013129704974743008
91154,0,0,0.013129704974743008
91169,0,0,0.013129704974743008
91174,0,0,0.013129704974743008
91176,0,0,0.07421693465935496
91177,1,0,0.07421693465935496
91179,1,1,1.0
91183,0,0,0.013129704974743008
91199,0,0,0.013129704974743008
91201,0,0,0.013129704974743008
91216,0,0,0.013129704974743008
91230,0,0,0.07421693465935496
91241,0,0,0.013129704974743008
91244,0,0,0.013129704974743008
91265,0,0,0.013129704974743008
91268,0,0,0.013129704974743008
91269,0,0,0.013129704974743008
91275,1,1,1.0
91285,0,0,0.07421693465935496
91287,0,0,0.013129704974743008
91288,0,0,0.07421693465935496
91296,0,0,0.013129704974743008
91302,0,0,0.07421693465935496
91309,0,0,0.013129704974743008
91314,0,0,0.013129704974743008
91317,0,0,0.013129704974743008
91325,0,0,0.013129704974743008
91332,0,0,0.013129704974743008
91344,0,0,0.013129704974743008
91346,0,0,0.013129704974743008
91352,0,0,0.013129704974743008
91353,0,0,0.07421693465935496
91354,0,0,0.013129704974743008
91355,0,0,0.013129704974743008
91358,0,0,0.013129704974743008
91363,0,0,0.013129704974743008
91367,0,0,0.013129704974743008
91370,0,0,0.07421693465935496
91380,1,0,0.07421693465935496
91382,0,0,0.013129704974743008
91390,0,0,0.013129704974743008
91393,0,0,0.013129704974743008
91396,0,0,0.013129704974743008
91398,0,0,0.013129704974743008
91408,0,0,0.013129704974743008
91413,0,0,0.013129704974743008
91418,0,0,0.013129704974743008
91434,0,0,0.013129704974743008
91440,0,0,0.013129704974743008
91441,0,0,0.013129704974743008
91443,0,0,0.013129704974743008
91447,0,0,0.07421693465935496
91452,0,0,0.013129704974743008
91455,0,0,0.013129704974743008
91459,1,1,1.0
91460,0,0,0.013129704974743008
91466,0,0,0.013129704974743008
91471,1,1,1.0
91498,1,1,1.0
91503,0,0,0.07421693465935496
91506,0,0,0.013129704974743008
91516,0,0,0.013129704974743008
91525,0,0,0.013129704974743008
91547,0,0,0.07421693465935496
91553,0,0,0.013129704974743008
91570,0,0,0.013129704974743008
91573,0,0,0.013129704974743008
91578,0,0,0.07421693465935496
91587,0,0,0.013129704974743008
91589,0,0,0.013129704974743008
91596,0,0,0.013129704974743008
91603,0,0,0.07421693465935496
91608,0,0,0.013129704974743008
91613,0,0,0.013129704974743008
91624,1,1,1.0
91627,0,0,0.013129704974743008
91636,0,0,0.013129704974743008
91642,1,1,1.0
91644,0,0,0.07421693465935496
91652,1,0,0.013129704974743008
91659,0,0,0.013129704974743008
91669,0,0,0.013129704974743008
91671,0,0,0.07421693465935496
91672,0,0,0.013129704974743008
91677,0,0,0.013129704974743008
91678,0,0,0.07421693465935496
91680,0,0,0.013129704974743008
91685,0,0,0.013129704974743008
91688,0,0,0.013129704974743008
91689,0,0,0.07421693465935496
91691,1,1,1.0
91695,0,0,0.013129704974743008
91707,0,0,0.013129704974743008
91709,0,0,0.013129704974743008
91715,0,0,0.07421693465935496
91716,0,0,0.07421693465935496
91717,0,0,0.07421693465935496
91719,0,0,0.013129704974743008
91730,1,1,1.0
91731,0,0,0.07421693465935496
91734,0,0,0.013129704974743008
91737,0,0,0.013129704974743008
91744,1,1,1.0
91751,1,1,1.0
91752,0,0,0.013129704974743008
91761,0,0,0.07421693465935496
91773,0,0,0.013129704974743008
91784,0,0,0.013129704974743008
91793,0,0,0.013129704974743008
91794,0,0,0.07421693465935496
91798,0,0,0.013129704974743008
91801,0,0,0.013129704974743008
91804,0,0,0.013129704974743008
91818,0,0,0.013129704974743008
91825,0,0,0.013129704974743008
91827,0,0,0.013129704974743008
91831,0,0,0.013129704974743008
91833,0,0,0.07421693465935496
91835,0,0,0.013129704974743008
91837,0,0,0.013129704974743008
91838,0,0,0.07421693465935496
91841,0,0,0.013129704974743008
91850,0,0,0.07421693465935496
91861,0,0,0.07421693465935496
91873,0,0,0.013129704974743008
91874,0,0,0.013129704974743008
91877,0,0,0.07421693465935496
91879,0,0,0.013129704974743008
91885,0,0,0.013129704974743008
91888,0,0,0.07421693465935496
91896,0,0,0.013129704974743008
91906,1,1,1.0
91918,0,0,0.013129704974743008
91924,0,0,0.013129704974743008
91927,0,0,0.013129704974743008
91932,0,0,0.013129704974743008
91933,0,0,0.07421693465935496
91936,0,0,0.07421693465935496
91939,0,0,0.07421693465935496
91943,0,0,0.013129704974743008
91948,0,0,0.013129704974743008
91950,0,0,0.013129704974743008
91951,0,0,0.013129704974743008
91952,0,0,0.013129704974743008
91953,0,0,0.013129704974743008
91954,0,0,0.013129704974743008
91955,0,0,0.07421693465935496
91957,0,0,0.013129704974743008
91964,0,0,0.07421693465935496
91971,1,1,1.0
91977,0,0,0.013129704974743008
91980,0,0,0.013129704974743008
91987,0,0,0.07421693465935496
91991,0,0,0.013129704974743008
91992,0,0,0.013129704974743008
91993,0,0,0.013129704974743008
91994,0,0,0.013129704974743008
91999,0,0,0.013129704974743008
92001,0,0,0.013129704974743008
92004,0,0,0.013129704974743008
92007,0,0,0.07421693465935496
92008,0,0,0.07421693465935496
92015,0,0,0.013129704974743008
92024,0,0,0.013129704974743008
92027,0,0,0.013129704974743008
92032,0,0,0.013129704974743008
92041,0,0,0.013129704974743008
92043,0,0,0.07421693465935496
92048,0,0,0.013129704974743008
92052,0,0,0.013129704974743008
92056,1,1,1.0
92061,0,0,0.013129704974743008
92069,0,0,0.013129704974743008
92076,0,0,0.013129704974743008
92087,1,1,1.0
92090,0,0,0.013129704974743008
92096,0,0,0.013129704974743008
92106,0,0,0.013129704974743008
92110,0,0,0.013129704974743008
92125,0,0,0.07421693465935496
92131,0,0,0.013129704974743008
92132,0,0,0.013129704974743008
92137,1,0,0.013129704974743008
92139,0,0,0.07421693465935496
92140,0,0,0.013129704974743008
92147,0,0,0.07421693465935496
92153,0,0,0.013129704974743008
92154,0,0,0.07421693465935496
92155,1,1,1.0
92157,0,0,0.013129704974743008
92158,0,0,0.07421693465935496
92159,0,0,0.07421693465935496
92160,0,0,0.07421693465935496
92164,0,0,0.013129704974743008
92173,0,0,0.07421693465935496
92180,0,0,0.013129704974743008
92181,1,1,1.0
92183,0,0,0.07421693465935496
92188,1,1,1.0
92189,0,0,0.013129704974743008
92209,0,0,0.013129704974743008
92214,1,1,1.0
92239,0,0,0.07421693465935496
92242,0,0,0.013129704974743008
92251,0,0,0.07421693465935496
92252,0,0,0.013129704974743008
92265,0,0,0.07421693465935496
92269,0,0,0.013129704974743008
92270,0,0,0.013129704974743008
92272,0,0,0.07421693465935496
92274,1,1,1.0
92288,0,0,0.07421693465935496
92294,0,0,0.07421693465935496
92298,0,0,0.013129704974743008
92303,0,0,0.013129704974743008
92309,0,0,0.013129704974743008
92313,0,0,0.013129704974743008
92314,0,0,0.013129704974743008
92318,0,0,0.013129704974743008
92326,0,0,0.013129704974743008
92355,0,0,0.07421693465935496
92362,1,1,1.0
92364,0,0,0.013129704974743008
92368,0,0,0.013129704974743008
92377,0,0,0.013129704974743008
92389,1,1,1.0
92395,0,0,0.013129704974743008
92398,0,0,0.013129704974743008
92407,1,1,1.0
92409,0,0,0.013129704974743008
92412,1,1,1.0
92414,0,0,0.013129704974743008
92425,0,0,0.013129704974743008
92434,0,0,0.013129704974743008
92456,0,0,0.013129704974743008
92480,1,1,1.0
92486,0,0,0.013129704974743008
92494,0,0,0.07421693465935496
92495,0,0,0.013129704974743008
92499,0,0,0.013129704974743008
92500,0,0,0.013129704974743008
92507,0,0,0.07421693465935496
92508,0,0,0.07421693465935496
92520,0,0,0.013129704974743008
92523,0,0,0.013129704974743008
92551,0,0,0.07421693465935496
92552,0,0,0.013129704974743008
92561,0,0,0.07421693465935496
92571,0,0,0.07421693465935496
92572,0,0,0.07421693465935496
92573,1,1,1.0
92577,0,0,0.07421693465935496
92578,0,0,0.013129704974743008
92585,0,0,0.07421693465935496
92588,0,0,0.013129704974743008
92595,0,0,0.013129704974743008
92600,0,0,0.013129704974743008
92601,0,0,0.013129704974743008
92606,0,0,0.013129704974743008
92607,0,0,0.07421693465935496
92609,1,1,1.0
92614,0,0,0.013129704974743008
92615,0,0,0.013129704974743008
92624,0,0,0.013129704974743008
92628,0,0,0.013129704974743008
92629,0,0,0.07421693465935496
92637,0,0,0.013129704974743008
92653,0,0,0.07421693465935496
92659,0,0,0.013129704974743008
92661,0,0,0.013129704974743008
92662,0,0,0.07421693465935496
92663,1,0,0.07421693465935496
92666,0,0,0.013129704974743008
92668,0,0,0.013129704974743008
92669,0,0,0.013129704974743008
92672,1,1,1.0
92678,0,0,0.013129704974743008
92679,0,0,0.013129704974743008
92696,0,0,0.013129704974743008
92699,0,0,0.07421693465935496
92707,1,0,0.013129704974743008
92711,0,0,0.013129704974743008
92729,0,0,0.07421693465935496
92730,0,0,0.013129704974743008
92731,0,0,0.07421693465935496
92735,0,0,0.013129704974743008
92742,0,0,0.013129704974743008
92751,0,0,0.013129704974743008
92752,0,0,0.07421693465935496
92758,0,0,0.07421693465935496
92761,0,0,0.013129704974743008
92770,1,1,1.0
92779,0,0,0.013129704974743008
92781,0,0,0.013129704974743008
92782,0,0,0.013129704974743008
92785,0,0,0.013129704974743008
92787,0,0,0.013129704974743008
92790,0,0,0.013129704974743008
92799,0,0,0.013129704974743008
92814,0,0,0.07421693465935496
92823,0,0,0.013129704974743008
92828,0,0,0.07421693465935496
92834,0,0,0.013129704974743008
92839,0,0,0.013129704974743008
92841,0,0,0.013129704974743008
92842,0,0,0.013129704974743008
92845,0,0,0.07421693465935496
92846,0,0,0.013129704974743008
92851,0,0,0.013129704974743008
92858,0,0,0.013129704974743008
92859,0,0,0.013129704974743008
92862,0,0,0.013129704974743008
92867,0,0,0.013129704974743008
92875,0,0,0.07421693465935496
92876,0,0,0.07421693465935496
92878,1,1,1.0
92891,0,0,0.013129704974743008
92892,0,0,0.013129704974743008
92893,0,0,0.013129704974743008
92894,0,0,0.013129704974743008
92917,0,0,0.013129704974743008
92920,0,0,0.013129704974743008
92937,0,0,0.013129704974743008
92940,0,0,0.013129704974743008
92947,0,0,0.013129704974743008
92949,0,0,0.013129704974743008
92950,0,0,0.013129704974743008
92954,1,1,1.0
92955,0,0,0.013129704974743008
92958,0,0,0.013129704974743008
92961,0,0,0.07421693465935496
92965,0,0,0.013129704974743008
92970,0,0,0.07421693465935496
92975,1,1,1.0
92976,0,0,0.013129704974743008
92981,1,0,0.07421693465935496
92988,1,1,1.0
92996,1,1,1.0
93004,0,0,0.07421693465935496
93010,0,0,0.013129704974743008
93019,0,0,0.013129704974743008
93024,0,0,0.013129704974743008
93033,0,0,0.07421693465935496
93042,0,0,0.013129704974743008
93047,0,0,0.013129704974743008
93059,0,0,0.013129704974743008
93062,0,0,0.013129704974743008
93066,0,0,0.013129704974743008
93068,0,0,0.07421693465935496
93072,1,0,0.07421693465935496
93075,0,0,0.013129704974743008
93080,0,0,0.07421693465935496
93082,0,0,0.013129704974743008
93090,0,0,0.013129704974743008
93097,0,0,0.013129704974743008
93102,0,0,0.013129704974743008
93117,0,0,0.013129704974743008
93124,0,0,0.013129704974743008
93128,0,0,0.013129704974743008
93129,0,0,0.013129704974743008
93134,0,0,0.013129704974743008
93135,0,0,0.013129704974743008
93138,0,0,0.013129704974743008
93140,0,0,0.07421693465935496
93143,0,0,0.013129704974743008
93146,0,0,0.013129704974743008
93148,0,0,0.07421693465935496
93157,0,0,0.013129704974743008
93161,0,0,0.07421693465935496
93177,0,0,0.07421693465935496
93178,1,1,1.0
93179,0,0,0.07421693465935496
93182,0,0,0.013129704974743008
93183,0,0,0.013129704974743008
93185,0,0,0.013129704974743008
93189,0,0,0.013129704974743008
93191,0,0,0.013129704974743008
93194,0,0,0.013129704974743008
93196,0,0,0.07421693465935496
93202,0,0,0.013129704974743008
93205,0,0,0.013129704974743008
93208,0,0,0.013129704974743008
93211,0,0,0.013129704974743008
93218,0,0,0.013129704974743008
93221,0,0,0.07421693465935496
93222,0,0,0.013129704974743008
93240,0,0,0.013129704974743008
93243,0,0,0.013129704974743008
93250,1,0,0.07421693465935496
93259,0,0,0.07421693465935496
93261,0,0,0.013129704974743008
93269,0,0,0.07421693465935496
93270,0,0,0.013129704974743008
93283,0,0,0.013129704974743008
93293,0,0,0.07421693465935496
93300,0,0,0.013129704974743008
93303,0,0,0.013129704974743008
93304,0,0,0.013129704974743008
93306,0,0,0.013129704974743008
93309,0,0,0.013129704974743008
93313,0,0,0.07421693465935496
93330,0,0,0.013129704974743008
93332,0,0,0.013129704974743008
93335,0,0,0.013129704974743008
93337,0,0,0.013129704974743008
93340,0,0,0.013129704974743008
93342,0,0,0.07421693465935496
93343,0,0,0.013129704974743008
93349,0,0,0.013129704974743008
93351,0,0,0.07421693465935496
93368,0,0,0.013129704974743008
93369,0,0,0.013129704974743008
93377,0,0,0.013129704974743008
93380,0,0,0.013129704974743008
93388,0,0,0.07421693465935496
93389,0,0,0.013129704974743008
93398,0,0,0.013129704974743008
93406,0,0,0.013129704974743008
93410,0,0,0.013129704974743008
93413,0,0,0.013129704974743008
93416,0,0,0.013129704974743008
93426,0,0,0.013129704974743008
93449,0,0,0.07421693465935496
93451,0,0,0.013129704974743008
93453,0,0,0.013129704974743008
93458,0,0,0.013129704974743008
93461,0,0,0.013129704974743008
93470,0,0,0.013129704974743008
93471,0,0,0.07421693465935496
93472,0,0,0.013129704974743008
93480,0,0,0.013129704974743008
93482,0,0,0.013129704974743008
93483,0,0,0.07421693465935496
93484,0,0,0.013129704974743008
93494,0,0,0.013129704974743008
93496,0,0,0.013129704974743008
93501,0,0,0.013129704974743008
93505,0,0,0.013129704974743008
93506,0,0,0.013129704974743008
93509,0,0,0.07421693465935496
93516,0,0,0.013129704974743008
93517,0,0,0.013129704974743008
93518,0,0,0.013129704974743008
93525,0,0,0.013129704974743008
93535,0,0,0.013129704974743008
93537,0,0,0.07421693465935496
93541,0,0,0.013129704974743008
93546,0,0,0.013129704974743008
93547,0,0,0.013129704974743008
93557,0,0,0.07421693465935496
93563,0,0,0.07421693465935496
93577,0,0,0.013129704974743008
93579,0,0,0.013129704974743008
93590,0,0,0.013129704974743008
93600,0,0,0.013129704974743008
93613,0,0,0.013129704974743008
93614,0,0,0.013129704974743008
93615,0,0,0.013129704974743008
93623,0,0,0.07421693465935496
93625,0,0,0.013129704974743008
93631,1,1,1.0
93636,0,0,0.013129704974743008
93650,0,0,0.013129704974743008
93655,0,0,0.013129704974743008
93659,0,0,0.013129704974743008
93668,0,0,0.013129704974743008
93669,0,0,0.013129704974743008
93675,0,0,0.07421693465935496
93676,0,0,0.013129704974743008
93681,0,0,0.013129704974743008
93691,0,0,0.07421693465935496
93695,0,0,0.07421693465935496
93699,0,0,0.07421693465935496
93702,0,0,0.013129704974743008
93707,0,0,0.013129704974743008
93708,0,0,0.013129704974743008
93718,0,0,0.07421693465935496
93720,0,0,0.013129704974743008
93721,0,0,0.07421693465935496
93724,0,0,0.07421693465935496
93727,0,0,0.07421693465935496
93738,0,0,0.013129704974743008
93744,0,0,0.07421693465935496
93748,0,0,0.013129704974743008
93754,0,0,0.013129704974743008
93756,0,0,0.013129704974743008
93761,0,0,0.013129704974743008
93768,0,0,0.013129704974743008
93769,0,0,0.07421693465935496
93770,0,0,0.013129704974743008
93771,0,0,0.07421693465935496
93778,0,0,0.07421693465935496
93779,0,0,0.07421693465935496
93786,0,0,0.013129704974743008
93789,1,1,1.0
93804,0,0,0.013129704974743008
93842,0,0,0.07421693465935496
93845,0,0,0.07421693465935496
93847,0,0,0.013129704974743008
93854,0,0,0.013129704974743008
93861,0,0,0.013129704974743008
93866,0,0,0.013129704974743008
93870,0,0,0.07421693465935496
93874,0,0,0.013129704974743008
93881,0,0,0.013129704974743008
93886,0,0,0.07421693465935496
93887,0,0,0.013129704974743008
93892,0,0,0.013129704974743008
93895,0,0,0.013129704974743008
93902,0,0,0.013129704974743008
93906,0,0,0.013129704974743008
93909,0,0,0.013129704974743008
93910,0,0,0.013129704974743008
93925,0,0,0.07421693465935496
93931,0,0,0.013129704974743008
93935,0,0,0.07421693465935496
93943,0,0,0.013129704974743008
93944,0,0,0.07421693465935496
93948,0,0,0.013129704974743008
93949,0,0,0.07421693465935496
93953,0,0,0.013129704974743008
93956,1,1,1.0
93974,0,0,0.013129704974743008
93981,0,0,0.013129704974743008
93998,0,0,0.07421693465935496
93999,0,0,0.07421693465935496
94003,0,0,0.013129704974743008
94009,0,0,0.013129704974743008
94014,0,0,0.013129704974743008
94030,0,0,0.013129704974743008
94034,0,0,0.013129704974743008
94050,1,1,1.0
94052,0,0,0.013129704974743008
94059,0,0,0.013129704974743008
94061,1,0,0.013129704974743008
94067,0,0,0.013129704974743008
94076,0,0,0.013129704974743008
94077,1,0,0.07421693465935496
94104,0,0,0.013129704974743008
94111,0,0,0.013129704974743008
94115,0,0,0.013129704974743008
94122,0,0,0.013129704974743008
94124,0,0,0.07421693465935496
94129,0,0,0.07421693465935496
94136,0,0,0.013129704974743008
94137,0,0,0.07421693465935496
94144,0,0,0.013129704974743008
94150,0,0,0.07421693465935496
94151,0,0,0.013129704974743008
94152,0,0,0.07421693465935496
94153,0,0,0.07421693465935496
94154,0,0,0.013129704974743008
94162,0,0,0.013129704974743008
94163,0,0,0.07421693465935496
94168,0,0,0.013129704974743008
94174,0,0,0.07421693465935496
94175,0,0,0.013129704974743008
94181,0,0,0.013129704974743008
94188,0,0,0.013129704974743008
94191,0,0,0.013129704974743008
94208,0,0,0.013129704974743008
94220,0,0,0.013129704974743008
94222,0,0,0.07421693465935496
94226,0,0,0.013129704974743008
94229,0,0,0.07421693465935496
94235,0,0,0.013129704974743008
94236,0,0,0.07421693465935496
94247,0,0,0.07421693465935496
94253,0,0,0.013129704974743008
94256,0,0,0.013129704974743008
94270,0,0,0.013129704974743008
94277,0,0,0.013129704974743008
94281,0,0,0.013129704974743008
94290,0,0,0.07421693465935496
94300,1,1,1.0
94301,0,0,0.07421693465935496
94303,0,0,0.013129704974743008
94307,0,0,0.07421693465935496
94313,0,0,0.07421693465935496
94318,0,0,0.013129704974743008
94320,0,0,0.013129704974743008
94324,0,0,0.013129704974743008
94329,0,0,0.013129704974743008
94334,1,1,1.0
94339,0,0,0.07421693465935496
94343,0,0,0.013129704974743008
94344,0,0,0.013129704974743008
94347,0,0,0.013129704974743008
94353,0,0,0.013129704974743008
94357,0,0,0.013129704974743008
94360,0,0,0.013129704974743008
94361,0,0,0.013129704974743008
94365,0,0,0.013129704974743008
94367,1,1,1.0
94372,0,0,0.013129704974743008
94373,1,1,1.0
94375,0,0,0.013129704974743008
94380,1,1,1.0
94388,0,0,0.013129704974743008
94402,0,0,0.07421693465935496
94404,0,0,0.07421693465935496
94410,0,0,0.013129704974743008
94411,0,0,0.013129704974743008
94413,0,0,0.013129704974743008
94419,0,0,0.07421693465935496
94426,0,0,0.013129704974743008
94431,0,0,0.013129704974743008
94433,0,0,0.07421693465935496
94442,0,0,0.013129704974743008
94443,0,0,0.013129704974743008
94448,0,0,0.013129704974743008
94451,0,0,0.07421693465935496
94453,0,0,0.07421693465935496
94457,0,0,0.013129704974743008
94464,0,0,0.013129704974743008
94471,0,0,0.013129704974743008
94477,0,0,0.07421693465935496
94479,0,0,0.07421693465935496
94482,1,0,0.013129704974743008
94485,1,1,1.0
94498,0,0,0.07421693465935496
94500,0,0,0.013129704974743008
94507,0,0,0.013129704974743008
94512,0,0,0.013129704974743008
94516,0,0,0.013129704974743008
94521,0,0,0.013129704974743008
94525,0,0,0.013129704974743008
94526,0,0,0.07421693465935496
94535,0,0,0.013129704974743008
94544,0,0,0.013129704974743008
94545,0,0,0.013129704974743008
94547,0,0,0.07421693465935496
94549,0,0,0.013129704974743008
94564,0,0,0.07421693465935496
94570,1,1,1.0
94571,1,1,1.0
94588,0,0,0.013129704974743008
94597,0,0,0.013129704974743008
94600,0,0,0.013129704974743008
94603,0,0,0.013129704974743008
94607,1,1,1.0
94609,0,0,0.013129704974743008
94610,0,0,0.013129704974743008
94612,0,0,0.07421693465935496
94616,0,0,0.013129704974743008
94624,0,0,0.013129704974743008
94628,0,0,0.013129704974743008
94631,1,0,0.07421693465935496
94632,0,0,0.07421693465935496
94633,0,0,0.013129704974743008
94635,0,0,0.013129704974743008
94645,0,0,0.013129704974743008
94661,0,0,0.07421693465935496
94663,0,0,0.013129704974743008
94670,0,0,0.013129704974743008
94673,0,0,0.013129704974743008
94676,0,0,0.013129704974743008
94681,0,0,0.013129704974743008
94688,0,0,0.013129704974743008
94691,0,0,0.013129704974743008
94697,0,0,0.013129704974743008
94701,0,0,0.07421693465935496
94705,0,0,0.013129704974743008
94712,0,0,0.013129704974743008
94720,0,0,0.013129704974743008
94722,1,1,1.0
94723,0,0,0.07421693465935496
94733,0,0,0.013129704974743008
94737,0,0,0.07421693465935496
94740,0,0,0.013129704974743008
94742,0,0,0.013129704974743008
94753,0,0,0.013129704974743008
94758,0,0,0.013129704974743008
94769,0,0,0.013129704974743008
94777,1,1,1.0
94778,0,0,0.013129704974743008
94779,0,0,0.07421693465935496
94782,0,0,0.013129704974743008
94797,0,0,0.013129704974743008
94800,0,0,0.013129704974743008
94808,0,0,0.013129704974743008
94811,0,0,0.013129704974743008
94817,0,0,0.013129704974743008
94821,0,0,0.013129704974743008
94822,0,0,0.07421693465935496
94823,0,0,0.013129704974743008
94824,0,0,0.013129704974743008
94825,0,0,0.013129704974743008
94826,1,0,0.07421693465935496
94830,0,0,0.013129704974743008
94836,0,0,0.07421693465935496
94837,0,0,0.013129704974743008
94843,0,0,0.013129704974743008
94845,0,0,0.07421693465935496
94846,0,0,0.013129704974743008
94853,0,0,0.07421693465935496
94864,0,0,0.013129704974743008
94888,0,0,0.013129704974743008
94890,0,0,0.07421693465935496
94895,0,0,0.013129704974743008
94896,0,0,0.013129704974743008
94897,0,0,0.013129704974743008
94898,0,0,0.013129704974743008
94899,0,0,0.013129704974743008
94904,0,0,0.013129704974743008
94905,0,0,0.013129704974743008
94906,0,0,0.013129704974743008
94914,0,0,0.013129704974743008
94916,0,0,0.013129704974743008
94937,0,0,0.013129704974743008
94949,0,0,0.013129704974743008
94953,0,0,0.013129704974743008
94966,0,0,0.07421693465935496
94970,0,0,0.07421693465935496
94975,0,0,0.013129704974743008
94978,0,0,0.013129704974743008
94984,0,0,0.013129704974743008
94985,0,0,0.07421693465935496
94996,0,0,0.07421693465935496
95004,0,0,0.07421693465935496
95005,0,0,0.07421693465935496
95008,0,0,0.013129704974743008
95028,1,1,1.0
95037,0,0,0.07421693465935496
95038,0,0,0.07421693465935496
95041,1,1,1.0
95045,0,0,0.013129704974743008
95046,0,0,0.07421693465935496
95049,0,0,0.013129704974743008
95050,0,0,0.07421693465935496
95051,0,0,0.013129704974743008
95052,0,0,0.013129704974743008
95058,0,0,0.013129704974743008
95069,1,1,1.0
95070,1,1,1.0
95086,0,0,0.013129704974743008
95087,0,0,0.07421693465935496
95089,0,0,0.013129704974743008
95095,1,0,0.07421693465935496
95099,0,0,0.013129704974743008
95105,0,0,0.013129704974743008
95108,0,0,0.013129704974743008
95113,0,0,0.013129704974743008
95118,0,0,0.013129704974743008
95121,0,0,0.07421693465935496
95122,0,0,0.013129704974743008
95126,0,0,0.013129704974743008
95127,0,0,0.013129704974743008
95149,1,1,1.0
95151,0,0,0.013129704974743008
95160,0,0,0.013129704974743008
95161,0,0,0.013129704974743008
95162,0,0,0.013129704974743008
95167,0,0,0.013129704974743008
95170,0,0,0.013129704974743008
95171,0,0,0.013129704974743008
95172,0,0,0.013129704974743008
95174,0,0,0.013129704974743008
95175,0,0,0.07421693465935496
95179,0,0,0.013129704974743008
95181,1,1,1.0
95191,0,0,0.013129704974743008
95193,0,0,0.07421693465935496
95199,0,0,0.07421693465935496
95202,0,0,0.013129704974743008
95205,0,0,0.07421693465935496
95207,0,0,0.013129704974743008
95218,0,0,0.013129704974743008
95219,0,0,0.013129704974743008
95243,0,0,0.07421693465935496
95268,0,0,0.013129704974743008
95288,0,0,0.013129704974743008
95289,0,0,0.013129704974743008
95290,0,0,0.07421693465935496
95297,0,0,0.013129704974743008
95319,0,0,0.07421693465935496
95324,0,0,0.013129704974743008
95362,0,0,0.013129704974743008
95373,1,0,0.07421693465935496
95377,0,0,0.07421693465935496
95379,0,0,0.013129704974743008
95380,0,0,0.013129704974743008
95382,0,0,0.013129704974743008
95386,0,0,0.013129704974743008
95387,0,0,0.013129704974743008
95389,1,1,1.0
95390,0,0,0.013129704974743008
95397,0,0,0.013129704974743008
95398,0,0,0.013129704974743008
95409,1,1,1.0
95412,0,0,0.07421693465935496
95414,0,0,0.013129704974743008
95422,0,0,0.013129704974743008
95426,0,0,0.07421693465935496
95436,0,0,0.07421693465935496
95450,0,0,0.013129704974743008
95455,0,0,0.013129704974743008
95460,0,0,0.07421693465935496
95461,0,0,0.07421693465935496
95472,0,0,0.07421693465935496
95479,0,0,0.013129704974743008
95480,0,0,0.013129704974743008
95482,0,0,0.013129704974743008
95491,0,0,0.07421693465935496
95494,0,0,0.013129704974743008
95498,0,0,0.013129704974743008
95501,0,0,0.013129704974743008
95506,0,0,0.013129704974743008
95515,1,0,0.07421693465935496
95517,1,0,0.013129704974743008
95518,0,0,0.07421693465935496
95520,0,0,0.013129704974743008
95527,0,0,0.013129704974743008
95541,0,0,0.013129704974743008
95545,0,0,0.013129704974743008
95546,0,0,0.013129704974743008
95571,0,0,0.07421693465935496
95572,0,0,0.07421693465935496
95576,0,0,0.013129704974743008
95579,0,0,0.013129704974743008
95580,0,0,0.013129704974743008
95590,0,0,0.07421693465935496
95609,0,0,0.013129704974743008
95610,0,0,0.07421693465935496
95619,0,0,0.07421693465935496
95634,0,0,0.07421693465935496
95648,0,0,0.013129704974743008
95661,0,0,0.013129704974743008
95676,1,1,1.0
95686,0,0,0.013129704974743008
95689,0,0,0.07421693465935496
95707,0,0,0.07421693465935496
95711,0,0,0.013129704974743008
95716,0,0,0.013129704974743008
95722,0,0,0.07421693465935496
95725,1,1,1.0
95727,0,0,0.013129704974743008
95729,0,0,0.013129704974743008
95732,0,0,0.013129704974743008
95735,0,0,0.013129704974743008
95741,0,0,0.07421693465935496
95750,0,0,0.07421693465935496
95753,0,0,0.013129704974743008
95758,0,0,0.013129704974743008
95760,0,0,0.013129704974743008
95765,0,0,0.07421693465935496
95772,0,0,0.013129704974743008
95780,0,0,0.013129704974743008
95789,0,0,0.07421693465935496
95795,0,0,0.013129704974743008
95804,0,0,0.013129704974743008
95811,0,0,0.013129704974743008
95814,0,0,0.07421693465935496
95826,0,0,0.07421693465935496
95829,0,0,0.013129704974743008
95834,0,0,0.013129704974743008
95836,1,1,1.0
95838,0,0,0.013129704974743008
95851,0,0,0.07421693465935496
95856,0,0,0.013129704974743008
95863,0,0,0.013129704974743008
95874,0,0,0.013129704974743008
95876,0,0,0.013129704974743008
95886,0,0,0.07421693465935496
95898,1,0,0.07421693465935496
95899,0,0,0.013129704974743008
95902,0,0,0.013129704974743008
95911,0,0,0.013129704974743008
95916,0,0,0.07421693465935496
95918,1,1,1.0
95919,0,0,0.013129704974743008
95932,0,0,0.013129704974743008
95940,0,0,0.013129704974743008
95950,0,0,0.013129704974743008
95954,0,0,0.07421693465935496
95955,0,0,0.013129704974743008
95964,0,0,0.013129704974743008
95982,0,0,0.07421693465935496
95987,0,0,0.013129704974743008
95989,0,0,0.07421693465935496
95990,0,0,0.013129704974743008
95995,0,0,0.07421693465935496
95999,0,0,0.013129704974743008
96003,0,0,0.013129704974743008
96008,0,0,0.07421693465935496
96009,0,0,0.013129704974743008
96021,0,0,0.013129704974743008
96044,0,0,0.013129704974743008
96051,0,0,0.013129704974743008
96061,0,0,0.013129704974743008
96064,0,0,0.07421693465935496
96066,0,0,0.07421693465935496
96071,0,0,0.013129704974743008
96088,0,0,0.013129704974743008
96097,0,0,0.07421693465935496
96099,0,0,0.013129704974743008
96100,0,0,0.013129704974743008
96102,0,0,0.013129704974743008
96103,0,0,0.013129704974743008
96105,0,0,0.013129704974743008
96114,0,0,0.013129704974743008
96120,0,0,0.013129704974743008
96123,0,0,0.013129704974743008
96138,0,0,0.013129704974743008
96142,0,0,0.013129704974743008
96143,0,0,0.07421693465935496
96146,0,0,0.013129704974743008
96147,0,0,0.013129704974743008
96159,0,0,0.07421693465935496
96170,0,0,0.07421693465935496
96172,1,1,1.0
96174,0,0,0.013129704974743008
96176,0,0,0.07421693465935496
96182,1,1,1.0
96190,0,0,0.013129704974743008
96192,0,0,0.013129704974743008
96193,0,0,0.013129704974743008
96194,0,0,0.013129704974743008
96200,0,0,0.07421693465935496
96202,0,0,0.07421693465935496
96214,0,0,0.07421693465935496
96216,0,0,0.013129704974743008
96218,0,0,0.013129704974743008
96222,0,0,0.013129704974743008
96224,0,0,0.07421693465935496
96231,0,0,0.013129704974743008
96240,0,0,0.07421693465935496
96241,0,0,0.013129704974743008
96243,0,0,0.013129704974743008
96251,0,0,0.013129704974743008
96256,0,0,0.013129704974743008
96257,0,0,0.07421693465935496
96259,0,0,0.013129704974743008
96269,0,0,0.013129704974743008
96270,1,1,1.0
96271,0,0,0.013129704974743008
96286,1,1,1.0
96302,0,0,0.013129704974743008
96305,0,0,0.07421693465935496
96314,0,0,0.013129704974743008
96316,0,0,0.07421693465935496
96317,0,0,0.013129704974743008
96320,0,0,0.013129704974743008
96321,0,0,0.013129704974743008
96326,0,0,0.013129704974743008
96328,0,0,0.07421693465935496
96332,0,0,0.07421693465935496
96359,0,0,0.013129704974743008
96363,0,0,0.07421693465935496
96364,0,0,0.013129704974743008
96365,0,0,0.07421693465935496
96370,0,0,0.013129704974743008
96375,0,0,0.013129704974743008
96386,0,0,0.013129704974743008
96387,1,0,0.07421693465935496
96396,0,0,0.013129704974743008
96407,0,0,0.013129704974743008
96417,0,0,0.013129704974743008
96445,0,0,0.07421693465935496
96450,0,0,0.013129704974743008
96454,0,0,0.013129704974743008
96460,0,0,0.013129704974743008
96464,0,0,0.013129704974743008
96465,0,0,0.013129704974743008
96466,0,0,0.07421693465935496
96469,1,1,1.0
96470,0,0,0.013129704974743008
96473,0,0,0.013129704974743008
96495,0,0,0.07421693465935496
96496,0,0,0.07421693465935496
96498,0,0,0.013129704974743008
96500,0,0,0.07421693465935496
96501,0,0,0.07421693465935496
96507,0,0,0.07421693465935496
96515,0,0,0.013129704974743008
96522,1,0,0.07421693465935496
96523,0,0,0.07421693465935496
96527,0,0,0.013129704974743008
96528,0,0,0.07421693465935496
96529,0,0,0.07421693465935496
96535,0,0,0.07421693465935496
96538,0,0,0.013129704974743008
96541,0,0,0.013129704974743008
96545,0,0,0.013129704974743008
96549,0,0,0.013129704974743008
96552,0,0,0.013129704974743008
96553,0,0,0.013129704974743008
96554,0,0,0.013129704974743008
96568,0,0,0.013129704974743008
96571,0,0,0.013129704974743008
96572,0,0,0.07421693465935496
96575,0,0,0.07421693465935496
96579,0,0,0.013129704974743008
96588,0,0,0.013129704974743008
96600,0,0,0.013129704974743008
96608,0,0,0.013129704974743008
96619,0,0,0.07421693465935496
96629,0,0,0.013129704974743008
96632,0,0,0.013129704974743008
96637,0,0,0.013129704974743008
96670,0,0,0.013129704974743008
96674,0,0,0.07421693465935496
96676,0,0,0.013129704974743008
96677,0,0,0.013129704974743008
96682,1,0,0.07421693465935496
96683,0,0,0.013129704974743008
96685,0,0,0.013129704974743008
96691,0,0,0.013129704974743008
96694,0,0,0.013129704974743008
96697,0,0,0.07421693465935496
96705,0,0,0.013129704974743008
96707,0,0,0.013129704974743008
96708,0,0,0.013129704974743008
96714,1,1,1.0
96715,0,0,0.013129704974743008
96738,0,0,0.07421693465935496
96741,0,0,0.07421693465935496
96744,0,0,0.013129704974743008
96752,0,0,0.013129704974743008
96756,0,0,0.07421693465935496
96760,0,0,0.013129704974743008
96773,0,0,0.013129704974743008
96774,0,0,0.013129704974743008
96782,0,0,0.07421693465935496
96783,1,0,0.07421693465935496
96789,0,0,0.013129704974743008
96791,1,1,1.0
96794,0,0,0.013129704974743008
96801,1,1,1.0
96802,0,0,0.013129704974743008
96810,0,0,0.013129704974743008
96812,0,0,0.07421693465935496
96822,0,0,0.013129704974743008
96830,0,0,0.07421693465935496
96832,0,0,0.07421693465935496
96843,0,0,0.013129704974743008
96845,0,0,0.07421693465935496
96848,0,0,0.013129704974743008
96856,0,0,0.013129704974743008
96857,1,0,0.013129704974743008
96862,0,0,0.013129704974743008
96867,0,0,0.07421693465935496
96868,0,0,0.07421693465935496
96877,0,0,0.013129704974743008
96887,0,0,0.07421693465935496
96894,0,0,0.013129704974743008
96906,1,1,1.0
96923,0,0,0.013129704974743008
96924,0,0,0.013129704974743008
96926,0,0,0.07421693465935496
96930,0,0,0.013129704974743008
96931,0,0,0.013129704974743008
96937,0,0,0.07421693465935496
96941,0,0,0.07421693465935496
96943,0,0,0.07421693465935496
96946,0,0,0.07421693465935496
96948,0,0,0.013129704974743008
96949,0,0,0.07421693465935496
96963,0,0,0.013129704974743008
96976,0,0,0.07421693465935496
96982,0,0,0.013129704974743008
96983,0,0,0.07421693465935496
96986,0,0,0.013129704974743008
96996,0,0,0.013129704974743008
97013,0,0,0.013129704974743008
97015,0,0,0.07421693465935496
97018,0,0,0.013129704974743008
97026,0,0,0.07421693465935496
97027,0,0,0.013129704974743008
97038,0,0,0.013129704974743008
97041,0,0,0.07421693465935496
97046,0,0,0.013129704974743008
97048,0,0,0.013129704974743008
97049,0,0,0.013129704974743008
97051,0,0,0.07421693465935496
97052,0,0,0.013129704974743008
97058,0,0,0.07421693465935496
97065,0,0,0.013129704974743008
97081,0,0,0.013129704974743008
97089,0,0,0.07421693465935496
97094,0,0,0.07421693465935496
97096,0,0,0.07421693465935496
97098,0,0,0.013129704974743008
97099,0,0,0.013129704974743008
97102,1,1,1.0
97111,0,0,0.07421693465935496
97117,0,0,0.013129704974743008
97119,0,0,0.013129704974743008
97120,1,1,1.0
97127,0,0,0.07421693465935496
97131,0,0,0.013129704974743008
97135,0,0,0.013129704974743008
97141,1,0,0.013129704974743008
97148,0,0,0.013129704974743008
97153,1,1,1.0
97156,1,1,1.0
97159,0,0,0.013129704974743008
97160,0,0,0.07421693465935496
97165,0,0,0.013129704974743008
97168,0,0,0.07421693465935496
97183,0,0,0.013129704974743008
97204,0,0,0.013129704974743008
97205,0,0,0.013129704974743008
97215,0,0,0.013129704974743008
97222,0,0,0.013129704974743008
97229,0,0,0.07421693465935496
97233,0,0,0.07421693465935496
97234,0,0,0.013129704974743008
97240,1,1,1.0
97259,0,0,0.07421693465935496
97264,0,0,0.013129704974743008
97267,1,1,1.0
97270,0,0,0.07421693465935496
97276,0,0,0.013129704974743008
97278,0,0,0.07421693465935496
97279,0,0,0.013129704974743008
97280,0,0,0.07421693465935496
97284,0,0,0.013129704974743008
97285,0,0,0.07421693465935496
97288,0,0,0.013129704974743008
97301,0,0,0.013129704974743008
97302,0,0,0.013129704974743008
97314,0,0,0.07421693465935496
97320,0,0,0.013129704974743008
97331,0,0,0.013129704974743008
97339,0,0,0.013129704974743008
97351,0,0,0.013129704974743008
97358,0,0,0.013129704974743008
97364,1,1,1.0
97365,0,0,0.013129704974743008
97366,0,0,0.013129704974743008
97378,0,0,0.013129704974743008
97380,0,0,0.013129704974743008
97395,0,0,0.07421693465935496
97397,1,1,1.0
97408,0,0,0.07421693465935496
97409,0,0,0.013129704974743008
97412,1,1,1.0
97429,1,1,1.0
97443,0,0,0.07421693465935496
97446,0,0,0.013129704974743008
97449,0,0,0.013129704974743008
97452,1,1,1.0
97467,0,0,0.013129704974743008
97470,0,0,0.013129704974743008
97473,0,0,0.013129704974743008
97479,0,0,0.013129704974743008
97481,0,0,0.07421693465935496
97487,0,0,0.013129704974743008
97501,0,0,0.07421693465935496
97512,0,0,0.013129704974743008
97513,0,0,0.013129704974743008
97514,0,0,0.013129704974743008
97525,0,0,0.013129704974743008
97543,1,1,1.0
97545,0,0,0.07421693465935496
97546,0,0,0.013129704974743008
97557,0,0,0.07421693465935496
97561,0,0,0.013129704974743008
97568,0,0,0.07421693465935496
97570,1,1,1.0
97571,0,0,0.07421693465935496
97573,0,0,0.013129704974743008
97581,0,0,0.07421693465935496
97583,0,0,0.013129704974743008
97585,0,0,0.07421693465935496
97593,0,0,0.013129704974743008
97598,0,0,0.013129704974743008
97603,0,0,0.013129704974743008
97615,0,0,0.013129704974743008
97619,0,0,0.07421693465935496
97621,0,0,0.013129704974743008
97622,0,0,0.013129704974743008
97626,0,0,0.07421693465935496
97628,0,0,0.013129704974743008
97632,0,0,0.013129704974743008
97633,0,0,0.013129704974743008
97641,0,0,0.07421693465935496
97642,0,0,0.013129704974743008
97643,0,0,0.013129704974743008
97657,0,0,0.013129704974743008
97661,0,0,0.013129704974743008
97670,1,1,1.0
97679,0,0,0.013129704974743008
97688,1,1,1.0
97689,0,0,0.013129704974743008
97696,0,0,0.07421693465935496
97697,0,0,0.013129704974743008
97698,0,0,0.07421693465935496
97704,0,0,0.013129704974743008
97705,0,0,0.013129704974743008
97715,0,0,0.013129704974743008
97717,0,0,0.013129704974743008
97718,0,0,0.07421693465935496
97720,0,0,0.013129704974743008
97723,0,0,0.07421693465935496
97724,0,0,0.07421693465935496
97733,0,0,0.07421693465935496
97736,0,0,0.07421693465935496
97741,0,0,0.013129704974743008
97745,0,0,0.013129704974743008
97748,0,0,0.013129704974743008
97753,0,0,0.013129704974743008
97754,0,0,0.07421693465935496
97762,0,0,0.013129704974743008
97763,0,0,0.013129704974743008
97769,0,0,0.07421693465935496
97770,0,0,0.07421693465935496
97777,0,0,0.013129704974743008
97785,0,0,0.013129704974743008
97786,0,0,0.013129704974743008
97810,0,0,0.013129704974743008
97813,0,0,0.013129704974743008
97817,0,0,0.07421693465935496
97819,0,0,0.013129704974743008
97823,0,0,0.013129704974743008
97839,0,0,0.07421693465935496
97840,0,0,0.07421693465935496
97849,0,0,0.013129704974743008
97853,0,0,0.013129704974743008
97854,1,1,1.0
97855,0,0,0.013129704974743008
97869,0,0,0.07421693465935496
97873,0,0,0.07421693465935496
97874,1,1,1.0
97883,0,0,0.013129704974743008
97886,0,0,0.07421693465935496
97893,0,0,0.013129704974743008
97901,0,0,0.013129704974743008
97903,0,0,0.013129704974743008
97904,0,0,0.013129704974743008
97910,0,0,0.013129704974743008
97911,0,0,0.07421693465935496
97914,0,0,0.013129704974743008
97915,0,0,0.013129704974743008
97916,0,0,0.013129704974743008
97929,0,0,0.07421693465935496
97934,0,0,0.07421693465935496
97940,0,0,0.013129704974743008
97944,0,0,0.013129704974743008
97952,1,0,0.07421693465935496
97959,0,0,0.013129704974743008
97966,0,0,0.07421693465935496
97968,1,1,1.0
97972,0,0,0.013129704974743008
97973,0,0,0.013129704974743008
97975,0,0,0.07421693465935496
97978,0,0,0.07421693465935496
97983,0,0,0.013129704974743008
97984,0,0,0.013129704974743008
97999,0,0,0.07421693465935496
98012,0,0,0.013129704974743008
98013,0,0,0.07421693465935496
98020,0,0,0.013129704974743008
98026,0,0,0.013129704974743008
98034,1,0,0.07421693465935496
98035,0,0,0.07421693465935496
98040,0,0,0.07421693465935496
98042,0,0,0.07421693465935496
98043,0,0,0.013129704974743008
98049,0,0,0.013129704974743008
98052,0,0,0.07421693465935496
98053,0,0,0.013129704974743008
98055,0,0,0.07421693465935496
98056,0,0,0.013129704974743008
98058,0,0,0.013129704974743008
98068,0,0,0.07421693465935496
98076,0,0,0.07421693465935496
98082,0,0,0.07421693465935496
98083,0,0,0.013129704974743008
98093,0,0,0.07421693465935496
98096,0,0,0.07421693465935496
98098,0,0,0.013129704974743008
98100,0,0,0.013129704974743008
98102,0,0,0.013129704974743008
98111,1,1,1.0
98115,0,0,0.07421693465935496
98116,1,1,1.0
98123,0,0,0.013129704974743008
98134,0,0,0.013129704974743008
98136,0,0,0.07421693465935496
98139,0,0,0.013129704974743008
98144,0,0,0.013129704974743008
98146,0,0,0.07421693465935496
98149,0,0,0.07421693465935496
98165,0,0,0.013129704974743008
98168,0,0,0.013129704974743008
98173,0,0,0.07421693465935496
98179,0,0,0.013129704974743008
98183,0,0,0.013129704974743008
98189,0,0,0.07421693465935496
98197,0,0,0.07421693465935496
98200,0,0,0.013129704974743008
98205,0,0,0.013129704974743008
98206,0,0,0.07421693465935496
98208,0,0,0.013129704974743008
98227,0,0,0.07421693465935496
98241,0,0,0.013129704974743008
98242,0,0,0.07421693465935496
98247,0,0,0.013129704974743008
98252,0,0,0.013129704974743008
98254,0,0,0.013129704974743008
98255,0,0,0.07421693465935496
98257,0,0,0.013129704974743008
98260,0,0,0.07421693465935496
98272,0,0,0.07421693465935496
98281,0,0,0.07421693465935496
98284,0,0,0.013129704974743008
98286,0,0,0.013129704974743008
98291,0,0,0.07421693465935496
98309,0,0,0.013129704974743008
98310,0,0,0.07421693465935496
98320,0,0,0.013129704974743008
98324,0,0,0.013129704974743008
98336,0,0,0.07421693465935496
98349,0,0,0.013129704974743008
98359,0,0,0.013129704974743008
98364,0,0,0.013129704974743008
98370,0,0,0.013129704974743008
98380,0,0,0.013129704974743008
98381,0,0,0.013129704974743008
98382,1,1,1.0
98384,0,0,0.013129704974743008
98386,0,0,0.013129704974743008
98396,0,0,0.013129704974743008
98400,0,0,0.013129704974743008
98413,0,0,0.013129704974743008
98422,0,0,0.07421693465935496
98423,0,0,0.013129704974743008
98425,1,0,0.07421693465935496
98426,1,0,0.013129704974743008
98427,0,0,0.013129704974743008
98431,0,0,0.013129704974743008
98433,0,0,0.013129704974743008
98439,0,0,0.013129704974743008
98446,0,0,0.013129704974743008
98447,0,0,0.013129704974743008
98459,0,0,0.07421693465935496
98466,0,0,0.013129704974743008
98471,0,0,0.013129704974743008
98477,1,1,1.0
98479,0,0,0.07421693465935496
98487,0,0,0.013129704974743008
98496,0,0,0.013129704974743008
98505,0,0,0.013129704974743008
98506,0,0,0.013129704974743008
98507,0,0,0.013129704974743008
98517,0,0,0.013129704974743008
98521,0,0,0.013129704974743008
98523,0,0,0.07421693465935496
98525,0,0,0.013129704974743008
98526,0,0,0.013129704974743008
98527,1,0,0.07421693465935496
98534,0,0,0.07421693465935496
98539,0,0,0.07421693465935496
98541,0,0,0.07421693465935496
98550,1,0,0.013129704974743008
98557,0,0,0.013129704974743008
98559,0,0,0.013129704974743008
98562,0,0,0.013129704974743008
98566,0,0,0.013129704974743008
98570,0,0,0.013129704974743008
98571,0,0,0.013129704974743008
98574,0,0,0.013129704974743008
98577,0,0,0.013129704974743008
98583,0,0,0.013129704974743008
98589,0,0,0.013129704974743008
98590,0,0,0.07421693465935496
98608,0,0,0.013129704974743008
98609,0,0,0.013129704974743008
98615,0,0,0.013129704974743008
98616,0,0,0.013129704974743008
98617,0,0,0.07421693465935496
98619,0,0,0.07421693465935496
98620,0,0,0.013129704974743008
98622,0,0,0.07421693465935496
98623,0,0,0.013129704974743008
98624,0,0,0.013129704974743008
98639,0,0,0.07421693465935496
98653,0,0,0.013129704974743008
98658,0,0,0.013129704974743008
98659,0,0,0.013129704974743008
98666,0,0,0.013129704974743008
98678,0,0,0.013129704974743008
98683,0,0,0.07421693465935496
98685,0,0,0.013129704974743008
98689,0,0,0.07421693465935496
98696,1,1,1.0
98703,0,0,0.013129704974743008
98704,0,0,0.013129704974743008
98707,0,0,0.013129704974743008
98711,0,0,0.013129704974743008
98716,0,0,0.013129704974743008
98718,0,0,0.013129704974743008
98721,0,0,0.013129704974743008
98726,0,0,0.013129704974743008
98733,0,0,0.013129704974743008
98734,0,0,0.013129704974743008
98738,0,0,0.07421693465935496
98752,0,0,0.013129704974743008
98757,0,0,0.013129704974743008
98780,1,0,0.07421693465935496
98781,0,0,0.013129704974743008
98789,0,0,0.07421693465935496
98794,0,0,0.013129704974743008
98796,0,0,0.013129704974743008
98798,0,0,0.013129704974743008
98799,0,0,0.013129704974743008
98807,0,0,0.07421693465935496
98810,1,1,1.0
98813,0,0,0.013129704974743008
98817,0,0,0.07421693465935496
98821,0,0,0.07421693465935496
98830,0,0,0.013129704974743008
98835,0,0,0.07421693465935496
98839,0,0,0.013129704974743008
98841,0,0,0.013129704974743008
98845,0,0,0.013129704974743008
98852,0,0,0.013129704974743008
98863,0,0,0.013129704974743008
98865,0,0,0.013129704974743008
98868,0,0,0.013129704974743008
98872,0,0,0.013129704974743008
98873,0,0,0.013129704974743008
98874,0,0,0.013129704974743008
98878,0,0,0.07421693465935496
98887,0,0,0.013129704974743008
98892,0,0,0.013129704974743008
98895,0,0,0.013129704974743008
98899,0,0,0.013129704974743008
98903,0,0,0.07421693465935496
98910,0,0,0.013129704974743008
98916,0,0,0.07421693465935496
98919,0,0,0.07421693465935496
98922,0,0,0.013129704974743008
98925,0,0,0.013129704974743008
98927,0,0,0.013129704974743008
98928,0,0,0.07421693465935496
98931,1,1,1.0
98942,1,0,0.013129704974743008
98943,0,0,0.013129704974743008
98947,0,0,0.07421693465935496
98957,1,0,0.013129704974743008
98958,0,0,0.013129704974743008
98959,0,0,0.013129704974743008
98962,0,0,0.013129704974743008
98969,0,0,0.013129704974743008
98978,0,0,0.07421693465935496
98983,0,0,0.013129704974743008
98986,0,0,0.013129704974743008
98987,0,0,0.013129704974743008
98988,0,0,0.07421693465935496
98997,0,0,0.013129704974743008
99006,0,0,0.013129704974743008
99007,0,0,0.013129704974743008
99011,0,0,0.013129704974743008
99012,0,0,0.013129704974743008
99014,0,0,0.07421693465935496
99016,0,0,0.013129704974743008
99018,0,0,0.013129704974743008
99020,0,0,0.07421693465935496
99023,0,0,0.07421693465935496
99049,0,0,0.013129704974743008
99052,0,0,0.013129704974743008
99060,0,0,0.07421693465935496
99061,0,0,0.07421693465935496
99062,0,0,0.07421693465935496
99074,1,1,1.0
99082,0,0,0.013129704974743008
99087,0,0,0.013129704974743008
99090,0,0,0.013129704974743008
99093,0,0,0.013129704974743008
99095,0,0,0.013129704974743008
99096,0,0,0.013129704974743008
99100,0,0,0.013129704974743008
99106,0,0,0.013129704974743008
99116,1,0,0.07421693465935496
99121,0,0,0.013129704974743008
99133,0,0,0.013129704974743008
99134,0,0,0.07421693465935496
99136,0,0,0.07421693465935496
99152,0,0,0.013129704974743008
99158,0,0,0.013129704974743008
99159,0,0,0.013129704974743008
99166,0,0,0.013129704974743008
99167,1,0,0.07421693465935496
99179,0,0,0.013129704974743008
99186,0,0,0.07421693465935496
99188,0,0,0.07421693465935496
99200,0,0,0.013129704974743008
99201,0,0,0.013129704974743008
99210,0,0,0.013129704974743008
99213,0,0,0.013129704974743008
99223,1,0,0.013129704974743008
99224,0,0,0.013129704974743008
99228,1,1,1.0
99234,0,0,0.07421693465935496
99235,0,0,0.013129704974743008
99242,0,0,0.07421693465935496
99261,0,0,0.013129704974743008
99265,0,0,0.013129704974743008
99269,0,0,0.013129704974743008
99272,0,0,0.013129704974743008
99284,0,0,0.013129704974743008
99293,0,0,0.013129704974743008
99294,0,0,0.013129704974743008
99296,1,0,0.07421693465935496
99302,0,0,0.013129704974743008
99307,0,0,0.013129704974743008
99310,0,0,0.013129704974743008
99313,0,0,0.07421693465935496
99317,0,0,0.013129704974743008
99318,0,0,0.013129704974743008
99320,0,0,0.07421693465935496
99326,0,0,0.07421693465935496
99337,0,0,0.013129704974743008
99342,0,0,0.07421693465935496
99352,1,0,0.013129704974743008
99358,0,0,0.013129704974743008
99365,0,0,0.013129704974743008
99366,0,0,0.07421693465935496
99370,0,0,0.013129704974743008
99379,0,0,0.07421693465935496
99380,0,0,0.013129704974743008
99383,0,0,0.013129704974743008
99391,0,0,0.013129704974743008
99393,0,0,0.013129704974743008
99394,0,0,0.013129704974743008
99395,1,1,1.0
99400,0,0,0.013129704974743008
99402,0,0,0.013129704974743008
99405,0,0,0.013129704974743008
99407,0,0,0.013129704974743008
99421,0,0,0.013129704974743008
99423,0,0,0.013129704974743008
99424,0,0,0.013129704974743008
99425,0,0,0.013129704974743008
99451,0,0,0.013129704974743008
99459,0,0,0.013129704974743008
99471,0,0,0.013129704974743008
99472,0,0,0.07421693465935496
99479,0,0,0.07421693465935496
99481,0,0,0.07421693465935496
99484,0,0,0.07421693465935496
99486,0,0,0.07421693465935496
99491,0,0,0.013129704974743008
99495,0,0,0.013129704974743008
99498,0,0,0.013129704974743008
99499,0,0,0.07421693465935496
99504,0,0,0.07421693465935496
99505,0,0,0.013129704974743008
99507,0,0,0.013129704974743008
99512,1,1,1.0
99516,0,0,0.013129704974743008
99518,1,1,1.0
99523,1,1,1.0
99524,0,0,0.013129704974743008
99531,0,0,0.07421693465935496
99535,0,0,0.013129704974743008
99541,0,0,0.013129704974743008
99542,0,0,0.07421693465935496
99551,0,0,0.013129704974743008
99553,0,0,0.07421693465935496
99557,1,1,1.0
99558,0,0,0.013129704974743008
99560,0,0,0.07421693465935496
99565,0,0,0.013129704974743008
99568,0,0,0.013129704974743008
99573,0,0,0.013129704974743008
99577,0,0,0.013129704974743008
99578,0,0,0.013129704974743008
99583,0,0,0.013129704974743008
99591,0,0,0.013129704974743008
99605,1,0,0.013129704974743008
99609,0,0,0.013129704974743008
99611,0,0,0.013129704974743008
99615,0,0,0.013129704974743008
99622,0,0,0.013129704974743008
99624,0,0,0.013129704974743008
99630,1,1,1.0
99638,0,0,0.013129704974743008
99641,0,0,0.013129704974743008
99645,0,0,0.013129704974743008
99647,0,0,0.013129704974743008
99653,0,0,0.013129704974743008
99655,0,0,0.07421693465935496
99663,1,1,1.0
99664,0,0,0.013129704974743008
99666,0,0,0.013129704974743008
99667,0,0,0.013129704974743008
99684,0,0,0.013129704974743008
99687,0,0,0.013129704974743008
99697,0,0,0.013129704974743008
99700,0,0,0.013129704974743008
99705,0,0,0.013129704974743008
99712,0,0,0.07421693465935496
99713,0,0,0.013129704974743008
99715,1,1,1.0
99725,0,0,0.07421693465935496
99727,0,0,0.013129704974743008
99734,0,0,0.07421693465935496
99741,0,0,0.013129704974743008
99745,0,0,0.013129704974743008
99748,0,0,0.07421693465935496
99751,0,0,0.013129704974743008
99756,0,0,0.013129704974743008
99765,0,0,0.013129704974743008
99769,0,0,0.013129704974743008
99770,0,0,0.013129704974743008
99771,0,0,0.07421693465935496
99775,0,0,0.07421693465935496
99780,0,0,0.013129704974743008
99797,0,0,0.013129704974743008
99800,0,0,0.013129704974743008
99801,0,0,0.07421693465935496
99812,0,0,0.013129704974743008
99816,0,0,0.013129704974743008
99819,1,1,1.0
99821,0,0,0.013129704974743008
99823,0,0,0.07421693465935496
99828,0,0,0.013129704974743008
99829,1,0,0.07421693465935496
99838,0,0,0.013129704974743008
99840,0,0,0.013129704974743008
99847,0,0,0.013129704974743008
99849,0,0,0.013129704974743008
99857,0,0,0.013129704974743008
99859,0,0,0.07421693465935496
99866,0,0,0.07421693465935496
99869,0,0,0.013129704974743008
99878,0,0,0.013129704974743008
99880,0,0,0.07421693465935496
99883,0,0,0.013129704974743008
99899,0,0,0.013129704974743008
99916,0,0,0.013129704974743008
99932,0,0,0.013129704974743008
99939,0,0,0.013129704974743008
99941,0,0,0.013129704974743008
99942,0,0,0.013129704974743008
99948,0,0,0.07421693465935496
99950,0,0,0.013129704974743008
99951,0,0,0.07421693465935496
99971,0,0,0.07421693465935496
99974,0,0,0.013129704974743008
99976,0,0,0.013129704974743008
99979,1,1,1.0
99981,0,0,0.013129704974743008
99987,0,0,0.013129704974743008
99994,0,0,0.013129704974743008
99997,0,0,0.07421693465935496
