raw_row_id,actual,predicted,score
2,0,0,-1.3733067234714673
5,0,0,-1.591543316748445
16,0,0,-0.6188089194784077
19,0,0,-2.7624768432637214
21,0,0,-2.227492241609995
23,0,0,-0.3696164755524747
28,0,0,-2.03463508420797
30,0,0,-1.621499844491722
38,1,1,0.27471748805190566
39,0,0,-0.2636747916700102
41,0,0,-1.2738793591592517
46,0,0,-2.9162881607799234
49,0,0,-1.9286618165288567
52,0,0,-2.138748621554731
53,1,0,-0.25993091918818445
56,0,0,-1.0548582882682664
57,0,0,-2.991310843954156
62,0,0,-0.881940026351774
63,0,0,-0.8548253805451139
65,0,0,-0.003725829455459184
67,0,0,-2.867743677419253
71,0,0,-2.140902901829823
73,0,0,-3.067231344833182
82,0,0,-1.3780106988768073
85,0,0,-0.5761838203454914
88,0,0,-2.014026921223813
106,0,0,-2.5141232336232866
123,0,0,-1.1083852637029012
124,0,0,-1.5238943082330456
130,0,0,-1.4787456551183729
140,0,1,0.33218137270744696
141,0,0,-1.1763512156952551
145,0,0,-0.3224114731313129
149,0,0,-2.8011658027055715
153,0,0,-2.256579999501586
155,0,0,-1.4085567522425961
165,0,0,-2.8344368755194047
171,0,0,-2.2499233805161714
173,0,0,-1.021250344631468
178,0,0,-2.8298989494999995
181,0,0,-1.2600196610462375
182,0,0,-2.600355055507741
188,0,0,-1.0896162529529474
193,0,0,-0.9941206530139308
197,0,0,-1.0752359276758392
203,0,0,-3.333971478378106
204,0,0,-3.850364464827048
212,0,0,-1.0474049633634117
213,0,0,-0.7310808583071262
223,0,0,-1.102766382888609
225,0,0,-0.34466463662322383
226,0,0,-2.4246598823954817
227,0,0,-1.7870040426101175
229,0,0,-1.076775524304673
231,0,0,-1.670289562444727
235,0,0,-1.8763226179215846
250,0,0,-0.8628686535518247
251,0,0,-1.4031140504092692
253,1,0,-0.6720151512011542
259,0,0,-1.3636525912168456
262,1,0,-0.5581099608434188
263,0,0,-4.333089501959871
270,0,0,-1.2153093599906808
272,0,0,-0.4903412288522818
281,0,0,-1.2530269073162161
286,0,0,-1.4169362322139332
304,0,0,-0.9830644305526403
309,0,0,-1.297467428787382
310,0,0,-2.8547490251760985
315,0,0,-2.6453831512148307
323,0,0,-2.48593802991821
325,0,0,-1.4552150507256223
330,0,0,-1.7453255986026486
331,0,0,-3.074493034963778
335,0,0,-1.0175791976524733
336,0,0,-0.8746464618774306
348,0,0,-3.1850627541362764
349,0,0,-2.3962625569534106
350,1,1,0.04510514416682876
360,0,0,-1.57571972166813
368,0,0,-1.8201053290040443
371,0,0,-1.3609063747435128
373,0,0,-0.020309392828534056
391,0,0,-0.8983823719787376
392,1,0,-1.419190564171122
397,0,0,-3.892274530192541
398,0,0,-1.4971059124435198
400,0,0,-0.7303626299736846
402,0,0,-2.1180096935090553
404,0,0,-1.7656364983233048
420,0,0,-0.5947658378245753
422,0,0,-1.6373214507646132
425,0,0,-3.1442373459557578
426,0,0,-1.5026224487920365
432,0,0,-1.2493967082574322
441,0,0,-1.618686826418767
450,0,0,-2.092397900875956
453,0,0,-1.7032837827317833
467,0,0,-1.4372770942473134
473,0,0,-1.3210902527207091
475,0,0,-2.359308705377405
481,0,0,-1.025919951919043
483,0,0,-1.6209329877911158
484,0,0,-2.733185405237994
486,0,0,-1.5932663940999405
494,0,0,-1.0465594885907907
505,0,0,-0.3619527289188762
529,0,0,-1.996294242018948
535,0,0,-0.6802894613656647
537,0,0,-1.6629936565672574
538,0,0,-1.5039533483422634
541,0,0,-1.76578578531922
542,0,0,-1.0782637089679081
546,0,0,-2.084171732847388
554,0,0,-2.2481403614845252
558,0,0,-2.007205917871889
563,0,0,-1.885002267496491
567,1,0,-0.35138121829038504
568,0,0,-0.28122492581063996
577,0,0,-3.5653660609582145
578,0,0,-1.294408330754222
579,0,0,-1.576562151771054
585,0,0,-2.033054710796507
586,0,0,-1.738611344860988
590,1,0,-0.2210821501080411
605,0,0,-2.536742104602892
608,0,0,-1.4114558713202519
611,0,0,-0.2910317460139312
613,0,0,-3.4820789998694073
614,0,1,0.03731212978730869
620,0,0,-3.2336728074689116
622,0,0,-0.531251487994647
624,0,0,-0.9332298363459249
625,0,0,-1.1133789383020907
643,0,0,-3.474437811775113
645,0,0,-0.8790234304690556
647,0,0,-1.1480836124444984
651,0,0,-3.559214387753772
652,0,0,-1.5627881115376472
654,0,0,-1.3547667910338452
667,0,0,-0.24721539491776068
673,0,0,-1.8917078345447564
678,0,0,-1.5538060836599783
694,0,0,-2.0173929483078368
696,0,0,-0.5944962477618618
697,0,0,-0.4852844496848511
699,1,0,-0.5247324245249654
701,0,0,-2.3344465582051477
708,0,0,-1.0731632573356649
717,0,0,-1.6588014760774843
723,0,0,-3.164509291672835
724,0,0,-2.992889249876508
726,0,0,-1.4013773030939705
734,0,0,-1.770971256335745
735,0,0,-2.7192573529487865
750,0,0,-1.4183923613318474
758,0,0,-2.9140140670550814
759,0,0,-3.0890832315403696
761,0,0,-4.019179618786718
762,0,0,-2.05647392567736
763,1,0,-0.6236865553532869
773,0,0,-0.3468739697582688
775,0,0,-1.0683195182044167
787,0,0,-1.4036382637962508
789,0,0,-1.7263280278834823
797,0,0,-1.443081800698432
798,0,0,-2.5335838913393913
801,0,0,-3.434377437354362
809,0,0,-2.0140981023136915
827,0,0,-1.5689150409084083
829,0,0,-0.8618655175573806
832,0,0,-2.230464691538062
837,0,0,-0.8751363132156326
839,0,0,-2.770069951522122
841,0,0,-2.5229330973901556
853,0,0,-2.750505589808298
858,0,0,-1.9241414913247126
864,0,0,-1.7393357832345366
870,0,0,-1.7788286836500142
871,0,0,-2.224021410929963
873,0,0,-0.8109681974882368
878,0,0,-0.7440115599878774
887,0,0,-2.0693743507171702
895,1,1,1.0823759156545034
898,0,0,-1.8259870163192622
899,0,0,-1.5605328016938476
905,1,0,-1.251620203167485
910,0,0,-1.0833801247568275
911,0,0,-0.7822367158413022
916,0,0,-2.1928403573524076
923,0,0,-2.32188376225374
932,0,0,-2.9821793801637106
937,0,0,-0.35331005761012524
939,0,0,-1.5961639019599718
942,0,0,-1.4197205533178507
943,0,0,-1.740077213643949
945,0,0,-1.7325236500883117
948,0,0,-4.145722724501996
949,0,0,-1.7103097543696382
957,0,0,-2.315802632149082
962,0,0,-0.9050638561832656
967,0,0,-0.8569797800058087
968,0,0,-3.4515412710064615
971,0,0,-1.3903476968667257
973,0,0,-2.872240047052247
982,0,0,-1.401777374771565
984,0,0,-2.1224983489339992
989,0,0,-2.7432451367188593
990,0,0,-0.7651865595214186
997,0,0,-1.699630299697733
998,0,0,-0.4219048118803669
999,1,0,-0.8749684910477358
1004,0,0,-1.9665859575610207
1007,0,0,-3.2506656425130283
1012,0,0,-2.963949369559443
1022,1,1,1.4200368942185235
1029,0,0,-2.6394698877233216
1031,0,0,-3.995329826205497
1032,0,0,-2.269111347958396
1041,0,0,-2.8449482264776202
1043,0,0,-1.6722303436447303
1054,0,0,-1.544347285274461
1059,0,0,-2.9768992800161262
1067,0,0,-2.4989309017798353
1068,0,0,-2.868171564843454
1073,0,0,-1.9206567324850936
1078,0,0,-0.7799693310199172
1084,0,0,-0.5231816267613834
1094,0,0,-1.1316939187789194
1097,0,0,-1.3506351954100242
1101,0,0,-1.1438881729157875
1102,0,0,-1.779184937876614
1103,0,0,-0.9063491678257511
1134,0,0,-1.8745430961637417
1142,0,0,-0.9287378640426358
1144,0,0,-2.4216669008175185
1148,0,0,-1.048919819103547
1151,0,0,-1.1884259645505044
1155,0,0,-2.005869922612562
1161,0,0,-1.217204235471346
1163,0,0,-0.16118973846754137
1165,0,0,-0.765123755990032
1168,0,0,-0.7388606024231125
1169,0,0,-1.478643164728092
1175,0,0,-1.0750649165362267
1176,0,0,-1.147493604476764
1178,0,0,-1.6108856398318354
1186,0,0,-1.1391392377038638
1191,0,0,-1.689225774277019
1192,0,0,-0.6713440489347271
1200,0,0,-3.0429329008540753
1203,0,0,-1.3899256913620277
1208,0,0,-1.4059202118189615
1212,0,0,-0.6774248868714963
1215,0,0,-2.81721823514237
1227,0,0,-2.0231192375461147
1230,0,0,-0.5046689644216389
1231,1,1,1.7088336624696352
1232,0,0,-1.264226760550433
1233,0,0,-0.939121029118124
1235,0,0,-2.268136581587523
1237,0,0,-0.8417788032418126
1243,0,0,-2.633364922820661
1254,0,0,-0.32264486483682464
1255,0,0,-3.425705776114567
1264,0,0,-2.231655514652286
1265,0,0,-2.3427132690489243
1266,0,0,-0.3641525264061888
1273,0,0,-0.9116172761206602
1286,0,0,-0.7211807703233711
1293,0,0,-2.32404477315346
1304,0,0,-1.758620744042009
1316,0,0,-4.064876688866839
1320,0,0,-2.1351566550983634
1321,0,0,-2.4120628855689326
1323,0,0,-0.8426113396041255
1327,0,0,-1.0276591399037733
1332,1,1,1.6994336961452523
1333,0,0,-0.7720272564179695
1335,0,0,-0.961321210252595
1350,0,0,-2.4345526307478726
1351,0,0,-1.1535594915326381
1354,0,0,-1.779228139154561
1356,0,0,-1.8191441022363064
1357,0,0,-0.4506143707702128
1367,0,0,-1.1369530538947004
1369,1,1,1.3362117816847887
1379,0,0,-2.0326621656158674
1385,0,0,-0.9735328989712063
1389,1,1,1.05365699534467
1400,0,0,-1.6068998565092754
1405,0,0,-0.1657261345615877
1408,0,0,-1.6027886811689398
1416,0,0,-1.0222873825315515
1423,0,0,-2.4618008667012266
1425,0,0,-0.99724503600534
1430,0,0,-0.11062986786222995
1431,0,0,-2.564215866459569
1434,0,0,-1.310525363987524
1436,0,0,-2.013818539424588
1437,0,0,-0.9085833797582187
1440,0,0,-0.745107008501197
1444,0,0,-2.3600108806201847
1448,0,0,-0.9531534398348656
1456,1,1,1.3462569723687456
1459,0,0,-1.1721423095565733
1467,0,0,-1.4785409720025688
1468,0,0,-1.5477074592640774
1481,0,0,-1.66753435888192
1482,0,0,-0.7443263224865087
1486,0,0,-2.007312083716639
1487,0,0,-1.2889450915421123
1495,0,0,-1.7250304680098156
1503,0,0,-0.36836999419653266
1506,0,0,-1.5844252136965193
1507,0,0,-1.2163037253327054
1509,0,0,-1.5815171462057136
1520,0,0,-1.1501114406957607
1532,0,0,-2.7280624927959307
1534,0,0,-2.05455843041485
1538,0,0,-1.2238088013390584
1539,0,0,-2.0792551210348487
1563,0,0,-3.2016543737860923
1567,0,0,-1.7648281940201056
1568,0,0,-0.46505953936958494
1571,1,1,0.30942772789463446
1572,0,0,-0.9057111037347325
1589,0,0,-1.4147659729829178
1595,0,0,-1.6986573615091258
1596,0,0,-1.1263491698848356
1597,0,0,-2.041912955190802
1602,0,0,-2.4407912058139756
1604,0,0,-1.1380515756361778
1613,0,0,-1.1431186122034187
1619,0,0,-1.5879374721319204
1642,0,0,-2.17680628330334
1645,0,1,0.14731574702258277
1650,0,0,-1.2915429376938516
1652,0,0,-1.4336112349979622
1655,1,0,-0.0008856449140374201
1657,0,0,-2.530800540693722
1667,0,0,-2.6537519013943207
1671,0,0,-1.5110762228410275
1676,0,0,-1.5245791681322762
1681,0,0,-0.48108150416262513
1682,0,0,-0.6222252429645562
1683,0,0,-1.6759303721400562
1686,0,0,-2.199396869062322
1688,0,0,-0.6904537517382436
1698,0,0,-0.8000013342329287
1706,0,0,-3.140344046079723
1707,0,0,-1.795139179090345
1709,0,0,-0.6263980467546324
1716,0,0,-2.6309539671861324
1723,1,1,1.1686082759060554
1728,0,1,0.25164083840089524
1734,0,0,-1.6910260812723026
1736,1,0,-0.9998007931523591
1741,0,0,-1.6013634853312837
1743,0,0,-2.2938023021772858
1745,0,0,-1.8767786686066514
1751,0,0,-2.301025904543212
1752,1,1,1.0425815309226563
1755,0,0,-3.203982011272913
1761,0,0,-3.558614333173746
1763,0,0,-3.815739275336635
1766,0,0,-0.798402389304145
1771,0,0,-2.0217181060658187
1774,0,1,0.010947429890196925
1777,0,0,-0.8320629865711645
1779,0,0,-2.1601880976729086
1784,0,0,-1.2795544334984856
1787,0,0,-2.633379995890744
1788,0,0,-2.3778165933209787
1794,1,1,0.7128171245656882
1805,0,0,-1.817919705583744
1807,0,0,-1.845260110649967
1810,0,0,-1.9022962006905944
1813,0,0,-1.645319613631266
1814,0,0,-2.0222632679241634
1819,0,0,-1.8679732905473843
1820,0,0,-0.862798713621006
1821,0,0,-3.224332199758221
1826,0,0,-3.7285430049475003
1832,0,0,-1.4738636436391794
1837,0,0,-3.193912633847286
1840,1,0,-0.1460376952885465
1859,0,0,-0.8841609805763365
1860,0,0,-3.6444857304815574
1867,0,0,-1.9343934140899832
1868,0,0,-1.2134928683656714
1876,0,0,-1.8062951649953038
1880,0,0,-0.17676193255123818
1895,0,0,-1.33638733130256
1903,1,1,0.6656393688982509
1910,0,0,-1.3579662150456693
1913,0,0,-2.326598392715187
1919,0,0,-3.1122344586386035
1923,0,0,-1.267368805051468
1925,1,0,-0.9927593105941851
1927,0,0,-2.1361125405870993
1928,0,0,-2.397038443401729
1930,0,0,-2.262320010155226
1934,0,0,-1.7135693789456903
1937,1,1,0.8303343990066758
1944,0,0,-0.940480387396522
1947,0,0,-1.031971409400842
1955,0,0,-1.027542009379029
1958,0,0,-3.267751222379781
1959,0,0,-1.240752665629884
1960,0,0,-1.2684910974135704
1961,1,0,-0.8735864632309954
1964,0,0,-1.2787429718639158
1970,0,0,-3.110663249174885
1980,0,0,-0.6098580190987639
1983,0,0,-0.6876377079603947
1994,0,0,-3.4818299328110784
1995,0,0,-1.0532758043776358
1997,0,0,-0.7536828545502491
2002,0,0,-1.313882653780922
2010,0,0,-3.349895291568431
2013,0,0,-1.029860339223674
2014,0,0,-0.5684088808958048
2025,0,0,-2.5616060610858993
2027,0,0,-1.398278680140632
2031,0,0,-0.3518423176906402
2047,0,0,-1.7184400181492019
2050,0,0,-1.3300282229058145
2057,0,0,-1.3455520052862127
2064,0,0,-3.4449331230268934
2066,0,0,-1.228910883540944
2068,0,0,-2.1127532023572235
2077,0,0,-0.5961421125581507
2078,0,0,-0.998839208113757
2082,0,0,-1.356479778710392
2090,0,0,-1.1369429184770135
2092,0,0,-3.003027298805881
2093,0,0,-0.8210602298762798
2102,0,0,-2.961948221933537
2105,0,0,-2.3864025688533985
2106,0,0,-1.531574673639789
2108,0,0,-1.8763893475965372
2110,0,0,-1.489131330960665
2111,0,0,-1.378158836764858
2113,1,1,0.010484381583941826
2120,0,0,-1.7377606465129465
2121,0,0,-2.2446649743097913
2124,0,0,-1.6148473323131753
2130,0,0,-2.1395378195618537
2138,0,0,-1.5762974328506774
2139,0,0,-0.854950893182368
2140,0,0,-1.277956150820471
2152,0,0,-0.43666232024158447
2154,0,0,-0.9163619709166394
2160,0,0,-2.708709235741415
2172,0,0,-2.1596460307580427
2173,0,0,-1.0681214630583904
2175,0,0,-1.546314294085017
2180,0,0,-0.13214884706437935
2182,0,0,-0.9259294549809021
2183,0,0,-1.829214779613226
2190,0,0,-0.8399713557768282
2191,0,0,-2.727017606890917
2194,0,0,-1.1945924566105641
2206,0,0,-2.0547251448487183
2208,0,0,-0.6142783392015126
2210,0,0,-3.2077593298878853
2211,0,0,-1.4655941379820117
2212,0,0,-0.8788600014663281
2215,0,0,-1.975355478344696
2219,0,0,-1.8578836430717396
2220,0,0,-1.9835867896779613
2231,0,0,-3.3461938343079707
2233,0,0,-1.6088769683791715
2240,0,0,-2.5376858912791214
2247,0,0,-2.4535237366831417
2251,0,0,-1.199698289848396
2257,0,0,-1.8495218836884426
2265,0,0,-0.3390773129613621
2278,0,0,-3.578187823354031
2281,0,0,-1.098428428543417
2296,0,0,-1.0610042281300454
2299,0,0,-1.7164998225680033
2303,0,0,-2.5914643728030384
2305,1,1,1.1093924487956168
2307,0,0,-0.7848921403701578
2309,0,0,-1.5395913308861655
2310,0,0,-1.0565777297295749
2312,0,0,-0.856966087562731
2325,0,0,-1.4163250179873488
2330,0,0,-1.2406746723937871
2331,0,0,-0.6326727113918085
2350,1,1,1.2898655844877214
2356,0,0,-4.050976525448139
2360,1,1,0.5082693658414648
2366,0,0,-1.045352335474215
2370,0,0,-3.2434499855143972
2376,0,0,-1.1439192131884586
2381,0,0,-2.658696791396272
2388,0,0,-1.345069702897507
2389,0,0,-0.8147787187672137
2392,0,0,-2.19522532145852
2400,0,0,-0.4572234204235353
2409,0,0,-1.5807703896536207
2411,0,1,0.2631332171324996
2412,0,0,-1.9804075124548766
2414,0,0,-2.273837445889613
2417,0,0,-2.3696100397691247
2418,0,0,-3.0638072653335238
2434,0,0,-1.0276935656723805
2440,0,0,-2.060986765951178
2460,0,0,-2.130420751738181
2461,0,0,-0.7635088426774572
2462,1,1,0.09045470183796689
2464,0,0,-2.2971517047907968
2469,0,0,-1.8464257303014007
2475,0,0,-0.9165524051866318
2478,0,0,-2.336104091676062
2479,0,0,-2.5254432795353114
2482,0,0,-2.705335685176612
2493,0,0,-1.8576076514272606
2503,0,0,-2.759334447451516
2513,0,0,-2.240275485199822
2520,1,1,1.6413390572356799
2541,1,1,1.9088948496325548
2544,1,1,0.21764673552128566
2546,0,0,-1.5618544758398503
2569,0,0,-1.0847951239219766
2570,0,0,-0.812442657875329
2574,0,0,-2.464572092623733
2581,0,0,-1.1788293469895998
2586,0,0,-2.408120378218963
2590,0,0,-0.7577534622031865
2600,0,0,-1.168046885974123
2601,0,0,-2.625891612448992
2603,0,0,-4.30762258858572
2604,0,0,-0.9684368681772025
2614,1,1,1.5235955272103199
2615,0,0,-1.2265504372431004
2619,0,0,-1.8100447526379402
2620,1,0,-0.49019831777714384
2623,0,0,-2.3054483017432728
2624,1,0,-0.2299155080833949
2628,0,0,-1.349220464325953
2630,0,0,-2.0130825215683967
2636,0,0,-0.5454248406910682
2637,0,0,-0.5268167135672374
2643,0,0,-1.0801151017580954
2649,0,0,-1.7321197439358693
2655,0,0,-1.875451527123776
2662,0,0,-1.679148442137853
2669,0,0,-1.960374513028424
2672,0,0,-1.8174322587990717
2674,0,0,-3.140771282152624
2682,0,0,-2.0968013665035334
2688,0,0,-3.177433564569662
2697,0,0,-1.2917370072128462
2698,0,0,-1.0505034900530983
2700,0,0,-1.9989964520692751
2705,0,0,-2.0755678183369115
2706,0,0,-0.5650641910399338
2707,0,0,-1.8323625513350152
2709,0,0,-0.9186556609971337
2713,0,0,-2.0655321630472834
2716,0,0,-1.535914473649277
2717,0,0,-1.4751275540162547
2721,0,0,-3.636588477718994
2731,0,0,-2.7301635828029385
2733,1,1,1.981421561573396
2736,0,0,-2.283584506612187
2758,0,0,-0.8487693536344313
2775,0,0,-1.6567749685658026
2778,0,0,-1.785003228559933
2786,1,0,-0.5401090546296679
2790,0,0,-0.40644402878137487
2792,0,0,-1.082754602348965
2804,0,0,-1.5573354572750928
2805,0,0,-1.067517716829578
2808,0,0,-2.1132533346376325
2810,0,0,-0.20347994231929545
2817,1,0,-0.23290283254777144
2819,0,0,-3.392670799258285
2821,0,0,-0.9871284192957271
2822,0,0,-1.7625988711871206
2824,1,1,1.3075806700286348
2828,0,0,-0.695703564142899
2835,0,0,-3.2107517331123807
2836,0,0,-0.5069366897594441
2844,0,0,-1.5520601236538896
2846,0,0,-0.5469295598825321
2852,0,0,-2.2161572197791553
2853,0,0,-3.20651178466201
2855,0,0,-1.116795017851605
2856,0,0,-0.39113531689400194
2863,0,0,-2.9493739296282113
2867,0,0,-2.6149545777806438
2879,0,0,-1.5082807449097393
2890,0,0,-2.693821137142746
2897,0,0,-0.5113925701231292
2904,0,0,-0.6827646091136074
2905,0,0,-1.8505229481524113
2916,0,0,-0.8579738344796022
2921,0,0,-3.2443595024098455
2924,1,1,1.5726775739016972
2928,0,0,-1.7893460231958356
2934,0,0,-1.7178460248823875
2935,0,0,-2.849956630293593
2938,0,0,-1.0095048361462973
2940,0,0,-1.6327738368723141
2948,0,0,-1.2856847618510092
2959,0,0,-2.980791093022841
2961,0,0,-1.565020026229755
2962,0,0,-1.216611488537994
2975,0,0,-2.3793048218642134
2979,0,0,-0.6773789182218293
2984,0,0,-2.1435248366583037
2985,1,0,-0.7937818716449706
2986,0,0,-3.1034314234550147
2988,0,0,-2.0344987319583434
3002,1,1,0.4745483517764111
3010,0,0,-1.0404317708680095
3016,0,0,-2.5404116601597293
3018,0,0,-2.881021609777296
3036,0,0,-0.9996542226714943
3038,0,0,-0.8788373755425349
3048,0,1,0.04229716909129677
3050,1,1,0.7586993784848746
3054,0,0,-0.8424382536497173
3061,0,0,-2.169773779179167
3071,0,0,-0.466108418584682
3078,0,0,-0.3279983782808046
3079,0,0,-1.2674905944922612
3080,0,0,-1.7945124396322842
3088,0,0,-0.9925968456894025
3089,0,0,-2.422074214675029
3090,0,0,-0.3677380559257795
3100,1,1,0.9710559336002975
3104,0,0,-0.8173079868939725
3121,0,0,-0.7588026246532609
3123,0,0,-2.1836355933485327
3125,0,0,-3.1386771078908717
3134,0,0,-0.9106723243950465
3137,0,0,-1.6955469307360223
3145,0,0,-1.481713531099391
3151,0,0,-2.2481234217034123
3156,0,0,-1.7876407209471952
3158,0,0,-1.945570359133838
3168,0,0,-1.4472249974541698
3169,0,0,-1.8847971223352753
3174,0,0,-2.2747329107405863
3176,0,0,-1.0904273122232124
3177,0,0,-0.5478318666718053
3179,0,0,-3.3237933020924073
3182,0,0,-1.6630659457910237
3198,0,0,-2.06973369476061
3207,0,0,-3.077497927486357
3208,0,0,-1.2179821083062983
3209,0,0,-2.5229697166488743
3213,0,0,-1.6704595590534903
3217,0,0,-2.269725166133596
3228,0,0,-1.8808658847637139
3233,1,1,1.423800906508671
3245,0,0,-1.6732092110309802
3249,0,0,-2.6375517745197254
3252,1,1,2.0176547109030727
3256,0,0,-0.7787455509136271
3257,0,0,-1.1009596706320817
3264,0,0,-1.4356982717044553
3266,0,0,-2.291160481162343
3273,0,0,-0.3931989777042826
3279,0,0,-2.315775684641552
3281,0,0,-4.1895231698777335
3284,0,0,-1.6602752720774498
3290,0,0,-0.942723749232947
3302,0,0,-1.0942548348472463
3306,0,0,-3.1675124116066558
3314,0,0,-1.5070553498464676
3319,0,0,-1.0417229361386786
3334,0,0,-1.789414192052352
3341,1,0,-0.5020938209084456
3343,0,0,-0.5369119822313247
3345,0,0,-1.0663128992374502
3350,0,0,-1.4452190422309497
3354,0,0,-0.4891828186691385
3355,0,0,-0.5246636602188551
3358,0,0,-1.481777169621752
3363,0,0,-1.4093530150980311
3364,0,0,-1.7057464049019966
3369,0,0,-0.6361114895348208
3382,0,0,-2.540299550802507
3385,0,0,-0.6814533178381996
3388,0,0,-0.21268877337431513
3390,0,0,-1.3437648912665665
3392,0,0,-1.6293168111059448
3393,0,0,-0.7353962322375962
3395,0,0,-1.5257603690038368
3397,0,0,-1.000165556460713
3398,0,0,-2.3421352383204415
3403,0,0,-1.81065188578154
3414,0,0,-2.90669539291876
3422,0,0,-3.327235871262477
3431,0,0,-1.120423871413648
3433,1,1,1.0159540300411065
3438,0,0,-1.057190873694784
3445,0,0,-2.0916728146874224
3456,0,0,-3.70227251811201
3458,0,0,-2.9562989843065095
3473,0,0,-1.4255537604926545
3479,0,0,-1.501635135909919
3480,1,1,1.2553178693160254
3490,0,0,-0.889117420712433
3494,0,0,-1.8527478294564352
3495,1,0,-0.3370784786373544
3506,0,0,-1.5511457717792738
3508,0,0,-1.9970354999046263
3509,0,0,-1.9334624200626296
3510,0,0,-2.8741235190249492
3512,0,0,-1.8074775226524844
3514,0,0,-1.0630529903553287
3517,0,0,-1.8492732534407326
3519,0,0,-0.5457620426095482
3521,0,0,-1.8852025011966878
3523,0,0,-1.2806313733851162
3524,0,0,-1.697189447761781
3531,0,0,-2.2826979499170363
3535,0,0,-2.8496580049652636
3536,1,0,-0.19762329933320522
3546,0,0,-2.6843381154504278
3549,0,0,-2.2179938499102647
3553,0,0,-3.326117778864857
3557,0,0,-2.4052235206478363
3561,0,0,-2.3505586238273595
3562,0,0,-2.9198692765772147
3578,0,0,-2.350304130902929
3581,0,0,-0.44711955941737147
3583,0,0,-0.5443603606911885
3585,0,1,0.22418215452659873
3590,0,0,-1.124374076154901
3594,0,0,-2.1783887150286945
3596,0,0,-2.305754592490956
3608,0,0,-1.0882457951174942
3614,0,0,-2.181809377260313
3616,0,0,-2.079289446814985
3632,0,0,-1.8151902547391112
3637,0,0,-2.6060755856589823
3642,0,0,-1.8796225102601978
3646,0,0,-1.365297496776719
3647,0,0,-2.1335146787923636
3650,0,0,-2.5719254563106935
3653,0,0,-1.1883052718632496
3654,0,0,-0.7353767378411507
3658,0,0,-1.4278298317482012
3659,0,0,-1.655196604456564
3660,0,0,-0.5872562993267175
3665,0,0,-0.8004759881035275
3666,0,0,-2.6359091800580634
3670,0,0,-0.4198757153102336
3675,0,0,-2.0248852578272123
3688,0,0,-3.1221634955020194
3694,0,0,-1.6252944896618575
3703,0,0,-1.403413060283865
3706,0,0,-1.896817261822235
3717,0,0,-1.6917813230674215
3721,0,0,-2.130383905120164
3724,0,0,-1.0835324234539212
3737,0,0,-3.636625728638019
3738,0,0,-0.893308974922199
3740,0,0,-0.8516860002337491
3745,0,0,-1.771904494388418
3748,0,0,-3.6222320719416716
3753,0,0,-1.5378029770331043
3765,0,0,-0.5744252076705907
3771,0,0,-0.6329860057548828
3772,0,0,-1.0768014919843671
3775,0,0,-1.7766809446321514
3779,0,0,-2.964409707077386
3781,1,1,1.085835022999825
3784,0,0,-2.263977902589685
3786,0,0,-2.3229388043293
3790,0,0,-3.0710991754259114
3791,0,0,-1.3709760066373506
3803,0,0,-0.8887335876212086
3810,0,0,-2.570094214600662
3813,1,1,0.31053605492733305
3817,0,0,-0.4714702543345005
3826,0,0,-0.7209736071257262
3829,0,0,-1.6325657311726316
3833,0,0,-1.3268395896717833
3839,0,0,-1.4795971956199372
3858,0,0,-1.8428120877838563
3859,0,0,-3.007778555481825
3861,0,0,-1.8216448641338252
3862,0,0,-3.0790432348956633
3873,0,0,-1.8983412209364596
3878,0,0,-1.8846777087965798
3882,1,0,-0.35443067813123885
3884,0,0,-1.9059312167413212
3892,1,1,0.8363555376055316
3893,0,0,-2.555245488960397
3899,0,0,-1.490321620748192
3909,0,0,-1.4659302246126804
3912,0,0,-1.1549532710165198
3920,0,0,-3.192585591430416
3922,1,1,0.4134179683489665
3926,0,0,-3.666157487201045
3928,0,0,-2.4997840066715478
3929,0,0,-0.9779067413005216
3945,0,0,-1.408522233694342
3951,0,0,-1.0241613485076522
3953,0,0,-1.1242972697550266
3954,0,0,-2.2376320313467857
3962,0,0,-0.8177921098578
3978,0,0,-0.6323311966648686
3982,0,0,-1.9679517114289113
3984,0,0,-2.6684520504774185
3988,0,0,-0.7903280037527485
3989,0,0,-1.001586617455846
3990,0,0,-2.1289529836479937
3999,0,0,-0.4262548521734164
4000,0,0,-1.1882274706919655
4005,0,0,-1.330178438111472
4010,0,0,-2.7042092945647056
4014,0,0,-1.0875279620266327
4018,0,0,-2.4773826448496283
4020,0,0,-1.9032450892768378
4025,0,0,-0.2788990872220818
4040,0,0,-2.986191644388102
4042,0,0,-0.0445121093719234
4045,0,0,-1.4045407879662597
4046,0,0,-0.7814581926084956
4049,0,0,-0.9330733895085203
4052,0,0,-2.47075821486266
4053,0,0,-1.5511656035755932
4057,0,0,-1.4234191858621486
4072,0,0,-0.9556291676227278
4075,0,0,-2.982375807229378
4083,0,0,-2.6328799371596237
4085,0,0,-1.0015569714820838
4090,0,0,-2.332778536009725
4094,0,0,-1.6196365471427512
4102,0,0,-3.045979704035716
4110,1,0,-0.9629098790278847
4111,0,0,-0.9876198089908605
4112,0,0,-0.44622604878198996
4116,0,0,-1.559563674905013
4119,0,0,-1.4642332400333489
4120,0,0,-2.592700744823745
4125,0,0,-0.6715119852608725
4127,0,0,-3.2476242957268013
4132,0,0,-3.314622502209412
4137,0,0,-1.54190038587665
4142,0,0,-2.485609793467736
4143,0,0,-0.9727095310430521
4145,0,0,-2.2297032725120616
4147,0,0,-1.4114970805263198
4154,0,0,-1.5066837070579056
4155,0,0,-1.6207173304576292
4169,0,0,-1.5807773756255268
4173,0,0,-2.46023819171676
4182,0,0,-1.9287467988519458
4183,0,0,-0.5121731812822771
4184,0,0,-3.878150740948973
4185,0,0,-1.8746532864720538
4196,1,1,0.4679140312759993
4198,0,0,-1.044562763016668
4199,0,0,-2.475921108234622
4202,1,1,0.9411534713576659
4204,0,0,-3.52137260348825
4206,0,0,-0.7817452623878921
4208,0,0,-0.1840455245827064
4217,0,0,-1.331120869553792
4221,0,0,-1.2431416660938717
4227,0,0,-2.885663131815849
4229,0,0,-2.795570826136154
4246,0,0,-1.155006937107929
4249,0,0,-0.8416001994805138
4250,0,0,-0.9658444083100226
4257,1,0,-1.3843890534727967
4260,0,0,-2.683745472955901
4262,0,0,-3.363021700691145
4264,0,0,-3.6063934119611147
4266,0,0,-0.9370706464643319
4272,0,0,-2.8454292565226798
4273,0,0,-2.0093372087329033
4274,1,0,-0.40805573906083326
4279,0,0,-1.600194196314445
4287,0,0,-1.3049188556117517
4311,0,0,-2.294532930248922
4319,0,0,-1.1454062971879218
4321,0,0,-1.2781794384230256
4323,0,0,-2.2219822161184304
4324,0,0,-1.0756502939092396
4340,0,0,-0.46524945688882646
4344,0,0,-0.899547204156708
4347,0,0,-0.8084593569773242
4357,0,0,-1.7692611636743012
4358,0,0,-0.5612159370758125
4360,0,0,-2.944865951961379
4363,0,0,-1.6953083612981028
4368,0,0,-3.39625976484022
4369,0,0,-1.629686941868429
4373,0,0,-1.969628319883696
4375,0,0,-1.1119708311773926
4380,0,0,-1.2543165866829928
4388,0,0,-2.0346570799124235
4389,0,0,-1.397211126841512
4390,1,1,1.5872029497943239
4395,0,0,-3.83578263355552
4397,0,0,-1.7291541709620128
4400,0,0,-3.202609652251974
4403,0,0,-0.4430925670455338
4407,0,0,-1.5387080848612908
4408,0,0,-2.5135023717298886
4410,0,0,-2.188320730457116
4414,0,0,-1.63470976762527
4415,1,1,0.9400277517302782
4417,0,0,-2.5987047114477013
4419,0,0,-2.8189048611703127
4422,0,0,-2.484633879597821
4435,0,0,-1.284419012721751
4448,0,0,-0.8160571374287756
4466,0,0,-1.3449736174510813
4470,0,0,-0.864426168597182
4472,0,0,-3.4507522419103456
4485,0,0,-1.6538820811252175
4493,0,0,-2.0226442199629897
4502,0,0,-3.339419974449256
4512,0,0,-1.8352478873776976
4513,0,0,-1.303461498956092
4515,1,0,-0.7124345691853867
4517,0,0,-2.382376784807043
4520,0,0,-0.635716873681526
4528,0,0,-2.3537770166897225
4537,0,0,-1.9568225748014423
4538,0,0,-0.8564796942505088
4540,0,0,-1.7236803111980716
4541,0,0,-1.77441441453312
4543,0,0,-4.02178979447821
4544,0,0,-1.2716958668167955
4545,0,0,-1.0338373358275748
4548,0,0,-1.567447910653126
4558,0,0,-2.237814710923556
4567,1,1,1.045705841567336
4568,0,0,-1.619399589174669
4569,1,1,1.093721707709157
4587,0,0,-1.3341838505812438
4591,0,0,-1.187055642288485
4607,0,0,-3.7053913546750294
4631,0,0,-0.5413914104338493
4653,0,0,-3.612893365278709
4658,0,0,-1.446024337785627
4676,0,0,-2.461796551058563
4678,0,0,-1.9427235228304343
4681,0,0,-1.3773273483816233
4682,0,0,-1.1774110545032792
4685,0,0,-0.4401020362174781
4694,0,0,-3.7606207087292534
4711,0,0,-1.3274921455096376
4722,0,0,-1.1385323701733125
4723,0,0,-1.6140125173690005
4725,0,0,-1.8090459732914224
4727,0,0,-2.7431800139509868
4736,0,0,-0.8329121325709197
4739,0,0,-3.782274435038045
4743,0,0,-1.0078343885607066
4746,0,0,-2.239377276509985
4749,0,0,-1.4488021801465163
4754,0,0,-1.7961981634081348
4757,0,0,-1.318463664058338
4759,0,0,-2.1206467141731
4780,0,0,-2.3406923966858626
4781,0,0,-1.7718963359162723
4784,0,0,-1.6154357095172618
4788,1,1,0.7580448040823757
4789,0,0,-0.5354695902145262
4790,0,0,-1.5938807944663775
4796,1,0,-0.9835807764180983
4801,0,0,-2.8715243272806514
4802,0,0,-2.2819913154571356
4803,0,0,-2.7018222447253577
4811,0,0,-1.7493800657890524
4812,0,0,-1.2383532635369388
4814,0,0,-3.034225383338301
4816,0,0,-0.9204383487494705
4828,1,0,-0.48301628846685796
4829,0,0,-3.3331492826469074
4845,0,0,-2.527651497162403
4850,0,0,-0.7626048528763422
4862,0,0,-2.8603197541361753
4863,0,0,-1.0400694850692527
4866,0,0,-1.199252998380024
4868,1,1,0.49400217970215765
4870,0,0,-1.911604921291723
4872,0,0,-2.0343773817772726
4873,0,0,-1.8527943056672223
4875,0,0,-0.9429864114423064
4879,0,0,-1.1167990276494901
4892,0,0,-2.042221464591789
4896,0,0,-1.0378038932654774
4908,0,0,-0.3679994119088228
4912,0,0,-1.3144873688998644
4915,0,0,-0.9910891927712666
4916,0,0,-3.357435720568942
4920,0,0,-0.8257437729830088
4926,0,0,-2.3825910529888796
4933,0,0,-2.920837171471539
4934,0,0,-0.8244045678156591
4939,0,0,-1.7871110106385653
4947,0,0,-0.28056565027299196
4952,0,0,-1.817972909334926
4962,0,0,-0.9502703033518015
4963,0,0,-0.455691543521174
4973,0,0,-2.3038122918784234
4976,0,0,-1.2443082772573038
4979,0,0,-1.3192548850926258
4983,0,0,-1.408644274142833
4990,0,0,-0.33400274098508304
4996,1,0,-0.9042235584839535
4999,0,0,-0.39099651817619197
5000,0,0,-1.7315319437482428
5017,0,0,-1.269495501413728
5026,0,0,-3.9206030000018908
5031,0,0,-2.4746422299635764
5032,0,0,-1.0920989006467314
5046,0,0,-1.9504459037055393
5048,0,0,-0.6042671693666584
5051,0,0,-0.3904343247887515
5052,0,0,-1.4308305071943677
5054,0,0,-2.8974306628079907
5058,0,0,-2.579301170470872
5063,0,0,-1.4105732953666381
5073,0,0,-1.7907706883436387
5080,0,0,-1.7433896647148037
5082,0,0,-1.6458092495920629
5085,0,0,-1.5153512932959106
5086,0,0,-2.2879837288756484
5092,1,0,-0.4351043967928494
5097,0,0,-2.4898013694648675
5102,0,0,-0.572086154429269
5104,0,0,-0.05577926367937702
5112,0,0,-1.1962008583511718
5132,1,1,0.5424541564431433
5133,0,0,-1.077961912766543
5134,0,0,-2.364701912390609
5135,0,0,-1.037868902255787
5140,0,1,0.07518239517328185
5145,0,0,-3.9837929752308083
5153,1,1,0.615223781168456
5155,0,0,-0.25713894207024
5156,0,0,-1.5278574373171339
5163,0,0,-2.3839581600634427
5166,0,0,-1.8315717312635549
5184,0,0,-2.8768174364799863
5185,0,0,-0.5336214338304034
5188,0,0,-1.4353671123912246
5210,0,0,-1.1235985669151434
5213,0,0,-2.9689650027405543
5214,0,0,-1.1004027171556112
5215,0,0,-3.7779143912504667
5220,0,0,-2.4100241576325505
5225,0,0,-2.834728732123388
5226,0,0,-1.0142360917634294
5228,0,0,-1.1530992494900822
5229,0,0,-2.3670918757579162
5231,0,0,-0.9594184296213213
5233,0,0,-1.8995189185176489
5236,1,1,1.4996598296119819
5251,0,0,-3.296588751184305
5252,0,0,-3.034251036417613
5259,0,0,-1.2204177635018176
5261,0,0,-0.7737071557366395
5263,1,1,0.24769075269895535
5264,0,0,-1.336814939977798
5265,0,0,-1.8058261041626038
5272,0,0,-0.5334638606458691
5273,0,0,-2.6301879776696806
5278,0,0,-0.984019840122863
5284,0,0,-1.7419670535772844
5297,0,0,-2.7267306432167713
5300,0,0,-2.9235817049114727
5304,0,0,-2.0419354398513168
5307,0,0,-3.374033145404499
5310,0,0,-1.9186789695723223
5312,0,0,-2.673320696365181
5314,0,0,-2.5798387615268425
5315,0,0,-1.4912494995037133
5318,0,0,-1.1215907642490135
5330,0,0,-1.4619080707520624
5335,0,0,-2.0181327712255843
5337,0,0,-1.8218386086377654
5338,0,0,-2.552181326226868
5342,1,1,0.8669423939070928
5349,0,0,-0.7517053015270195
5359,1,0,-0.18779868276083678
5367,0,0,-0.5505267981309452
5371,0,0,-0.6814760924439812
5378,0,0,-1.9537833453673643
5380,0,0,-1.8370675290379561
5382,0,0,-1.9603094929568026
5384,1,0,-0.769460143393716
5385,0,0,-1.9427925105769464
5404,0,0,-2.3126089320350953
5406,0,0,-3.5403798231965204
5408,0,0,-1.8232932572637355
5409,0,0,-1.726548755032949
5411,0,0,-2.4063471642067435
5415,0,0,-2.151606846725126
5417,1,1,0.2040294721263478
5421,0,0,-2.9663487518921245
5429,0,0,-0.7915590952429762
5431,1,1,0.5721656017221433
5432,0,0,-1.6753767821673222
5436,0,0,-1.2509720889717704
5440,0,0,-2.769821247022744
5447,0,0,-1.1167309870165079
5450,0,0,-1.2168919731506227
5451,0,0,-1.8213840484192703
5457,0,0,-2.5092102632001385
5459,0,0,-1.4675678296785706
5476,0,0,-3.7165605281631002
5480,0,0,-3.6450632366325664
5486,0,0,-1.2076678939605119
5488,0,0,-0.6963314418637316
5495,0,0,-1.127820319213945
5499,0,0,-0.646502811854993
5504,0,0,-2.5754128126462885
5512,0,0,-2.370394674827556
5518,0,0,-1.5314498417799358
5521,1,1,1.5263902751442713
5525,0,0,-1.4489835675629723
5527,0,0,-2.0105105717069574
5533,0,0,-3.565854750945036
5537,1,1,1.5935583306547574
5538,0,0,-3.552629314433786
5540,0,0,-0.7683414048003956
5550,1,1,1.4743196069651117
5558,0,0,-1.748040522206683
5561,0,0,-3.0894918664937814
5564,1,1,0.11811000207679734
5565,0,0,-3.3808589325739504
5567,0,0,-0.5197201533593101
5580,0,0,-0.8023871449194362
5582,0,0,-0.8133244499722447
5585,0,0,-1.2782973123456705
5591,0,0,-1.4432857131848968
5604,0,0,-1.4507290305474312
5610,0,0,-2.389155425939194
5612,0,0,-1.9814080749135348
5616,0,0,-3.2615212348597895
5617,0,0,-0.6703777703883397
5629,0,0,-0.6946030906654366
5635,0,0,-1.8638385403743891
5640,0,0,-1.855833491451308
5652,0,0,-2.0889070965415133
5658,0,0,-1.5036183502508162
5660,0,0,-1.8657965244911852
5666,0,0,-2.988731641926714
5679,0,0,-1.7519847047670636
5680,0,0,-1.516056811803415
5686,0,0,-0.5294835618681564
5692,0,0,-1.364524036795764
5704,0,0,-1.3964314565518285
5706,0,0,-2.3910047882368772
5708,0,0,-1.5474553798918795
5713,0,0,-1.86207430941254
5714,1,1,0.7950761864338833
5723,0,0,-1.4971739560581123
5726,0,0,-0.311974686339318
5729,0,0,-2.204245414275504
5730,0,0,-1.111505346263665
5737,1,1,1.0090459318151
5750,0,0,-0.8897796440650347
5757,0,0,-1.0076052620937181
5759,0,0,-1.897545962034984
5760,0,0,-2.5997778188848644
5761,0,0,-2.6161505921690607
5767,0,0,-1.3285093934598193
5769,0,0,-1.954277029462611
5770,0,0,-0.6305237602543243
5775,0,0,-4.336070570330833
5778,0,0,-2.969616392123296
5787,0,0,-1.6520200538799097
5790,0,0,-1.4629692507704624
5792,0,0,-1.9213916842490824
5793,0,0,-1.9923168059492955
5801,0,0,-1.4365196988230715
5804,0,0,-3.220578656705822
5806,0,0,-1.0682455716030739
5808,0,0,-1.4428980719685107
5816,0,0,-1.7652048056534764
5823,0,0,-3.0934857061267316
5826,0,0,-2.4986444569888464
5831,0,0,-3.3038157279745235
5832,0,0,-1.7776337662445776
5834,0,0,-1.7873993702794178
5837,0,0,-1.1304883396552292
5838,0,0,-2.9227192247949842
5845,0,0,-1.0503474310165057
5846,1,1,1.106237753714133
5871,0,0,-1.411192555476107
5873,0,0,-1.8890460971323069
5879,0,0,-1.3832564561891116
5886,0,0,-1.4500210837298955
5887,0,0,-0.9074277916581273
5888,0,0,-3.351206811152795
5893,0,0,-1.669178825816053
5900,0,0,-2.1148301058760683
5903,0,0,-1.0073841338257217
5905,0,0,-2.2212901154960356
5910,0,0,-4.0491723661016
5912,0,0,-1.14548608144277
5918,0,0,-2.197378215978044
5923,0,0,-2.7390173552655632
5924,1,1,1.8893066546335666
5927,0,0,-0.8215030510187341
5936,0,0,-0.6570520394478736
5937,0,0,-2.1647435522252056
5938,0,0,-0.584452238522919
5941,0,0,-0.5632278939951502
5943,0,0,-1.869936166398301
5948,0,0,-2.542720910789128
5953,0,0,-1.8664024933120538
5955,1,1,0.8502636838249797
5964,0,0,-2.3692983426193823
5967,0,0,-1.8429165247317958
5971,0,0,-2.455493455558171
5975,0,0,-1.016478112202986
5978,0,0,-0.7542170942201771
5980,0,0,-1.2953274181253511
5986,0,0,-2.461999319271704
5987,0,0,-1.6501533954003529
5989,0,0,-1.1064075956785921
5998,0,0,-0.8672820980200342
5999,0,0,-3.266600074500131
6006,0,0,-1.6083703719462092
6008,0,0,-0.6357208300301698
6020,0,0,-2.844373290848732
6022,1,0,-0.8603963240280529
6027,0,0,-1.372268625046599
6028,0,0,-0.8090407375728897
6034,0,0,-3.789926416357125
6038,0,0,-2.41443397371396
6042,0,0,-1.5224311312692511
6043,0,0,-0.8824367596239189
6050,0,0,-1.3587934414779035
6059,0,0,-2.7535747245360653
6060,1,1,0.8052196567586463
6065,0,0,-3.4485837608196466
6075,0,0,-1.5586385980849238
6076,0,0,-1.952694227317015
6081,0,0,-1.4149041986180695
6086,0,0,-3.605339590288297
6090,0,0,-2.4263275551819863
6091,0,0,-1.9864000003456843
6092,0,0,-2.213240182951494
6118,0,0,-0.05114929439103466
6120,0,0,-0.8439570493449726
6122,0,0,-3.3326677324858363
6123,0,0,-1.2075259134981078
6126,1,1,0.5655841520320264
6128,0,0,-2.4413407860117085
6131,0,0,-3.1997538974916706
6134,0,0,-1.6808079241838905
6138,0,0,-2.128801449854847
6146,0,0,-1.9126213223165387
6148,0,0,-1.695702942678813
6152,0,0,-3.0248054252083323
6158,0,0,-2.67542423160042
6159,0,0,-1.9126858756509109
6160,0,0,-1.7854328928484766
6161,0,0,-2.4644230862402656
6167,0,0,-2.5548082126293625
6170,0,0,-2.859446321719833
6172,0,0,-2.976160789082316
6174,0,0,-3.1131659733436523
6178,0,0,-1.9354403774769267
6179,1,1,0.37767697692760405
6183,0,0,-3.3637938521329103
6184,0,0,-1.7830085926084642
6185,0,0,-0.6238429807558561
6190,1,1,0.9499373157679329
6191,1,1,0.21986266690705047
6192,0,0,-1.956358501628012
6196,0,0,-1.700233484738376
6209,1,1,1.6358554278267328
6215,0,0,-3.3280771164993306
6216,0,0,-2.2323776812874723
6226,0,0,-2.8269864089798213
6227,1,0,-1.1008089495128512
6229,0,0,-1.31268219185372
6236,0,0,-0.8238787917594103
6243,0,0,-2.34335715534725
6253,0,0,-1.3016266415953976
6257,0,0,-2.5436380494497204
6260,0,0,-4.408320631689715
6262,1,1,1.551625587002648
6263,0,0,-0.7506044598769679
6265,0,0,-1.7435392737488353
6266,0,0,-1.39689620893003
6267,0,0,-2.9364122310052725
6279,0,0,-2.096046174708249
6284,0,0,-1.5758549063041989
6287,1,0,-0.46393210393005974
6291,0,0,-3.194083403953285
6297,0,0,-0.6336735056592863
6300,0,0,-1.170489917984799
6307,1,1,0.1558544596014232
6310,0,0,-2.1228010700292232
6313,0,0,-1.9654617657592268
6320,0,0,-0.4327706171205064
6322,0,0,-2.49457418582005
6327,0,0,-1.8601983407223608
6329,0,0,-2.0896466832676817
6347,0,0,-0.7527137923325022
6352,0,0,-1.6298752739357458
6354,0,0,-2.400600745940298
6356,1,0,-0.7100222830405668
6362,0,0,-3.328148655120348
6365,1,0,-0.5053137687834935
6374,0,0,-2.203510031067301
6378,0,0,-2.5385751262269154
6383,0,0,-2.6005317479985566
6388,0,0,-1.0771191117304872
6394,0,0,-1.2054694485588495
6395,0,0,-2.116543617657732
6401,0,0,-0.7790175556252456
6404,1,1,1.2987602119100174
6414,0,0,-0.3978096864372678
6415,0,0,-1.5841389317434098
6418,0,0,-1.926326992614512
6422,0,0,-2.2913714797361924
6425,0,0,-2.0419562658492785
6426,0,0,-3.3789586561992673
6428,0,0,-2.2259377866554644
6431,0,0,-0.6254867123606679
6435,0,0,-0.8758110641378252
6453,0,0,-1.0405300051625213
6463,0,0,-0.15485858736068403
6464,1,1,0.5328148441293152
6484,0,0,-1.6270023482316123
6485,1,0,-1.5464950911709208
6488,0,0,-0.7664966163902457
6489,0,0,-0.9268899900906837
6490,0,0,-1.282013043037476
6491,0,0,-1.099902676615324
6492,0,0,-0.7577263881959654
6497,0,0,-2.8473527184936644
6503,0,0,-1.236688123809928
6504,0,0,-2.385094749153244
6505,0,0,-1.046697379242279
6521,0,0,-0.3777308303604872
6523,1,1,0.7356451081156665
6538,0,0,-1.5514578953524056
6541,0,0,-1.499156498682994
6542,0,0,-0.6804535386244757
6546,0,0,-2.017047142212281
6547,0,0,-1.9345738754293833
6548,0,0,-3.4868840813598254
6549,0,0,-0.1730287582011799
6550,0,0,-0.713956395502729
6562,0,0,-0.15672659228365504
6567,0,0,-2.8960808987762965
6569,0,0,-0.8611231573917008
6571,0,0,-1.1749427376489328
6574,0,0,-0.16999324932266346
6577,0,0,-2.5954554254729283
6581,0,0,-1.131296061318836
6597,0,0,-1.205079318579836
6602,0,0,-1.360176812316436
6613,0,0,-1.5472248946361002
6617,0,0,-0.7737546033987527
6620,0,1,0.0436594480551884
6627,0,0,-1.229989556262816
6632,0,0,-0.5393042365614942
6638,0,0,-2.8617507193884393
6640,0,0,-1.5291637119404016
6648,0,0,-1.667142707057509
6651,0,0,-1.8146379110666015
6652,1,0,-0.40214928761617785
6655,0,0,-0.9535563883192326
6658,0,0,-2.326408001160536
6662,0,0,-1.1822949659805118
6665,0,0,-2.2386403777858694
6676,0,0,-0.6932103984921794
6683,1,1,0.06402718181098765
6684,0,0,-0.8305181332744711
6689,0,0,-1.4154138473901272
6691,0,0,-1.1232190529546608
6694,0,0,-2.013218273122392
6700,0,0,-1.8146471253944687
6701,0,0,-0.7003878739871938
6703,0,0,-1.6942484713559396
6705,0,0,-4.246524618042466
6714,0,0,-1.8525734908559481
6719,0,0,-0.15834305538941174
6721,0,0,-2.0227247360447036
6728,0,0,-3.9079659496067203
6732,1,1,1.0392845388236955
6738,0,0,-1.5981883833093065
6740,0,0,-3.3431938862989448
6745,0,0,-1.148745010542058
6750,0,0,-2.6919530049070732
6757,0,0,-1.5581290837262325
6766,0,0,-0.45784466246794353
6771,0,0,-1.0580651691318934
6773,0,0,-1.0268762878553268
6781,0,0,-1.8253177938307983
6788,0,0,-2.1671918554998424
6793,0,0,-2.5307432491433772
6801,1,0,-0.6742989476639475
6817,0,0,-2.388178493764637
6842,0,0,-0.582085586885802
6848,0,0,-2.0362382454727324
6850,0,0,-1.116548587858352
6851,0,0,-2.7412139717029236
6859,0,0,-2.3460626030191785
6886,0,0,-2.2853078272127294
6888,0,0,-1.7140025317066487
6892,0,0,-2.7486577402109624
6898,0,0,-2.28170863380248
6901,1,1,0.32086366654789145
6908,0,0,-0.6661591992058578
6911,0,0,-2.668757030775076
6912,0,0,-0.9382105350617447
6932,0,0,-1.54538508295296
6942,0,0,-0.3878710238470535
6943,0,0,-0.858105494142724
6960,0,0,-2.4788302104469198
6974,0,0,-1.0548807443238803
6976,1,0,-0.4892106039549547
6978,0,0,-2.367960074409065
6980,0,0,-0.5741137554427563
6986,0,0,-0.583496093451625
6990,1,1,0.01764469445578354
7006,0,0,-1.715233067763899
7010,0,0,-1.2368777995261655
7014,0,0,-0.5565500434700144
7017,0,0,-1.0548349791648517
7018,0,0,-1.5455425698373848
7022,0,0,-2.027047439676708
7024,0,0,-2.8428859987895656
7032,0,0,-1.5563735836551678
7036,0,0,-1.8117731442884473
7044,0,0,-0.9630051612022065
7049,1,1,0.8895351790485209
7050,0,0,-2.5208553645028253
7053,1,0,-1.5186773660002202
7055,0,0,-2.37873998094085
7057,0,0,-0.9442381072184804
7061,0,0,-1.108824772655757
7063,0,0,-2.6865140951213986
7065,0,0,-1.999629738316798
7074,1,1,0.6849664781183515
7089,1,0,-0.7100952084910961
7095,0,0,-0.28005880544637785
7102,0,0,-2.0287234563713357
7105,0,0,-1.7907078539049097
7107,0,0,-1.57905295518538
7114,0,0,-1.8847276979040628
7115,0,0,-0.30240393346564154
7121,0,0,-1.0344318221251074
7126,0,0,-2.480756220017307
7127,0,0,-0.30061820948825535
7128,0,0,-0.5843111229583442
7129,0,0,-1.6027676265316801
7130,0,0,-2.7276474915469064
7134,0,0,-2.3491711151392556
7135,0,0,-2.3879322359769706
7148,0,0,-1.9696606353789372
7152,0,0,-2.538311227985111
7176,0,0,-0.8127455146883398
7183,0,0,-2.0245704449276327
7188,0,0,-0.5489294443400123
7189,1,1,0.502337453603029
7196,0,0,-1.02067186925288
7200,0,0,-2.682032684017765
7207,0,0,-0.5980379356512924
7211,0,0,-2.955220911295773
7216,0,0,-2.640085141828373
7222,0,0,-0.7677491650891032
7230,0,0,-0.8444370675140134
7233,0,0,-1.2157040561361878
7235,0,0,-3.325991650205255
7236,0,0,-1.6189712582408844
7240,0,0,-0.9925013233899302
7243,1,1,1.0661580247994378
7245,0,0,-2.1324853856758774
7248,0,0,-1.3179746204591514
7252,0,0,-2.442681947431717
7256,0,0,-1.8314275963886033
7259,0,0,-2.2785863938885997
7260,0,0,-3.2907854184284213
7261,0,0,-2.5193903696406945
7262,0,0,-3.442377886885251
7283,0,0,-0.976989779370881
7284,0,0,-0.36538327646144
7286,0,0,-0.9165849797764597
7287,0,0,-1.9819277078570088
7288,0,0,-1.277718188282985
7303,0,0,-2.1243116483462137
7304,0,0,-1.1717867043154846
7312,0,0,-1.2977130002264905
7314,0,0,-0.7392591195076061
7315,0,0,-2.71339297179859
7317,0,0,-2.178729112298824
7318,0,0,-2.0957800235551263
7319,0,0,-0.34727932084294827
7321,0,0,-0.998314992950822
7328,0,0,-2.5105805134112753
7329,0,0,-0.36044009825672596
7333,0,0,-1.9486331069891778
7335,0,0,-1.7345473369725661
7345,0,0,-0.6625944656071381
7352,0,0,-3.078588274446009
7357,0,0,-1.2590090378108205
7387,0,0,-1.8479926785546736
7394,0,1,0.018731124867527704
7400,0,0,-1.573407004550603
7405,0,0,-3.285714594064715
7411,0,0,-0.9102432796460774
7416,0,0,-1.1362350949843105
7418,0,0,-1.79976698565936
7421,0,0,-0.944950217317519
7426,1,1,0.8744001008932545
7430,0,0,-2.054219890518808
7436,0,0,-0.7005940419117946
7451,0,0,-4.401861384546928
7452,0,0,-2.188688572896213
7456,1,1,0.8002414357824619
7460,0,0,-2.6868186416265494
7463,0,0,-1.0023733655213205
7465,0,0,-3.1186068748696583
7469,0,0,-2.968627540870659
7471,0,0,-1.9522368092575435
7472,0,0,-2.03399899265143
7478,0,0,-1.0122756653068283
7481,0,0,-3.178984896277978
7484,0,0,-3.357259966247012
7485,1,1,1.598137350982136
7487,0,0,-2.7685128732537616
7489,0,0,-2.4140209426254975
7492,0,0,-3.0143473431710905
7493,0,0,-2.2049004201462736
7497,0,0,-3.108463015083043
7498,0,0,-0.8648882360990104
7508,0,0,-4.153436555207789
7512,0,0,-0.44879293303016965
7515,0,0,-1.7455630555842343
7519,0,0,-0.8069087603809674
7520,0,0,-0.8667282963418808
7521,0,0,-2.3619284636983533
7526,0,0,-3.750473008031528
7532,0,0,-3.1845911251719583
7538,0,0,-1.7823787373926425
7542,0,0,-1.2858605132932688
7545,0,0,-0.9179854953079375
7546,0,0,-1.9414842310678873
7551,0,0,-1.362294814091893
7552,0,0,-1.639786365186377
7554,0,0,-1.2381797596732036
7555,0,0,-1.5660231729437528
7562,0,0,-2.2088596066868607
7587,0,0,-1.7714086585048747
7589,0,0,-0.7741553719123884
7596,0,0,-1.6083474381777825
7602,0,0,-1.8441532286137519
7603,0,0,-3.6997116323625194
7605,0,0,-1.2209487714800258
7612,1,0,-0.16337504773946065
7619,0,0,-1.8597798159283085
7626,0,0,-0.46751349130781883
7627,0,0,-1.9720242638450827
7635,0,0,-2.621982309091682
7638,0,0,-0.6403859403336604
7639,0,0,-1.2071236629228137
7649,0,0,-0.47333537066733206
7651,1,0,-0.8045822028222848
7657,0,0,-2.095873071615117
7662,0,0,-2.4031263970379326
7666,1,0,-0.18472370065980703
7670,0,0,-1.1394054652389904
7671,0,0,-0.758444776685846
7673,0,0,-1.2272159640267302
7674,0,0,-1.107587338847059
7682,0,0,-1.703094847362694
7687,0,0,-1.8428076294729758
7701,0,0,-1.634101471527341
7711,0,0,-2.9380778410638007
7713,0,0,-2.1232592312160525
7720,0,0,-0.5201515404135346
7722,0,0,-2.722604315115027
7725,0,0,-0.9356922403153726
7731,0,0,-0.617190171104514
7739,0,0,-0.7082858292853533
7745,0,0,-1.846398979090542
7746,1,1,1.8980172328890574
7752,0,0,-1.6231419642187133
7753,0,0,-2.9956682778911343
7754,0,0,-2.0909439942375165
7757,0,0,-2.211438521640361
7763,1,1,0.7323329997534571
7776,0,0,-2.8008672269369175
7777,0,0,-1.7777577275009326
7780,0,0,-2.9924189263572085
7785,0,0,-3.3660584473278963
7788,0,0,-3.052225764827246
7796,0,0,-1.8926721488783864
7797,0,0,-2.5402177125793415
7799,0,0,-0.6966139559901745
7800,0,0,-3.0040905656255044
7812,0,0,-0.7712236247547373
7813,1,0,-0.8047382073458114
7815,0,0,-1.772014301367887
7827,0,0,-2.1924949128292885
7830,0,0,-0.8915348293160233
7837,1,1,0.8967883136059518
7838,0,0,-3.252288680538901
7845,1,0,-0.18650371253321596
7849,0,0,-1.729643804888902
7854,0,0,-1.4141218786766274
7858,0,0,-1.5870319145943343
7859,0,0,-1.8707462647472428
7860,1,1,0.9308118816053723
7862,0,0,-2.338615289391574
7866,0,0,-1.3508586791037631
7874,0,0,-0.10279093769350933
7885,0,0,-1.1196809685405968
7886,0,0,-1.4497537929205837
7889,0,0,-2.3715892615404712
7895,0,0,-1.9071567653963084
7896,0,0,-2.8967921325168238
7902,0,0,-0.8884928331403827
7915,0,0,-1.4053291763469704
7916,0,0,-2.782466153650957
7917,0,0,-2.615990884687285
7921,0,0,-2.0996695012926154
7934,0,0,-2.499015256727024
7938,0,0,-0.738118872725752
7940,0,0,-1.9194615780631745
7941,0,0,-2.232880088387158
7947,0,0,-1.1917360390908351
7950,0,0,-0.8572699613266564
7955,0,0,-1.974248989024707
7960,0,0,-0.7655900894573732
7961,0,0,-1.6145271677657838
7964,0,0,-1.306935334979439
7969,0,0,-2.9107547782876004
7970,0,0,-1.8786112734214067
7974,0,0,-3.251450665880201
7978,0,0,-2.8832206806175638
7983,0,0,-2.945272533490435
7994,0,0,-2.6719280172248903
7996,0,0,-1.828522816550935
7998,1,1,1.4972429468583466
8005,0,0,-0.43662531730638865
8006,0,0,-0.007818054919687123
8014,0,0,-1.1019600372793472
8015,0,0,-2.74529934801284
8019,0,0,-2.0694430604446823
8020,0,0,-1.7388098584798488
8027,0,0,-3.1875726806994154
8028,0,0,-1.4974958653178199
8042,0,0,-1.167921037893362
8044,0,0,-1.5463967372233391
8046,0,0,-1.0091528074154132
8074,0,0,-2.8155140466581
8079,1,0,-0.264819429373217
8082,0,0,-0.9674677329548246
8084,0,0,-0.9549389681167831
8087,0,0,-1.9412524511244185
8090,0,0,-3.1255164766910637
8092,0,0,-1.2271634433761296
8095,0,0,-0.7832465762647199
8106,0,0,-2.0500602765290354
8107,0,0,-1.839263286248033
8109,0,0,-1.8819142866101588
8110,0,0,-2.262388766188433
8113,0,0,-2.946075402075227
8117,0,0,-1.4852139841830025
8122,0,0,-1.2060807579699682
8126,0,0,-0.8746372894971488
8132,0,0,-2.341365393995011
8133,0,0,-1.5301869426544648
8134,0,0,-2.547948351775676
8138,0,0,-0.8514371841022352
8139,0,0,-1.4671183614837282
8140,0,0,-1.8676510562059803
8147,0,0,-2.1325395564565532
8149,1,1,1.6860633360147002
8152,0,0,-2.7410462506842554
8157,0,0,-1.8292981285562715
8163,0,0,-1.9418162505926932
8166,0,0,-1.0756798517240633
8167,0,0,-1.785635055009173
8175,0,0,-1.2066147067003448
8177,0,0,-0.4717862402055687
8178,0,0,-1.8651969919547609
8179,0,0,-2.5903935852320368
8186,0,0,-1.596522637718404
8189,0,0,-2.072837040273768
8193,0,0,-1.7039325508008014
8195,0,0,-0.6879775686913555
8204,0,0,-2.044804326886495
8207,0,0,-2.0645673551777763
8208,0,0,-3.2067874259337623
8209,0,0,-3.5808902566705427
8213,0,0,-1.1104131505991341
8219,1,1,0.5118658223468036
8230,0,0,-3.2902505284646475
8235,0,0,-1.2835785842607748
8236,0,0,-2.159355364378432
8237,0,0,-2.5233369725223067
8239,0,0,-0.9759310760230221
8246,0,0,-1.5029698346597231
8250,0,0,-2.4765527344625466
8253,0,0,-2.899457466672665
8256,0,0,-1.2308054142465132
8266,1,0,-0.6204788410174169
8271,1,1,0.6460754440072551
8274,0,0,-2.496271207336082
8276,0,0,-3.0060772521528047
8279,0,0,-0.6887028534466526
8284,0,0,-0.6012847839473762
8285,0,0,-1.3671809231088767
8287,0,0,-0.5996900844717812
8298,0,0,-0.6715349261443837
8303,0,0,-3.254003776695476
8304,0,0,-1.8298220596239776
8306,0,0,-2.056242749069013
8311,1,0,-0.010802882521633084
8317,0,0,-1.6895043142807464
8320,0,0,-2.4088514048206724
8322,0,0,-0.3355243688206031
8352,0,0,-2.881692174290067
8356,0,0,-2.4556603592802215
8359,1,0,-0.3004191218189703
8362,0,0,-3.291514320230423
8371,0,0,-0.8504261477036186
8373,1,1,0.5034159842910808
8374,0,0,-3.806765920947271
8380,1,1,0.586697239446982
8383,0,0,-3.798507325847946
8384,1,0,-0.7323617123615097
8400,0,0,-1.3570853155718372
8403,0,0,-2.2625956291636085
8409,0,0,-2.3612106164894446
8412,0,0,-1.2645379130839751
8424,0,0,-2.5534030081853594
8426,0,0,-2.4106296326537073
8427,0,0,-0.9290578520935612
8431,0,0,-1.2416687599113465
8437,0,0,-1.6632643692326559
8441,0,0,-1.537715749023094
8445,1,0,-0.8955222705765973
8453,0,0,-2.187829178938607
8460,0,0,-1.5260977343731965
8468,0,0,-1.6377235688201637
8470,0,0,-0.19997934644497573
8474,0,0,-3.0429585539333877
8476,0,0,-1.0697563031691106
8482,0,0,-3.4642511357705965
8483,0,0,-1.9743060213527996
8489,0,0,-4.34876526777334
8510,0,0,-1.1167486101560615
8519,1,1,1.2603355964470524
8525,0,0,-3.454000096785239
8526,0,0,-1.1067318743825212
8534,0,0,-1.9784459063186757
8547,0,0,-1.1685985168709871
8564,0,0,-2.9618696030407587
8576,0,0,-2.823618669106863
8581,0,0,-0.8246887881215406
8583,0,0,-3.206549829061962
8584,0,0,-2.9623521716135404
8585,0,0,-1.1594643014532928
8591,1,1,0.9003881423886844
8592,0,0,-1.8290793401267262
8593,0,0,-2.0137230385136236
8594,0,0,-1.6686598376823518
8613,0,0,-1.4137132553801481
8614,0,0,-1.6758139631507918
8616,0,0,-0.44181395952716185
8619,0,0,-1.6039470373277984
8620,0,0,-0.9912972340001688
8628,0,0,-1.8833237417731237
8629,0,0,-2.876163889238205
8630,0,0,-1.0482033132762263
8633,0,0,-2.174137391557835
8636,0,0,-1.7471554608397621
8639,0,0,-1.6300361573845228
8640,0,0,-0.5524391783325019
8650,0,0,-2.7675476364568796
8651,0,0,-2.6475070918031087
8652,0,0,-1.6021943685827773
8667,0,0,-0.6694718768886011
8671,0,0,-0.5149843457168275
8678,0,0,-2.1719632913297997
8680,0,0,-0.1401133511922742
8682,0,0,-2.2614103308406364
8684,0,0,-1.0854353131927026
8688,0,0,-2.673248277177356
8689,0,0,-1.622048274043647
8691,0,0,-1.3928218704250366
8697,0,0,-1.014499432362423
8707,0,0,-2.316082248178102
8713,0,0,-1.6065840097995716
8715,0,0,-3.1966452703163952
8716,0,0,-1.5129615774882996
8721,0,0,-2.1503328761306957
8727,1,1,1.429327775353092
8729,0,0,-1.5853648517455392
8732,0,0,-1.3473901592257005
8736,0,0,-0.543086987990748
8741,0,0,-1.9427101529573776
8747,0,0,-1.1576390164219195
8750,0,0,-4.221244316428596
8752,0,0,-0.7815340607849076
8758,0,0,-2.736635896391344
8761,0,0,-0.7289629209956516
8762,0,0,-2.938968001948515
8764,0,0,-1.6228137861670864
8778,0,0,-2.1024751796826777
8779,1,1,1.7349219895952157
8787,0,0,-1.031910778231423
8792,0,0,-2.2669298837752594
8796,0,1,0.07091845567927513
8798,0,0,-1.5868862851853693
8801,0,1,0.19083023428513968
8803,0,0,-0.8026752845913077
8804,1,1,0.18610823655645525
8811,0,0,-2.4414006292306847
8819,0,0,-1.5556143917976881
8821,0,0,-2.707594445939038
8831,1,1,0.7593832862574776
8834,0,0,-2.211488813199593
8837,0,0,-0.4704332311200074
8841,0,0,-1.2449512078493448
8845,0,0,-0.6091145164121516
8849,0,0,-0.6189886485627087
8861,0,0,-1.8622429973954548
8868,0,0,-0.9578964556541245
8870,0,0,-1.898177607117029
8871,0,0,-1.5485871736099335
8876,0,0,-0.3320807170467561
8877,0,0,-0.4166115547544553
8878,0,0,-0.40649198213032023
8880,0,0,-0.5592459723104781
8883,0,0,-1.3801819356067524
8906,0,0,-1.7162053258704473
8907,0,0,-3.9943211452821963
8910,1,1,1.8915454705752188
8912,0,0,-1.1797728896449076
8913,0,0,-0.8121958394246737
8914,0,0,-1.7223002606102888
8915,1,0,-0.2625482738386361
8924,0,0,-0.7749089163842666
8926,0,0,-1.7011112965704984
8929,1,0,-0.7208658425291421
8930,0,0,-1.208594008752961
8932,0,0,-2.7681160297081058
8937,0,0,-1.8204455523901435
8951,1,0,-0.05083880914974026
8959,0,0,-1.4139208816855682
8966,0,0,-0.1999642264129533
8974,0,0,-2.6321008961816075
8979,0,0,-2.3766090789284506
8984,0,0,-2.178724310197798
8989,0,0,-1.0173459036206896
8990,0,0,-4.045137564762158
8993,0,0,-0.7056219863432776
8996,1,1,1.9701689567637966
9011,0,0,-2.104326699955246
9015,0,0,-2.0899150372413784
9016,1,1,1.7735539425998097
9017,0,0,-2.695805301219068
9029,0,0,-2.7769189665844465
9041,0,0,-2.9703594789560688
9044,0,0,-1.60780517330206
9050,1,0,-0.732797306225988
9069,0,0,-0.5759704478599286
9070,0,0,-1.7587797085892285
9072,1,1,0.9279785583550704
9078,0,0,-1.844125075551174
9080,0,0,-2.0228849407285434
9081,0,0,-1.6799923826753722
9082,0,0,-1.2470835452475102
9088,0,0,-2.4954686871423957
9090,0,0,-2.0680617390210587
9091,0,0,-0.9084129377514583
9093,0,0,-3.1952715063498065
9101,0,0,-3.687232855736311
9102,0,0,-2.6471067878463064
9105,0,0,-0.4698657575681413
9124,0,0,-1.0442315160943938
9127,0,0,-0.640297941709554
9134,0,0,-2.9489789929261843
9135,0,1,0.01207780374280465
9136,0,0,-2.246879070943083
9140,0,0,-0.4661224124169321
9141,0,0,-1.6640905690395247
9148,0,0,-1.503309514578056
9154,0,0,-1.5782143850428325
9162,0,0,-1.4117776262247101
9163,0,0,-3.1657013822083186
9164,0,0,-2.1357586466699865
9169,0,0,-1.4732884227952274
9181,0,0,-1.352905300626809
9202,0,0,-0.519913844730425
9203,0,0,-1.791825065336535
9218,0,0,-1.8288865498312423
9219,0,0,-2.9332847287762576
9228,0,0,-0.614946923964834
9231,0,0,-0.7453333011743767
9239,0,0,-1.823920388477552
9255,0,0,-1.4410050969700823
9258,0,0,-1.2069964459111793
9260,0,0,-1.9008900648305636
9261,0,0,-0.14515668783615854
9276,0,0,-2.3657581687191396
9282,0,0,-3.20298301193606
9288,0,0,-1.6734847460804445
9290,0,0,-1.0380476521660889
9308,1,1,1.5922617215696626
9310,0,0,-0.7102711720119415
9316,0,0,-2.335818293093304
9319,0,0,-1.5223726098815211
9332,0,0,-2.472546427936506
9334,0,0,-1.283337499071914
9341,0,0,-2.3571284738893183
9344,0,0,-1.6314401059909043
9346,0,0,-0.8736443777222733
9350,1,1,0.8187399920081551
9358,0,0,-1.5327233143356755
9363,0,0,-2.590964765219598
9373,0,0,-0.9672445598784105
9374,0,0,-1.1579178378574124
9377,0,0,-1.9565601256386878
9385,0,0,-0.6261179363316881
9391,0,0,-1.2610109067826074
9394,0,0,-3.248254808813787
9413,0,0,-2.5984764153806292
9421,0,0,-1.235857863592699
9425,0,0,-1.147461267173412
9426,0,0,-2.119984978872503
9430,0,0,-2.2961327590828464
9431,0,0,-1.5431783930500207
9432,0,0,-2.3410106694303945
9435,0,0,-1.1816318455059769
9436,0,0,-1.5927071884992798
9444,0,0,-0.6837504707367928
9452,1,0,-1.0414356786060956
9455,0,0,-1.3866253722045379
9459,0,0,-0.7794674791601862
9468,0,0,-3.097359329253602
9472,0,0,-2.5299549542447175
9474,1,1,1.5756801688519728
9475,0,0,-0.7423477444562376
9489,0,0,-0.8355016453266989
9495,0,0,-1.5161251404985756
9496,0,0,-0.7426593316591815
9500,1,0,-0.5240489619670314
9501,0,0,-3.7920393023166046
9507,0,0,-1.4306284105782143
9514,0,0,-1.4285710695501361
9524,0,0,-1.9148743925735712
9525,0,0,-1.1269317072836815
9530,0,0,-1.0888038388653571
9537,0,0,-1.6864770961029825
9540,0,0,-1.8466583048481529
9554,0,0,-1.5001998246802741
9565,0,0,-2.90907702315588
9572,0,0,-0.43442432796043917
9573,0,0,-1.3883442019674281
9574,0,0,-1.3746942665725945
9578,0,0,-1.7998900970153369
9581,0,0,-3.230613104557765
9582,0,0,-2.123491943361558
9585,0,0,-2.8192609433722664
9588,0,0,-1.8552843806696657
9589,0,0,-2.4189710645164606
9593,0,0,-1.1535542515339934
9594,0,0,-1.5838664148813897
9597,0,0,-1.2073198683629593
9601,0,0,-0.8514448370099841
9610,0,0,-2.9138095660464742
9611,0,0,-2.6114638570284567
9615,0,0,-0.09210541459752009
9621,0,0,-0.46574130209265596
9626,0,0,-2.069915548770614
9628,1,0,-0.779418510749053
9630,0,0,-1.5148655596235767
9636,0,0,-0.9036663851737776
9646,0,0,-1.294546187002378
9649,0,0,-0.38967290484567296
9668,0,0,-1.380395266769233
9670,0,0,-2.077573856638059
9673,0,0,-2.022824511663896
9680,0,0,-1.6744959692346546
9684,0,0,-1.3294155346866354
9686,0,0,-0.8523271280075746
9693,0,0,-0.46213887742160054
9698,0,0,-1.742265084446946
9703,0,0,-1.5390957093736595
9715,0,0,-1.6301094950506108
9717,0,0,-2.256269685200573
9721,0,0,-2.2557887576117523
9734,0,0,-3.739972870736403
9745,0,0,-2.310442351313136
9762,0,0,-0.1346797200801093
9775,0,0,-2.743848473686257
9781,0,0,-1.4757534936096925
9794,0,0,-1.9947633818374817
9804,0,0,-1.7875830104285566
9809,0,0,-1.2818549680018594
9815,0,0,-2.1901563676370035
9819,1,1,0.16315060824010597
9823,0,0,-2.2224419451334305
9836,0,0,-0.9746562099970004
9837,0,0,-0.9780027725107867
9838,0,0,-1.5873144620577118
9840,0,0,-1.7490016495919611
9842,0,0,-1.640934078067879
9859,0,0,-0.7744374552345985
9874,0,0,-0.31634637318528097
9876,0,0,-0.9390405301744734
9882,0,0,-2.341147811446999
9891,0,0,-0.8599876881774131
9892,0,0,-1.3202093959214347
9895,0,0,-3.1353328192304604
9899,0,0,-0.32319079859722066
9909,0,0,-3.0922454135457498
9910,0,0,-2.105208207186825
9915,0,0,-2.8245565242376482
9931,0,0,-4.0596323297561545
9939,0,0,-2.2380828043709595
9945,0,0,-2.8213574858805917
9946,0,0,-1.0244295091401305
9947,0,0,-0.23943677472524638
9966,0,0,-2.4918800656869715
9974,0,0,-1.942091221735958
9977,0,0,-1.6652709100867569
9978,0,0,-3.747783545077306
9979,0,0,-0.855479527490261
9980,0,0,-0.6755065917089482
9990,0,0,-1.2653754794915582
9998,0,0,-0.7542167691432642
10010,0,0,-1.641438523765974
10011,0,0,-1.3948609732079729
10013,0,0,-2.082115768730958
10014,0,0,-1.7398360602171923
10015,1,1,0.7404468421617467
10018,0,0,-1.1962142627458872
10021,0,0,-2.5490984926338456
10026,0,0,-3.5645423007625086
10031,1,0,-1.1448748922477452
10035,0,0,-1.4780992209968598
10038,0,0,-2.6181882276137016
10045,0,0,-2.8779891776699094
10054,0,0,-0.5952904277653289
10076,1,0,-0.9774017441664942
10084,0,0,-1.398321010230098
10087,0,0,-0.5630516033040533
10096,0,0,-1.574253096259514
10099,0,0,-0.9633407532194883
10101,0,0,-1.6906572005899299
10107,0,0,-1.0552544090170919
10113,0,0,-1.2837496408365745
10117,0,0,-1.0816375395498252
10132,0,0,-2.767482979247962
10134,0,0,-1.6537542673330854
10135,0,0,-2.709527310735627
10139,0,0,-1.875128117403207
10147,0,0,-2.1462261548553547
10149,0,0,-0.4080571509892891
10155,0,0,-1.0567109440699398
10161,0,0,-0.6078499681116776
10164,1,1,1.4682460341802013
10165,0,0,-3.0900013024449686
10169,0,0,-1.9641149007822243
10179,0,0,-1.5306870648864108
10185,0,0,-1.6031429900524476
10188,0,0,-1.3421941633193257
10191,0,0,-2.0912816255914564
10192,0,0,-0.4499178973596335
10198,0,0,-1.4787304155500143
10200,0,0,-1.3840921520233938
10201,0,0,-4.288990284251867
10203,0,0,-0.5819655328128489
10206,0,0,-2.041090709861274
10216,0,0,-2.0948596699567825
10226,0,0,-0.16475702202582432
10233,0,0,-2.0108328171389367
10234,0,0,-1.5251781661062669
10237,0,0,-1.8639166550896384
10252,0,0,-1.3912152968726825
10258,0,0,-3.439068795648981
10266,0,0,-1.812921376498996
10267,0,0,-0.8971448288044659
10268,0,0,-3.1177793141906296
10271,0,0,-1.7007664097483857
10274,0,0,-1.7578899430052646
10275,0,0,-0.4221493170875219
10277,0,0,-1.7962194213323412
10279,0,0,-0.9922739628950922
10290,0,0,-2.6262400830532444
10291,0,0,-2.491876346026336
10300,0,0,-0.7872271225799121
10303,0,0,-2.2904204458063724
10318,0,0,-1.9924108763813884
10320,0,0,-2.7420855962355617
10321,0,0,-1.5068388145409666
10323,1,1,1.8240309472896172
10329,0,0,-0.6609646515824444
10330,0,0,-1.1250728944348802
10334,0,0,-1.7111287167873508
10340,0,0,-1.7404089853854057
10350,1,0,-1.1497540267873412
10353,0,0,-1.1421214736082586
10354,0,0,-3.613711147900313
10355,0,0,-2.4724750265879734
10362,0,0,-3.780878357869959
10365,0,0,-2.383308186961744
10368,0,0,-1.037456830717871
10372,0,0,-0.8002331214402252
10376,0,0,-0.24047362627661606
10377,0,0,-2.2743727919295758
10384,0,0,-2.3093617172432515
10387,0,0,-1.2196648644098724
10388,0,0,-1.1328171551685435
10391,0,0,-1.99594154001702
10402,0,0,-1.7229198525216392
10404,0,0,-2.851156889519526
10406,0,0,-0.9600774718292886
10407,0,0,-1.802318022507129
10411,0,0,-0.7924691704554472
10412,0,0,-0.9809323353360841
10416,0,1,0.09566031150995302
10417,0,0,-2.286310783464738
10418,0,0,-0.8743826878009926
10420,0,0,-2.252477283137185
10421,0,0,-2.3840423384422778
10422,0,0,-1.6493048076609362
10425,0,0,-3.9144660877827935
10432,0,0,-0.13803830643989756
10437,0,0,-2.019529233436735
10438,0,0,-1.4215703817205858
10440,0,0,-1.0182824014176282
10442,0,0,-1.1727942916713543
10443,0,0,-0.6145846859520143
10450,0,0,-3.5633529291192394
10452,0,0,-0.9547842222120104
10459,0,0,-2.5040979143022897
10464,0,1,0.3892296127262167
10470,1,0,-0.9236690537046925
10472,0,0,-1.5183513848174615
10474,0,0,-3.166361500727782
10478,0,0,-1.5349799755806213
10480,0,0,-3.3287097434797195
10491,0,0,-2.5596037282055133
10496,1,1,0.5124781997478753
10506,0,0,-2.53069884457694
10509,0,0,-1.110023132184189
10519,0,0,-0.9990703078474625
10522,0,0,-2.8187849283018656
10536,1,1,0.13650251947488745
10538,0,0,-0.6776248768683626
10541,0,0,-2.847056136709033
10542,0,0,-3.3393028305042645
10544,0,0,-0.9050513884043746
10552,0,0,-1.3844761242650199
10553,0,0,-2.3553826121681345
10557,1,1,1.0234183638152747
10563,0,0,-0.5247776400326711
10574,0,0,-1.4500393815625026
10575,0,0,-1.882505775504947
10577,0,0,-1.035082431768832
10584,0,0,-1.0889935549503411
10585,0,0,-0.4483789224320919
10590,0,0,-2.2906858808694444
10602,0,0,-2.087178154525774
10603,0,0,-0.4399112605828142
10608,0,0,-2.4890317703760045
10614,0,0,-1.2905798661673054
10627,0,0,-1.5651647629176413
10629,0,0,-0.9331862742093069
10630,0,0,-1.6549060922888155
10641,0,0,-1.6835906648786692
10643,0,0,-3.267995356944816
10644,0,0,-1.7850319611507444
10650,0,0,-2.225490414677281
10652,0,0,-1.840393049668374
10658,0,0,-1.111270621004146
10661,0,0,-0.38598101290617026
10666,1,1,1.0740543957592488
10673,0,0,-1.9312553715680536
10677,1,0,-0.7889313099314728
10681,0,0,-1.5302452803172721
10686,0,0,-1.2903145306822588
10687,0,0,-1.8424630061868832
10689,0,0,-4.364435797451204
10690,0,0,-2.5741767468096244
10697,0,0,-2.9839939356623146
10705,0,0,-0.8830858739149283
10716,0,0,-1.667067357989032
10719,0,0,-2.2511138758619187
10725,0,0,-1.0812029886890602
10727,0,0,-3.8299260314901336
10729,0,0,-0.7808460828026782
10733,0,0,-0.6699597850371811
10738,0,0,-3.0899239161302052
10739,0,0,-2.2714076494113167
10744,0,0,-3.0641047696481216
10751,0,0,-1.5042481392713813
10755,0,0,-0.9733701988332762
10771,0,0,-1.529528419570839
10773,0,0,-1.3090355087573553
10786,0,0,-2.6796653103976675
10793,0,0,-0.9072778279679263
10798,0,0,-1.8548213424531328
10799,0,0,-2.1445549629646528
10801,1,0,-0.8423525262762835
10802,0,0,-1.7632615457208722
10803,0,0,-1.653012242503557
10814,0,0,-0.7548315734273654
10815,0,0,-2.5817649967771175
10816,0,0,-2.181013775607898
10818,0,0,-0.42314413498236003
10821,0,0,-1.870624733877455
10828,0,1,0.057842861879580765
10833,0,0,-1.488926252797443
10835,0,0,-1.7550681972486295
10841,0,0,-2.4383783726496095
10842,0,0,-1.8328736351938204
10844,0,0,-1.9020911008138985
10846,0,0,-2.210905595355838
10847,0,0,-2.0166329727441177
10848,0,0,-0.45463983917643935
10850,0,0,-1.4956676306130408
10855,0,0,-0.9221578500131968
10862,0,0,-2.017912462110309
10867,0,0,-1.2857156637860498
10868,0,0,-1.2754550673807776
10872,1,1,1.5668468781370664
10874,0,0,-1.5281268876773417
10882,0,0,-2.4681118004670752
10889,0,0,-0.1475620651551176
10891,0,0,-1.9087070094966878
10895,0,0,-0.8839901479953055
10904,0,0,-1.681331599456867
10905,0,0,-1.107534213701952
10910,0,0,-1.753783331151246
10916,0,0,-1.64534401599438
10919,0,0,-0.8342359592873754
10931,0,0,-1.2126875820979728
10933,0,0,-1.3911083506547486
10937,0,0,-2.457011512590382
10940,0,0,-0.5200530625663871
10943,0,0,-1.00004658840647
10946,0,0,-1.515048968077327
10949,0,0,-1.1911585448074382
10955,0,0,-2.039930089183632
10956,0,0,-2.1705033902956448
10958,0,0,-3.0221230380193482
10959,0,0,-2.1322756063074273
10961,0,0,-1.0964122694577347
10964,0,0,-0.9273540483892335
10974,0,0,-2.184273527698301
10977,0,0,-0.4531819381980183
10996,0,0,-1.4692603614617228
11001,0,0,-0.2793502864179731
11011,0,0,-1.7116333938913395
11012,0,0,-1.8463157665051668
11022,0,0,-1.7549420095178037
11025,0,0,-2.1627233460006794
11039,0,0,-1.218819197524922
11046,0,0,-3.9699433435540215
11051,0,0,-2.7159274195373344
11052,0,0,-1.510902965413262
11057,0,0,-1.433722813391808
11058,0,0,-2.749967641193848
11060,0,0,-2.1207946267210884
11068,0,0,-3.338164163004161
11073,0,0,-1.8275023058635174
11082,0,0,-0.5186091406235459
11095,0,0,-1.4679074706446704
11100,0,0,-0.779414963615668
11103,0,0,-1.9034750107786071
11108,0,0,-0.3938539770856054
11110,0,0,-2.5636588197366637
11112,0,0,-2.1082371915615186
11122,0,0,-1.6745181064820116
11127,1,0,-1.2694136817663937
11133,0,0,-1.164901282172133
11136,0,0,-1.663961794024993
11150,0,0,-1.622170515873747
11151,0,0,-2.3296182938512917
11156,0,0,-0.6368648808333659
11158,0,0,-0.8289315538510392
11185,0,0,-1.6388820912887865
11205,0,0,-1.5155299188750946
11206,0,0,-1.740666649268495
11214,0,0,-1.4618890314316886
11217,0,0,-0.7069276774462265
11218,0,0,-1.4422054589063054
11221,0,0,-3.0839073925920157
11230,0,0,-2.9954097523472214
11232,0,0,-3.647482334883091
11233,1,1,0.31391381252632056
11234,0,0,-1.9142956396094994
11236,0,0,-2.087025711354886
11246,0,0,-0.23560788351559714
11248,0,0,-0.7015599715808989
11259,0,0,-2.2849496800783298
11260,0,0,-0.9087922592268346
11261,0,0,-0.963647284497949
11262,0,0,-3.032387695666203
11271,0,0,-1.3609114131143487
11274,1,0,-0.17272459122119266
11280,0,0,-2.20329984536958
11282,0,0,-1.698086960782273
11289,0,0,-1.207673423384148
11295,0,0,-1.7473022478878917
11300,0,0,-0.9613664594198448
11309,0,0,-1.473678038791901
11310,0,0,-1.2602273393406775
11312,0,0,-1.6673697871784663
11321,0,0,-2.830522141663434
11323,0,0,-3.4868891217913633
11327,0,0,-0.972289413533187
11330,0,0,-1.5457109342959785
11332,0,0,-0.9946005769212072
11343,0,0,-2.074878988365578
11354,0,0,-3.2391952488973876
11356,0,0,-1.4499549168909167
11367,0,0,-1.530342829692577
11368,0,0,-1.0536696140796018
11369,1,0,-0.6906528050549412
11371,0,0,-0.7442890157511071
11373,0,0,-2.715311949757159
11374,0,0,-3.199026261134734
11381,0,0,-2.297994837841551
11385,0,0,-1.1258842706670515
11388,0,0,-1.4463956145039862
11395,0,0,-1.892563791952749
11398,1,1,0.5347380233285388
11403,0,0,-0.3997866171951776
11408,0,0,-3.767113584174183
11413,0,0,-0.4970591003774796
11415,0,0,-1.918396163120074
11417,0,0,-1.4889315715039722
11423,0,0,-1.4814213732729569
11427,0,0,-0.3683535864353584
11432,0,0,-0.9710113019818389
11434,0,0,-2.1199098076537277
11445,0,0,-1.5801644777634771
11450,0,0,-3.916366102399663
11461,0,0,-1.2951318839082862
11466,0,0,-2.9372536764828023
11467,1,1,0.5989323525278463
11471,0,0,-1.0116268385299896
11480,1,1,1.2182435843238555
11482,0,0,-2.116009909732549
11487,0,0,-1.0770974956793373
11489,0,0,-2.115607077244872
11491,0,0,-1.160191693135813
11492,0,0,-2.639773405059512
11498,1,0,-1.3646126181842204
11505,1,0,-1.5611489315837215
11515,1,1,1.182004731104502
11516,0,0,-0.11457601230243164
11522,0,0,-3.1139882450930294
11528,0,0,-1.9697487380154075
11531,0,0,-1.9128386667842237
11532,0,0,-1.4479419709183299
11539,0,0,-2.0965877041289303
11541,0,0,-2.6149455053004735
11545,0,0,-3.397454647759531
11557,0,0,-1.560840607895405
11564,1,0,-0.5547673801890265
11565,0,0,-1.3498310543468486
11569,0,0,-2.6722694698343177
11571,0,0,-2.6291892261954652
11574,1,1,0.8066233854113019
11579,0,0,-0.6147185443315472
11582,0,0,-0.6090473249494941
11584,0,0,-2.1733050453819978
11585,0,0,-1.1903570159549162
11588,0,0,-2.6630357581384407
11590,0,0,-4.069793615662688
11593,0,0,-1.77456582242904
11603,0,0,-0.795430141752363
11609,0,0,-1.022540678352073
11619,0,0,-0.9263548784806771
11622,0,0,-3.067351878496442
11626,0,0,-1.8427329971287312
11638,0,0,-1.4691344612974309
11649,0,0,-0.9694945587138232
11650,0,0,-2.612352880657437
11657,0,0,-0.5084388681934803
11661,0,0,-3.4341463819589126
11670,0,0,-1.4475364770667558
11679,0,0,-0.49096949240965293
11682,0,0,-2.380402044737986
11684,0,0,-1.8798149391183854
11688,0,0,-3.047393092108421
11691,0,0,-2.9242217572141733
11697,0,0,-2.6731075892572687
11698,0,0,-2.4384024081338467
11699,0,0,-1.1262842701289095
11702,0,0,-3.9856428385752363
11711,0,0,-2.189802539288672
11715,0,0,-0.8150134840325033
11716,0,0,-1.1998660623232131
11719,0,0,-1.0728340813441308
11726,0,0,-0.8322403385245399
11727,0,0,-1.7881297367697344
11746,0,0,-1.2718195248663524
11747,0,0,-1.445029764014654
11749,0,0,-1.4377203575713478
11752,0,0,-1.6402246365721265
11758,0,0,-0.2992254452741292
11759,0,0,-2.187905854132933
11767,0,0,-1.0867791866894483
11770,0,0,-1.183588880955492
11771,0,0,-2.1756134638723656
11776,0,0,-1.8211733401876078
11782,0,0,-2.638715383055165
11785,0,0,-1.0024608689487424
11796,0,0,-1.178989312456943
11799,0,0,-3.0756136900737028
11800,0,0,-2.3106701789435
11802,0,0,-0.8108156364126072
11808,0,0,-0.5666090069942463
11816,0,0,-2.449385543156267
11819,0,0,-0.43325180176591793
11820,0,0,-0.8936884584299719
11821,0,0,-0.353850261248555
11822,0,0,-1.2418546782596
11823,1,1,0.5379447327099272
11826,0,0,-1.4641281942894477
11828,0,0,-2.929267450415363
11832,0,0,-0.6370465651925268
11835,0,0,-1.329708254770652
11842,0,0,-0.06741202809662228
11847,0,0,-1.9817058544679713
11851,0,0,-1.3048628415266665
11856,0,0,-0.608984890446662
11860,0,0,-0.8854023683318892
11864,0,0,-0.9479864926333972
11869,0,0,-2.30701229818287
11871,0,0,-2.114980879188717
11875,0,0,-2.7106664399383495
11876,0,0,-1.2138984447769339
11882,0,0,-1.5098403262627802
11884,0,0,-1.1098075731176968
11885,0,0,-3.786603892359228
11893,0,0,-1.0888051047927458
11905,0,0,-1.0722385864231243
11908,0,0,-3.0840182879785702
11912,0,0,-2.7268370830360054
11920,0,0,-1.5216196837178058
11925,0,0,-0.9678930625215183
11926,0,0,-2.0219824084395897
11927,0,0,-0.23404316112780044
11928,0,0,-1.4228174539886533
11938,0,0,-1.2254700672484695
11941,0,0,-2.242719969093037
11943,0,0,-2.070128808077965
11947,0,0,-1.598199543849322
11953,0,0,-2.0556665809106702
11959,0,0,-1.3608653597936868
11968,0,0,-1.993674343792367
11974,0,0,-3.7027770504561452
11978,0,0,-1.0630053534080797
11984,1,0,-0.7355797095941756
11992,0,0,-1.6477582016573376
11994,0,0,-0.712007080181416
12002,0,0,-2.899444282471472
12007,1,1,1.4840915508034074
12009,0,0,-2.791384438810841
12015,0,0,-2.838210009234662
12016,0,0,-1.0681802766828783
12018,0,0,-1.3417830085598115
12021,0,0,-1.8964912719713167
12028,0,0,-2.0591272693974467
12040,0,0,-1.8874048904706664
12042,0,0,-2.9054449159199613
12044,0,0,-2.2319356715152647
12050,0,0,-1.0290375338549633
12055,0,0,-2.4373826044833344
12057,0,0,-2.7697829754151666
12058,0,0,-1.4315428727140938
12064,0,0,-1.2961844461605054
12066,0,0,-1.8283898657131836
12067,0,0,-1.091929830375586
12068,0,0,-1.6098897212026406
12069,0,0,-2.0042944761339445
12076,0,0,-1.0910044905953176
12078,0,0,-0.8543629329944683
12082,1,1,1.9883650967623387
12086,0,0,-2.417552252268308
12090,0,0,-2.782277943446007
12097,0,0,-0.7831966637697381
12101,0,0,-0.6234602887794064
12105,0,0,-0.5361076571679226
12108,1,1,1.800254579555298
12114,0,0,-0.24144353398168594
12120,0,0,-1.9460389320594862
12122,1,0,-0.7877263345600675
12123,0,0,-3.023138801329184
12129,1,1,0.8824408113781559
12132,0,0,-1.2270178510606868
12135,0,0,-0.3579566054212042
12146,0,0,-0.9508191311061237
12149,0,0,-1.6246833646742658
12155,0,0,-0.8822781559479779
12163,0,0,-1.0528888947131396
12164,0,0,-3.2974011812537887
12166,0,0,-1.4180986105781317
12177,0,0,-1.5148017945384769
12188,0,0,-2.5017489253818948
12191,0,0,-3.045083725922761
12197,0,0,-1.8876484407993508
12198,0,0,-0.9757254590249509
12199,0,0,-2.01487649271305
12206,0,0,-0.23244257625697007
12214,0,0,-2.8680520110427343
12215,0,0,-1.3246813711425802
12216,0,0,-3.1874031904212092
12217,0,0,-1.2562718505255486
12222,0,0,-1.7149540461738066
12226,0,0,-1.8136852934006653
12229,0,0,-1.2072893119493302
12230,0,0,-2.347752783407603
12238,0,0,-1.1506820925568702
12243,0,0,-1.6905008535128254
12244,0,0,-1.76694364256492
12247,0,0,-0.6911355181479394
12254,0,0,-2.4427860302483797
12259,0,0,-2.5224960174530215
12262,0,0,-1.9705016973686407
12265,0,0,-1.569195068315989
12266,1,1,0.24302536697651544
12268,0,0,-1.2490789014728085
12270,0,0,-3.3565669109389233
12273,0,0,-1.3319311551186255
12274,0,0,-2.490693836167494
12275,0,0,-2.5315681971819446
12277,0,0,-0.47902966325079765
12280,0,0,-1.3178305727417632
12283,0,0,-2.1385393828011843
12284,0,0,-2.4962644725047127
12286,0,0,-1.9959246798669978
12288,0,0,-0.568320816558727
12296,0,0,-1.3646150644373973
12299,0,0,-1.8454126645165896
12307,0,0,-1.4806249592515293
12323,0,0,-0.7955947106054284
12327,0,0,-1.571611748100112
12334,0,0,-1.18512650480778
12340,1,1,1.4858243885413482
12341,0,0,-1.15202681429004
12342,0,0,-3.302689847522844
12343,0,0,-2.818070551244979
12345,0,0,-0.6295842327000643
12346,1,1,1.4822701178683098
12354,0,0,-0.7411312220628732
12358,0,0,-1.6699165195899448
12359,0,0,-2.094682149709361
12373,0,0,-0.4398132219754301
12377,0,0,-0.264201995025274
12379,0,0,-1.5980485892915925
12382,0,0,-1.7411707853318696
12384,0,0,-0.5626120302604793
12388,0,0,-1.15068683453494
12389,0,0,-2.3400107096257825
12390,1,1,0.9277836272884377
12403,0,0,-1.6372813711810752
12404,0,0,-1.458869007874262
12409,0,0,-2.6309184241848307
12415,0,0,-1.2001435716808082
12416,0,0,-1.6345186661671862
12421,0,0,-2.2424777921213073
12430,0,0,-1.4200320295927975
12432,0,0,-1.8871259555308348
12439,0,0,-2.8105063821345437
12441,0,0,-2.3382054352971364
12442,0,0,-1.5772948373286917
12443,0,0,-0.8201852247791128
12448,0,0,-2.5736893183424696
12455,0,0,-1.776814291176922
12460,0,0,-3.216738968098989
12463,0,0,-1.4664831817925887
12471,0,0,-2.5711981595322806
12473,0,0,-1.6532216698132267
12475,1,1,1.157269552520791
12481,0,0,-2.248764120907167
12483,0,0,-1.311696404067805
12484,0,0,-1.362209417008467
12487,0,0,-1.1706575163575756
12488,0,0,-2.160111165167443
12490,1,1,0.4768062491340037
12493,0,0,-2.1626860855333145
12494,0,0,-0.3910025496351994
12496,0,0,-1.999315481759911
12497,0,0,-1.2417790165062077
12499,0,0,-1.658292829273091
12503,0,0,-1.1711652645762363
12506,0,0,-0.898229230920855
12525,0,0,-1.386438020197517
12541,0,0,-0.793517072115667
12545,0,0,-3.4886034590712605
12549,0,0,-2.0576511656901015
12563,0,0,-1.42545176277759
12564,0,0,-0.7270053298357896
12567,1,0,-0.17963821148979464
12569,0,0,-2.474573590998534
12573,0,0,-1.284937552618472
12590,0,0,-0.9056644071736699
12593,0,0,-3.636493203677987
12596,0,0,-1.7570904331705963
12597,1,1,0.941590981131126
12598,0,0,-1.2800364699079787
12599,0,0,-1.9318719402461875
12605,0,0,-1.4093337792953855
12626,0,0,-0.6371577612916005
12641,0,0,-1.099070365788227
12646,0,0,-1.0829068051490385
12647,1,0,-0.2358722180609567
12680,0,0,-2.2796333030287306
12681,0,0,-1.8176712762710237
12683,0,0,-1.9372742487953922
12687,0,0,-1.1897901406771871
12692,0,0,-0.6817411438995331
12698,0,0,-3.3545996007426897
12700,0,0,-3.093076559054264
12703,0,0,-1.3007453719176771
12709,0,0,-0.9304782781746068
12713,0,0,-2.0093058604759584
12717,1,1,1.0591825978891738
12721,0,0,-1.100425622144782
12722,0,0,-1.8937618746618872
12727,0,0,-2.0749734038232406
12728,0,0,-2.400715145429287
12730,0,0,-3.432192191002171
12731,0,0,-2.105323450684605
12732,0,0,-2.569723949360683
12736,0,0,-1.0598350045966054
12740,0,0,-1.4148175662636504
12744,0,0,-1.4844410843499363
12752,0,0,-0.8501265230077188
12754,0,0,-2.379102192343331
12758,0,0,-0.6806433470766345
12763,0,0,-1.8471056845693945
12764,0,0,-1.5825742395466238
12768,0,0,-2.8530479639783124
12787,0,0,-1.9977931456497253
12789,0,0,-0.8078837076967341
12797,0,0,-1.3962177284779775
12807,0,0,-0.9228380119994135
12810,0,0,-2.8287804706835074
12825,0,0,-1.1948088815120033
12828,0,0,-2.022054363289697
12838,0,0,-0.5845583571160675
12839,0,0,-2.262574321766926
12844,0,0,-2.5017010682962617
12847,0,0,-2.8711859249200584
12851,0,0,-1.4953653374485092
12857,1,0,-1.4633791353776306
12871,0,0,-0.4745659479976934
12872,0,0,-0.9144514152876302
12876,0,0,-2.1874543151261747
12918,0,0,-0.48982293481159134
12919,1,1,0.9284744529044959
12922,0,0,-1.0350302737151718
12926,0,0,-1.594990272931904
12930,0,0,-1.7978706459659326
12937,0,0,-1.4971169030105111
12944,0,0,-1.700640169591361
12951,0,0,-3.2433406321025933
12956,0,0,-2.3982280700290515
12965,0,0,-3.0910689346595595
12970,0,0,-3.5919130181080883
12980,0,0,-0.6181171327421678
12987,0,0,-0.6631483316487768
12991,0,0,-2.5178918855795605
13001,1,1,2.096450433614013
13002,0,0,-1.4934721137732299
13014,0,0,-1.1299742593912951
13015,0,0,-1.2060680414477116
13016,1,1,1.3669435313005114
13021,0,0,-2.268006975993634
13037,0,0,-2.070744340364287
13068,0,0,-2.13747552847735
13072,0,0,-1.2935086275626697
13079,0,0,-1.8214765856013233
13080,0,0,-0.773658222735851
13083,0,0,-2.35872648307724
13087,0,0,-3.0696089519406913
13106,0,0,-1.327829773933961
13108,0,0,-1.4773415963255512
13123,0,0,-1.5762439132273833
13128,1,1,1.3348565281024076
13134,0,0,-2.9025078939482825
13141,0,0,-1.90410002092446
13142,0,0,-1.9240007333523337
13143,0,0,-0.5248353103959955
13144,0,0,-3.3757580098745485
13147,1,0,-0.4822075611191376
13150,0,0,-2.7761847478285193
13151,0,0,-1.5876871127936536
13156,0,0,-1.5242727527035953
13158,0,0,-1.4307513448595188
13159,0,0,-0.09700916310098784
13161,0,0,-0.8893573658897593
13165,0,0,-1.0559556694198808
13170,0,0,-2.002431164182525
13177,0,0,-1.2054549345875536
13193,0,0,-1.6183902710816913
13202,0,0,-3.370867357945592
13209,1,1,0.4032742909324394
13214,0,0,-1.2224824622314316
13225,0,0,-4.1862593440709555
13228,0,0,-0.9948457343165059
13233,0,0,-1.8492241265481901
13234,0,0,-1.893475288023505
13241,0,0,-0.203282167315046
13258,0,0,-0.6629607473564247
13260,0,0,-1.660039332402019
13275,0,0,-2.2026136587803666
13283,0,0,-1.9139593739563674
13297,0,0,-1.9296188096085312
13306,0,0,-1.6684045755929706
13309,0,0,-1.26486274610317
13311,0,0,-0.6999613880544353
13322,0,0,-1.7210550508306288
13332,0,0,-1.353460947992141
13337,0,0,-1.0446072223804603
13341,0,0,-2.4153290251254145
13344,0,0,-3.046969987593153
13347,0,0,-0.8122465801909012
13348,0,0,-2.5672062844976216
13349,0,0,-1.5030276022186415
13353,0,0,-0.949049106276963
13372,0,0,-0.6795092691188639
13377,0,0,-0.21173317517581158
13378,0,0,-2.8559601441872635
13390,0,0,-1.4421177384387551
13405,0,0,-2.508576663598947
13408,0,0,-1.0544285806639229
13411,0,0,-1.1332498975711158
13413,0,0,-1.8756734747611936
13414,0,0,-0.5102785254512026
13416,0,0,-1.461002113609442
13421,0,0,-0.6726785553162957
13422,0,0,-1.6188699765322367
13423,1,1,0.5846049094786292
13424,0,0,-1.0942443768265817
13426,0,0,-0.45613840796623606
13429,0,0,-2.554337732777342
13430,0,0,-1.7519073853929108
13434,1,1,2.0120043072778175
13436,0,0,-0.6157455841165766
13439,0,0,-1.2483201655465634
13440,0,0,-1.3617591657136812
13443,0,0,-1.9183892218568224
13446,0,0,-1.5625849132789351
13447,0,0,-2.654318355166361
13449,0,0,-0.7108041544230317
13457,0,0,-0.9800090460458224
13462,0,0,-1.031109714955596
13466,0,0,-3.4802593123183243
13470,1,0,-0.6925488659358088
13479,0,0,-2.2598802712892
13481,0,0,-2.0577455519573244
13484,0,0,-2.059527940802826
13490,0,0,-0.4181868765908819
13497,0,0,-2.2712564000090048
13510,0,0,-2.2483691891024815
13517,0,0,-0.17309292285552313
13526,0,0,-1.6167709471940537
13536,0,0,-2.29814565151728
13537,0,0,-1.5330448545661866
13546,0,0,-2.0775615025746976
13549,0,0,-1.5149953985399685
13552,0,0,-0.681786335053189
13554,0,0,-2.894634067693967
13555,0,0,-0.5261262007997032
13567,0,0,-3.115052811450804
13573,0,0,-1.4854904096281678
13579,0,0,-2.084932105156481
13586,0,0,-0.9179405638338763
13588,1,1,0.15430519832075618
13593,0,0,-2.5108034222653846
13604,0,0,-2.4725103608242374
13605,1,0,-0.7057572258915596
13610,0,0,-0.7547326169793653
13614,0,0,-1.0783399623044407
13617,0,0,-2.499748231838848
13625,1,1,0.5856401705890222
13627,1,0,-0.7389040037415944
13635,0,0,-2.2157868930826625
13636,0,0,-1.0384656517701238
13648,0,0,-1.428519474859582
13650,0,0,-0.9274453680797208
13655,0,0,-2.7049832613793603
13663,0,0,-0.816690271323242
13670,0,0,-2.096039693636632
13676,0,0,-0.42393268013041036
13678,0,0,-2.743168784284931
13679,0,0,-1.927370843526784
13703,0,0,-2.2886749167992813
13707,0,0,-1.635960675798729
13710,0,0,-1.6071729427650885
13714,0,0,-0.8443802905636684
13715,0,0,-1.4601546326613324
13721,1,0,-0.013220081737062794
13722,0,0,-0.8780667034233971
13729,0,0,-0.8533950637670346
13762,1,0,-1.5904621873434763
13763,0,0,-2.346998244166639
13764,1,1,1.5388987041288023
13767,0,0,-1.274323113986091
13768,0,0,-2.9658214666746012
13785,0,0,-2.5785743083786556
13790,0,0,-1.1401854887519542
13807,0,0,-1.8290341961500638
13823,0,0,-1.7843410585673252
13831,0,0,-0.657244396848906
13835,0,0,-0.7647484377644391
13843,0,0,-1.0203158777680745
13845,1,1,0.24871552464499747
13866,1,0,-0.09295180313782703
13868,0,0,-1.0621373860749652
13881,0,0,-1.356719384174487
13885,0,0,-1.570287540996404
13888,0,0,-2.1487767188858244
13897,0,0,-1.0551074654323718
13900,0,0,-2.4251277832972917
13911,0,0,-2.313085768796645
13920,0,0,-2.558080932555887
13924,1,1,1.278124190293948
13928,0,0,-3.3806244822604086
13935,0,0,-1.6344944867948015
13943,0,0,-0.432966514328327
13953,0,0,-1.8365471826307502
13957,0,0,-3.229522837365616
13958,0,0,-2.1105283824521894
13967,0,0,-1.5113480482925685
13969,0,0,-1.4127623604383983
13976,0,0,-1.7246278031149023
13981,0,0,-1.3587404160509242
13984,1,1,1.1710917973933768
13988,0,0,-0.940521828249602
13994,0,0,-2.3571830735244106
13998,0,0,-1.4041228883638222
14011,0,0,-0.3712292034293444
14015,0,0,-0.9290154890682791
14046,0,0,-1.180418620806671
14054,0,0,-2.5924642868581054
14064,0,0,-0.7485487109693825
14074,0,0,-1.9805829379643536
14084,0,0,-0.5333544824680201
14093,0,0,-1.9079763879685896
14094,1,1,0.7774774435390674
14105,1,1,1.9508140666908844
14111,0,0,-0.5050685079388454
14117,0,0,-2.136029461402999
14124,0,0,-0.6747223183034365
14126,0,0,-2.368626449448894
14128,1,0,-0.9915421366201979
14129,0,0,-2.988997132809856
14133,0,0,-1.8006293176368986
14138,0,0,-2.9624802707646953
14144,0,0,-1.7318404593954426
14145,0,0,-0.8602085370239452
14146,0,0,-1.826780692008698
14167,0,0,-2.4039151311010922
14168,0,0,-2.1717782518169484
14169,0,1,0.46227631479312326
14173,0,0,-1.1562084389884975
14176,0,0,-1.7529124242404734
14179,0,0,-2.073446161199252
14180,0,0,-1.600447039941581
14186,0,0,-1.6673694748247938
14187,0,0,-2.9326399839784845
14188,0,0,-0.8564850666751918
14189,0,0,-1.6401872027947952
14191,0,0,-2.7625509716781753
14193,0,0,-1.3466366391402167
14195,0,0,-2.012576983753105
14198,0,0,-2.04582605570947
14216,0,0,-0.8131598350158937
14219,1,0,-0.5224536540990139
14221,0,0,-2.375879688191045
14222,0,0,-0.7620611085967749
14223,0,0,-2.7730820194951304
14226,0,0,-1.4215787905754889
14232,0,0,-1.5818643517185893
14236,0,0,-1.8457339426311488
14241,0,0,-1.310263862736745
14248,0,0,-3.220383657382662
14253,0,0,-2.973154394970485
14255,0,0,-1.061500078221218
14256,0,0,-1.3269602518691515
14257,0,0,-0.8050884829732947
14258,0,0,-2.0948307860039033
14259,0,0,-1.6327869386297862
14261,0,0,-0.9063462607972045
14275,1,0,-1.2326604244262735
14283,0,0,-0.7254000627710476
14294,0,0,-0.3971764875759012
14295,0,0,-1.1500415697076338
14306,0,0,-1.5110611432561525
14308,0,0,-1.2087171978806177
14310,0,0,-1.3312025949435222
14314,0,0,-3.4292943225028116
14323,0,0,-0.3501694859263538
14327,0,0,-3.089527035488543
14336,0,0,-1.5012809598518446
14340,0,1,0.13111220043921223
14349,0,0,-2.137749159045801
14350,0,0,-1.051164216524318
14354,0,0,-1.5661158884806334
14373,1,0,-1.0562269300955724
14374,0,0,-3.3321712223252327
14378,0,0,-3.7467036311731956
14385,0,0,-1.0116102705016417
14393,0,0,-1.332450827018003
14409,0,0,-1.646495449810309
14422,0,0,-2.44121566079516
14433,0,0,-2.4237689769535686
14436,0,0,-2.688555586478204
14438,0,0,-2.667151270268411
14442,0,0,-1.7124081822351036
14447,0,0,-2.968867726092447
14448,0,0,-1.337752919430285
14455,0,0,-0.8894472174072604
14467,1,1,2.0475618006475678
14473,0,0,-0.8372552680609867
14475,0,0,-1.39528168549419
14484,0,0,-1.6240836453950607
14490,0,0,-0.8446785065878355
14491,0,0,-3.3635227172303566
14496,0,0,-1.3968325880256982
14497,0,0,-2.292274565404388
14498,0,0,-3.566200129308868
14504,1,1,0.5682720610060255
14515,1,0,-0.7081562832548892
14517,0,0,-2.648216133318633
14518,0,0,-4.035504076206912
14523,0,0,-1.6364778234978654
14526,0,0,-0.045557938497622796
14528,1,1,0.08275487363588196
14541,0,0,-0.6735787414782077
14542,0,0,-1.352990671934369
14552,0,0,-3.593759815910172
14556,0,0,-0.9420735529534633
14565,0,0,-1.4942462871867737
14567,0,0,-0.9645972367894468
14573,1,1,0.33521306503619064
14575,0,0,-1.0641995222018372
14576,0,0,-1.767763603932553
14578,0,0,-1.5950249814212083
14579,0,0,-1.530747421480804
14580,1,1,1.1049168721199425
14583,0,0,-2.194012300961677
14589,1,1,1.6190071609384564
14594,0,0,-1.9158121515412512
14603,0,0,-1.3674286959390207
14609,0,0,-0.1929504814706634
14613,0,0,-0.5440245343604405
14615,0,0,-1.531071526963487
14618,0,0,-0.9896480013318079
14622,0,0,-0.479527138268207
14624,0,0,-1.2118841471258257
14631,0,0,-1.668420804749812
14632,0,0,-3.2526723928497248
14634,0,0,-1.4019133848371603
14635,0,0,-2.0208118437060416
14636,0,0,-2.925360154322692
14637,0,0,-1.5935529167272746
14640,0,0,-1.9871613206794962
14652,0,0,-1.419900858105935
14656,0,0,-2.0644577155213275
14659,0,0,-4.146388046919488
14660,0,0,-1.2586403528170265
14665,0,0,-1.424697721555345
14668,0,0,-2.1507674077351817
14672,0,0,-3.860148251618411
14685,0,0,-2.1438345831836996
14687,1,0,-0.7418964053086121
14688,0,0,-1.5812886002916693
14691,0,0,-1.9875081571810784
14692,0,0,-1.4223018176199118
14693,0,0,-1.465713702002264
14697,0,0,-2.0468464121549523
14710,0,0,-2.4079404608359916
14724,0,0,-0.9916506678549412
14730,0,0,-1.770984933358019
14735,0,0,-0.47937973376672915
14744,1,1,1.4264209515803634
14749,0,0,-2.4671535063632524
14752,0,0,-0.6490855631703951
14753,0,0,-2.4553609584908154
14760,0,0,-1.4502820425992025
14762,0,0,-1.5937806154511134
14763,0,0,-1.9553961982983212
14766,1,1,1.0790705192824785
14773,0,0,-1.3405292268112468
14776,0,0,-2.901639220243145
14779,0,0,-2.622554024851587
14789,0,0,-1.2532624590033365
14790,0,0,-1.5969965680603697
14792,0,0,-1.4325498643393082
14794,0,0,-2.995959478926098
14800,0,0,-2.4195621310033397
14801,0,0,-3.5220704184700047
14809,0,0,-0.6948588868085745
14814,0,0,-3.382951755461953
14818,0,0,-1.2966615304185474
14822,0,0,-1.6688103856713095
14824,0,0,-3.016403938344375
14828,0,0,-0.48509135168779627
14829,0,0,-1.1100531134425333
14830,1,1,0.548791685095072
14832,0,0,-2.052109719321555
14839,0,0,-4.176825128792459
14844,0,0,-0.8007677660762356
14848,0,0,-0.9490332985902006
14859,1,1,0.8216175219319521
14868,0,0,-3.0148995659797126
14875,0,0,-2.9236698698077968
14882,0,0,-1.1831575862328265
14885,0,0,-2.3737261901278743
14889,0,0,-1.9523021856142744
14892,0,0,-1.9957823898006042
14897,0,0,-2.45843289375436
14903,1,1,1.4615422703009664
14911,0,0,-1.1206974904859244
14921,0,0,-0.7611575311784907
14926,0,0,-1.1548790758572682
14928,0,0,-0.8518109552454458
14930,0,0,-1.0232362383130502
14947,1,1,0.7903269413668026
14952,0,0,-1.839828589398101
14953,0,0,-1.3980155421851888
14956,0,0,-1.3451826129897066
14957,0,0,-1.8132657374408399
14968,0,0,-0.7326094872443978
14976,0,0,-1.2587618950271935
14987,0,0,-3.0158368155519764
14990,0,0,-0.9454476548338006
14991,1,1,1.5078526205899154
15005,0,0,-1.7385611859522971
15011,0,0,-1.3809286537006453
15019,0,0,-1.7572640742613175
15044,0,0,-1.279923781746286
15046,0,0,-3.4829218919018325
15056,0,0,-2.225812281115119
15058,0,0,-3.858007989447855
15059,0,0,-1.661921820953142
15061,0,0,-0.9483301921900927
15063,0,0,-0.5081929118037125
15067,0,0,-2.144230946030328
15068,0,0,-0.5631465008702852
15076,0,0,-1.0175525074642955
15080,0,0,-2.9057219427447265
15084,0,0,-1.5164182302972282
15087,0,0,-1.6260925515283635
15088,0,0,-0.6248019966618326
15093,1,0,-0.8104047805876015
15098,0,0,-0.8278967436476766
15099,0,0,-0.9794253403898905
15103,0,0,-1.5790678913412983
15104,0,0,-1.484007030504928
15119,0,0,-2.116484317363164
15128,0,0,-3.1602768013603404
15132,0,0,-1.0685007838743321
15136,0,0,-2.8185177283360963
15144,0,0,-2.0339822165643775
15145,0,0,-1.9729175670393615
15151,0,0,-0.9703299543861441
15154,0,0,-2.189917828068896
15158,0,0,-0.8851459270165711
15165,1,0,-0.24923702612762977
15167,0,0,-0.5779948181807506
15181,0,0,-3.6256843982387137
15189,0,0,-0.44520064511768526
15192,0,0,-0.8538187580942762
15194,0,0,-0.19317179077337676
15198,0,0,-0.9119125972047228
15199,0,0,-1.2051462771890185
15209,0,0,-1.268627219565543
15210,0,0,-0.667444487334536
15213,0,0,-4.022373576827868
15217,1,1,1.1868843398710227
15222,0,0,-0.6626961252789279
15223,0,0,-1.359324509722819
15251,0,0,-3.605509713380922
15263,0,0,-1.2778199896799416
15264,1,0,-0.11811536735911454
15265,0,0,-2.646902450004916
15273,0,0,-2.883001566389358
15276,0,0,-1.6869102853931794
15281,0,0,-0.9570392828499609
15283,0,0,-0.8754649975405259
15288,0,0,-1.3761092138710969
15292,0,0,-1.2625910981502981
15295,0,0,-1.1099276660426016
15300,0,0,-1.6379012371439816
15303,0,0,-1.1259196600241834
15305,0,0,-2.625202550168652
15314,0,0,-1.1245890982920246
15318,0,0,-1.5519795287998315
15319,0,0,-1.314156455566466
15325,0,0,-0.8291331380484056
15332,0,0,-1.5359570060543772
15333,0,0,-1.7917033717024826
15335,1,1,0.20882067484511502
15343,1,1,1.6713818218668701
15345,0,0,-3.608182127205363
15346,0,0,-2.0376226692468036
15347,1,1,0.5907566804596391
15349,0,0,-1.0309084254495655
15351,0,0,-1.5004684248630231
15367,0,0,-3.0923775204727226
15378,0,0,-1.7468991482900424
15381,0,0,-0.5033357334191614
15400,0,0,-0.944194409730902
15413,0,0,-0.9641599752219674
15414,1,0,-0.10357181515528835
15416,1,1,1.4548490617157983
15419,0,0,-2.435254847243044
15426,0,0,-2.801730189985946
15443,0,0,-2.836815025890666
15452,0,0,-2.355461661683073
15453,0,0,-1.80227077239708
15455,1,1,1.0254119646057784
15459,0,0,-0.7674837489461638
15466,0,0,-0.8302706906241125
15473,0,0,-2.0656654118527924
15479,0,0,-3.5604153150636293
15483,0,0,-1.9009301777582313
15485,0,0,-1.9362040984315594
15487,0,0,-1.2738793884458501
15505,0,0,-1.1879763832704069
15510,0,0,-2.002616788966912
15523,0,0,-2.947631458038096
15531,0,0,-2.584707902744432
15532,0,0,-2.4129355230533402
15561,1,0,-0.8447133604702517
15570,0,0,-1.5480413024713755
15573,1,0,-0.30586532519149784
15577,0,0,-0.7686566170720945
15578,0,0,-1.8032913143587985
15581,0,0,-1.0401374710825888
15585,0,0,-4.3348846962311125
15587,1,0,-1.3833609535089075
15599,0,0,-3.3641447984086668
15612,1,1,0.49409715736418724
15613,0,0,-1.5167711119825595
15635,0,0,-0.42310770834468875
15638,0,0,-0.7788036542045494
15639,0,0,-1.0882005841958318
15652,0,0,-1.3144395290093454
15654,1,0,-0.7659918935359336
15655,0,0,-1.3222745393463478
15661,0,0,-0.5493528974637598
15672,0,0,-1.0643441090412573
15675,0,0,-0.9556791072785774
15676,0,0,-1.8484127533697212
15685,0,0,-1.90450365917003
15693,0,0,-2.239441182266007
15696,1,1,0.5567534750643286
15700,1,1,1.2782303672396538
15706,0,0,-1.503133918192451
15707,0,0,-2.1704116844823886
15711,0,0,-0.9508464045723244
15714,0,0,-1.2445951760705336
15721,0,0,-1.5082920348851556
15722,0,0,-1.917826492261274
15729,0,0,-2.154000133895818
15730,0,0,-1.5331740734987034
15734,0,0,-1.3070089314788063
15737,0,0,-2.2182899952867623
15740,0,0,-2.53508398451497
15744,0,0,-1.4175631377637465
15745,0,0,-1.3676023180246268
15748,0,0,-3.0875256323973046
15754,1,1,0.3094025882416527
15756,0,0,-0.4179865551604593
15760,1,1,1.2803043224937756
15762,1,1,1.703768809550634
15765,0,0,-0.8956347884329455
15766,0,0,-1.09729586173922
15769,0,0,-1.7482036120653124
15770,0,0,-1.0976892475880844
15785,0,0,-1.702166637605079
15787,0,0,-0.4516281271274555
15797,0,0,-1.4111682235720404
15798,0,0,-2.331808237956496
15802,0,0,-0.9540978718900957
15804,0,0,-0.8286385023756317
15806,0,0,-2.1638959672666687
15813,1,0,-1.4855168108690697
15814,0,0,-1.5709314716848792
15815,0,0,-1.2815568035342881
15826,0,0,-1.6500385295466438
15840,0,0,-2.904662884319136
15851,0,0,-3.9227767985306876
15858,0,0,-0.46524712107079996
15863,0,0,-0.993035396480261
15867,0,0,-0.29357260419927345
15869,0,0,-1.1344462118317755
15874,0,0,-2.291334882265131
15876,0,0,-0.33310326062232093
15877,0,0,-0.9182369249251567
15878,0,0,-1.1228535529884147
15879,0,0,-2.235822051089314
15882,0,0,-3.229097915275995
15887,0,0,-3.055098848634282
15888,0,0,-3.2813489480650375
15895,0,0,-0.6366244993863801
15898,0,0,-0.4105669761093819
15906,0,0,-1.8063102218741307
15918,0,0,-3.254063367249622
15922,0,0,-1.025593862240607
15923,1,1,0.8951213143393679
15928,0,0,-3.445598041784832
15933,0,0,-0.3232995770922553
15934,0,0,-0.7225438298732447
15943,1,1,0.9068761840070338
15951,0,0,-2.5202935006466616
15952,0,0,-2.31814656678155
15962,1,1,0.3511270694142792
15970,0,0,-1.7076946698827085
15979,0,0,-1.8691418422577617
15982,0,0,-2.0474196742795936
15988,0,0,-0.819839799821641
16000,0,0,-2.0336522954649094
16001,0,0,-0.264523050409634
16006,1,0,-0.26106123023208816
16011,0,0,-2.416976175006961
16012,0,0,-0.38372171681948863
16036,1,1,0.7692611457704732
16061,0,0,-4.0807531402222
16063,0,0,-0.2675180980095546
16072,0,0,-1.2195815345565806
16081,0,0,-1.604291577644938
16082,0,0,-3.864951473726795
16085,0,0,-3.4259063130356218
16102,0,0,-1.5077082235818375
16105,0,0,-0.9331190644821366
16110,0,0,-2.64397634360025
16120,0,0,-2.3299081753805124
16134,0,0,-1.359220836165676
16136,0,0,-1.7662180688459075
16138,0,0,-1.2342939404501674
16144,0,0,-1.280365347461289
16147,0,0,-3.3437557856644355
16151,0,0,-3.2276585063943912
16153,0,0,-1.0100816957236063
16157,0,0,-0.3698010297913341
16161,0,0,-1.4977661553739936
16164,0,0,-3.4736151953188505
16167,0,0,-1.3482186553388735
16169,0,0,-1.7073536548330486
16181,0,0,-2.3154583990982305
16191,0,0,-3.477794049533049
16197,0,0,-1.0064819532983527
16198,0,0,-2.9609507089334706
16203,0,0,-3.2167715622365636
16210,0,0,-2.2555471726300365
16211,0,0,-0.5474016366860086
16212,0,0,-1.779844854067413
16213,0,0,-0.6734758113995165
16214,0,0,-2.639998616485169
16223,1,1,1.7980503082396002
16227,1,0,-0.7004661336607301
16229,0,0,-0.5177386571705179
16231,0,0,-0.6531784440306697
16238,0,0,-1.9569865916935802
16239,0,0,-1.6475930279234317
16241,0,0,-1.3581940914124213
16242,0,0,-0.8945541871750723
16252,0,0,-2.188311690515097
16257,0,0,-1.7627816513608554
16260,0,0,-2.3871180662552502
16268,0,0,-1.5167962601402718
16270,0,0,-1.1020598366321375
16271,1,1,0.39091563879226165
16272,0,0,-0.6545412140669723
16277,0,0,-1.2660093382666404
16286,0,0,-1.180088015110555
16289,0,0,-1.1158975006768896
16309,0,0,-1.205758411858139
16312,0,0,-0.7691011461229235
16313,0,0,-0.9565392835929737
16314,0,0,-3.6313939928238224
16336,0,0,-1.3553474155945067
16356,0,0,-0.6327211371819227
16362,0,0,-1.8513471047464687
16373,0,0,-0.3419890800673459
16386,0,0,-1.9149608922834704
16388,0,0,-2.2255426217015266
16394,0,0,-1.8047110020997026
16398,0,0,-2.422140768237588
16399,0,0,-1.7834974313005776
16408,1,1,1.025549208322958
16418,0,0,-2.4598342696929567
16419,0,0,-2.68306144015415
16429,0,0,-1.6248695520179377
16434,0,0,-0.8991870327642615
16443,0,0,-1.6371282641406186
16451,1,0,-0.9826280748328637
16452,0,0,-2.1709628960850935
16460,0,0,-1.1364726306033297
16461,1,1,0.5199417486814575
16466,0,0,-0.9294889970889535
16471,0,0,-1.900733384410813
16472,0,0,-2.028596671108896
16474,1,1,0.42472541039148703
16482,1,0,-0.5200706607681284
16484,1,0,-0.46187109373958357
16487,0,0,-2.73639899290729
16490,0,0,-2.6759924548500127
16506,0,0,-2.7037111289685134
16509,0,0,-2.4648872159834148
16515,0,0,-1.8091511044092223
16516,0,0,-0.917870406059552
16518,0,0,-2.992730954788536
16528,0,0,-1.0098142213787136
16529,0,0,-2.362942386200218
16543,1,1,0.9244664847754951
16544,0,0,-1.591488657776201
16547,0,0,-1.5687421802158636
16552,0,0,-1.5538464547696684
16554,0,0,-2.281276977758713
16557,0,0,-1.9125195708954215
16561,0,0,-0.42637152103796017
16566,0,0,-0.9274213103911322
16574,0,0,-0.6628031814825389
16581,0,0,-3.110635304105317
16585,0,0,-0.7505656895594853
16589,0,0,-0.2870870931290962
16592,0,0,-1.464807965497116
16594,0,0,-1.0025606175581785
16596,0,0,-0.6983303699894947
16597,0,0,-0.9890774999289905
16598,0,0,-1.2929671374084508
16603,0,0,-1.4526117301751036
16608,0,0,-1.57750856979434
16611,0,0,-1.815303979561708
16612,0,0,-0.9817325262765968
16620,0,0,-2.3239260457334336
16625,0,0,-2.6041293633109297
16626,0,0,-0.8167609094981378
16628,1,1,0.6282432241035176
16634,0,0,-3.4888203751646296
16639,0,0,-1.9822106632785013
16640,0,0,-2.3547662985434092
16641,0,0,-2.468296385146987
16646,0,0,-2.060893957613886
16651,0,0,-1.7083298658176467
16654,1,1,1.830939473557928
16655,0,0,-2.696782041292084
16656,0,0,-0.839030221317551
16657,0,0,-1.6679193764360012
16681,0,0,-2.848128771600085
16687,0,0,-1.532236048904868
16688,0,0,-2.2254370633313556
16692,0,0,-1.8007259257110466
16695,0,0,-3.1218192653855352
16705,1,1,0.42900876721145464
16716,0,0,-0.988476309299858
16727,0,0,-1.0085668471323201
16728,0,0,-1.448580589114813
16734,0,0,-1.3984277304425587
16740,0,0,-3.186287783980873
16742,0,0,-1.8600055991909865
16747,0,0,-1.2187767888393475
16750,0,0,-2.2752700387322875
16755,0,0,-1.6330086327352564
16756,0,0,-1.4860843231588745
16758,1,0,-0.4956489336969436
16769,0,0,-1.1799025802783554
16771,0,0,-1.3115209113463198
16777,0,0,-1.4136983984574327
16782,0,0,-1.0236816938983333
16795,0,0,-2.3385240855661173
16802,0,0,-0.6546629901252395
16808,0,0,-0.18643369073725158
16810,0,0,-2.372117039693874
16812,0,0,-0.8722486333051758
16818,0,0,-1.4136193673855153
16820,0,0,-0.7043828153018183
16821,0,0,-1.1107480080051766
16827,0,0,-3.1687819467322322
16835,0,0,-1.1414825266149151
16836,1,1,0.48782189582320234
16838,0,0,-1.9487736833867513
16839,0,0,-2.493579734714811
16842,0,0,-1.9888772831486017
16850,0,0,-2.876291106984901
16871,0,0,-0.9897356131055222
16872,1,1,0.6955728607255118
16880,0,0,-1.0096109281811247
16885,0,0,-1.0411973507428185
16894,0,0,-0.8564014765750132
16896,0,0,-2.0419252382374893
16904,0,0,-1.0469091697446844
16908,0,0,-1.6027425305185758
16918,0,0,-2.9459729912011205
16922,0,0,-1.0152390032886998
16923,0,0,-2.5773196684584563
16924,0,0,-1.6992083710286003
16926,0,0,-1.6985969479654834
16932,0,0,-1.3769581452621233
16933,0,0,-1.68720441607344
16947,0,0,-1.6101442064466565
16952,0,0,-2.5801115920481883
16954,0,0,-2.2681626536337762
16962,0,0,-0.44463873201300974
16963,1,1,1.133770040098006
16970,0,0,-2.454870720919889
16974,0,0,-0.7432271512655878
16976,0,0,-1.263932211923851
16977,0,0,-1.1344282593880615
16978,0,0,-1.6829818585249927
16983,0,0,-1.137334180173141
16984,0,0,-1.2404354158274633
16987,0,0,-1.7795226362356953
16998,0,0,-1.1068003386448897
17001,0,0,-1.9194928526431958
17002,0,0,-1.426462334405544
17007,0,0,-1.630531033826489
17008,0,0,-0.6365599163164393
17009,0,0,-0.24825101680151973
17014,0,0,-1.180312163873202
17017,0,0,-0.5978187304337776
17019,0,1,0.15477605737776545
17022,0,0,-1.5083781514383157
17034,0,0,-1.354966794283562
17038,0,0,-1.7728670847893189
17039,0,0,-0.42262332787284673
17040,0,0,-3.0816214598639995
17050,0,0,-1.4929009271589162
17058,0,0,-2.4756260734883293
17068,0,0,-2.0315237099221024
17080,0,0,-1.569894904326683
17086,0,0,-2.660455841064128
17088,0,0,-3.0217931032146526
17090,0,0,-1.5801762113512432
17094,0,0,-0.8884863747985114
17095,0,0,-2.2251198574480844
17105,0,0,-4.136856467480341
17113,0,0,-1.0239177140588718
17115,1,0,-0.8872862105974259
17126,0,0,-1.1529434522657853
17127,0,0,-2.8108366527382556
17128,0,0,-2.2336263943617314
17138,0,0,-2.547768788432056
17144,0,0,-0.7387603837237391
17154,0,0,-0.609313751874381
17160,0,0,-3.1845938069203923
17170,0,0,-0.5671927914651923
17186,0,0,-1.7694857005972384
17190,0,0,-1.632771090615004
17191,0,0,-3.0994828249058672
17192,0,0,-1.4521962065562606
17197,0,0,-2.1248062782710067
17198,0,0,-2.3223128807103244
17200,0,0,-2.097126582928432
17201,0,0,-3.0460590911471606
17218,0,0,-0.8262730298993485
17224,0,0,-2.939299336816159
17233,0,0,-1.0066031384755576
17234,0,0,-0.7209181691172079
17238,0,0,-1.6682874817348778
17244,0,0,-1.671658530031628
17245,0,0,-2.6048328264917187
17250,0,0,-0.5328552733933489
17252,0,0,-1.5462027550434052
17257,0,0,-0.6183261709239266
17264,0,0,-0.804793598107753
17265,0,1,0.08038680136102738
17275,0,0,-1.1783960878545297
17279,0,0,-0.10471259367143526
17287,1,0,-0.6875608800613635
17288,0,0,-1.3487108513776285
17289,0,0,-1.0321037523016965
17297,0,0,-0.951254758886045
17313,0,0,-3.5818352556672917
17314,0,0,-2.3406699686682133
17320,0,0,-1.5019578569265912
17325,0,0,-1.1944231341153508
17326,0,0,-2.6266689964166297
17329,0,0,-1.3940229866114475
17332,0,0,-1.8362213362001207
17333,0,0,-1.1544221889033432
17357,0,0,-2.0555605238733903
17358,0,0,-0.5721570669192246
17361,0,0,-0.7830972865604844
17362,0,0,-1.8408942295863122
17363,0,0,-0.7522685940793876
17364,0,0,-3.9790219181553654
17369,0,0,-0.16306778154548884
17378,0,0,-2.1324976095053834
17385,0,0,-1.310993500681874
17393,1,1,1.31194243823055
17394,0,0,-2.2128412956409447
17396,0,0,-1.8883950443107411
17408,0,0,-1.1653306747667536
17413,0,0,-1.1519639293335244
17418,0,0,-1.1291860568598031
17420,0,0,-1.2939120950302159
17427,0,0,-2.09804686555481
17428,0,0,-1.9460815867480445
17431,0,0,-1.887814857856315
17433,0,0,-0.8626701102661031
17435,1,0,-0.27464156490303215
17439,0,0,-2.7840238382650213
17442,0,0,-0.6347244136557958
17448,1,1,0.46974891915870165
17449,0,0,-0.7321167931604313
17458,0,0,-3.919706535161299
17462,0,0,-1.680990335104749
17467,0,0,-2.339916284925375
17469,0,0,-2.448647988494052
17470,0,0,-2.78154061109811
17478,0,0,-2.046614883222337
17481,1,0,-0.13739014883923006
17482,1,0,-0.009662748800936094
17489,0,0,-0.7295004648116243
17491,0,0,-3.112050881517529
17493,0,0,-1.510418584252759
17495,0,0,-3.3286870755109152
17501,0,0,-1.5588778306133266
17504,0,0,-2.319720273895217
17506,0,0,-2.2291614457786753
17510,0,0,-0.32223066215611584
17516,0,0,-2.7086788988451147
17526,0,0,-0.8715085892807135
17538,0,0,-3.910094761357761
17539,0,0,-1.3484649300012277
17543,0,0,-1.7862778537137114
17546,1,1,0.26606288649435705
17547,0,0,-0.3537065213047696
17558,0,0,-1.1234320529817485
17564,0,0,-1.1897788554876616
17565,0,0,-1.2735392861743686
17575,0,0,-2.555501106856508
17577,0,0,-2.8630485120517335
17579,0,0,-1.5539761851006688
17581,0,0,-1.2568815508795619
17584,0,0,-1.112401528511155
17596,0,0,-0.5070413300044533
17605,0,0,-2.678200069284626
17608,0,0,-2.938040738652335
17609,0,0,-0.37444653406967215
17611,0,0,-0.28503763155224116
17626,0,0,-2.589996321602636
17632,0,0,-2.5899339322443895
17647,0,0,-0.8394329379127036
17652,0,0,-0.48761254948329924
17654,0,0,-0.8579508607408828
17657,0,0,-1.6799679623018342
17667,0,0,-0.8011410604420941
17671,0,0,-1.4099624267394206
17675,0,0,-1.067646246565896
17684,0,0,-0.7816670137125027
17687,0,0,-2.1620438259399934
17691,0,0,-0.9759965946200446
17694,0,0,-3.2998735832290214
17697,0,0,-2.5951404369174584
17703,0,0,-3.214396213267947
17706,0,0,-2.355343346204161
17711,1,1,0.05628278693210842
17716,0,0,-1.6660461961511315
17721,0,0,-2.190410163038024
17724,0,0,-0.8287736755593733
17726,0,0,-3.241985198150023
17731,0,0,-1.339931974143479
17732,0,0,-0.7248144403002583
17741,1,1,1.3669748498367664
17742,0,0,-1.7319538639092316
17743,0,0,-1.2049963753648845
17747,0,0,-1.0146000640935415
17749,0,0,-3.318393821971095
17754,0,0,-1.3249612632383245
17759,0,0,-2.3126289448640893
17770,0,0,-1.2827946113464281
17772,0,0,-1.571336004764024
17774,0,0,-0.6049707896922527
17777,0,0,-2.0748628091198222
17785,0,0,-0.970123865809171
17788,0,0,-1.0231122485499733
17789,0,0,-2.5898699967464545
17790,0,0,-2.186119054795657
17791,0,0,-1.6649453240361378
17797,0,0,-2.9223323052572656
17807,0,0,-3.160794388330448
17808,0,0,-2.5604526328904527
17811,0,0,-1.946013309662583
17812,0,0,-0.6192566560364631
17816,0,0,-1.527911563061062
17818,0,0,-3.9332678599278994
17824,0,0,-0.8117135753581789
17835,0,0,-1.0231883800980082
17836,1,1,0.21095123207826982
17840,0,0,-1.4584080320033197
17860,0,0,-1.2607840340270102
17868,0,0,-0.926221729043367
17869,0,0,-3.4750799416694953
17870,0,0,-2.723372786915596
17871,1,1,0.5517958234391684
17876,0,0,-1.213551718548806
17877,0,0,-0.8882122406120261
17883,0,0,-1.432162328969612
17886,0,0,-2.466800469027759
17889,0,0,-3.3869426934628386
17890,0,0,-2.061081481182299
17892,0,0,-2.1105626939722946
17903,0,0,-2.441498068012299
17910,0,0,-1.624608042603649
17911,0,0,-0.8337262076202527
17922,0,0,-0.5536429587743704
17923,0,0,-2.6855601876307613
17926,0,0,-0.06370044730138624
17932,0,0,-2.2212763199813947
17940,0,0,-1.8995890297667632
17944,0,0,-2.2542536689661175
17945,0,0,-1.0901818654547362
17946,0,0,-0.785699003985654
17953,0,0,-0.01380452092251827
17964,0,0,-2.5950141546203964
17966,0,0,-0.6111703857981314
17970,0,0,-1.1303202514965616
17972,0,0,-3.6001034932303826
17976,0,0,-1.453261056742957
17977,0,0,-0.3474991024142978
17982,0,0,-2.196840646990304
17987,1,1,0.4026165983662471
17997,0,0,-1.6338658270877509
18002,0,1,0.04402047183683777
18005,0,0,-1.5773958531766015
18015,0,0,-1.5793127502039348
18038,1,0,-0.33521830958257026
18044,0,0,-2.8688710206840486
18047,0,0,-1.5169003740474376
18048,0,0,-0.30389123851521727
18049,0,0,-0.8096955472435952
18059,0,0,-1.1965917519695999
18062,0,0,-1.1355589340031789
18064,0,0,-2.0907628049687776
18065,0,0,-0.9825714099639989
18067,1,1,0.06704157864374416
18073,0,0,-1.0564228052722051
18076,0,0,-2.3953518789307284
18077,0,0,-2.2015828792042633
18092,0,0,-3.088573207265145
18101,1,0,-1.2133178942269298
18112,0,0,-3.789085147730339
18124,0,0,-1.4590181066077763
18134,0,0,-2.582377529314824
18135,0,0,-0.9757810555674339
18140,0,0,-2.391872827984992
18149,0,0,-0.9557017911712888
18151,0,0,-1.0955418474609693
18154,0,0,-1.5516209882499332
18155,1,0,-0.010923784044817975
18156,0,0,-1.9161113022837217
18158,0,0,-2.4479053358252276
18159,1,1,0.2993792297439437
18162,0,0,-2.312097577759225
18165,0,0,-1.7063628008017582
18168,0,0,-0.6506151173900435
18171,0,0,-2.5054255488197636
18175,1,1,1.1621149307324148
18184,0,0,-2.0844543977762355
18189,0,0,-1.9159526671403269
18194,0,0,-1.2590817700536876
18196,0,0,-1.5079547103050492
18200,0,0,-2.135101775704811
18201,0,0,-2.1682547915826844
18202,0,0,-0.9036836581366325
18205,0,0,-1.2173111313194944
18206,0,0,-1.8225696536763643
18210,0,0,-0.9208767457064813
18219,0,0,-2.5328083135407273
18221,0,0,-1.3950290916437467
18236,0,0,-2.5315234537366615
18238,0,0,-0.5956965983954133
18246,0,0,-3.769605211467132
18247,0,0,-2.235689166194976
18248,0,0,-2.2691242939596252
18250,0,0,-1.79729466432039
18259,0,0,-0.9749873889525055
18260,0,0,-2.0611745517451254
18272,0,0,-1.05571375471372
18276,0,0,-1.4002572359684984
18279,0,0,-2.557487824610667
18280,1,0,-0.6864631240872812
18284,0,0,-1.0933162330481885
18286,1,0,-1.0001087601344376
18288,0,0,-2.4589711218720147
18290,0,0,-2.212839296974118
18293,0,0,-2.548608984334064
18294,0,0,-1.858156672395767
18295,0,0,-0.741276188463371
18296,1,1,1.3467280423160204
18310,0,0,-1.5251908361101343
18314,0,0,-1.0208705321828013
18321,0,0,-4.023885494634651
18325,1,1,0.5516434850874921
18326,0,0,-2.4232580613922483
18333,0,0,-1.4376500438425979
18347,0,0,-2.42963540583987
18355,0,0,-2.0255329314902344
18359,0,0,-1.6434756294357478
18362,0,0,-2.409689978251083
18365,0,0,-2.6687683560054323
18373,1,0,-0.1498634256588629
18376,0,0,-2.203453767410137
18377,0,0,-1.6102658401660714
18381,0,0,-0.5638490253779149
18382,0,0,-2.5051042511471495
18383,0,0,-0.8506720070664391
18394,0,0,-1.3328753363924322
18396,0,0,-1.7108032552631103
18401,0,0,-1.4012242128091772
18406,0,0,-1.456742427682868
18409,0,0,-2.7406642668768146
18416,0,0,-0.8644500827730772
18423,0,0,-1.9604818010386054
18424,1,1,2.144089017939386
18427,0,0,-1.2586323922301623
18428,0,0,-2.1878996037016356
18437,0,0,-1.982759570976319
18439,0,0,-2.606236884345665
18440,0,0,-1.2389525125262768
18443,0,0,-1.2341025768981266
18444,0,0,-0.8389274135444126
18448,0,0,-1.2433097157358848
18450,0,0,-1.3039264911033126
18459,0,0,-1.0765041182937578
18460,0,0,-2.1199868794267323
18474,0,0,-2.782482783513612
18476,0,0,-1.4088148726944227
18480,0,0,-1.8855178485402815
18482,0,0,-2.3282318266709248
18486,0,0,-1.7071122369440017
18495,1,1,0.6599455991916523
18509,0,0,-2.499393873871094
18510,0,0,-1.4903998539070904
18515,0,0,-0.5446152137055059
18518,0,0,-1.490946470516905
18522,0,0,-1.1877536871766528
18530,0,0,-2.4431065639134335
18533,1,0,-0.1882189714669945
18552,0,0,-2.197261077959971
18567,0,0,-1.3197471113337416
18576,0,0,-2.070688640865108
18582,0,0,-1.555543551702072
18605,0,0,-0.6485055735354968
18610,1,1,1.1551034476564312
18611,0,0,-1.3715232386902025
18617,0,0,-1.051143513506074
18625,1,0,-0.376063755355065
18630,0,0,-0.9575738012995243
18632,0,0,-2.4281741746884724
18645,1,1,0.41502205955045657
18652,0,0,-1.4534430158297187
18657,0,0,-3.1245618097393653
18661,0,0,-2.2406296778193813
18663,0,0,-1.3848408599950714
18667,0,0,-1.0964030904319302
18676,0,0,-2.3027254894959794
18679,0,0,-0.902062985694022
18680,0,0,-0.9691873471799609
18681,0,0,-0.7023081326439451
18688,0,0,-2.0027900074557436
18690,0,0,-1.4813596422085655
18694,0,0,-3.194377069262341
18696,0,0,-3.1681940873497414
18697,0,0,-2.104533460122521
18700,0,0,-2.6071420985704545
18716,0,0,-1.4140088823973058
18720,0,0,-1.4781768644475188
18724,0,0,-1.6490028091528188
18729,1,1,1.524997372783629
18730,0,0,-2.4342689775765796
18742,0,0,-2.2428466390189317
18743,0,0,-1.7851676051439187
18744,0,0,-0.4477122491113459
18748,0,0,-2.0913843793444302
18749,0,0,-0.2977225479798563
18758,0,0,-2.967447499052775
18761,0,0,-0.4872533878046831
18762,0,0,-3.1624208825786555
18764,0,0,-1.7747838348049432
18766,0,0,-2.060693695996159
18774,0,0,-1.7867496300072332
18777,0,0,-1.7638152100457922
18780,0,0,-2.0211888993753524
18781,0,0,-1.471260614328651
18782,0,0,-0.6060397861058201
18786,0,0,-2.402561757990692
18790,1,1,0.5456854812299572
18796,0,0,-3.2250180785939815
18801,0,0,-0.5323799816604362
18805,1,1,0.3219091988869778
18809,0,0,-1.05723575486542
18811,0,0,-3.2979351173826004
18814,0,0,-0.710532087062498
18815,0,0,-2.1747459598862076
18816,0,0,-2.003286472647206
18817,0,0,-1.0080296682183918
18832,0,0,-1.6215405986819613
18838,0,0,-1.306683423160843
18842,0,0,-1.8209644304893344
18844,0,0,-0.9386969910318248
18846,0,0,-3.6263415668317993
18850,0,0,-3.1363800038303786
18857,0,0,-2.625632162218836
18860,0,0,-2.7892398608775766
18874,0,0,-1.7154397781367867
18875,0,0,-0.9985367888874689
18881,0,0,-2.3081721639089414
18886,0,0,-1.421428232493096
18895,0,0,-1.1717807229429162
18897,0,0,-0.3927238844731391
18906,0,0,-2.55882969404703
18909,0,0,-2.166707115223046
18911,0,0,-2.124497977901484
18918,1,0,-0.5533428477980928
18920,0,0,-0.6216738589678371
18922,0,0,-1.8911328352649461
18925,0,0,-2.0957807925812553
18926,0,0,-2.5829825336240946
18936,1,1,0.1600039589921336
18938,0,0,-2.3620525337326983
18939,0,0,-2.5510078317950304
18940,0,0,-1.4624697775942694
18943,0,0,-1.3169970706079934
18945,0,0,-1.482140676216186
18946,0,0,-1.8109544030855065
18947,0,0,-0.6168839478498274
18953,0,0,-1.1485297459880475
18955,0,0,-2.093380500404977
18962,0,0,-1.7488697758146567
18963,0,0,-3.7261084473462223
18965,0,0,-0.2805509609042406
18970,0,1,0.23346416990455965
18972,0,0,-1.2346289795950427
18977,0,0,-0.047254446750401025
18982,0,0,-1.5452360000644312
18985,0,0,-1.6973713850095122
18986,0,0,-1.1104245163970674
18987,0,0,-2.3920492760047023
18995,0,0,-1.422480053594539
18998,0,0,-0.6084149906816803
19006,0,0,-1.0529500321674354
19007,0,0,-1.5865617050666059
19011,1,1,0.48851818613725895
19014,0,0,-0.7721411644802068
19018,0,0,-3.048961552963677
19023,1,1,0.5178219826593224
19025,0,0,-0.7245773400281644
19026,0,0,-1.797686839023805
19031,0,0,-0.6828253978989616
19037,0,0,-0.2360722048064421
19040,0,0,-0.4404521926645843
19044,0,0,-0.9260543391768044
19055,0,0,-1.153608593960124
19060,0,0,-1.74181370600456
19068,0,0,-1.6175729108874928
19074,0,0,-0.7294896867061353
19075,0,0,-2.5000576530245073
19077,0,0,-1.2899878397452311
19079,0,0,-1.5086084740522283
19083,0,0,-3.4771515510114455
19095,0,0,-2.5367920578628915
19103,0,0,-1.3867148806546923
19106,0,0,-2.2849910189122262
19111,0,0,-0.450547370599742
19117,0,0,-2.2225590098783874
19125,0,0,-0.46387672222771936
19133,0,0,-0.9387689809760738
19134,0,0,-2.0511511235254947
19139,0,0,-1.9713508839755902
19144,0,0,-2.001402054852584
19145,0,0,-2.210447975462336
19147,0,0,-2.115568355877623
19148,0,0,-1.9092555580611512
19150,0,0,-2.708991722540854
19153,0,0,-2.471694104392542
19159,0,0,-1.1473454259453004
19161,0,0,-3.3607512983523717
19164,0,0,-1.2132410690276068
19170,0,0,-1.6079363010915921
19171,0,0,-3.412977090634225
19182,1,1,2.392296441462274
19184,0,0,-1.3502840304271109
19185,0,0,-1.0741717979461127
19189,0,0,-1.4710296126127511
19190,0,0,-1.6702895648936438
19191,0,0,-0.5159913999602186
19201,0,0,-3.003844109869007
19204,0,0,-2.469178090367505
19205,0,0,-1.1004709646986408
19210,0,0,-1.960192060263626
19215,0,0,-1.6727166465971697
19219,0,0,-2.003676491446363
19220,0,0,-1.5541414240180491
19223,0,0,-1.3946302133421247
19227,0,0,-2.5718779533408913
19232,0,0,-0.34438769437787603
19233,0,0,-1.3328225294378182
19242,0,0,-1.535625916279301
19248,0,0,-1.2040524842706009
19252,0,0,-2.923937528120251
19253,1,1,0.38107531111650084
19254,0,0,-1.544998067039016
19262,0,0,-2.3762903369677435
19266,0,0,-0.3146639300907379
19268,0,0,-1.1633419199828101
19276,0,0,-1.159513243375359
19288,0,0,-1.0617539031817667
19289,0,0,-2.1339327918269415
19295,0,0,-1.1298328612912465
19299,0,0,-2.361892501605441
19313,0,0,-3.3099741176213726
19335,0,0,-3.0669472949580463
19342,0,0,-2.5943111042623888
19343,0,0,-1.4535069372887666
19344,0,0,-1.2226338271934658
19351,0,0,-1.2734062961202977
19360,0,0,-3.4460212454859107
19367,0,0,-1.7656611773879043
19373,0,0,-1.531470616906041
19376,0,0,-3.4945880089874173
19380,0,0,-2.3541902106382246
19383,0,0,-1.0829204762284723
19385,0,0,-2.8520272773400546
19388,0,0,-0.5345359307994646
19400,0,0,-1.9960340753061605
19401,1,0,-0.4261580902557067
19406,0,0,-1.3121478528363513
19411,0,0,-2.1083153782029314
19412,0,0,-1.5394914298724456
19413,1,1,1.7339484583242009
19417,0,0,-2.3761368747848803
19420,0,0,-0.4202150240259493
19424,0,0,-0.8849413916127792
19428,1,1,1.896806994720252
19434,0,0,-0.9376688207994821
19447,0,0,-2.2527771606146256
19448,0,0,-1.5436155768404063
19449,0,0,-0.4982024557700678
19450,0,0,-1.491676854773564
19459,0,0,-2.327787454774154
19460,0,0,-1.1134357009126021
19468,0,0,-1.0652654307152003
19472,0,0,-1.6093449873964263
19475,0,0,-1.8355970133569446
19479,0,0,-1.3757414691779357
19480,0,0,-1.0985736209642343
19485,0,0,-1.7528312131423025
19486,0,0,-1.7586641242206396
19489,0,0,-1.8806935056056269
19492,0,0,-0.38658774115795014
19505,0,0,-1.671776065363379
19511,0,0,-1.717966290342654
19520,0,0,-1.1910654104485792
19522,0,1,0.26234649040886415
19524,0,0,-0.7784478732202591
19528,1,1,1.4220268427725735
19529,0,0,-0.3139452238593724
19530,0,0,-1.9728678911118305
19533,0,0,-0.6040265077486635
19540,0,0,-3.7679107641195744
19543,1,1,0.6670298799590009
19544,1,1,0.888420368838148
19545,0,0,-1.6602524524965
19554,0,0,-2.269990250755227
19567,0,0,-1.747581305163033
19568,0,0,-2.3697372621638824
19571,0,0,-0.2723013812244799
19578,0,0,-1.3930484307500854
19580,0,0,-1.8065482378497864
19589,0,0,-2.93264649338892
19595,0,0,-1.7029988038961932
19607,0,0,-1.8587614453324284
19611,0,0,-2.233269849467379
19632,0,0,-2.664290925038818
19634,0,0,-4.310823447067044
19635,0,0,-2.283769902801555
19637,1,0,-0.6772018292973964
19640,0,0,-3.211918426079487
19642,0,0,-2.146346489695971
19657,0,0,-2.4608573010042525
19662,0,0,-2.1931668612796935
19664,0,0,-1.6901579894401983
19671,1,1,1.119803860756514
19675,0,0,-2.255508128063703
19678,0,0,-3.060570466685144
19687,0,0,-3.32481699038628
19690,0,0,-2.4662421171644313
19693,0,0,-1.5975278777923423
19699,0,0,-0.28420329602651084
19703,0,0,-1.0172841669193435
19708,1,1,0.03116776252446285
19710,0,0,-0.7709539051391378
19721,0,0,-1.590752257334057
19729,0,0,-2.9906313806815854
19730,0,1,0.053759576795811226
19733,0,0,-2.5642093943930275
19734,0,0,-1.0132881815696277
19741,0,0,-2.303443695261832
19753,0,0,-2.1365819512679276
19757,0,0,-1.9444492024845967
19759,0,0,-2.7545938516097763
19765,0,0,-2.1677995116494615
19780,0,0,-3.214282639397819
19782,0,0,-1.9799501557441617
19784,0,0,-2.735360310527647
19786,0,0,-2.0437690215770417
19799,0,0,-1.227901983451774
19808,0,0,-0.7610056676504752
19817,1,1,0.24527502121084388
19820,0,0,-2.2746903992420733
19825,0,0,-1.1886942512458205
19832,0,0,-0.8529795042971422
19834,0,0,-1.3294327863090454
19839,0,0,-1.346001731138839
19843,0,0,-0.8829090561369646
19855,0,0,-1.504307074859359
19859,0,0,-1.9352237141027844
19867,1,1,0.9419480436533072
19885,0,0,-2.1612263936688545
19886,0,0,-4.1505045315746765
19893,1,1,0.7257227612478498
19897,0,0,-2.8027301690194957
19906,0,0,-0.8365977988877533
19911,0,0,-1.1084248210408967
19913,0,0,-2.1980651897215857
19914,0,0,-4.0078634801811726
19924,0,0,-3.143910895021257
19928,0,0,-1.5729256230930337
19932,0,0,-3.1774099259029063
19935,0,0,-1.4784907410933559
19942,0,0,-1.0072543460778096
19946,0,0,-0.40220068479290416
19951,0,0,-0.2551029959251314
19953,1,1,1.1649166083293208
19955,0,0,-0.8764636023516459
19960,0,0,-1.6458505255654037
19964,0,0,-2.192077928280214
19965,0,0,-1.8338738618187451
19969,0,0,-3.273734192336784
19970,0,0,-0.7506725782351082
19972,0,0,-0.9176074673277621
19973,0,0,-0.7750492087868217
19977,0,0,-1.3040003252518924
19980,0,0,-1.3451499391873623
19996,0,1,0.34293202552870716
19997,1,1,1.4703793839065111
20001,0,0,-2.210971076722617
20002,0,0,-2.319994571191635
20003,1,1,0.028351249079525576
20006,1,1,0.7105375197526513
20009,0,0,-2.060178903917144
20012,0,0,-1.0982181591197544
20013,1,1,0.45032054663518184
20025,1,0,-0.2880233367859573
20035,1,1,2.332451634857768
20045,0,0,-0.5658152055474726
20048,0,0,-1.6501753302502369
20054,1,1,1.23393718716887
20055,0,0,-2.2771839021739924
20072,0,0,-0.8388541082076089
20076,0,0,-0.9535507734202032
20080,0,0,-1.9464030548606257
20086,0,0,-1.1680329726188974
20090,0,0,-2.0617044180025745
20095,0,0,-0.1693736584100528
20117,0,0,-1.780629529443352
20119,0,0,-1.891996675806355
20123,0,0,-1.9000914769151567
20131,0,0,-1.3938905941309516
20146,0,0,-1.0486642464514864
20147,0,0,-1.38220509079449
20148,0,1,0.08202690021198022
20149,0,0,-2.605408627577318
20151,0,0,-2.9735075701240454
20161,0,0,-1.6465602114670563
20164,0,0,-1.999436724897771
20178,1,0,-0.10597081974645473
20181,0,0,-1.459273418405244
20183,0,0,-2.3710476320595166
20187,0,0,-0.6419570270554206
20188,0,0,-0.7413329514064251
20190,0,0,-3.5314527002403784
20195,0,0,-2.4988291568888803
20207,0,0,-1.7494810852257754
20208,0,0,-0.3608892547972661
20214,1,1,0.5353154957571851
20216,0,0,-1.2644869515587605
20217,0,0,-1.7157015151424757
20225,0,0,-2.323843675707077
20227,0,0,-0.32265298477816107
20228,0,0,-1.7024995731340269
20230,0,0,-2.0526705232401596
20233,0,0,-1.502602984747389
20240,0,0,-0.4324761472206954
20243,0,0,-2.5243081513584036
20244,0,0,-0.9579874641305552
20247,0,0,-2.11009521145374
20249,0,0,-3.1267565457482576
20251,0,0,-1.3979563898190461
20253,0,0,-2.0233182256302973
20256,0,0,-3.3460611421093436
20258,0,0,-1.8364976995632296
20263,0,0,-2.0040777515134236
20279,0,0,-1.6488583963402514
20287,0,0,-2.922167829547792
20291,0,0,-2.938569229124975
20298,0,0,-2.402448202883764
20303,0,0,-2.9919385997291474
20308,0,0,-3.9533465252416953
20312,0,0,-2.3621600849602813
20318,0,0,-1.9733026782355876
20320,0,0,-3.6796871040523076
20321,0,0,-1.056506938026125
20322,0,0,-1.1444301317877839
20331,0,0,-1.9429160165242416
20332,1,0,-0.08773562591204387
20333,0,0,-2.804006137910706
20341,0,0,-1.8101451824024857
20344,0,0,-2.341104783843254
20348,1,1,1.2614780431215873
20352,0,0,-1.3848588195143634
20356,0,0,-1.349699098481626
20357,0,0,-1.4179189059155828
20366,0,0,-2.180067494898126
20373,0,0,-1.8000901255376252
20375,0,0,-1.0742623754836882
20384,1,0,-0.42539186498916415
20390,0,0,-1.8924164109356054
20396,0,0,-1.8390730127125254
20400,0,0,-0.524310731397299
20409,0,0,-2.636417507314785
20415,1,1,1.3352650136660718
20423,0,0,-2.065074679688434
20425,0,0,-1.5371762642440272
20430,0,0,-1.5247643293191895
20436,0,0,-1.1596580020972573
20443,0,0,-0.733427191697067
20464,0,0,-3.062386135190998
20473,1,0,-0.4913989803274569
20478,0,0,-1.2922007817522625
20482,0,0,-3.813965268233387
20497,0,0,-0.4800166041200859
20503,0,0,-1.8474791374885327
20516,0,0,-1.5002544756271488
20521,0,0,-1.086533276412867
20536,1,1,1.9687722315155922
20537,0,0,-2.904558186038021
20553,0,0,-3.0874109887300554
20558,0,0,-0.9171070888292743
20559,0,0,-1.5007194829997053
20565,0,0,-1.3999766816320538
20572,0,0,-1.719913271459376
20574,1,1,1.065390032991169
20577,0,0,-2.2518533244036405
20582,0,0,-0.6501970295457785
20588,1,1,0.6755111998436434
20593,0,0,-2.4625501165784396
20603,0,0,-2.840172014820584
20609,0,0,-3.3273734273513
20611,0,0,-2.004802019795245
20612,0,0,-2.558202147803957
20614,0,0,-0.941345327622262
20618,0,0,-3.533807648554144
20625,0,0,-0.73492512171905
20631,0,0,-1.3596058264480426
20642,0,0,-0.5388763378610595
20644,0,0,-1.8934817607283303
20650,0,0,-2.5823211623868345
20651,0,0,-2.094778516178625
20652,0,0,-1.594893804838189
20655,0,0,-1.0341278819181876
20656,0,0,-1.2810109815572348
20662,0,0,-0.7701817290375836
20663,0,0,-0.8263604985105497
20664,0,0,-0.7830734303256462
20665,0,0,-1.130942054212308
20668,0,0,-1.074061297829934
20681,0,0,-0.48785511636110124
20682,0,0,-0.18104167271358373
20683,0,0,-0.9589757247630348
20685,0,0,-3.167304657570292
20688,0,0,-1.476062204502325
20692,0,0,-1.212176336549557
20693,1,1,0.06742488801488733
20706,0,0,-2.9345707014899203
20713,0,0,-0.24720111984607984
20722,0,0,-1.1601808207589104
20725,0,0,-2.060137368207078
20726,0,0,-1.3112673264100048
20727,0,0,-1.8137203409108176
20730,0,0,-2.462661706542727
20734,0,0,-2.4427505185458545
20739,0,0,-1.0361768937586961
20751,0,0,-1.6432194780934233
20758,1,0,-0.9092261888087065
20763,0,0,-3.0139272032716216
20767,0,0,-2.2502315336207754
20768,0,0,-1.3207433217608706
20773,0,0,-2.043217164990148
20779,0,0,-2.10837998791972
20785,0,0,-2.6422210229399337
20786,0,0,-1.2610685371465393
20795,0,0,-2.4812749519860704
20800,0,0,-1.6864128360218635
20802,0,0,-0.9223501760312423
20804,0,0,-2.3651569343151726
20819,0,0,-2.0197982519097852
20824,1,0,-0.7922051445496731
20826,0,0,-1.8104239138561042
20831,0,0,-1.7387747936060212
20839,0,0,-1.6502150288203277
20846,1,1,0.694638362279409
20850,0,0,-2.159442606528776
20859,0,0,-2.4362188483020315
20877,0,0,-0.884783778749894
20883,0,0,-1.0045355197731647
20885,0,0,-1.0568370011950468
20886,0,1,0.006248373822873576
20892,0,0,-0.8432488288517799
20898,1,1,0.6356439204725903
20905,0,0,-1.5430693532340414
20907,0,0,-1.586363682955858
20908,0,0,-1.5377637556223207
20919,0,0,-3.4253088827956963
20934,0,0,-0.8963918764746678
20935,0,0,-3.276849778895161
20943,0,0,-0.3752163232318184
20949,0,0,-2.9061010908714726
20955,0,0,-1.9037978134471802
20957,0,0,-0.6736156653689258
20965,0,0,-0.859110304888082
20973,1,0,-0.157208735257385
20979,0,0,-1.299524430908035
20980,1,1,0.8464949612933281
20985,0,0,-2.8650841780707905
20994,0,0,-1.3445928687947393
21000,0,0,-2.255800355754472
21001,0,0,-1.236820056854207
21007,0,0,-0.17862657755221956
21020,0,0,-0.7954642065792166
21026,0,0,-1.3376484342659956
21029,1,1,1.0814688532325907
21036,0,0,-1.431501331241344
21042,0,0,-1.6853384565207157
21047,0,0,-3.6501428283411395
21067,0,0,-1.098094276716196
21070,0,0,-1.4577423574331623
21073,0,0,-0.2949459549354142
21080,0,0,-2.0405136824418277
21083,0,0,-3.066924422025081
21091,0,0,-1.3715953435466621
21092,0,0,-1.4866604232524445
21106,0,0,-1.722761161382032
21108,0,0,-0.8320558375855165
21115,0,0,-1.7557346504643032
21117,0,0,-0.9279254141007969
21118,0,0,-2.6708145399147782
21130,1,1,1.1164919446362362
21131,0,0,-1.167530660121516
21138,0,0,-2.6766104219130167
21144,0,0,-2.886048432795695
21152,0,0,-2.831487641268378
21166,0,0,-3.015363599162133
21172,1,0,-0.02658626201550729
21175,0,0,-1.5040110594993537
21179,1,0,-1.153119987574488
21182,0,0,-2.1395194846720553
21184,0,0,-0.33733578025963384
21185,0,0,-0.29238866815129105
21186,0,0,-1.6082195400344226
21187,0,0,-1.989414673670218
21191,0,0,-2.5798539626083556
21199,0,0,-2.2847317727960013
21201,0,1,0.07141998599351485
21203,0,0,-3.3346782851764756
21207,0,0,-2.5853790923476327
21208,0,0,-1.4452890489843275
21218,0,0,-2.2037737212913857
21221,0,0,-2.4657633086082464
21223,0,0,-1.800971890072694
21227,0,0,-2.2722672171601985
21230,0,0,-1.2035677001413339
21231,0,0,-1.6711500739873335
21233,0,0,-1.2045201600629396
21249,0,0,-0.8829217848891147
21255,0,0,-2.2893060141910695
21262,0,0,-0.8589554164762891
21268,0,0,-3.1390009084217745
21277,0,0,-1.7693815621161844
21288,0,0,-3.0809883663091187
21290,0,0,-1.7112063807371647
21294,0,0,-2.117135402567726
21297,0,0,-1.069732766807404
21300,0,0,-1.6774884003764015
21305,0,0,-1.523663625793183
21306,0,0,-1.9296504764145015
21315,0,0,-1.7028179775221788
21322,0,0,-0.9903321094019444
21323,0,0,-3.011415466594407
21327,1,1,0.11878605285043675
21329,0,0,-1.6141359684047334
21337,0,0,-3.052863037192088
21346,1,1,0.33676545425114646
21351,0,0,-1.327828365399202
21364,0,0,-0.3901874932007395
21365,0,0,-2.8967478087993443
21366,0,0,-1.0196798492676784
21375,0,0,-0.7352887440092605
21376,0,0,-3.1059634870079265
21379,0,1,0.022863156331437873
21381,0,0,-0.3896994674165686
21384,0,0,-0.9804832404468273
21387,1,0,-0.6237563748435997
21392,0,0,-1.7886386854617302
21398,0,0,-0.7650525503880242
21401,1,1,1.1809953062839138
21409,0,0,-0.8253418545595009
21411,0,0,-1.196371258016421
21413,0,0,-1.5630249287282014
21421,0,0,-0.7197260866633886
21430,0,0,-0.845013767704885
21432,1,0,-0.1251818929167441
21435,0,0,-1.0025517933487866
21439,0,0,-1.9841311767698901
21449,0,0,-0.7573889459612095
21457,1,1,0.8836285998982776
21461,0,0,-1.206722319409795
21462,0,0,-2.59056603517692
21463,0,0,-0.9833579611988174
21475,0,0,-0.8379608508907919
21479,0,0,-1.9054880813869528
21482,0,0,-2.3051742632926757
21483,0,0,-1.8384291069149625
21486,0,0,-1.6027338310771633
21494,1,1,0.7454326302342438
21509,0,0,-1.215054912975797
21513,0,0,-2.3459496144264778
21518,0,0,-0.9368638317680119
21519,0,0,-3.474860300860451
21520,0,0,-1.3102244786612576
21525,0,0,-1.5624262680529932
21528,0,0,-2.7729529065107386
21529,0,0,-3.4011716794192024
21540,0,0,-3.00698249548776
21541,0,0,-1.7725360736108233
21545,1,1,1.4703286901308419
21548,0,0,-3.715670961304836
21557,0,0,-0.7110089086710285
21571,0,0,-1.0133335879460978
21572,0,0,-2.4035711835114792
21576,0,0,-0.1587240960820362
21578,0,0,-2.699262406243652
21583,0,0,-0.6828577686495998
21584,0,0,-1.5151941790451413
21589,1,1,1.3236338065472293
21594,0,0,-2.230509563237097
21595,0,0,-1.0897143143727699
21596,0,0,-2.6912537406034316
21597,0,0,-1.2375847787187677
21616,0,0,-0.7445727462155416
21618,0,0,-2.1027461472246243
21621,0,0,-1.226245409176085
21625,0,0,-1.5731740466274267
21631,0,0,-1.170593333823485
21632,0,0,-1.2453833214477021
21639,0,0,-1.1492652806777235
21645,0,0,-0.6208780008878385
21651,0,0,-0.993204321835805
21654,0,0,-1.2459011055319442
21657,0,0,-0.3405376826492804
21666,0,0,-0.33975972079037786
21668,0,0,-0.29615686105744554
21670,0,0,-1.1059015599913655
21674,0,0,-2.6136278329167104
21680,0,0,-1.4582247307591718
21688,0,0,-1.937703470410485
21698,0,0,-1.495236556056882
21699,0,0,-1.6887613606813086
21701,0,0,-3.062202221502761
21704,1,0,-1.0505227145388805
21712,1,0,-0.8967382689131055
21713,0,0,-1.5286332893890553
21714,0,0,-0.8187046016574467
21719,0,0,-2.263297668603114
21723,0,0,-1.294875796776704
21725,0,0,-1.0272499157882677
21734,1,1,0.48738542630912485
21736,0,0,-2.8245917902855915
21737,0,0,-2.30849440163962
21738,0,0,-0.949230657829411
21739,0,0,-1.288077578310429
21754,0,0,-1.2721099685320838
21760,0,0,-3.3688629057309436
21769,0,0,-1.3633035863291814
21771,0,0,-2.5210020761014134
21785,0,0,-0.41100776628871305
21789,0,0,-1.2608781799733562
21790,0,0,-1.7346821471990288
21802,0,0,-1.1025011515350729
21811,0,0,-0.7666511978554875
21814,0,0,-0.9190172562278894
21821,0,0,-2.392116797568617
21832,0,0,-1.4625148596341417
21833,0,0,-2.7751551089663264
21834,0,0,-1.536108255368058
21837,0,0,-1.6102009308006078
21844,0,0,-2.6415940533268443
21845,0,0,-0.9358701499148944
21854,0,0,-3.4590907071627184
21855,1,1,0.20647320671373004
21860,0,0,-2.086383804329846
21864,0,0,-1.6555190472546375
21869,0,0,-2.8002026204591948
21875,0,0,-1.2907137300352993
21881,0,0,-1.3348438011402286
21886,0,0,-1.131074617582963
21894,0,0,-2.8757381706227987
21895,0,1,0.4877406138695064
21898,1,1,1.2426516479815375
21903,0,0,-1.403839107013387
21906,0,0,-0.7595326999866698
21913,0,0,-1.0858246609984952
21914,0,0,-2.2468942772369696
21915,0,0,-2.57305264480933
21916,0,0,-1.4317982885735328
21917,0,0,-2.020165763025477
21927,0,0,-2.6601704019301886
21933,0,0,-2.764651444105408
21943,1,0,-0.8193378286684887
21949,0,0,-1.695631612882449
21951,1,0,-0.0007738353201163228
21979,0,0,-2.771282933368779
21984,0,0,-1.868249124233341
21990,0,0,-1.2732456050373324
21992,1,1,0.3134439082031477
21994,0,0,-1.7639818263022595
21995,0,0,-1.6112180976781243
21997,0,0,-1.9277354156822148
21998,0,0,-1.4822519568845989
22002,0,0,-2.7236732116117905
22004,1,0,-0.39332590108105225
22007,0,0,-1.3847524060840652
22008,0,0,-0.6573677864954472
22026,0,0,-1.9932959958689282
22028,1,1,0.005920819326875826
22050,1,0,-0.48377864407440174
22051,0,0,-2.5333756678714088
22055,0,0,-2.2430761800484675
22059,0,0,-0.2614779706514352
22060,0,0,-1.641475592303601
22061,0,0,-2.3602039746426984
22062,1,1,1.0998374121866774
22067,1,0,-0.19308243937460046
22068,0,0,-2.5559725074025352
22070,0,0,-2.1842696040732896
22075,0,0,-2.7149745875049494
22084,0,0,-1.1247435916520288
22090,0,0,-3.755607621875779
22097,0,0,-1.4889907465544603
22105,0,0,-2.4203030315388028
22109,0,0,-3.5285763392490814
22112,0,0,-1.6937833177332375
22117,0,0,-4.092060769987746
22119,0,0,-4.356795111701471
22126,0,0,-1.246659937798375
22130,0,0,-1.8281671331232883
22131,0,0,-3.0928096693343203
22137,0,0,-0.5815941040566547
22142,1,0,-0.9714291067465173
22144,0,0,-2.1736895756449948
22146,0,0,-3.4385789464707655
22147,0,0,-1.335004629830474
22156,1,1,1.0504140329221818
22160,0,0,-0.5365361946165565
22163,0,0,-2.316889472676494
22167,0,0,-2.397694893812095
22180,0,0,-2.402780772629471
22184,0,0,-1.9286243716922387
22185,0,0,-1.710985231122245
22186,0,0,-2.5345162110096133
22189,0,0,-1.1407275723299206
22191,0,0,-1.737207142353389
22197,0,0,-0.9383139014344972
22199,0,0,-1.7118520835922548
22201,1,1,0.7747538739337281
22202,0,0,-0.8363129015200338
22213,0,0,-2.176274459681815
22220,0,0,-1.9222544950583376
22225,0,0,-0.8819540248615625
22226,0,0,-3.2229183358574947
22233,0,0,-1.245480449210922
22235,1,1,1.8536993838404834
22242,0,0,-2.605893878339349
22243,0,0,-1.386505661196333
22245,0,0,-0.8974988956032529
22246,0,0,-2.152859751103847
22249,0,0,-1.5467078011374868
22252,0,0,-0.9703001596175063
22253,0,0,-1.6089980020340224
22254,0,0,-2.0044409579184004
22258,0,0,-1.3171867432530888
22263,0,0,-0.3932364154539053
22264,0,0,-1.1012153459627312
22265,0,0,-1.6789447652209168
22266,0,0,-0.4602993434335596
22278,0,0,-1.1766143477290005
22281,0,0,-2.261836842666118
22284,0,0,-0.9955700543864602
22285,0,0,-1.732507886171344
22294,0,0,-0.7860679969211555
22304,0,0,-1.6453539196002565
22310,0,0,-2.912008967039429
22314,0,0,-2.545085140939715
22325,0,0,-1.41094311752803
22327,0,0,-0.7857869779654889
22332,0,0,-1.415045009320498
22333,0,0,-1.2734775662796727
22340,0,0,-1.4766710487877548
22345,0,0,-1.7263442224604313
22351,0,0,-1.6760048242456826
22353,0,0,-1.568566519868621
22362,0,0,-1.6072316340541146
22375,0,0,-1.7121259670427402
22381,0,0,-1.5747554863712627
22383,0,0,-2.0917064918289565
22387,0,0,-1.7887400049394249
22394,0,0,-2.594424273565643
22396,1,0,-0.40247005476675973
22400,0,0,-1.2382297104678375
22407,0,0,-1.0759984891883263
22411,0,0,-1.5010899209104105
22413,0,0,-2.968598623181177
22424,1,1,0.7951371675178751
22425,0,0,-1.419815341400092
22441,0,0,-0.5974545652164771
22442,0,0,-1.3241234637971426
22455,1,0,-0.47614414763788293
22456,0,0,-1.2744869365640195
22468,0,0,-1.5174996741438518
22482,0,0,-1.6464752138261838
22484,0,0,-1.3020532534843083
22488,0,0,-0.7890036645143643
22492,0,0,-1.7619759277764062
22499,0,0,-1.5039701970621522
22500,0,0,-1.792497465162894
22515,0,0,-0.5585490635764934
22521,0,0,-1.774638961299843
22522,0,0,-0.8424998244801203
22532,0,0,-2.6941655879754878
22536,0,0,-2.0643149583943146
22543,0,0,-1.130452244767966
22547,0,0,-2.4492757749154617
22550,0,0,-2.4664604953309213
22551,0,0,-0.5478397323160569
22562,0,0,-2.127631362514985
22567,0,0,-1.6361570128717038
22568,0,0,-1.3952712247732975
22571,0,0,-1.0607081329388348
22577,0,0,-0.9559675165304953
22586,0,0,-2.0875467293762533
22605,0,0,-1.193657190380533
22608,1,1,0.2472984200031394
22610,0,0,-1.2727888911369967
22616,0,0,-1.6907806720750567
22620,1,1,0.801214337892348
22621,1,1,0.9769220034546409
22622,0,0,-2.07328903992648
22626,0,0,-2.515892718349842
22634,0,1,0.2999003997169216
22635,0,0,-1.0659946572849672
22636,0,0,-2.3529731890472094
22642,0,0,-1.2228693529982926
22647,0,0,-3.2160041408869793
22653,0,0,-1.392723933997892
22657,0,0,-1.4777164289585527
22658,0,1,0.14562498885645048
22666,0,0,-1.2348568368656991
22681,0,0,-1.5467280903845584
22685,1,1,1.1725777042633216
22692,0,0,-0.9525267596661469
22695,0,0,-3.6171040030762223
22696,0,0,-2.52408421476868
22702,0,0,-0.9921791748562112
22705,1,0,-0.4693295989841829
22706,0,0,-4.207581872733074
22714,1,1,0.13439064103442444
22723,0,0,-2.329205258639224
22725,0,0,-2.529612327573555
22730,0,0,-0.6698681877708601
22735,0,0,-1.5163628803364084
22736,0,0,-2.3404946677099305
22739,0,0,-2.5454858669650724
22743,0,0,-1.3849788998219958
22746,0,0,-2.880214348098539
22750,0,0,-2.921875385736591
22757,0,0,-1.5394995241742249
22759,0,0,-1.1608415915892418
22761,0,0,-1.6534939911437427
22766,0,0,-1.2755050181754115
22767,0,0,-1.3699887379186524
22777,0,0,-1.561685290802299
22781,0,0,-2.049729671595128
22783,0,0,-0.5125367780163594
22795,0,0,-1.586652539523521
22802,0,0,-1.353096989166258
22803,0,0,-2.9622622285178357
22808,0,0,-2.3297542243835347
22811,0,0,-0.5950208377026156
22812,0,0,-0.689759456603416
22813,0,0,-1.9791097167771226
22815,0,0,-0.7758204826082491
22819,0,0,-0.8747780877905247
22822,0,0,-0.7117046862364572
22830,0,0,-2.5558507289177648
22842,0,0,-2.539965697986079
22846,1,1,0.3384061360602608
22848,0,0,-2.2317842775241923
22851,0,0,-2.0715199294508313
22860,0,0,-2.0097708607144966
22862,0,0,-2.882851266522052
22863,0,0,-0.6834004885498577
22864,0,0,-1.9999346927855417
22868,0,0,-1.6907357575622621
22870,0,0,-1.7286151983264189
22871,0,0,-1.0801878313899558
22877,0,0,-0.6101614403602469
22880,1,1,0.13049059696272125
22886,0,0,-1.8001499205410556
22899,0,0,-1.803070823357292
22904,0,0,-1.6105485683363843
22913,0,0,-0.5295245307907939
22915,0,0,-2.1096163324608894
22918,0,0,-1.1979534248489396
22922,0,0,-1.0365739566110255
22924,0,0,-3.1216747741523525
22925,0,0,-2.9386287944653064
22926,0,0,-1.5861850294786737
22930,0,0,-0.6557075591350073
22935,0,0,-0.35853619953274396
22940,0,0,-0.016935509511604274
22955,0,0,-2.307685050720944
22958,0,0,-2.591289625304052
22962,0,0,-0.8971818127155542
22967,0,0,-2.3087581327687374
22973,0,0,-3.1651191126257414
22977,0,0,-1.7487673262317918
22980,0,0,-2.881708237480563
22984,0,0,-0.5042518168530861
22985,0,0,-1.268484054585457
22993,0,0,-2.405815118715319
23002,0,0,-0.3770775117123075
23010,0,0,-1.0112308301634243
23024,1,1,0.4940671753846857
23025,0,0,-0.9585569314470325
23030,0,0,-0.9412613882661979
23031,0,0,-2.133871327706428
23033,0,0,-1.4333151355039775
23036,1,1,1.730451123486955
23037,0,0,-1.6276803197392837
23052,0,0,-1.3230748991031038
23056,0,0,-0.8522084271162919
23065,0,0,-1.8326704062769985
23072,0,0,-0.9044784867878785
23088,0,0,-2.2983720468946043
23092,1,1,0.39312810472368787
23094,0,0,-0.8622425568121507
23096,0,0,-1.4192095539865737
23097,0,0,-1.8358048869403298
23103,1,0,-0.13429704571521994
23109,0,0,-1.8633975302770727
23111,0,0,-1.2637898524562465
23112,0,0,-1.8231861278390482
23115,0,0,-2.4149562326684633
23118,0,0,-1.8264011543467744
23121,0,0,-0.7946779965658682
23123,0,0,-1.1987953706045895
23130,0,0,-0.7292962129104019
23132,0,0,-0.9642247022870506
23134,0,0,-1.395288297846028
23149,0,0,-2.5911798858083728
23157,0,0,-2.609705152264887
23158,1,1,1.7342481704404495
23159,0,0,-0.9299438088800418
23164,0,0,-1.4779712075482654
23165,0,0,-1.9998602878315102
23169,0,0,-2.6792762891464217
23176,0,0,-3.3791632919334758
23180,0,0,-0.7257233085134571
23183,0,0,-2.263357687666821
23187,0,0,-2.578938866827233
23190,0,0,-3.005127007932174
23195,0,0,-2.3361443936900703
23198,0,0,-2.6729311552450623
23200,0,0,-0.32979316331565156
23201,0,0,-2.072257238624779
23214,0,0,-1.267434173656822
23218,0,0,-2.4846016639689883
23219,0,0,-1.2550908525900386
23228,0,0,-0.31976136584854464
23232,0,0,-2.4441025725847387
23233,1,1,0.6381371290495133
23234,0,0,-0.873444509693844
23244,0,0,-1.086710792776144
23249,0,0,-1.752350576339113
23252,0,0,-0.9592507373962609
23261,0,0,-3.2207830715907315
23271,0,0,-0.8050649118563362
23275,0,0,-1.7928763406726038
23285,0,0,-1.5421952768215506
23288,0,0,-2.9433862671512907
23294,0,0,-3.746374824207061
23299,0,0,-1.207045634083662
23303,0,0,-3.1915744840046685
23308,0,0,-2.1759961629802893
23311,0,0,-1.0297427208073717
23316,0,0,-0.6187086479184736
23317,0,0,-1.0983005569992028
23319,0,0,-0.4909104809618352
23327,0,0,-2.123421191658856
23331,0,0,-0.9420053919467818
23338,0,0,-0.2918449348252935
23343,0,0,-2.0839179519906406
23357,0,0,-1.7768562005205575
23361,0,0,-1.5979979624661613
23366,0,0,-1.010132741464197
23374,0,0,-1.560312462063189
23381,0,0,-1.3451741167706897
23382,0,0,-1.016356711175452
23387,0,0,-3.257772029677204
23392,1,1,1.571176806615669
23397,0,0,-1.2143932981181143
23406,0,0,-1.7041235075282448
23412,0,0,-1.7037896456789317
23417,0,0,-1.1754428839055329
23423,0,0,-1.767354611770565
23429,0,0,-1.2607162363886353
23433,0,0,-1.5442810540501464
23437,1,0,-0.8433496906319214
23439,0,0,-0.39808987980719646
23440,0,0,-1.2666993666303712
23447,0,0,-0.7240419804722131
23450,0,0,-3.03398803831028
23451,0,0,-0.5432884621432842
23465,0,0,-2.3772634660140604
23469,0,0,-1.0220109050166704
23481,0,0,-1.159500219218507
23487,0,0,-1.5735513214812107
23497,0,0,-1.1990315737647796
23499,0,0,-3.2701237799030807
23504,0,0,-0.46986333403511854
23512,0,0,-0.3204538587032462
23523,0,0,-1.0370287512569043
23525,0,0,-2.564455491642727
23526,1,1,1.1527594863453738
23530,0,0,-0.7254550268376501
23531,0,0,-0.9689227740763298
23534,0,0,-2.3558502198355393
23537,1,0,-0.6108538227385065
23538,0,0,-1.5571388903314969
23555,0,1,0.10615351030273512
23562,0,0,-1.5508857676186731
23570,0,0,-1.0526742147692176
23574,0,0,-0.8732315767899019
23575,0,0,-1.5185001635332034
23584,0,0,-1.0301207524330802
23585,0,0,-0.8169919802058971
23586,0,0,-2.020502360726431
23588,0,0,-1.4575788687889728
23589,0,0,-3.46630972570597
23593,0,0,-2.0407835684015376
23595,0,0,-1.801968786135816
23596,0,0,-1.3863448991208003
23600,0,0,-1.3037754261551104
23606,0,0,-1.9030553035869953
23607,0,0,-1.3643670233551672
23611,0,0,-1.960169642082464
23614,0,0,-1.7779334756249803
23615,0,0,-1.1532113078303763
23626,0,0,-1.6760706035493624
23631,0,0,-0.9361665490319859
23633,0,0,-2.151121280778376
23637,0,0,-0.17583033130465542
23644,0,0,-0.9287866338380668
23646,0,0,-1.6773001210437568
23647,0,0,-2.3618988298614614
23663,1,0,-0.7271711431831956
23670,0,0,-1.6292195012605848
23672,0,0,-1.6149060308164862
23673,0,0,-1.1224498447806217
23676,0,0,-0.9958548648898748
23677,0,0,-1.5161538247494168
23680,0,0,-1.0652459007031967
23688,0,0,-2.3522162982344126
23691,0,0,-1.3017622592663345
23693,0,0,-2.1764340786262073
23702,0,0,-1.4946998583561122
23703,1,0,-0.681507466111142
23705,0,0,-2.191234599629042
23721,0,0,-2.4539481755858406
23724,0,0,-0.35853281663414327
23735,0,0,-1.7160132630577167
23743,0,0,-2.2193046917940116
23744,0,0,-1.9121925769216819
23765,0,0,-2.249741157972595
23767,0,0,-0.513391605790382
23770,0,0,-1.466817332944887
23778,1,0,-0.6910329373182785
23792,0,0,-1.6349900850772454
23798,0,0,-3.061176455922322
23808,0,0,-3.0800749247359605
23811,0,0,-3.2200010844629796
23816,0,0,-0.5998920074898962
23821,0,0,-2.0256266246585817
23823,0,0,-3.507390005049177
23832,0,0,-2.7161602500550215
23833,1,1,0.9851729477317714
23838,0,0,-2.0069355803086246
23840,0,0,-2.952311182228816
23844,0,0,-0.8177264138367939
23846,0,0,-2.5185223848442524
23849,0,0,-1.897060515897892
23856,0,0,-2.3060982224743842
23858,1,1,0.6660863669414663
23862,0,0,-2.0294840009810127
23868,1,1,1.0749821920003575
23872,0,0,-2.856442959735195
23875,0,0,-1.382123777735122
23882,1,1,0.06226153503515408
23883,0,0,-3.492460257408803
23886,0,0,-0.9702215254919538
23887,0,0,-1.982104635619478
23888,0,0,-1.5091471110136927
23895,1,1,1.455828801770337
23896,0,0,-0.7263682529690719
23915,0,0,-1.1535623621434554
23917,0,0,-1.9483795362002252
23919,0,0,-1.4768257997664085
23920,0,0,-1.4426462665395379
23922,0,0,-1.46795694943437
23938,0,0,-2.5054682115858053
23942,0,0,-1.8160075446289081
23947,0,0,-1.3201372758586172
23953,0,0,-1.7342225109428278
23954,0,0,-1.396693859310624
23955,0,0,-1.3839066538972329
23956,0,0,-1.8798713713815631
23962,0,0,-1.5783480125398985
23969,0,0,-1.9186169953195322
23970,1,0,-0.38827020230575304
23972,0,0,-2.444492535136403
23978,0,0,-0.7886894639199389
23981,0,0,-0.8155202404201782
23982,0,0,-1.3232195840312175
23992,0,0,-0.9663676536568981
23993,0,0,-1.2129063128377133
23995,0,0,-2.1784627376347006
23996,0,0,-2.2758225436528567
23997,0,0,-1.939844573604917
24003,0,0,-3.185757172279798
24004,0,0,-2.440349521553167
24006,0,0,-1.4871585806755117
24009,0,0,-0.71664978117493
24010,1,1,0.12055360639359991
24016,0,0,-2.448878860455675
24019,0,0,-3.0861580076330135
24020,0,0,-0.7868236111832835
24028,0,0,-3.64539707267517
24034,0,0,-1.5844041225364172
24051,0,0,-0.5683850682370258
24053,0,0,-2.1085969837543845
24054,1,0,-0.23186176744929488
24058,0,0,-1.0150140457203296
24059,1,1,0.5662554321392743
24061,0,0,-2.26060802152234
24069,0,0,-0.9511812909071192
24076,0,0,-3.1578527098649944
24080,0,0,-1.54096018035193
24081,1,1,1.0732115540808167
24084,0,0,-0.7503308843766655
24091,0,0,-0.8133632357205796
24099,0,0,-0.7616805097665716
24102,0,0,-2.792512006743851
24105,1,0,-0.10164296651234572
24112,0,0,-1.8097812027996911
24118,0,0,-1.6580324679591132
24122,0,0,-2.0207351066324915
24127,0,0,-1.8828495942659385
24132,0,0,-2.6794356863797035
24135,0,0,-1.4212061971899197
24137,0,0,-0.9726062078204575
24139,0,0,-0.6966395605648296
24142,0,0,-1.701308062206661
24156,0,0,-2.846535686711662
24158,0,0,-1.6496948139408265
24165,0,0,-1.9391622498299923
24166,0,0,-2.6968544184438894
24172,0,0,-3.3685721684103918
24174,0,0,-2.10438778997183
24181,0,0,-1.1089108898632871
24186,1,1,0.005001078734908515
24190,1,1,1.3610180876651226
24203,0,0,-0.9917999099700583
24213,0,0,-1.5671442762049475
24222,0,0,-0.25309917519200076
24227,0,0,-2.8598920387926086
24229,0,0,-1.4441886145268819
24235,0,0,-2.5100662558967706
24267,0,0,-2.052235131553326
24277,0,0,-1.8885517966162524
24290,1,1,1.4048882017494495
24295,0,0,-0.3657403409233385
24299,0,0,-1.7246677853779648
24302,0,0,-2.140370895147259
24304,0,0,-1.8937207960117606
24305,0,0,-1.303758668935416
24314,0,0,-2.8851356403701356
24316,0,0,-1.8921524945844077
24321,0,0,-2.5829707208600676
24327,0,0,-1.87970422375194
24328,0,0,-3.100735195372028
24331,0,0,-1.474145047859188
24332,0,0,-3.7553501040209136
24345,0,0,-1.53620045840878
24351,1,0,-0.06523976731207914
24356,0,0,-0.8158756492233603
24364,0,0,-1.4695489708448797
24366,0,0,-1.191447843723536
24368,0,0,-2.557300747532648
24371,0,0,-3.62898284418025
24377,0,0,-0.5973862665131725
24387,0,0,-2.7879996399268983
24390,0,0,-1.0733722956494365
24394,0,0,-0.5382413225188019
24395,0,0,-2.923710979799944
24396,0,0,-0.4633669406499552
24407,0,0,-2.36819993110052
24414,1,1,0.3671676453305306
24418,0,0,-3.2681856137179155
24420,0,0,-1.563210808606235
24427,0,0,-0.8430951857235784
24429,0,0,-0.1336885621984507
24430,0,0,-1.2585870492449094
24434,0,0,-1.5334745469502686
24438,0,0,-1.4857240056579883
24441,0,0,-1.1322815880894017
24442,0,0,-3.0563233166364343
24449,1,1,0.5213226122353378
24459,0,0,-0.6049131608646418
24464,0,0,-1.2936228351677173
24466,0,0,-1.3239664927610153
24469,0,0,-1.2247114365811695
24473,0,0,-2.8796140725635837
24480,0,0,-0.7554258636853232
24482,0,0,-3.618820380429324
24483,0,0,-2.760687557269622
24484,0,0,-2.1534688327330507
24503,0,0,-2.1420767606545486
24514,0,0,-3.6243071135156892
24520,0,0,-1.4778682735153623
24521,0,0,-2.912685682547747
24525,0,0,-1.3792732168194088
24535,0,0,-1.595210769810334
24539,0,0,-3.133440664205682
24544,0,0,-2.4703618684286277
24550,0,0,-2.4674773609780427
24557,0,0,-2.1807709724515885
24561,0,0,-2.2217072226159136
24564,0,0,-2.9826573857856165
24566,0,0,-0.4003515198919757
24569,0,0,-3.5672723534706483
24570,0,0,-1.062738698367205
24574,0,0,-0.46842839677479886
24578,1,1,1.3544800000183124
24585,0,0,-0.5213810734435846
24587,0,0,-1.5859602351360107
24592,0,0,-3.076094477504224
24600,0,0,-2.4245702173970254
24601,0,0,-1.3756299111527328
24604,1,0,-0.2895674769889611
24605,0,0,-3.5353291240374958
24611,0,0,-1.6477114595309788
24617,0,0,-1.8540268886945845
24636,0,0,-1.0518741948395522
24639,1,0,-0.683390054916576
24640,0,0,-0.9969558141874406
24644,0,0,-2.5471666407708167
24645,0,0,-1.2824912501042256
24646,0,0,-1.9077483250850862
24650,0,0,-1.3412852556681834
24664,0,0,-0.2669188710445781
24669,0,0,-2.8567505368243866
24673,0,0,-2.5109810901961493
24676,0,0,-2.4355850022795655
24680,1,0,-1.3668880058603832
24688,0,0,-3.302091608966153
24690,0,0,-1.158480291439015
24691,0,0,-3.289735246202623
24703,0,0,-0.20221792255946325
24708,0,0,-0.9544261090088217
24710,0,0,-0.5476092352946538
24723,0,0,-1.0387437599385647
24725,0,0,-1.8855118492248353
24727,0,0,-1.3172254586452015
24729,0,0,-2.5610077055293976
24732,1,1,1.3970786640445259
24733,0,0,-3.05558504177793
24736,0,0,-1.5665248295812684
24748,0,0,-1.2924581549492162
24763,0,0,-1.8780889992778758
24776,0,0,-0.6668217776162836
24785,0,1,0.055680364158450346
24788,0,0,-2.0034483507024445
24792,0,0,-3.2639058376290215
24796,0,0,-1.578860581984295
24797,0,0,-1.143006404092202
24814,0,0,-1.57645803944679
24816,0,0,-0.9592038249202572
24817,0,0,-1.5703485553270307
24821,0,0,-0.5639748664713136
24822,0,0,-1.0073645614207494
24828,0,0,-0.4075281246438721
24835,0,0,-2.755182701075505
24836,0,0,-1.8512240541126066
24841,0,0,-1.3810254323916462
24844,0,0,-2.640250055976696
24846,0,0,-1.5676577427611282
24849,0,0,-1.690389529723387
24850,0,0,-0.5924580972369254
24856,0,0,-1.5572149056768638
24857,0,0,-1.0391478522045947
24858,1,1,0.9111601593754763
24864,0,0,-1.4386219358758152
24873,0,0,-0.8107327676855904
24874,0,0,-2.6162789770205332
24880,0,0,-2.279325865743645
24881,1,1,1.3031088623435851
24892,0,0,-1.238131576438572
24895,0,0,-1.5090077096654204
24898,0,0,-1.4970366595356461
24899,0,0,-2.307560854497823
24901,0,0,-0.751140296324553
24903,0,0,-0.9178185900576841
24913,0,0,-0.8567908837312307
24917,0,0,-3.5175798293975484
24919,0,0,-1.508214530042428
24921,0,0,-1.890340843065856
24934,0,0,-0.6099661312365419
24943,0,0,-0.6224931101322928
24952,0,0,-1.8416122683995573
24958,0,0,-3.1352119726436998
24965,0,0,-4.239388907826429
24969,0,0,-1.9703923225659097
24971,0,0,-1.6511089817595248
24973,0,0,-1.3079870009686558
24977,0,0,-1.5146568190973517
24978,0,0,-3.570212503234064
24982,0,0,-1.0175353984317301
24987,0,0,-1.5236653805506566
24993,0,0,-0.9672899530794734
24997,0,0,-0.5178205315362238
24999,0,0,-1.5808099364782613
25007,0,0,-1.4761929464778891
25012,1,1,0.8455855096670273
25013,0,0,-2.0117392230931053
25018,0,0,-2.3236597864365534
25023,0,0,-2.4518878820543053
25029,0,0,-1.2986055465091437
25035,0,0,-2.3427872611146037
25037,0,0,-1.7794456585403602
25039,0,0,-1.3086322585980485
25043,0,0,-2.0099590172551087
25048,0,0,-1.2342444591851487
25049,0,0,-1.1336262203186047
25054,0,0,-1.2966021523030185
25057,0,0,-3.2038990228583275
25075,0,0,-1.3579285899998454
25081,0,0,-2.4254430385862227
25084,0,0,-3.377778732782393
25090,0,0,-1.826859313423134
25094,0,0,-1.610851874883103
25097,0,0,-1.1845839338462105
25100,0,0,-3.1893831559881987
25106,0,0,-1.6352570658964733
25119,0,0,-0.9047520377700085
25123,0,0,-1.2661255107437404
25126,0,0,-1.0184913591733054
25127,0,0,-1.9916796854375056
25131,0,0,-1.7260628223331462
25132,0,0,-0.9398044926341816
25136,1,0,-0.33674906130005355
25137,0,0,-1.2478719502227413
25140,0,0,-2.7822773706804664
25159,0,0,-2.134403993950424
25168,0,0,-1.2805093606219216
25172,0,0,-1.3012223507337601
25174,0,0,-2.806805159249828
25178,0,0,-0.5751092161546331
25186,0,0,-1.8118332818137683
25187,0,0,-1.3203702810679268
25206,0,0,-2.316034539237132
25209,0,0,-3.9530215043445773
25211,0,0,-0.642597287574932
25215,0,0,-1.1924265729025063
25226,0,0,-1.0871883654111811
25232,0,0,-3.399821390484785
25233,0,0,-1.484497825887931
25236,0,0,-0.5238857974856708
25238,0,0,-2.0675076914445656
25240,0,0,-1.1824172121639416
25242,1,0,-0.937736027861224
25247,0,0,-1.114298069449621
25248,1,1,0.7210667693635546
25249,1,1,0.6251614496926989
25253,0,0,-1.1798429546142333
25267,0,0,-0.6978508077452263
25274,0,0,-1.1514623379498243
25275,0,0,-1.4162189117854862
25286,0,0,-3.036032901560093
25291,0,0,-1.1340233745822514
25292,0,0,-1.8389588169376996
25293,0,0,-1.9163953492555748
25309,1,1,0.6257970004260911
25310,0,0,-1.436224964848409
25313,0,0,-2.9064412803604016
25328,0,0,-2.2473340670592403
25335,0,0,-1.2899395053599223
25342,0,0,-1.884668544417022
25346,0,0,-0.978911686296345
25352,0,0,-1.5558530497845138
25371,0,0,-0.7638849867551036
25374,0,0,-3.1534535805369295
25375,0,0,-1.0914154595887464
25381,1,1,0.37051160430263885
25387,0,0,-3.4450782605533528
25389,0,0,-1.4876672517119758
25391,0,0,-1.0120364571396967
25396,0,0,-2.3663973332272485
25401,0,0,-2.4706566014752234
25405,0,0,-1.262977176821788
25407,0,0,-2.3638498206102763
25415,0,0,-0.50864568541928
25425,0,0,-3.0975264683789074
25438,0,0,-3.183096559844767
25460,0,0,-2.0551904345332805
25466,0,0,-2.054688218544963
25476,0,0,-1.0832188679547246
25483,0,0,-1.3216743596758243
25485,1,1,0.5526490801075457
25490,0,0,-1.9061733894791615
25493,0,0,-0.644123475912187
25496,0,0,-1.4135497156075862
25502,0,0,-1.5397530342981964
25515,0,0,-1.5736404033388105
25525,0,0,-1.4911839858190346
25527,0,0,-1.462020905466901
25529,0,0,-1.0909839067104277
25530,0,0,-1.622650324700945
25532,0,0,-1.855676770835324
25536,0,0,-0.7035462911760683
25541,0,0,-0.4515981730486117
25544,0,0,-0.6405391554200663
25545,1,1,1.454515848093154
25546,0,0,-1.4123262495493811
25568,0,0,-2.115589957560162
25570,0,0,-1.4485356848634416
25572,0,0,-1.4150467424827355
25574,0,0,-1.5177289773836828
25576,0,0,-2.6201580852791757
25581,1,0,-1.4513440646607307
25582,0,0,-1.4924326727513175
25585,1,1,0.5506798082738522
25588,0,0,-2.6783507523311947
25590,0,0,-2.4030476611995675
25602,0,0,-2.5900984207476854
25603,0,0,-2.19082935528105
25604,0,0,-1.0311129439411162
25605,0,0,-1.7774175073272434
25611,0,0,-3.32842105707035
25629,0,0,-3.698125807977405
25636,0,0,-0.9566000387984795
25639,0,0,-2.8666691990071707
25644,0,0,-2.7744606157815275
25655,0,0,-2.088325468418085
25662,0,0,-2.496308583631817
25664,0,0,-1.8464446632616316
25668,0,0,-1.2697012941802832
25670,1,1,0.4430354928122928
25679,0,0,-1.4609582703989836
25695,0,0,-2.2269179371326207
25698,0,0,-0.27577166294553324
25701,0,0,-0.9811963099581096
25712,1,1,1.4690664955128947
25714,0,0,-1.8541270385268611
25718,0,0,-1.3079243734360373
25720,1,1,1.315886834385495
25729,0,0,-1.9364561190113883
25731,0,0,-1.7741938271776947
25738,0,0,-2.281111946409367
25742,0,0,-1.3469921173596744
25744,0,0,-2.671232321907195
25747,0,0,-2.7206056419641302
25750,0,0,-1.7219489433315633
25754,0,0,-1.0047467584913279
25755,0,0,-0.6062399939604914
25756,0,0,-2.6122780856163983
25760,0,0,-0.6373140158529769
25768,0,0,-1.4637524545327456
25776,0,0,-2.042987492764471
25784,0,0,-2.939443130181308
25788,0,0,-1.3459615521019055
25793,0,0,-1.404393914233898
25794,0,0,-3.527923037329715
25799,0,0,-2.3389208169433573
25800,0,0,-0.732695843129773
25801,0,0,-2.0066098129997267
25806,0,0,-3.362081733396061
25811,0,0,-1.4467347628845242
25815,1,1,0.5716465521200098
25823,0,0,-1.3897140936961265
25833,0,0,-3.1272451129414867
25837,0,0,-2.2074944001022967
25842,0,0,-0.5227575532214825
25845,0,0,-2.8338836818414785
25846,0,0,-2.1509858167743907
25856,0,0,-3.0432312265947887
25860,0,0,-0.5432455512851264
25865,0,0,-2.1337116033079147
25867,1,1,0.5089907675375984
25870,0,0,-1.1140773122148317
25881,0,0,-2.8829841778028573
25887,0,0,-1.5594206564229365
25893,0,0,-1.928410517535094
25898,0,0,-1.868120840055333
25899,0,0,-1.5248487458019881
25900,0,0,-0.6362423998769562
25903,0,0,-0.8076842429907835
25904,0,0,-1.7053359541859343
25916,0,0,-0.587167592992553
25917,1,0,-0.4315465049721995
25918,0,0,-0.7039581539238597
25919,0,0,-0.5798712330675991
25921,0,0,-1.1371994541201436
25924,0,0,-1.1727911560342394
25927,0,0,-1.531648788564912
25931,0,0,-1.626558978015678
25935,0,0,-1.4117593414340952
25936,0,0,-1.5237658978607942
25943,0,0,-0.33752789424755403
25948,0,0,-1.148995395876391
25954,0,0,-2.8172784996555613
25959,0,0,-2.0571468955965484
25962,0,0,-0.9584709888732318
25963,1,1,0.8405413468092013
25964,0,0,-2.9466976575226678
25965,0,0,-0.842068905815327
25966,0,0,-2.002998233049304
25972,0,0,-1.577834391977521
25973,0,0,-1.293740929627814
25977,0,0,-1.809444730768164
25980,0,0,-0.6451658107716552
25985,0,0,-1.8253241496971653
25992,1,0,-0.33540924804562366
25993,0,0,-2.3773360335991467
25996,0,0,-2.6321865742949297
25998,0,0,-2.3250372555209866
26002,0,0,-3.0871478851023175
26005,0,0,-0.20728158794323426
26007,0,0,-1.315479186864133
26008,1,1,0.8164465195666504
26013,0,0,-1.9444941015952593
26016,0,0,-2.094122229067839
26017,0,0,-1.2744454759765993
26019,0,0,-1.9762963523887331
26021,0,0,-1.57904840883791
26024,0,0,-0.44969912930658573
26027,0,0,-1.405377686822332
26038,0,0,-2.199260854680542
26043,0,0,-1.7936735389987704
26047,0,0,-0.09795410890701328
26049,0,0,-2.3020841849151474
26059,0,0,-2.2169775637311067
26064,0,0,-1.5184302010721242
26065,0,0,-0.8297791113017927
26067,0,0,-1.0534035975828284
26068,0,0,-0.38564661466325656
26073,0,0,-2.497918032540139
26075,0,0,-1.9452213029958412
26089,0,0,-1.3333591196857466
26091,0,0,-1.307809565046527
26095,0,0,-2.658821807757553
26096,0,0,-1.6172730883231259
26098,0,0,-0.8166865643966204
26100,0,0,-0.953385902884666
26101,0,0,-2.3884848971181585
26104,0,0,-0.8864792548740528
26108,0,0,-1.6171480183395368
26110,0,0,-1.6644468915949815
26113,0,0,-1.6407396743200442
26115,0,0,-1.590440316617966
26117,0,0,-0.3744651942543291
26121,0,0,-1.922758886223773
26144,0,0,-1.716612167429269
26154,0,0,-1.0242523802476589
26163,0,0,-1.2496737143822314
26165,0,0,-2.6832454873912983
26169,0,0,-1.262245482157404
26170,0,0,-1.7084528964797998
26180,0,0,-1.2045535411394805
26182,0,0,-3.124509705296995
26186,1,1,0.5909006740989426
26189,0,0,-1.0385534269072094
26194,0,0,-2.1952404810673665
26197,0,0,-2.6919784019880115
26199,0,0,-1.1750289697154739
26203,0,0,-1.7259620353852647
26210,0,0,-1.8280459960512128
26216,0,0,-4.193668811501594
26218,0,0,-2.655957062285627
26222,0,0,-1.7388540036418836
26224,0,0,-0.6835331113054456
26227,0,0,-1.5886148182326416
26231,1,0,-0.6767796083290871
26239,0,0,-0.38225835997756136
26250,0,0,-0.16245286104996803
26252,0,0,-0.9879088356877648
26260,0,0,-2.0002986637231466
26261,0,0,-3.034991607111672
26262,0,0,-0.9435550087840636
26264,0,0,-0.6267609521303507
26268,1,0,-0.04398665639853139
26269,0,0,-0.8189329951931162
26270,0,0,-1.9087929446322667
26273,0,0,-1.2530843888513934
26282,0,0,-1.278314774076715
26289,0,0,-1.0999584954789037
26291,0,0,-0.523823818726002
26295,0,0,-3.474995243086174
26305,0,0,-1.1542918843820795
26316,0,0,-2.745190845943383
26322,0,0,-1.1627856192887425
26326,0,0,-1.392860844572391
26331,0,0,-1.438553377206789
26334,0,0,-1.7703473946244292
26338,0,0,-3.6894106082671305
26341,0,0,-1.7220532293653414
26346,0,0,-0.1378041316053975
26347,0,0,-2.6836290094821864
26352,0,0,-2.1133125476724466
26363,0,0,-2.1609858179345696
26365,0,0,-1.0092862713707387
26368,0,0,-2.6696172734446257
26378,0,0,-1.5560296217617033
26386,0,0,-3.057686366976305
26388,0,0,-1.1665589295041854
26393,0,0,-1.409933415696349
26407,0,0,-1.3775188384632648
26408,0,0,-3.113123266320608
26414,0,0,-2.067926293052074
26436,1,0,-0.7679403346479722
26438,0,0,-2.8637697576447634
26452,0,0,-1.373931932426512
26458,0,0,-0.6322738784235913
26468,0,0,-1.4465958175558544
26469,0,0,-3.3318305308415734
26477,0,0,-2.893950339672725
26481,0,0,-3.2609099254486704
26486,0,0,-1.4765925073112312
26488,0,0,-0.6771722743925175
26491,0,0,-3.634423745706256
26494,0,0,-1.6486986382847066
26511,0,0,-1.7456955357141137
26512,0,0,-1.0158586651375217
26515,0,0,-1.0799059109728986
26525,0,0,-0.7829788538950108
26531,0,0,-3.588667335364507
26535,0,0,-2.9094726750917053
26538,0,0,-1.6850343266860601
26540,0,0,-2.6741901112634885
26542,0,0,-2.640569448393089
26544,0,0,-4.154779263902638
26545,0,0,-1.6339765825403458
26546,0,0,-1.2485627587451718
26563,0,0,-1.1291736323596409
26568,1,1,0.11662783441082547
26576,0,0,-1.2037556149095063
26578,0,0,-1.9197180363548672
26580,0,0,-2.234099707052123
26587,0,0,-3.887779935875872
26590,0,0,-1.627255940019491
26596,0,0,-0.8269715031600072
26601,0,0,-1.4109611579896346
26603,0,0,-2.6867607411405876
26610,0,0,-2.4717759239147066
26616,0,0,-2.9195917732077383
26620,0,0,-3.75130188180236
26631,0,0,-1.5678332126109702
26633,0,0,-1.4740973017160433
26634,0,0,-1.1600892739726272
26643,1,0,-0.35385052714365606
26644,0,0,-0.5133858627751728
26648,0,0,-3.127728069269863
26651,0,0,-0.23093537339112835
26654,0,0,-1.4223441154781333
26658,0,0,-2.4486328646915334
26661,0,0,-1.1689445376968512
26662,0,0,-1.903854401627925
26665,0,0,-1.3250158618384364
26678,0,0,-1.6653654215197249
26680,0,0,-1.2043411970044062
26682,0,0,-3.764220709856594
26692,1,1,1.2418240124546103
26693,0,0,-2.885297314921057
26696,0,0,-1.4751154622283544
26705,0,0,-1.0723577394764061
26713,0,0,-1.2636250340863904
26715,1,1,0.30461997794228846
26718,0,0,-1.6295728921130967
26719,0,0,-1.1817440847146212
26720,0,0,-1.8569425143706113
26723,0,0,-3.290667774991931
26730,1,1,1.6458320908534378
26733,0,0,-0.6149792028714934
26742,0,0,-0.1795673895802743
26743,0,0,-1.2884317473362374
26747,0,0,-0.5231281899596746
26752,0,0,-2.47357752673968
26756,0,0,-2.1731000998550964
26762,0,0,-1.6531539245787787
26763,0,0,-1.4256335195584238
26764,0,0,-0.9502909240832507
26772,1,0,-0.8032714894849154
26776,0,0,-2.3991525057361196
26789,0,0,-2.726483815983906
26795,0,0,-1.5342958124023376
26802,0,0,-1.6162894683111746
26806,0,0,-1.0432845547744973
26813,0,0,-0.2964033178766049
26824,0,0,-2.6048112862215316
26827,0,0,-1.965576244389691
26830,0,0,-1.8700127321965503
26838,0,0,-2.8355872844756673
26842,0,0,-1.373804578759457
26845,0,0,-0.9885023749401807
26855,0,0,-1.2571015686823883
26856,0,0,-2.052730069626966
26859,1,1,0.014400955618839806
26864,0,0,-2.163145016013039
26872,0,0,-2.3992678121820497
26876,0,0,-1.919845784706427
26877,0,0,-0.839626978742845
26879,0,0,-1.4387873981184618
26882,0,0,-2.4915917423498293
26883,0,0,-0.8245051674898308
26891,0,0,-0.39004953012609067
26895,0,0,-0.5490669264532426
26897,0,0,-1.9721045792013947
26900,0,0,-3.6472146702583306
26902,0,0,-1.085196856112518
26904,0,1,0.1458080642843036
26909,0,0,-0.4581053839337763
26920,0,0,-0.6564259852357311
26921,0,0,-1.4158319878942855
26928,0,0,-1.8624102273187897
26931,0,0,-1.3758853270121718
26934,0,0,-1.7957709462502216
26937,0,0,-1.756014631331392
26945,0,0,-2.0116159943699112
26949,1,1,0.8388511914123253
26956,0,0,-1.7136962941614597
26961,0,0,-2.8788432302537963
26971,0,0,-1.405645228833392
26974,1,1,1.4543311279619233
26975,0,0,-2.086895089918972
26980,0,0,-1.7171361896313857
26984,0,0,-2.9333923138563467
26993,0,0,-0.8551388285020461
26995,0,0,-1.9770512108160816
26996,0,0,-2.305846087437894
27002,1,1,1.1232290442662116
27026,0,0,-1.778376833465906
27029,0,0,-1.388788297953793
27030,0,0,-1.155185588872149
27031,0,0,-1.0851745370730477
27037,0,0,-1.3225641449570995
27039,0,0,-1.6202309249235383
27048,0,0,-1.12788183226239
27067,0,0,-1.2110325111010098
27069,0,0,-0.9186885272060624
27074,0,0,-0.7326494817710006
27084,0,0,-1.082604171558714
27098,0,0,-1.0255355690356223
27100,0,0,-1.369323733416928
27106,1,1,0.19176927400069543
27107,0,0,-1.0376362211647738
27109,0,0,-2.1367844464644947
27123,0,0,-4.109591342379308
27136,0,0,-2.1766061764601083
27137,0,0,-2.116935304534949
27143,0,0,-1.2676166559687063
27144,0,0,-2.531744818658681
27145,0,0,-0.514166943745524
27148,0,0,-0.6367814850427961
27150,0,0,-2.6725068895389343
27153,0,0,-2.7102065592306523
27155,0,0,-3.3518585355641184
27160,0,0,-4.170809755913389
27167,0,0,-1.1615696851167938
27173,1,1,1.0975715934069286
27175,0,0,-2.2165899181624225
27177,0,0,-1.2075571026487422
27183,0,0,-1.9218583913239233
27191,1,1,0.4817985869125019
27192,0,0,-2.4369440969086105
27199,0,0,-0.9975311967091199
27211,0,0,-2.7329947653818696
27213,1,1,1.940036120103543
27221,0,0,-2.299430815238644
27225,0,0,-0.9859006515177267
27226,0,0,-1.1958579106217244
27228,1,1,0.9469775744074831
27230,0,0,-1.3939750607777086
27235,0,0,-1.8021149839072608
27248,0,0,-3.1120034624336297
27250,0,0,-0.8092932153162594
27255,1,1,1.8375791958506735
27256,0,0,-1.947146715950228
27260,0,0,-1.6522747136209857
27267,0,0,-0.6914120444499181
27274,0,0,-0.9619846140983586
27281,0,0,-0.6037578507218305
27299,0,0,-3.666082826082942
27301,0,0,-1.9631339832535075
27304,0,0,-2.8068517074675086
27305,0,0,-1.7413988152358189
27315,0,0,-2.9607427946747924
27319,0,0,-1.9619488636759652
27326,0,0,-1.5286657776078978
27327,0,0,-0.8945088828815226
27341,0,0,-2.531385694150698
27349,0,0,-2.5658376190790646
27350,0,0,-2.520788846567668
27354,0,0,-1.5902968199722354
27355,0,0,-1.6337979454259781
27365,0,0,-0.33710339412167234
27367,1,1,0.5028235055241359
27370,0,0,-1.310456002028614
27380,0,0,-1.313792645389754
27388,0,0,-2.604320513192396
27389,0,0,-1.8126484269979017
27392,0,0,-3.188994892264729
27396,0,0,-1.3214708983433852
27405,0,0,-2.371247290625247
27412,0,0,-2.1329537230867794
27430,0,0,-1.0814572957613438
27436,0,0,-1.1700579007594307
27441,0,0,-1.6365700686380216
27455,1,1,0.5170856042200771
27460,0,0,-2.55564067911123
27468,0,0,-2.9062724278785277
27479,0,0,-1.4923524569655273
27490,0,0,-0.2435757998316298
27496,0,0,-1.3024334360439223
27497,0,0,-1.2836969873397435
27499,1,1,1.505221282910184
27500,0,0,-1.0219064572415557
27502,0,0,-1.9965641826434122
27508,0,0,-2.071639613912235
27514,0,0,-1.7486898506862838
27520,0,0,-1.871567290210848
27525,0,0,-1.1349235727510565
27526,0,0,-0.4139391387974081
27528,0,0,-2.5684950326521188
27529,0,0,-2.389500099992966
27537,0,0,-1.1737471930568413
27540,0,0,-1.709727206141709
27543,0,0,-2.0345947262449577
27545,0,0,-0.8694849944838833
27569,0,0,-2.6209797626152067
27578,0,0,-0.3869671731077311
27591,0,0,-0.8083592262448516
27600,0,0,-3.6069334452430857
27606,0,0,-1.4408651532066727
27607,0,0,-1.8901167471238014
27629,1,1,0.565753119934463
27631,0,0,-1.6911035849355973
27636,0,0,-1.790936952912084
27638,0,0,-1.9847089211068731
27641,0,0,-1.7604011807739381
27648,0,0,-2.537587957015357
27654,0,0,-1.0260167450568802
27665,0,0,-2.212746289558287
27667,0,0,-2.065052546605097
27672,0,0,-1.3703796818091423
27676,0,0,-1.2153052421868689
27677,0,0,-0.8441668042712387
27685,1,0,-0.4412931203513307
27695,0,0,-2.0877471951828426
27698,0,0,-2.681420910833138
27699,0,0,-1.342116044744917
27706,0,0,-0.9933386670497565
27709,0,0,-1.4201768720815116
27711,0,0,-1.3165173062578748
27712,0,0,-1.4742812827077545
27721,0,0,-1.2230820144401948
27724,1,1,0.05843624462797781
27725,0,0,-1.1584653744826523
27727,0,0,-2.9181327788913247
27731,0,0,-3.4690985365067597
27734,0,0,-1.6990418081261947
27738,0,0,-1.842516536596832
27744,0,0,-1.970192346528577
27748,0,0,-1.1289397558940408
27753,0,0,-3.2018763131888504
27758,0,0,-1.1124594395268268
27759,0,0,-2.517690549539795
27760,0,0,-1.2161488694536167
27767,0,0,-0.675042953221018
27770,0,0,-0.9487618706978376
27772,0,0,-0.9439459132929413
27779,0,0,-0.9060231842040776
27794,0,0,-1.0269228887626751
27805,0,0,-1.4780421475805166
27808,0,0,-2.9488082644227465
27814,0,0,-1.0846075579280485
27817,0,0,-1.0635735544223386
27818,0,0,-0.4721211245822269
27819,0,0,-0.6746249059967857
27820,0,0,-2.8068155899919915
27822,0,0,-3.0770660958581875
27833,0,0,-0.2853848708947889
27837,0,0,-3.315706048316226
27838,0,0,-1.5638736539182183
27853,1,1,0.21606697277513653
27855,0,0,-1.8471934999639985
27866,0,0,-1.3288602619459233
27869,0,0,-2.518856499510602
27873,0,0,-1.731888104345305
27879,0,0,-0.539721679421308
27887,0,0,-1.3594078941980856
27891,1,0,-0.7867653317857768
27894,0,0,-0.6506113344818244
27895,0,0,-0.2738407789164836
27903,0,0,-1.2073789990446406
27910,0,0,-0.9928893751039763
27911,0,0,-0.23381227032082952
27912,0,0,-0.727365347830608
27913,0,0,-1.671245045881812
27919,0,0,-0.9796921773217588
27925,0,0,-3.310848028598607
27944,0,0,-2.620738759481619
27946,0,0,-1.7564125555186474
27949,0,0,-2.5334787424358343
27952,0,0,-1.9160962871368092
27956,0,0,-0.23826012255636808
27959,0,0,-1.2790025355656984
27967,0,0,-2.576206462208023
27968,0,0,-3.14282577293939
27975,0,0,-3.052843972993845
27985,0,0,-3.0449330566639823
27990,0,0,-2.260928430832508
27994,1,0,-0.6297479809643591
28015,0,0,-2.4677665316364523
28017,0,0,-3.0876371789131616
28018,0,0,-2.0189929999290945
28025,0,0,-1.1877148077865831
28027,0,0,-0.3440942630980914
28032,0,0,-1.045039511331531
28037,0,0,-0.41182504534956
28041,0,0,-1.4066045038474535
28048,0,0,-2.2487744578998576
28059,0,0,-2.4934570152874773
28063,0,0,-2.8488907976850246
28075,0,0,-3.2774374039455862
28081,0,0,-1.281324668417711
28085,0,0,-2.0821500024620105
28088,0,0,-0.6278722764805379
28089,0,0,-1.6120120418595736
28092,1,1,1.8129856579461918
28095,0,0,-1.0000429731537075
28102,0,0,-2.5910762353200445
28103,0,0,-2.0969227199737537
28107,0,0,-1.5464282684850905
28108,0,0,-1.0470493908016603
28113,0,0,-1.9893942591692457
28114,0,0,-0.10103043397463907
28117,0,0,-1.8506766618372386
28119,0,0,-0.6233622036938691
28127,0,0,-2.420661387267598
28129,0,0,-1.7486172525999717
28130,0,0,-0.773867400747501
28147,0,0,-1.5081339209436853
28150,0,0,-0.43379531057451415
28159,0,0,-1.3707963113751533
28164,0,0,-1.4512032682094125
28166,0,0,-1.9533498235228948
28170,0,0,-1.6217142867172627
28174,1,0,-0.7628692063596256
28183,0,0,-1.2101557957236988
28184,0,0,-1.4000260342241688
28189,0,0,-0.6817990922957663
28192,0,0,-0.4376468700252584
28196,0,0,-3.0596497077690863
28204,0,0,-0.2102499598007802
28221,0,0,-1.492079279856236
28228,0,0,-1.4407408889398678
28229,0,0,-1.5002622537328467
28234,0,0,-3.407159849458343
28235,1,1,0.5357267687425882
28240,0,0,-2.1896426294250464
28241,0,0,-0.852212005337854
28242,0,0,-1.6375299124714693
28245,0,0,-1.8252940349009512
28258,0,0,-1.5707124693718217
28260,0,0,-2.2172722393370936
28262,0,0,-0.7604737958747246
28265,0,0,-0.7166993664521053
28269,0,0,-3.325261134043804
28271,0,0,-0.47338338774508565
28281,1,0,-1.4425318230334536
28283,0,0,-2.6766894995792905
28284,0,0,-0.3178080323901329
28290,0,0,-1.7526129891925823
28291,0,0,-0.12496498659200639
28297,0,0,-2.535787814305234
28298,0,0,-1.2236103933338733
28300,0,0,-1.0496678703434537
28305,0,0,-0.8350487640714926
28307,0,0,-1.9156219511541375
28313,0,0,-2.004118419437799
28314,0,0,-2.4895583323824257
28315,1,0,-0.3939634245128194
28330,0,0,-1.0928604596206761
28332,1,1,1.6388781230554212
28334,0,0,-1.2751651811207134
28335,0,0,-2.013275543093928
28337,0,0,-3.4789663027689484
28341,0,0,-3.1572885933095955
28344,0,0,-2.843241065026649
28346,0,0,-0.20711634996865202
28348,0,0,-2.487537030056947
28352,0,0,-0.5150315824816186
28353,0,0,-0.3547555319942274
28367,0,0,-2.526178151843796
28372,0,0,-1.9407782532795528
28374,0,0,-2.665138766715458
28376,0,0,-1.2139767990303125
28377,0,0,-3.7202337233449523
28380,0,0,-0.7949343790687353
28381,0,0,-0.3305806830074479
28383,0,0,-1.6860008319003712
28397,0,0,-0.9392232999311088
28399,0,0,-3.062282242468462
28402,0,0,-2.581832747724704
28408,0,0,-0.40919371997594817
28414,0,0,-3.974416741361848
28423,1,1,1.1555168442741255
28446,0,0,-3.631833929965244
28450,0,0,-0.9962124695772994
28454,0,0,-2.1693677753382996
28463,0,0,-1.6948525591349899
28465,1,1,0.6724498628137467
28475,0,0,-2.4240372308334655
28484,0,0,-2.3719766727127825
28491,0,0,-2.186052433695944
28509,0,0,-0.8480870498051479
28511,1,0,-0.4409114063836769
28517,0,0,-2.1907369016022127
28518,0,0,-1.8281537694604177
28521,0,0,-1.9537602367585911
28534,0,0,-2.0079582324934626
28547,0,0,-3.3903053672147703
28548,0,0,-1.1262271536227764
28550,0,0,-1.0582057503931068
28551,1,1,0.6951925184654877
28568,0,0,-0.7734618627112586
28572,0,0,-1.3281813137855147
28573,0,0,-1.2546064019654382
28576,0,0,-1.77886638592895
28583,0,0,-2.192630402111017
28606,1,1,1.3004048881167078
28607,0,0,-2.0973722558787617
28609,0,0,-1.5020400331333248
28614,1,0,-0.35356926446540105
28619,0,0,-2.0048641425805322
28623,0,0,-2.0115555992466234
28636,0,0,-1.826342832260405
28643,0,0,-2.7896998504257864
28644,0,0,-0.7557699208755054
28647,0,0,-1.8153249675037457
28655,0,0,-1.2809348781822305
28658,0,0,-1.0052381653296651
28661,0,0,-1.843457459954468
28667,1,0,-0.5805783616307706
28675,0,0,-3.57997296767725
28677,0,0,-2.6596203977695128
28680,0,0,-2.848226824621565
28703,0,0,-2.103558273800008
28705,1,0,-0.12708010370670997
28706,1,0,-0.67769715672586
28711,0,0,-1.5140575938648086
28720,0,0,-1.5291204057607177
28726,1,1,0.32476060605632373
28739,0,0,-2.9243038049413963
28743,0,0,-2.3859344360549537
28744,0,0,-0.8804566936706664
28747,0,0,-2.622532536020903
28750,0,0,-2.608766466701794
28755,0,0,-2.43430872264703
28758,0,0,-1.7395037136989897
28759,0,0,-0.854098799642508
28761,0,0,-0.9421393596106409
28770,0,0,-1.6410597624371497
28772,0,0,-2.4714849952588045
28773,0,0,-2.864456822055679
28778,0,0,-0.4766200323620273
28779,0,0,-1.3157322453276596
28785,0,0,-0.7311734811273947
28795,0,0,-0.5562149346942806
28798,1,1,0.9736935792224346
28799,0,0,-0.6705338177317985
28800,0,0,-4.003152140624423
28805,0,0,-0.6304102058034045
28809,0,0,-1.6399693710156766
28810,1,0,-0.30191618861800174
28813,0,0,-3.3861584414433246
28818,0,0,-1.3129318051430787
28822,0,0,-3.2618009263611887
28835,0,0,-0.7859350705469935
28836,0,0,-0.08168339720859774
28838,0,0,-1.126777494148962
28839,0,0,-0.8200943735701903
28840,0,0,-2.0569819534520404
28856,0,0,-1.2844368887052673
28862,0,0,-0.6587728651737979
28863,0,0,-2.0735233940342566
28864,0,0,-2.515445461016176
28865,0,0,-1.4011732273772588
28870,0,0,-1.2177226211121797
28875,0,0,-0.0912341684640754
28877,0,0,-3.28304597047845
28878,0,0,-1.1300923626004145
28886,0,0,-1.113653918928935
28889,0,0,-1.3940028418833479
28895,0,0,-2.232165389297161
28901,0,0,-2.5464967761885324
28927,0,0,-1.3993431600167692
28940,0,0,-0.716598271050314
28946,0,0,-3.038529246840569
28952,0,0,-1.1402924603752984
28966,0,0,-3.0565517085638545
28975,1,1,0.8323751939753581
28976,1,1,1.9394574443767423
28984,0,0,-1.768985142511029
28989,0,0,-1.3966240673110297
28994,0,0,-0.3007536872285096
29009,0,0,-0.9882690264924089
29010,0,0,-1.108471170218392
29013,0,0,-1.7073109628970644
29015,0,0,-0.7238097332935176
29020,0,0,-1.0689029086074537
29021,0,0,-0.7863161033968076
29031,0,0,-1.937506091730665
29036,0,0,-1.9041632290915307
29039,0,0,-1.5463678595013495
29048,0,0,-1.0139624777129868
29050,0,0,-0.7965649146181424
29051,0,0,-2.4889332923555774
29057,0,0,-1.0431641366635693
29063,0,0,-0.6789994093862196
29069,0,0,-0.11619586214559319
29070,0,0,-3.018444304353312
29081,0,0,-1.4405192569226652
29085,0,0,-2.053681447924977
29086,0,0,-1.7748447430342509
29102,0,0,-1.3958544371955606
29119,0,0,-0.6477184677199563
29125,0,0,-1.4700255146876657
29130,0,0,-1.1915251424139006
29142,0,0,-1.149560687346982
29157,0,0,-1.8240865184062938
29158,0,0,-1.7891383334962623
29173,0,1,0.24069676483238345
29177,0,0,-1.2481679353455288
29180,0,0,-0.8116081731531919
29181,1,0,-0.6404435798694552
29184,0,0,-1.714925752678664
29188,0,0,-1.5196563127734675
29191,0,0,-1.906504946204293
29203,0,0,-3.3387483622143774
29207,0,0,-2.932878011147129
29210,0,0,-2.0317296525057373
29220,0,0,-2.653353396936418
29222,0,0,-1.8240058939391817
29227,0,0,-2.067775820953897
29232,0,0,-3.229630243502772
29246,0,0,-1.1819527294566452
29251,0,0,-0.9768848499132481
29270,0,0,-3.2299212294478394
29272,0,0,-2.363644147830608
29279,0,0,-1.1376922012427269
29282,0,0,-0.5835301973103345
29285,0,0,-0.9067603802963335
29290,0,0,-3.121895570423338
29293,0,0,-2.3172019191553943
29298,0,0,-3.4990906897449943
29299,0,0,-2.4669214832224053
29300,0,0,-0.38604880742639647
29301,0,0,-0.8364368463978398
29308,0,0,-0.8967706222333305
29311,0,0,-1.1265289282877764
29317,0,0,-1.5289918150546067
29321,0,0,-1.0221049158174305
29324,0,0,-2.650928461566767
29326,0,0,-1.2807200045892442
29332,0,0,-1.6332425674654054
29333,0,0,-1.648469625147828
29338,0,0,-3.694406135074958
29340,0,0,-0.5610674174618666
29343,0,0,-2.14769347179109
29346,0,0,-1.9146600793016493
29367,1,1,1.8337455918403693
29372,0,0,-1.9148453546092474
29374,0,0,-0.6888806172657702
29376,0,0,-1.3931911303971038
29377,0,0,-3.2081776925798797
29382,0,0,-1.7826995812683784
29386,0,0,-0.7672545444411298
29393,0,0,-3.0928424057447383
29397,0,0,-2.258681399097826
29408,0,0,-2.955304930425049
29412,0,0,-2.6147335730277144
29415,0,0,-1.7305933850729738
29423,0,0,-1.2045532068150575
29426,0,0,-2.726868034019982
29431,1,1,1.4566914326472988
29432,0,0,-0.8709635856377839
29433,0,0,-1.333277948325655
29434,0,0,-2.5623621017732887
29445,0,0,-1.701932270811977
29447,0,0,-0.776274832723173
29450,0,0,-3.1862236254168135
29454,0,0,-1.0267441543105766
29455,1,0,-0.022942926746405967
29461,0,0,-1.022190548807037
29465,0,0,-1.799203206554801
29466,0,0,-2.5156598081601684
29472,0,0,-0.9151545968250812
29477,0,0,-1.7606670700932845
29483,0,0,-3.1785933482812814
29486,0,0,-1.5758387591295535
29489,0,0,-2.2763643551713297
29490,0,0,-0.7170070476676595
29491,0,0,-3.9691187100008074
29497,0,0,-1.5458084036224968
29499,1,0,-0.8831518114802297
29503,0,0,-0.5279279675504394
29509,0,0,-2.861832193108043
29513,1,0,-0.4691449504483947
29520,0,0,-1.116974307324062
29521,0,0,-2.1077350416660603
29538,0,0,-0.3773661943217169
29539,0,0,-1.8781142957076729
29542,0,0,-1.5846097081830601
29545,0,0,-1.4967709262061368
29554,0,0,-2.3075215833149154
29557,0,0,-0.10966865324788744
29568,0,0,-2.934990431594888
29571,0,0,-1.4304743182072701
29576,0,0,-0.8037974335844075
29579,0,0,-1.84236192138761
29582,0,0,-2.5107048672203254
29586,0,1,0.0020576636410225557
29587,0,0,-0.5836570341462437
29589,0,0,-0.6631946692904083
29592,0,0,-0.5081715433540153
29601,1,1,0.3144934374731778
29607,0,0,-0.7114681245213367
29608,0,0,-1.0744493624759253
29609,0,0,-2.079608054650907
29618,0,0,-0.07958588771343877
29625,0,0,-2.25745223572204
29650,0,0,-2.780151474607977
29651,0,0,-1.1244079672084164
29657,0,0,-1.3884737668411893
29659,0,0,-3.79895733824853
29665,0,0,-1.0494761706763016
29668,0,0,-0.517935658219528
29680,0,0,-1.16847700027009
29682,0,0,-2.167758997917261
29684,0,0,-1.2643434287126425
29685,0,0,-1.7666133168223161
29687,1,1,0.824623204378935
29688,0,0,-1.7502704825639803
29694,0,0,-2.4224034792946885
29701,0,0,-1.5403361382877976
29704,0,0,-1.066893520167885
29706,0,0,-2.1392058966018785
29711,0,0,-2.4948935255788416
29712,0,0,-2.1597736566415735
29737,0,0,-1.3776269355270596
29745,1,0,-0.9886498014553071
29746,0,0,-2.9758606549338458
29755,0,0,-0.8294198434607415
29763,0,0,-0.6538452012095257
29765,0,0,-4.251256683195447
29766,0,0,-1.858990283486271
29772,0,0,-2.847824736478195
29780,1,1,0.2738381537947143
29782,0,0,-1.6567084791027604
29797,0,0,-2.7959481342304384
29801,0,0,-4.217295483912369
29802,0,0,-0.8688213129660323
29812,0,0,-1.0979287184620727
29818,0,0,-1.0905706723508428
29823,0,0,-2.529678583558977
29824,0,0,-1.0834260784600658
29825,0,0,-2.870394026360958
29832,0,0,-3.4810684097236573
29833,0,0,-0.6221201661360375
29841,0,0,-2.366991075628345
29843,0,0,-1.501012949820692
29846,0,0,-2.3251673174930936
29849,1,0,-0.8180409192457473
29855,1,1,2.023864400823471
29857,0,0,-0.7811243086941725
29871,0,0,-0.775394180433326
29872,0,0,-1.3134230730386451
29873,1,1,0.17563849394147657
29880,0,0,-1.8307051128491838
29885,0,0,-2.690084805540131
29889,0,0,-2.9259598336880206
29892,0,0,-1.9443550825420688
29894,0,0,-0.9717557831156308
29895,0,0,-1.2671030675465187
29902,0,0,-1.1139967165302576
29903,1,1,1.270616621222816
29904,0,0,-1.3162281817848651
29905,0,0,-0.7632324061528952
29908,0,0,-0.3910650207126749
29920,1,1,1.0760441131565524
29925,0,0,-1.4940435551780042
29928,0,0,-2.4706286376084527
29933,0,0,-2.090048455672746
29943,0,0,-2.172413568704089
29944,0,0,-1.3251826249826535
29948,0,0,-1.4371183754704904
29952,0,0,-3.428072935071582
29970,0,0,-1.9900559183913933
29972,0,0,-0.9658678962348165
29973,0,0,-2.6055584031488914
29976,0,0,-0.8793559292658698
29983,0,0,-2.6054487640487953
29984,0,0,-1.6522860599511238
29988,0,0,-1.1280973840990494
29995,0,0,-1.265775535575497
30016,0,0,-2.1380782581252276
30018,0,0,-1.7428524627066673
30023,0,0,-1.6552029673260837
30033,0,0,-1.5341085053820605
30034,0,0,-1.338156852275051
30035,0,0,-0.9258476163635587
30036,0,0,-3.0423039347569114
30037,0,0,-1.6961482813819992
30041,0,0,-0.9494099038720376
30043,0,0,-3.288843960254285
30045,0,0,-1.794295133973683
30050,0,0,-2.9834259237260765
30071,0,0,-0.39420680055488433
30073,0,0,-2.4944169761116015
30074,0,0,-1.7274951263397036
30081,0,0,-2.8722537897310456
30083,0,0,-3.1138420232568382
30086,0,0,-2.5026134707539844
30093,1,0,-0.14212990070560316
30097,0,0,-1.7839747857129444
30100,0,0,-0.9723309024678326
30106,0,0,-2.195320790246035
30108,0,0,-2.6270414983652985
30109,0,0,-0.919628014067752
30118,0,0,-2.757515637195572
30119,0,1,0.010361560880902232
30133,1,0,-0.3354711542466984
30137,0,0,-1.511626028211716
30138,0,0,-1.2791915457753757
30146,1,1,0.7652267711616456
30147,1,0,-0.6209146547481943
30151,0,0,-0.5567004997010845
30164,0,0,-1.415401722439874
30175,0,0,-2.980282743717736
30183,0,0,-2.1704665506130536
30201,0,0,-2.48916885266754
30203,0,0,-2.9063672148671325
30204,1,0,-0.2517440812647759
30213,0,0,-3.0310532551628553
30215,0,0,-1.6946311662126181
30218,0,0,-2.4771325469026926
30220,0,0,-0.8760797726676132
30224,0,0,-0.920850515626663
30225,0,0,-1.991867833489321
30230,0,0,-0.8872201091319993
30231,0,0,-1.307560214192105
30232,0,0,-0.9716045156943429
30233,0,0,-1.7667551936182098
30237,0,0,-0.33791881007841706
30239,0,0,-0.8982886110670087
30240,0,0,-1.2789637738660107
30243,0,0,-1.615338928686559
30253,0,0,-2.353451927285624
30256,0,0,-3.0202793475214147
30263,0,0,-1.2420566990814275
30268,0,0,-2.6148461190321557
30278,0,0,-1.5553189977884072
30284,0,0,-0.8878650024126051
30285,0,0,-2.743590032279115
30286,0,0,-2.5504742955381428
30288,0,0,-1.150984630364726
30290,0,0,-0.6046975993971931
30293,1,0,-0.9356179615733645
30295,0,0,-1.199582179634445
30297,0,0,-0.11930606033217583
30301,0,0,-1.689941211108317
30302,0,0,-0.8418881306306325
30306,0,0,-1.8166102335239105
30307,0,0,-2.8888167065991546
30310,0,0,-0.17904008682247663
30311,0,0,-1.4016841066016097
30315,0,0,-2.376633039601312
30319,0,0,-2.123449594409271
30323,0,0,-2.998466160287796
30328,1,1,0.49989098486427785
30330,0,0,-1.5927492424601626
30332,0,0,-1.839422256035841
30333,0,0,-2.342773654532414
30335,0,0,-3.5611383926295126
30338,0,0,-1.7187711916934219
30339,0,0,-0.9374592292042673
30344,0,0,-2.9441021082463923
30345,0,0,-3.6083216966442
30347,0,0,-1.0314665731166408
30355,0,0,-2.636638773223006
30358,0,0,-4.00459465482531
30360,0,0,-2.871524302180908
30363,0,0,-2.51174611585151
30364,0,0,-1.2275062760868942
30374,0,0,-1.9748256147945629
30379,0,0,-0.558040012497116
30385,1,1,1.2228677579773104
30386,0,0,-2.3116387520246082
30394,0,0,-0.6204620709629178
30397,0,0,-2.646286290326763
30399,0,0,-0.6553629529218481
30403,0,0,-1.647220064070875
30411,0,0,-1.4452523899737564
30412,0,0,-1.594409909875736
30417,0,0,-0.8483841154764712
30419,0,0,-2.27568461229679
30421,1,0,-0.08264445430471556
30426,0,1,0.168303337768398
30428,0,0,-0.5569626722854559
30429,0,0,-1.3520231504251894
30430,0,0,-0.9589897036126255
30432,0,1,0.04126849232959584
30441,0,0,-2.8348739381921426
30444,0,0,-2.9282507173515357
30451,0,0,-2.318469850973849
30457,0,0,-1.666508435720893
30459,0,0,-1.3745341354875744
30461,0,0,-2.752593373097675
30462,0,0,-2.4401696193229654
30469,0,0,-0.9764041083474914
30473,0,0,-2.534937965275568
30474,0,0,-0.9730320545407379
30475,0,0,-0.4774649334858071
30479,0,0,-1.7826594813686287
30480,0,0,-1.741680905885506
30493,0,0,-3.4447821838295987
30494,0,0,-1.8314584705187085
30495,0,0,-2.469082494751981
30503,0,0,-2.42350131199706
30504,0,1,0.2536623660539792
30511,0,0,-2.544815805697583
30515,0,0,-2.357845963317148
30519,0,0,-2.68137006981674
30524,0,0,-1.823913190362326
30528,0,0,-1.9242358690123107
30535,0,0,-0.9576716918726034
30537,1,1,0.45051320991824517
30538,0,0,-1.7172912507532765
30544,0,0,-1.55978422032924
30545,0,0,-1.4547258372374545
30549,0,0,-0.7356548984372262
30554,0,0,-1.7745145797531459
30558,0,0,-1.8335472945115079
30573,0,0,-1.0235839140053484
30575,0,0,-1.3761398233509017
30582,0,0,-1.2968581620199178
30583,0,0,-0.8826555487785579
30585,0,0,-1.6547298523601819
30589,0,0,-1.7216860893625534
30608,0,0,-1.1532670064124078
30624,0,0,-1.4722208072303542
30625,0,0,-1.6632959636993059
30627,0,0,-2.541933530023254
30632,0,0,-3.0537898928437954
30634,0,0,-2.2467581489414385
30640,1,1,0.6509735565855566
30643,0,0,-3.129626426801507
30649,0,0,-0.8663875401777891
30651,0,0,-1.953657256726749
30653,0,0,-2.7407057285691803
30660,0,0,-1.4428156935845649
30663,0,0,-2.5469690646503373
30664,0,0,-2.5959103944203137
30670,0,0,-1.7988769658518267
30672,0,0,-2.430278329041222
30674,0,0,-2.143329413469191
30678,0,0,-2.997933295179391
30679,1,1,0.5050408694242206
30687,0,0,-1.269246498957187
30691,0,0,-0.37229823430525455
30694,0,0,-1.638603128959066
30696,0,0,-3.7706659134555425
30702,0,0,-4.244673779807611
30724,1,0,-0.030644485653239406
30729,0,0,-3.172850956277925
30731,0,0,-2.2177066183356855
30735,0,0,-1.5682491302067068
30737,1,1,2.2645711064550627
30745,0,0,-2.5090063107468126
30748,0,0,-2.2696428219001623
30749,0,0,-1.1468465891433512
30759,0,0,-0.7207088206382073
30760,0,0,-1.1671597051314908
30764,0,0,-1.4089740803451207
30765,0,0,-1.4706308845544585
30766,0,0,-1.4801932214353464
30771,0,0,-2.514834396776369
30778,0,0,-1.7096409889266457
30780,1,1,1.5220347115833779
30788,0,0,-1.4327595325304143
30789,0,0,-3.388906842681803
30793,0,0,-0.6189585412618078
30801,0,0,-1.8323316311796336
30803,0,0,-0.8631026244606294
30807,0,0,-1.994684039477561
30812,0,0,-3.233493228026459
30817,0,0,-1.2257950068360257
30819,0,0,-0.9076201882224029
30821,0,0,-2.3892623449359345
30826,0,0,-1.10719061424266
30827,1,1,1.1000308771943572
30828,0,0,-3.5500500316007804
30833,0,0,-1.1380458648525238
30840,0,0,-1.9915319295853209
30846,1,1,0.7244631145289555
30848,1,1,0.9228426311248044
30852,0,0,-1.6745343790131013
30863,0,0,-0.9493826409776189
30872,0,0,-1.520307364730299
30876,0,0,-0.2922638034427753
30887,0,0,-2.6520362101519046
30888,0,0,-1.3845289802159901
30900,0,0,-3.304347676107141
30908,0,0,-2.794390550469349
30911,1,1,0.14653164461518142
30913,0,0,-1.8484372532577023
30921,0,0,-1.388966269463181
30927,0,0,-1.6517817083213475
30936,0,0,-1.0712672499183045
30941,0,0,-2.4454928871188155
30952,0,0,-1.2872611690812685
30959,0,0,-1.9123584349348572
30964,0,0,-1.720265997603065
30965,0,0,-1.575782823708209
30975,0,0,-3.4815659088918904
30980,0,0,-1.7088645244691105
30985,0,0,-3.314341534257453
30993,0,0,-2.8982633097923953
31000,0,0,-0.7963357965186977
31012,0,0,-1.0480991474951729
31015,0,0,-1.3790578057058995
31019,0,0,-1.2187126863813442
31020,0,0,-1.1579419529637782
31024,0,0,-3.2249002342589668
31028,0,0,-1.1864927597644166
31030,0,0,-2.9287409136232485
31036,0,0,-2.5662677087657917
31044,0,0,-2.5369622341676843
31046,0,0,-2.7991321240473166
31047,0,0,-1.590399878176965
31048,0,0,-1.7268056036894972
31056,0,0,-0.9234340962759139
31060,0,0,-2.170611976922477
31063,0,0,-0.44085230954230675
31068,0,0,-2.449641795834035
31071,0,0,-1.7450726969630699
31073,0,0,-2.2457900378823785
31074,0,0,-2.0832938591787236
31080,0,0,-1.947857656361623
31086,0,0,-1.2132339373105172
31107,0,0,-0.9543572894790777
31118,0,0,-1.7702499421628861
31119,0,0,-1.8190626316586032
31123,0,0,-2.15159634761404
31134,0,0,-1.0371311429953967
31137,0,0,-3.0061129934018114
31139,0,0,-1.1111907711326419
31143,0,0,-1.935966761474753
31145,0,0,-2.5319622816308094
31159,0,0,-2.1312256368084226
31161,0,0,-3.491037762042213
31167,0,0,-0.1575991194635924
31178,1,1,2.00226521378886
31179,0,0,-3.773401760517653
31188,0,0,-1.2951363647614076
31192,0,0,-1.0195888101107013
31195,0,0,-1.2069723471766314
31196,1,1,0.7693002926553303
31198,0,0,-1.7654641162859237
31203,0,0,-2.4691590308833637
31209,1,1,1.9802047145244097
31212,0,0,-1.6880948862683525
31214,0,0,-2.9389666793513225
31218,0,0,-3.228790850444102
31221,0,0,-2.064794340699481
31239,0,0,-1.0740985456515926
31247,0,0,-0.8085648434977863
31254,1,0,-0.19455270505699496
31267,0,0,-1.1911418248798382
31268,0,0,-0.21708065703554258
31274,0,0,-1.1596696172366041
31277,0,0,-3.0129515380849243
31282,0,0,-0.4522594559576347
31290,0,0,-1.556713096027241
31291,0,0,-3.879772487550805
31294,0,0,-0.9935716995147468
31295,1,1,1.2296875927872322
31305,0,0,-4.156257203932702
31315,0,0,-2.489565925030022
31316,0,0,-1.1105040237193933
31317,0,0,-2.06737445139978
31319,0,0,-1.136258618182782
31322,0,0,-1.5755894553342944
31323,0,0,-1.1715066572556372
31325,0,0,-1.565418725096083
31326,0,0,-1.1948344879135662
31327,0,0,-2.856729714156975
31333,1,0,-0.6059742809311939
31335,0,0,-2.9762309366331268
31347,0,0,-1.681180978730435
31350,0,0,-0.35174549691118073
31352,0,0,-2.244227613664716
31353,0,0,-1.8126937459343038
31360,0,0,-0.9103183666782881
31367,0,0,-1.4850426697193002
31370,0,0,-1.8976930479361644
31373,0,0,-0.9666369204594509
31376,0,0,-2.1313275071452855
31377,0,0,-2.482531227792897
31378,0,0,-1.8294437842396738
31379,0,0,-3.5500704490765527
31385,1,1,0.7468992019781608
31402,0,0,-0.6562719741745866
31408,0,0,-2.186635410261018
31414,0,0,-1.0139697488421138
31423,0,0,-1.7253356966686546
31427,0,0,-0.6300762318397074
31428,0,0,-0.742095283470587
31443,0,0,-1.9615735719418779
31444,0,0,-2.263486838624384
31452,0,0,-1.2856296413389294
31460,0,0,-0.2907063948188082
31463,0,0,-2.72030043078841
31465,0,0,-2.372336500564634
31466,0,0,-1.9469375168741638
31472,0,0,-1.0192483750124617
31476,0,0,-1.8305666634786903
31488,0,0,-2.5649561891814265
31490,0,0,-0.8626066455190619
31493,0,0,-0.8654215494124216
31495,1,1,0.7836787918916788
31502,0,0,-0.23425138121191813
31504,0,0,-1.5868041134064375
31513,0,0,-1.5592362710572139
31514,0,0,-2.763047037286575
31520,0,0,-1.4820271159764404
31526,0,0,-0.01823194180312182
31529,0,0,-0.31843533370441357
31533,0,0,-2.127921448267954
31534,0,0,-2.9479923231413316
31536,0,0,-0.21959914336423303
31544,0,0,-1.069761056768242
31545,0,0,-1.2560520965469213
31546,0,0,-3.299632836318409
31556,0,0,-0.33485840157685476
31557,0,0,-0.4834990460966223
31559,0,0,-1.2490738618829638
31561,0,0,-2.561105245865563
31564,0,0,-3.8398919004421312
31567,0,0,-1.6658404773757682
31572,0,0,-0.9060869555945128
31578,0,0,-1.8009498328146607
31580,0,0,-2.2291631716511335
31584,1,1,0.5891453026979157
31585,0,0,-1.0695416607414607
31603,0,0,-2.9433412723212236
31612,0,0,-3.4277699715637304
31620,1,0,-0.6859370257116764
31627,0,0,-1.9026519312502455
31630,0,0,-2.153663201273635
31631,0,0,-2.7514001013800273
31638,0,0,-0.9849957636306413
31645,1,0,-0.4643783755268182
31649,0,0,-1.2592410163887693
31655,0,0,-2.977327557292935
31659,0,0,-1.0304229879274152
31660,0,0,-1.4227139515964082
31663,0,0,-0.6715638055297382
31664,0,0,-0.7817529368885786
31672,0,0,-0.8279344089167061
31673,0,0,-2.7860728655336073
31678,1,1,0.8583916852107998
31685,0,0,-1.5633260638656776
31690,1,1,1.1993136381799492
31696,0,0,-1.2144637879571745
31699,0,0,-0.8286511940696663
31705,0,0,-1.3493467842700078
31709,0,0,-2.822733420058178
31710,0,0,-1.7046967630273893
31712,0,0,-1.7094350083771932
31714,0,0,-1.716353179940756
31716,0,0,-3.035649589530693
31729,0,0,-3.226026176818702
31735,0,0,-1.5051247660732416
31737,0,0,-0.7976171663823796
31738,0,0,-0.20003757280354262
31741,0,0,-2.2343748361106766
31746,0,0,-2.650068032449136
31749,0,0,-0.6994447245816118
31754,0,0,-1.6252303224276061
31755,0,0,-1.5717247766472648
31764,0,0,-1.4044562308164508
31777,0,0,-1.5897788226474998
31798,0,0,-1.2145746131111401
31802,0,0,-0.7288605950245217
31807,0,0,-1.2917548508864938
31812,0,0,-1.3217076986659215
31819,0,0,-1.5138742099106688
31823,0,0,-3.3880017251169887
31832,0,0,-0.1559263255233836
31833,0,0,-2.198547603933085
31839,0,0,-2.397630724865179
31840,1,1,1.3172930532778337
31848,0,0,-1.6466048052627222
31872,0,0,-1.868833499194819
31873,0,0,-1.2910635699000426
31874,0,0,-3.1324856116915507
31875,0,0,-1.060531461254211
31895,0,0,-2.3543146532971098
31898,0,0,-1.8010618704673431
31901,0,0,-1.071793220287375
31907,0,0,-1.720148140843223
31910,0,0,-0.9702223639552596
31913,0,0,-1.1112758533431875
31925,0,0,-1.7908091638000947
31926,0,0,-0.4935261203621438
31929,0,0,-1.6971353065967334
31943,0,0,-0.9710163587429033
31946,0,0,-1.6136601197386584
31956,0,0,-0.4651124284014885
31957,0,0,-1.6091285144257603
31960,0,0,-1.088335975720499
31964,0,0,-1.6179477237207596
31968,0,0,-0.366516213668831
31970,0,0,-2.5347653543315722
31972,0,0,-1.5069988195575719
31984,0,0,-1.4316457118281836
31985,0,0,-0.8748650826179082
31986,0,0,-0.5069655172711731
31991,0,0,-2.8715737313784375
31997,1,0,-0.6909853183190091
32005,0,0,-3.459981651748552
32012,1,0,-1.4009397147452258
32018,0,0,-2.8939468531281323
32020,0,0,-1.4602209978045075
32022,0,0,-0.9443889599339065
32024,1,1,2.142276109688951
32031,0,0,-1.5710294198583923
32032,0,0,-1.8448819922872428
32033,0,0,-0.0642372795569327
32035,0,0,-2.447439325132497
32039,0,0,-0.5436342836554104
32049,0,0,-3.357011881016592
32060,0,0,-2.1412350844802486
32061,0,0,-2.6400473500775066
32064,0,0,-1.4851475118412565
32065,0,0,-2.136551061567693
32073,0,0,-1.9471850440453549
32075,0,0,-2.8977111202975676
32087,0,0,-1.5800140788833743
32088,0,0,-2.1000841725289865
32089,1,0,-0.5735897019084026
32096,0,0,-2.244803487530633
32103,0,0,-1.7891371571574175
32115,0,0,-1.1033316567357583
32118,0,0,-0.9590785922851538
32124,0,0,-1.0050395342388216
32125,0,0,-3.775489871161093
32127,0,0,-1.2523045439939868
32133,0,0,-0.7846760772784662
32134,0,0,-3.1995976350787263
32138,0,0,-3.429760467833174
32142,0,0,-1.4894962670898981
32143,0,0,-1.6438809683133955
32144,0,0,-1.753451844730304
32150,0,0,-1.7515991618531113
32162,0,0,-0.9832128486578396
32170,0,0,-2.256121699666453
32172,0,0,-1.7511315922847468
32173,0,0,-0.6566037337003678
32176,0,0,-1.300533173519737
32177,0,0,-1.8236202082168247
32180,0,0,-2.1965988775345897
32190,0,0,-1.2696433311460629
32198,0,0,-1.8370283776984717
32226,0,0,-1.1903100872086827
32232,0,0,-1.3904245214012023
32233,0,0,-1.992512881148017
32244,0,0,-2.2622420237001424
32248,1,1,0.5577152215936219
32254,0,0,-1.5453182495832323
32255,1,0,-0.22382382264190137
32263,0,0,-1.3172768015279481
32265,0,0,-1.6363363539717404
32281,0,0,-3.4804917173513017
32283,0,0,-0.9729591524737813
32292,0,0,-2.6994894275851116
32293,0,0,-1.9938895469311524
32309,0,0,-2.6674556461920473
32310,0,0,-4.091654012887651
32318,0,0,-0.15662351615258718
32323,0,0,-1.7654710868579093
32325,0,0,-2.299077852902129
32327,0,0,-2.608736074601472
32336,0,0,-1.9644904084697055
32340,1,1,0.8414787744265033
32341,0,0,-2.5456324752939956
32352,0,0,-3.0669703118422893
32354,0,0,-2.5002610728336023
32355,0,0,-2.0109785252404917
32360,0,0,-0.7270871538307112
32382,0,0,-0.8918217970622955
32387,0,0,-3.4008646078229
32390,1,1,0.6382369535632777
32398,0,0,-2.5415264244088625
32408,0,0,-0.5866363450001254
32413,0,0,-1.3856641657432092
32414,0,0,-2.0603539194797618
32418,1,0,-0.5726404727897536
32433,0,0,-2.4902475669497353
32435,0,0,-2.1644122092834497
32440,0,0,-2.166530158896026
32441,0,0,-3.3095956841801355
32456,0,0,-1.2620897772526747
32459,0,0,-3.6729691625928425
32467,0,0,-1.4052168269122711
32469,0,0,-0.7529662705931085
32470,0,0,-1.9626556496682048
32473,0,0,-1.387879390302651
32483,0,0,-1.4820814969941218
32484,0,0,-1.7030722542400334
32485,0,0,-1.4009496195069109
32508,0,0,-1.3133320285815389
32515,1,0,-0.3943972378254281
32519,0,0,-3.3299042535571237
32525,0,0,-3.2486797275434434
32534,0,0,-3.1581302660234547
32535,0,0,-1.4231239583939186
32541,0,0,-0.9872893893732488
32549,0,0,-3.249203786886442
32550,1,0,-0.71967290817749
32557,0,0,-1.678723874566349
32567,0,0,-0.6775532167862925
32569,0,0,-1.5591482696659908
32573,0,0,-1.2520682295983938
32582,0,0,-3.227594051326534
32586,0,0,-1.9758924920146366
32587,0,0,-2.7434278750512227
32589,0,0,-2.023005255756542
32597,0,0,-2.755449573578797
32601,0,0,-1.8600131227277648
32608,0,0,-2.372482291389759
32609,0,0,-2.15621466277893
32613,0,0,-2.6907842287049952
32620,0,0,-0.716047821355059
32622,0,0,-1.5062600441818128
32626,0,0,-1.131216717259309
32631,0,0,-1.4952401127687787
32641,0,0,-1.3975134037290333
32660,0,0,-1.4645822093043859
32667,0,0,-3.588988382943233
32669,0,0,-2.7850618198215447
32670,0,0,-1.2078598512090202
32671,0,1,0.16315989872593417
32673,0,0,-1.9470802091578996
32674,0,0,-2.1361030482593057
32675,0,0,-1.6209507471656557
32678,0,0,-1.9505122419931686
32680,0,0,-3.3827382765064735
32693,0,0,-0.8881929061990373
32701,0,0,-1.0688795598116223
32704,0,0,-0.9908563794717719
32705,0,0,-0.31843435339081805
32711,0,0,-1.0728881037420783
32719,0,0,-1.677225664043645
32727,0,0,-2.6168548048021525
32728,0,0,-0.8900925354224609
32729,0,0,-1.6690212922666041
32731,0,0,-1.870112764249639
32734,0,0,-2.127411563361644
32736,0,0,-1.2429692407047035
32737,0,0,-2.4842859631961787
32742,0,0,-2.6559288952738624
32746,1,1,1.4855753195004315
32757,1,1,1.416018701536624
32761,1,0,-0.477497524017084
32766,0,0,-1.9727709169593914
32770,1,0,-0.30722228429310194
32788,0,0,-1.2753921938527248
32790,0,0,-2.1942286643583886
32795,0,0,-1.6872606385302489
32796,1,0,-1.2079169154272522
32798,0,0,-1.4614914750302885
32800,0,0,-1.4754729560970128
32802,0,0,-0.7535385581449916
32803,0,0,-1.0786026926536614
32810,1,0,-0.8022999047654763
32811,0,0,-2.2555643910230456
32819,1,0,-0.06832767649408733
32825,0,0,-1.0017659455686805
32833,0,0,-1.9134499761953423
32835,0,0,-0.43967431941470253
32838,0,0,-0.017072705833485413
32842,0,0,-1.6629970201077984
32845,0,0,-1.4460654254788599
32855,0,0,-1.908268721135718
32866,0,0,-3.1209092935971823
32871,0,0,-1.189319270626687
32878,0,0,-1.2755165104433803
32881,0,0,-2.680224072740962
32888,0,0,-2.2436504308220098
32894,0,0,-1.3848389671698271
32914,0,0,-2.1440933895529737
32916,1,0,-0.15278907633788863
32924,0,0,-2.9532423475857703
32934,0,0,-2.813019493239495
32937,0,0,-1.5966128623347102
32939,0,0,-1.605383389865174
32964,0,0,-3.078505835418138
32966,0,0,-1.6180522813519083
32968,1,0,-0.9237766289363216
32976,0,0,-0.9956453000906036
32994,0,0,-1.2179075395340684
32995,0,0,-1.2375837540659709
33001,0,0,-0.8440419587512159
33011,0,0,-2.3830797581158762
33012,0,0,-1.2047077416235643
33014,0,0,-2.102967946323984
33024,0,0,-2.229701988515003
33029,0,0,-0.9869239752833175
33031,1,1,0.24069417384298197
33034,0,0,-0.7699275142858952
33038,0,0,-1.6646758248007536
33043,0,0,-2.2061204021401872
33050,0,0,-2.930921991804304
33056,0,0,-3.2566809059812885
33058,0,0,-1.9433608974371845
33061,1,1,0.15319721561684063
33063,0,0,-2.442513837719399
33064,0,0,-3.0377053192936456
33066,0,0,-2.274875027517594
33071,0,0,-1.9251976950826128
33074,0,0,-2.324808021323136
33086,0,0,-2.955433112071111
33091,0,0,-0.6586010386931522
33102,1,0,-0.5094104652243933
33107,0,0,-1.267032238493059
33109,1,0,-0.19031135396303178
33110,0,0,-1.5585124536502568
33112,0,0,-1.6379181050088323
33114,0,0,-0.5038996452250877
33120,0,0,-1.414674272217815
33121,0,0,-1.3875405240983525
33124,0,0,-3.666227730700119
33125,0,0,-1.4351525838010843
33135,0,0,-1.2745670718345574
33136,0,0,-1.9777844670272795
33141,0,0,-2.8864471599545007
33155,0,0,-4.329399367293245
33157,0,0,-2.0178500125508254
33159,0,0,-0.5532424248174375
33167,0,0,-2.7166230557515836
33172,0,0,-1.689054948454348
33176,0,0,-1.4171219965944197
33179,0,0,-1.7711857919285514
33180,0,0,-1.5685661569377236
33181,0,0,-0.26742764711783185
33186,1,1,0.33348377279745933
33195,0,0,-1.4589196459312612
33201,0,0,-1.445286407737388
33227,0,0,-1.8867030810930678
33228,0,0,-2.243049488480204
33230,0,0,-2.0123947040587886
33237,0,0,-2.254269616820414
33246,0,0,-1.2908659809624545
33249,0,1,0.09145823373805306
33253,0,0,-1.819943454815461
33259,0,0,-0.7470341453650619
33273,0,0,-0.21310619122064778
33282,0,0,-1.207454398573478
33286,1,0,-0.32762628653652925
33306,1,0,-0.5920776165757196
33310,1,0,-0.565308162838189
33317,0,0,-1.5292573156833464
33329,0,0,-2.1387375779921554
33331,0,0,-3.7894585088180417
33340,0,0,-2.0247296196009623
33342,0,0,-1.9714364003483775
33346,0,0,-1.3545014651244158
33347,0,0,-0.8870734498809455
33349,0,0,-1.4753567899427966
33354,0,0,-1.4116257353091852
33360,0,0,-0.6751388149393522
33361,0,0,-0.8467802460126704
33364,0,0,-1.6057806516808317
33371,0,0,-1.6615750950457342
33373,0,0,-0.7255700902381161
33377,0,0,-2.0877784221830824
33378,0,0,-1.4171281992190616
33379,0,0,-3.0912841406882556
33401,0,0,-0.5869783213405529
33404,0,0,-0.7524014094198355
33405,0,0,-2.272269065096345
33407,0,0,-2.131860801806615
33409,0,0,-0.8725705770241183
33412,0,0,-2.8516567144783815
33418,0,0,-0.5268391767565415
33423,0,0,-3.0668447193359114
33427,0,0,-2.3614010701357975
33429,0,0,-1.4338213234041008
33430,0,0,-1.1258078453886315
33432,0,0,-1.0929204634454837
33443,0,0,-2.674211359185163
33452,0,0,-0.8440090307252455
33453,0,0,-2.061334940886728
33462,1,1,0.6233680640820014
33469,0,0,-1.9291925069145064
33472,0,0,-1.8107537019080115
33483,1,1,0.6412853229023086
33484,0,0,-1.8523360266484927
33487,0,0,-2.986037289100345
33491,0,0,-0.862928252552388
33499,0,0,-2.9337843814217415
33501,0,0,-1.612785363771604
33505,0,0,-1.4264442253747815
33514,0,0,-3.316131638994947
33520,0,0,-1.5367215085473003
33521,0,0,-0.8497072468693783
33522,0,0,-3.2391238894600285
33525,0,0,-2.965719553394834
33527,0,0,-2.853132645106384
33532,0,0,-2.001413633043315
33537,0,0,-3.164147410276027
33546,0,0,-1.0510196954970654
33550,0,0,-2.4532918194825863
33551,0,0,-1.8932306145569402
33560,0,0,-1.0927885363743677
33578,0,0,-1.2947949965616805
33581,0,0,-2.461841100431176
33594,0,0,-0.7726936295802969
33597,1,1,0.19095351360738944
33602,0,0,-2.3001502180235156
33616,0,0,-0.3604094148176554
33638,0,0,-1.8899673821075786
33648,0,0,-0.7214511730265083
33649,0,0,-2.311133729376812
33655,0,0,-0.7884792681794951
33675,1,0,-0.07232392891435246
33682,0,0,-2.2496849111677575
33685,0,0,-1.5128147425618845
33686,0,0,-1.938519134566494
33688,0,0,-0.3964204840118575
33699,0,0,-2.3048241228571094
33701,0,0,-1.137377574188263
33703,0,0,-1.8415181475524653
33706,0,0,-2.8328462653476922
33709,0,0,-1.9552384252570503
33712,0,0,-0.4259139739201747
33718,0,0,-3.3709705734329507
33719,0,0,-1.3466382039996883
33720,0,0,-1.8672836232093242
33731,0,0,-1.5071993146089104
33741,0,0,-1.341659501897623
33749,0,0,-2.23992636202015
33772,0,0,-0.3198335416636091
33776,0,0,-0.9019347544009728
33777,0,0,-2.0294141792431324
33782,0,0,-1.9354553479239487
33784,0,0,-1.9156415208176727
33789,0,0,-2.110161965850386
33790,0,0,-1.9153766944644237
33791,0,0,-3.8349649804417316
33794,0,0,-0.8464246142086687
33812,0,0,-2.0531590410139002
33822,0,0,-0.9971958146501394
33826,0,0,-0.6409766642794736
33834,0,0,-1.320571516641801
33839,0,0,-0.7523062373103414
33843,0,0,-1.9150006571946947
33848,0,0,-2.1144807045987797
33853,0,0,-1.182650386926877
33857,0,0,-0.6959407036131531
33872,0,0,-1.6450057452323024
33877,0,0,-0.9839896622484208
33888,0,0,-1.3347124832504575
33889,0,0,-1.4932557338971506
33902,0,0,-1.9584917287608792
33916,0,0,-1.1524374391303123
33925,1,1,0.6855953182367382
33926,0,0,-1.0563702463926221
33929,0,0,-1.152399888554171
33931,0,0,-2.2772734652219393
33933,0,0,-0.9458268868402324
33939,0,0,-2.2832017580453456
33940,0,0,-1.1583248021758954
33946,0,0,-0.22152098761390437
33954,0,0,-0.751363832895513
33974,0,0,-1.4649160432411819
33983,0,0,-1.077642939434866
33987,0,0,-2.1060201721010023
33991,1,1,1.2977448489587442
33993,0,0,-0.5208715706498079
33997,0,0,-2.280900061051933
33998,0,0,-1.0286775901777776
34010,0,0,-0.9751059452968323
34020,0,0,-1.2653530998449125
34021,0,0,-0.781729447460922
34023,0,0,-1.7577732137856876
34025,0,0,-0.9372394310196464
34029,1,1,0.18111675857155007
34030,0,0,-3.236010024569971
34034,0,0,-1.4602338770600691
34042,0,0,-2.1757802494936005
34067,1,0,-0.9066125238834242
34071,0,0,-1.868512659902722
34072,0,0,-3.1736948035712977
34073,0,0,-0.5352783857437603
34078,0,0,-1.5258690392668535
34079,0,0,-2.134779158697297
34084,0,0,-2.916947857314824
34088,0,0,-0.5798323856314943
34093,0,0,-1.6530164911847116
34097,0,0,-2.17595921532116
34118,0,0,-1.7425242846550402
34120,0,0,-1.2606120169225088
34121,0,0,-2.580474919278128
34125,0,0,-2.688489616284821
34127,0,0,-1.6921456238406525
34134,0,0,-1.3656817588926533
34145,0,0,-1.2058091155423862
34147,0,0,-2.2502595111627715
34152,0,0,-2.0294762858022053
34166,0,0,-2.265618007147612
34170,0,0,-3.019269758994569
34171,0,0,-1.2773486004142047
34172,0,0,-1.1160752572246753
34181,0,0,-1.1621108652478582
34183,1,0,-0.4132702390189817
34194,0,0,-2.056706991265095
34199,0,0,-0.3432092337451359
34200,1,1,1.0522600515618528
34204,0,0,-1.5605249934791423
34216,0,0,-1.1558412573988388
34217,0,0,-1.2518555873178583
34225,0,0,-1.630094200557558
34231,0,0,-2.7554754492076894
34236,0,0,-0.7932909856051178
34241,0,0,-1.892593516063687
34252,0,0,-2.258639427367828
34259,0,0,-2.333048158853784
34264,0,0,-2.673638340206896
34270,0,0,-2.7085021348135543
34271,0,0,-1.6660130955695371
34276,0,0,-2.0932220163299142
34279,0,0,-3.3985485297269022
34283,0,0,-0.2790595394203573
34290,0,0,-1.5697871255172715
34292,0,0,-1.7588442270505484
34294,0,0,-3.751158047651
34305,0,0,-3.298156741521545
34306,0,0,-0.4438955860387897
34316,0,0,-2.7777120534900774
34335,0,0,-1.7359053442367331
34338,0,0,-2.060134223444165
34340,0,0,-1.1202858734895171
34341,0,0,-1.4878220403689335
34351,0,0,-2.3059770154838257
34352,0,0,-3.9218958914295134
34361,0,0,-1.4835833909048006
34364,0,0,-1.4493105121677043
34365,0,0,-1.5724905591609006
34369,0,0,-1.9887692795271183
34378,0,0,-1.170292542820623
34382,0,0,-2.2455111112690904
34408,0,0,-1.075213762227902
34411,0,0,-3.1058428843721533
34416,0,0,-1.8310496874619495
34422,0,0,-2.4670999178013977
34425,0,0,-1.2586258531425085
34429,1,0,-0.03484921433116883
34432,0,0,-0.8838852571965963
34433,0,0,-1.4962567524369268
34435,0,0,-2.3552239298840005
34436,0,0,-2.666683867985948
34438,0,0,-3.318645090690949
34439,0,0,-0.07403006955441926
34445,0,0,-3.8939431308528256
34446,1,0,-0.8706311873365483
34454,0,0,-2.2807655873458477
34456,0,0,-0.3786630563208818
34460,0,0,-1.301780511638025
34478,1,0,-1.586916213916355
34485,0,0,-2.2685786454979384
34488,0,0,-2.0152977419498983
34491,0,0,-0.9856525155431013
34493,0,0,-3.7846380722749675
34494,0,0,-0.8364476482891589
34496,0,0,-1.7496445269584147
34497,0,0,-2.3914372801290344
34500,0,0,-1.3239661966465173
34504,0,0,-2.557241039727505
34511,0,0,-1.7978238559673003
34515,0,0,-1.8480198534609016
34522,0,0,-0.8649734257136148
34525,0,0,-0.9139716378190256
34531,0,0,-1.2636984238200255
34533,0,0,-1.2191783258530482
34540,0,0,-2.7436990822740537
34543,1,1,0.3619600520428239
34545,0,0,-1.6431167723528717
34548,1,0,-0.16578626873376023
34577,0,0,-2.8190119297947716
34581,0,0,-0.5672720993811253
34591,0,0,-0.6984597729837635
34600,0,0,-1.0271520455308185
34610,0,0,-0.9538191707741953
34612,0,0,-0.11495706986449805
34620,0,0,-3.3310279763519652
34625,0,0,-1.6602050484272408
34632,0,0,-2.3751330782451303
34638,0,0,-0.9483671617904839
34641,0,0,-1.5906038059822318
34643,0,0,-2.353895134165122
34656,0,0,-1.257359156516537
34657,0,0,-0.5573808944178706
34660,1,1,0.9576701870551183
34662,0,0,-3.9035836377915167
34670,0,0,-2.4499719575671564
34676,0,0,-1.0130837706290996
34679,0,0,-2.0028579054393143
34685,0,0,-1.6794535024712045
34691,0,0,-0.07257523883722983
34702,0,0,-1.5875069296031663
34707,0,0,-1.5050109473777216
34710,0,0,-1.3315530731804488
34719,0,0,-1.9083843554617061
34749,0,0,-1.8229037781982291
34755,0,0,-1.984866734431815
34757,1,1,1.1282348161137419
34763,0,0,-1.8931601849977768
34764,1,1,0.408257653585095
34776,0,0,-2.4441184761668677
34793,0,0,-3.0033389369377694
34796,0,0,-1.886767728558691
34802,0,0,-0.8461920441027708
34804,0,0,-1.773118110742339
34818,0,0,-0.3912607490882907
34819,0,0,-2.976029925794667
34822,0,0,-1.3789880866400022
34823,0,1,0.16549089293045938
34826,0,0,-1.04393825628473
34828,0,0,-1.874826257653836
34829,0,0,-0.42078712428730713
34841,1,1,1.9900486827495796
34846,0,0,-2.03249037361714
34861,0,0,-0.3583873161156203
34864,0,0,-1.5231645335406885
34873,0,0,-1.5632992302594229
34875,0,0,-0.19075190168890144
34883,0,0,-0.9275872491715511
34888,0,0,-0.7025411468251257
34891,0,0,-2.0863482703721683
34900,0,0,-1.8484910287143752
34903,0,0,-1.3223991043369583
34904,0,0,-2.034947457498169
34906,0,0,-1.3865488608595908
34912,0,0,-1.2922608821250883
34917,0,0,-0.7645108523730284
34922,0,0,-3.154387074450601
34923,0,0,-1.038954025862187
34932,0,0,-1.2008796944383069
34936,0,0,-2.0221711402122775
34942,0,0,-2.3371967087486185
34949,0,0,-2.926993098086915
34963,0,0,-0.562292145160642
34965,0,0,-1.3428317809554806
34968,0,0,-1.928862473607868
34975,1,1,1.3062199188665178
34979,0,0,-1.0655553306137961
34980,0,0,-3.1570272528644425
34981,0,0,-1.3667611814516893
34983,0,0,-0.8268218594950154
34986,0,0,-1.377374147521075
34987,0,0,-3.1543705186828443
34997,0,0,-1.1365743018725634
34998,0,0,-2.4157972397635463
35006,0,0,-1.908972488319444
35018,0,0,-0.9550865355329969
35024,0,0,-2.9038458355300767
35026,0,0,-0.9243737016484269
35050,0,0,-1.1909371890975504
35052,0,0,-1.21078640506901
35054,0,0,-1.373300520846826
35072,0,0,-1.7745203237220892
35075,0,0,-1.2516859853442668
35083,0,0,-1.120573265207367
35084,0,0,-0.7744078127397589
35085,0,0,-1.5876777411334764
35089,0,0,-1.4644846096916428
35098,1,0,-0.755341298820803
35112,0,0,-1.741408945554157
35120,0,1,0.20454405859106584
35130,0,0,-1.3395090978550046
35131,0,0,-1.2968942353488104
35134,0,0,-1.0097002284188277
35135,0,0,-2.83271304674017
35137,0,0,-2.1761792327830833
35147,0,0,-1.9939389921145343
35149,0,0,-4.055885273878564
35158,0,0,-0.7947793988393042
35161,0,0,-0.8742003154946012
35169,0,0,-0.9722045542667157
35174,0,0,-1.242704235125165
35184,0,0,-1.5312030125059717
35187,0,0,-1.530828525972777
35190,1,1,1.5145718456956672
35196,0,0,-2.1902705628792862
35205,0,0,-2.3115872580073367
35214,0,0,-0.5953540852691862
35215,0,0,-2.964380069422604
35219,0,0,-2.7185231183275675
35234,0,0,-2.211453992680026
35235,0,0,-2.798095683475119
35243,0,0,-1.4032283467840223
35245,0,0,-1.1559633644467404
35246,0,0,-2.1132633087088832
35248,0,0,-1.165546008745341
35252,0,0,-1.70221004831325
35254,0,0,-2.1228577482092117
35259,0,0,-2.9592340464294598
35265,0,0,-0.9187140333262998
35269,0,0,-0.5638901880818741
35282,0,0,-1.1637795583101547
35290,0,0,-2.392221945251371
35295,1,1,0.06757175406675064
35302,0,0,-0.9280587619457024
35304,0,0,-2.0647921617435623
35306,0,0,-3.9049093773549775
35308,0,0,-3.37424117274149
35322,0,0,-2.734044337708723
35329,0,0,-1.2803819730807426
35343,0,0,-1.0593355807020317
35349,0,0,-0.7002759296407312
35353,0,0,-2.2347216990975203
35357,1,1,0.06109217096761055
35371,1,1,1.438215499616678
35378,1,1,0.8087884917687787
35379,0,0,-1.8872599838640263
35387,0,0,-2.5245265207655008
35390,0,0,-2.6240726601468216
35395,0,0,-2.3865272243912203
35406,0,0,-2.2651809650196677
35414,0,0,-3.291733074240092
35427,0,0,-1.757522438992206
35429,0,0,-1.3024640271922525
35431,0,0,-2.045373212548853
35433,0,1,0.055134545770254784
35434,0,0,-1.6412223450353725
35439,0,0,-1.669437160311857
35441,0,0,-1.7460908228820267
35445,0,0,-1.2370930368797723
35460,0,0,-2.6861689226007175
35467,0,0,-1.6100489055471074
35475,0,0,-0.7326172533217898
35491,0,0,-1.5977297822090666
35492,0,0,-3.0703617591358814
35497,0,0,-1.4447523129186637
35498,1,0,-0.0009878767475391959
35507,0,0,-1.9694012994530008
35514,0,0,-1.8993221010366996
35516,0,0,-2.8109210380528378
35529,0,0,-2.2735192532629647
35531,0,0,-1.054988783745234
35544,0,0,-0.3285261755213025
35546,0,0,-0.6895081327763197
35555,0,0,-0.46043676973364234
35565,0,0,-1.317371698487761
35578,0,0,-1.4174338913435063
35581,0,0,-2.650466604352439
35583,0,0,-1.2467449525243952
35588,0,0,-2.622142069976932
35589,0,0,-2.8739447169900316
35597,0,0,-2.187286257849177
35602,0,0,-1.1512789890680875
35604,0,0,-1.9577755289677825
35606,0,0,-0.9602225346657857
35610,0,0,-2.2090187161986004
35614,0,0,-1.7140260226336017
35622,0,0,-3.9671412860650364
35628,1,1,1.0835924586860286
35632,0,0,-1.559446143187698
35644,0,0,-0.8693620865526239
35647,0,0,-1.0174194144976687
35654,0,0,-1.6180852441858353
35657,1,1,0.17812889167264823
35661,0,0,-1.8441857990674866
35692,0,0,-2.2380180702446584
35695,0,0,-1.9288660940207618
35720,0,0,-0.5730612260047893
35727,0,0,-1.7280421793499476
35734,0,0,-1.1305935373929126
35739,0,0,-1.3594362915705684
35740,0,0,-1.495877724858653
35744,0,0,-2.920116964233306
35748,0,0,-2.0645944070745217
35751,0,0,-1.264799290473872
35753,1,1,1.7184735749940858
35754,0,0,-0.39586010970173036
35769,0,0,-1.4453904918186926
35771,0,0,-2.5563656974168394
35775,0,0,-0.38742697703926354
35779,0,0,-1.0117645252833638
35784,0,0,-1.7771265497736892
35799,0,0,-2.194680930801217
35806,0,0,-3.3152040103885225
35807,0,0,-1.4683915203102993
35809,0,0,-1.0353159886761971
35817,0,0,-0.9074094851377323
35824,0,0,-2.0400302604869625
35830,0,0,-1.8179605806051113
35831,1,1,0.3771490614427797
35833,0,0,-0.933420881547932
35834,0,0,-1.9108834492133833
35837,0,0,-2.876824760581851
35852,0,0,-1.4943098242026776
35857,0,0,-0.723446637753874
35862,0,0,-1.707885050627497
35863,0,0,-0.9321074886628302
35870,0,0,-2.9418334937455954
35871,0,0,-1.8127229178485937
35875,0,0,-1.1184674811719693
35878,0,0,-0.806734532567446
35883,0,0,-2.284373695017064
35889,0,0,-0.9716498720021944
35891,0,0,-2.099294930295695
35909,0,0,-4.224125147860853
35911,1,0,-0.8036367561278817
35915,0,0,-2.15527798642312
35917,0,0,-0.8088144272003537
35920,0,0,-2.872339165808179
35925,0,0,-1.3376796595654434
35931,0,0,-3.1132259124330455
35932,0,0,-1.8575877351165029
35943,0,0,-1.4959831781006327
35944,0,0,-1.9444465512680784
35958,0,0,-1.88719412504392
35967,0,0,-1.1178172525569663
35971,1,0,-1.1994631380363177
35973,0,0,-0.8357220272226543
35974,0,0,-1.8807251450897742
35981,0,0,-1.2803550793849874
35983,0,0,-0.7708884201747923
35985,0,0,-0.8137105028297645
35990,0,0,-1.0298175576784319
35993,0,0,-3.501238919884824
35998,0,0,-2.458240159035968
36003,0,0,-1.238694702615058
36007,0,0,-3.319907688275584
36008,0,0,-2.7259000634801955
36009,0,0,-0.44174536219847577
36011,0,0,-1.7891919089578494
36013,0,0,-2.0792908016653033
36014,0,0,-1.063573203967652
36015,0,0,-1.4504094748962801
36033,0,0,-1.4672575514554222
36036,0,0,-1.8344904345033715
36037,0,0,-0.6823884345825697
36046,0,0,-1.5003167910989794
36055,0,0,-3.0983145005785406
36061,0,0,-3.556603519778486
36087,0,0,-1.9969732818122485
36088,0,0,-0.9225964267404999
36089,0,0,-3.325907235014218
36090,1,0,-0.6938921600017798
36093,0,0,-1.231383277782784
36098,0,0,-1.4806611167374557
36100,0,0,-1.1996872783949648
36107,0,0,-2.5882402323732014
36113,0,0,-1.4786874955178413
36124,0,0,-1.8813449193933591
36127,0,0,-1.1919290596679888
36135,0,0,-0.42196374564741784
36140,0,0,-1.7354010714034764
36141,0,0,-2.435467175041918
36142,0,0,-1.1589897619082656
36148,0,0,-0.2411416280733707
36149,0,0,-1.83224185994168
36163,0,0,-2.086472884950129
36167,0,0,-0.9030960524998197
36170,0,0,-2.0894894610131773
36171,1,0,-0.4101308558866841
36172,0,0,-1.0671082805831604
36180,0,0,-1.7803914633807998
36185,1,0,-0.48492677542271934
36188,0,0,-1.8514891514180474
36203,0,0,-1.992000093916904
36204,0,0,-0.7633118179061351
36227,0,0,-2.854841816726239
36243,0,0,-1.1649277542304532
36246,0,0,-1.7506163602115452
36255,0,0,-1.0557207598286675
36256,0,0,-1.5624798899209047
36260,0,0,-1.5356407331022124
36265,0,0,-1.525693171884052
36270,0,0,-0.9261838555167523
36284,0,0,-1.3120795286950366
36290,0,0,-2.37967866996403
36291,0,0,-0.596298684593985
36295,0,0,-2.424456182879986
36298,0,0,-2.2287689693314574
36301,0,0,-3.4454219174593606
36307,1,0,-0.9025846540668444
36311,0,0,-1.6636900157534762
36316,1,0,-0.731996401725667
36318,0,0,-1.761151464276695
36322,0,0,-3.368064252113351
36323,0,0,-2.9095921630640156
36325,1,1,0.5596214248749714
36326,0,0,-2.623714725175458
36328,1,0,-1.4415100853122622
36333,0,0,-3.9754402126659
36353,0,0,-1.2565015204480277
36358,0,0,-1.673334318877808
36362,0,0,-2.944729668160515
36364,0,0,-1.575295199218349
36365,0,0,-1.5324628917266385
36368,1,1,1.460804466388222
36373,0,0,-0.882677785032491
36377,0,0,-1.2320936010116958
36390,0,0,-1.9848658740831135
36396,0,0,-1.6602794935952465
36399,1,1,1.9377643425082847
36410,0,0,-1.1124146755233046
36421,0,0,-3.3258619223685173
36433,0,0,-1.420490319513843
36445,0,0,-1.3744364482532276
36451,0,0,-0.611644516986344
36474,0,0,-3.2580730760324936
36476,0,0,-2.160878649228148
36488,0,0,-1.5659941767987307
36490,0,0,-2.482266419921789
36491,0,0,-0.6812373169524741
36492,0,0,-0.7490034409378697
36495,0,0,-1.8508341406083808
36507,0,0,-1.2729622457886127
36509,1,0,-0.14102659444442467
36512,0,0,-2.9704935940810078
36516,0,0,-2.8902657868991133
36527,0,0,-2.323426279168264
36528,0,0,-1.2205497785814656
36532,0,0,-1.0447765277900651
36537,0,0,-2.2522140558827908
36543,0,0,-1.1922494854736945
36544,0,0,-1.1598725936942706
36546,0,0,-2.6052000470302836
36550,0,0,-1.836321068448151
36552,0,0,-2.2229736382911014
36558,0,0,-0.803494641047975
36565,0,0,-2.2997357731040236
36573,0,0,-2.6114158599857817
36580,0,0,-1.4336944989336182
36581,1,1,0.13984638725851772
36583,0,0,-1.3118189144803276
36589,0,0,-2.7033105103594153
36595,1,1,1.4552880788506302
36603,0,0,-1.6782493395954654
36613,0,0,-2.1749172403994392
36633,0,0,-1.7841939906487
36634,0,0,-2.733298227987181
36636,0,0,-0.9244899635023904
36642,0,0,-1.8592144884091406
36645,0,0,-1.2229012789185365
36652,0,0,-2.481217207193408
36665,0,0,-3.050417914772889
36681,0,0,-0.9570625161088734
36687,0,0,-2.266713787435811
36689,0,0,-1.1742217055592812
36690,0,0,-0.8401279149860639
36693,0,0,-1.2622214744506328
36694,0,0,-0.5954708328787752
36695,0,0,-2.197966703490728
36696,1,1,1.9307172931766494
36704,0,0,-0.9988966698154574
36707,0,0,-2.321618118384931
36709,0,0,-1.8023031716676223
36715,0,0,-1.399888968861763
36730,0,0,-0.705302807866757
36731,0,0,-0.8116027300629428
36735,0,0,-2.2669612219885744
36739,0,0,-2.1951004939119327
36742,0,0,-0.34267104511926927
36749,0,0,-0.6445692351507786
36754,0,0,-2.3796460455661954
36756,0,0,-0.1613813578487846
36759,0,0,-1.8024017500738938
36760,0,0,-2.2379546905381273
36762,0,0,-1.9149962437143304
36770,0,0,-2.1717207273091312
36773,0,0,-1.5365267710376918
36780,0,0,-1.9004401688531545
36781,0,0,-1.4483786714228448
36784,0,0,-3.248762514664177
36791,0,0,-0.9123216400370525
36818,0,0,-2.697701258097282
36819,0,0,-3.608978473581053
36820,0,0,-3.206461694135312
36821,0,0,-0.7235192388210074
36824,0,0,-1.5589433967165065
36831,0,0,-0.864206300730986
36835,0,0,-2.627882693550016
36838,0,0,-2.6998854644737804
36839,1,1,0.731913669986983
36848,0,0,-2.0333476112878466
36849,0,0,-0.9900518801225213
36850,1,1,0.017361604514855578
36851,0,0,-1.326664069706415
36852,0,0,-1.5170164098843433
36856,0,0,-1.6182200524160208
36858,0,0,-1.704211599147851
36860,0,0,-1.5499025995447429
36873,0,0,-1.8580083281091735
36875,1,1,0.34739013554461384
36876,0,0,-1.8666384970931895
36881,0,0,-1.204353270453363
36916,0,0,-1.089200421719164
36924,0,0,-3.131396943200625
36926,0,0,-0.9298454762649428
36933,0,0,-1.8121723299197765
36936,0,0,-1.9341573155469356
36943,0,0,-2.6859945891848778
36946,1,0,-0.3056241380022311
36950,0,0,-1.460525635204878
36955,0,0,-0.13888643930906752
36956,0,0,-0.7804674212077728
36957,0,0,-1.9211606723423789
36962,0,0,-1.7044988395626766
36968,0,0,-2.059426037466535
36970,0,0,-1.0884049621152063
36991,0,0,-1.604794572649652
36993,1,1,1.4535934137739688
37003,0,0,-0.6053440008928072
37004,0,0,-1.9166250199337604
37036,0,0,-1.887059631704929
37041,0,0,-1.6270901294937277
37043,0,0,-1.1659253688278248
37057,1,1,1.2174926839375122
37058,0,0,-2.0771816683582607
37063,0,0,-2.3599694512290723
37070,0,0,-0.8587317141362036
37072,0,0,-1.90026110270843
37074,0,0,-2.119357833447922
37078,0,0,-0.3255734407154006
37085,0,0,-1.6882635921478104
37090,1,1,1.3435600526794007
37091,1,1,0.9584214608603514
37096,0,0,-2.239835846156603
37097,0,0,-1.0438153789053333
37102,1,1,0.9674565527258923
37109,1,1,1.101554112477551
37111,0,0,-2.076043376230084
37115,0,0,-3.014388596242889
37120,1,0,-1.080672939416179
37121,0,0,-2.755233139668011
37127,0,0,-2.0758884525813386
37135,0,0,-0.7669520359316793
37139,0,0,-3.357924779618978
37142,0,0,-2.2257573002422713
37149,0,0,-3.0636613323006445
37157,0,0,-1.4888133579541238
37167,0,0,-1.1020278715820713
37170,0,0,-2.666797721466855
37177,0,0,-1.7165500474726878
37179,0,0,-1.4971684945344121
37181,0,0,-1.5623219023426176
37182,0,0,-1.5050883737855059
37186,0,0,-1.3807129725159193
37188,0,0,-1.1352576221247883
37190,0,0,-1.29175965057656
37193,0,0,-2.750226069930668
37194,0,0,-2.5056055129451797
37200,0,0,-0.7105370791593872
37203,0,0,-1.0206777830812688
37211,0,0,-1.3453907714849547
37221,0,0,-3.007023477252524
37224,0,0,-1.3655286258003594
37227,0,0,-2.3240418465796604
37237,0,0,-2.0242239901184034
37240,0,0,-1.3824845152931535
37244,0,0,-3.0935982230148396
37256,0,0,-1.7370965996293282
37261,0,0,-2.625354409726567
37264,0,0,-3.3951102129357356
37270,0,0,-1.0696574449961413
37271,0,0,-0.9422612424840296
37289,0,0,-2.1714716455241807
37291,0,0,-1.2845217527094541
37292,0,0,-1.4772425195003245
37296,0,0,-1.9108811830466959
37298,1,0,-1.177094183779673
37303,1,1,2.263318666729427
37307,1,1,0.8062987949314884
37317,0,0,-2.4083588849660096
37319,0,0,-0.5422891684715342
37321,0,0,-1.1114181898781208
37327,0,0,-1.5611363090113515
37331,0,0,-0.6249579117501867
37332,1,0,-0.5099734819615884
37340,0,0,-0.2951610843264175
37344,0,0,-2.51999634898566
37359,0,0,-1.4979909508910885
37360,0,0,-1.2591474894994104
37365,0,0,-3.1509382747433223
37368,1,1,0.8269516616573882
37369,0,0,-0.18838948090965135
37373,0,0,-2.1359872832857025
37378,0,0,-1.3749237419735696
37385,0,0,-1.5414625073554902
37389,0,0,-1.9700657459155209
37391,0,0,-0.9183645235379132
37392,0,0,-3.5432303684063786
37395,0,0,-0.7167906761603052
37401,0,0,-4.327692911006853
37408,0,0,-4.015161684633612
37428,0,0,-2.144207468482093
37432,0,0,-2.231260915583144
37441,0,0,-1.130815642450295
37443,0,0,-0.6822433534091155
37444,0,0,-1.0470678719538489
37452,0,0,-2.2122600324743376
37455,0,0,-1.6513149529120565
37477,0,0,-2.6209456959985817
37479,0,0,-2.4794579783057147
37481,0,0,-1.8085448249878004
37489,0,0,-0.9593396383659846
37496,0,0,-1.228759837344519
37502,0,0,-0.7434819013145421
37504,1,1,0.14202905210204309
37507,0,0,-2.6827954074489497
37510,0,0,-1.7521593233370414
37516,0,0,-0.3370927644428129
37521,0,0,-1.2424535499466585
37526,0,0,-2.579155582412275
37532,0,0,-2.8079406930305346
37534,0,0,-3.4632696278287654
37538,0,0,-1.8520622615955282
37545,0,0,-1.7168647218580648
37553,1,1,0.07805552072839661
37557,0,0,-1.6173284144816935
37562,0,0,-0.24379233834180858
37563,0,0,-1.1574740206684573
37564,0,0,-1.4337167510304416
37566,0,0,-1.6545919344129212
37567,0,0,-1.0570316984583128
37573,0,0,-3.964567076945843
37576,0,0,-0.5025152105707585
37577,0,0,-2.268305835939567
37585,0,0,-1.092818553650406
37593,0,0,-1.476875095984624
37596,0,0,-0.980377733028628
37600,0,0,-2.128799619704173
37602,0,0,-0.972018358030682
37603,0,0,-1.9377399162920261
37614,0,0,-2.86342709177977
37623,0,0,-2.0671432263859852
37624,0,0,-3.6063036084035893
37628,0,0,-0.52817035709871
37638,0,0,-1.4224618627427166
37639,0,0,-1.7683597062269538
37640,0,0,-1.4083446796078838
37641,0,0,-0.8879679399730045
37643,0,0,-2.487905861534343
37645,0,0,-0.5992106791473129
37652,0,0,-2.3513200427828913
37656,0,0,-1.641014161812739
37657,0,0,-3.0019793504095302
37663,1,1,0.47394602208643666
37664,0,0,-0.8046034816231122
37672,0,0,-1.767271612623778
37675,0,0,-1.5555718678209292
37678,0,0,-2.4308019428542287
37679,1,0,-0.5531815375152072
37691,0,0,-1.5575300096050784
37692,0,0,-2.1170526775674654
37693,0,0,-3.3579479937854657
37717,0,0,-2.4505462574948886
37721,0,0,-1.8114049985758969
37722,0,0,-3.3773013594577197
37723,0,0,-0.6064547044540761
37732,0,0,-0.6136507079247935
37736,0,0,-0.9923888797373356
37740,0,0,-0.7207340392810707
37744,0,0,-1.5217730128617324
37763,0,0,-1.38295634070633
37765,0,0,-1.0870804267874437
37769,0,0,-0.4735927635496364
37771,0,0,-1.0454639080245867
37780,1,0,-0.3469831037351371
37787,0,0,-2.3529900266587127
37790,1,1,0.38754970783222475
37795,0,0,-1.8053719660351903
37796,0,0,-2.330843781827445
37798,0,0,-1.5738749405810686
37799,0,0,-2.0938758504703023
37805,0,0,-1.7983068905391215
37813,0,0,-0.8461530199313072
37821,1,1,0.935161136094764
37825,0,0,-0.7929884695807865
37828,0,0,-1.3710950137281857
37830,0,0,-2.3346721930909187
37833,0,0,-2.4801561155945175
37839,0,0,-0.3701677860416888
37843,0,0,-2.068362911832037
37845,0,0,-0.7456433430762768
37855,0,0,-2.2310163361345383
37859,0,0,-1.6026862933251746
37866,0,0,-1.7731577486323955
37868,0,0,-1.8625162516068368
37882,1,1,0.46618673968114366
37883,0,0,-0.3914671643253941
37891,0,0,-1.801223728622716
37892,0,0,-1.6021866558420659
37893,0,0,-1.8173213081554216
37910,0,0,-0.9800621366422485
37911,0,0,-2.7357979413847637
37922,0,0,-0.24087203801065737
37926,0,0,-1.5384224071372723
37929,1,1,0.8800979989628728
37931,0,0,-1.6335984047241143
37932,1,1,0.9144963453843822
37933,0,0,-1.6187303528660908
37937,0,0,-1.4372108211867698
37938,1,1,0.08106414785790039
37939,0,0,-3.042097752440778
37941,0,0,-2.2970724256030177
37948,0,0,-1.3389230341883391
37953,0,0,-2.7649045723514587
37973,0,0,-3.090231998906803
37974,0,0,-1.2238303788060068
37981,0,0,-1.7595955712705023
37986,0,0,-1.4054829314527288
37988,0,0,-1.41945336742132
37992,0,0,-1.2658200181557246
37993,0,0,-2.3640301939928055
37997,0,0,-2.714160419089768
38000,1,0,-0.7302527552828759
38004,0,0,-1.424811098020599
38010,0,0,-1.667044362709494
38012,0,0,-3.3841252875342613
38016,0,0,-0.5464010416895524
38023,0,0,-0.05983744330758545
38033,0,0,-1.2889714235228409
38042,0,0,-0.533179337124708
38043,0,0,-2.729036539413884
38054,1,0,-0.3960721856631798
38063,0,0,-1.3097868132533597
38070,0,0,-1.9717581990438873
38077,0,0,-0.7560687561236936
38078,0,0,-1.7953495813515257
38084,0,0,-2.3224010873705456
38088,0,0,-3.070591437595718
38093,0,0,-2.7917984734901724
38095,0,0,-0.8227123804698392
38098,0,0,-0.9006703677753168
38109,0,0,-2.6030340537305436
38111,0,0,-0.20498454661186405
38119,0,0,-3.840943330492129
38132,0,0,-2.7593605816058586
38139,0,0,-1.2439823718163996
38150,1,1,1.4559918997074515
38151,0,0,-2.188051169536771
38152,0,0,-3.045520782300171
38164,0,0,-0.8302105685345089
38178,0,0,-0.2850282748465154
38179,0,0,-1.608377338950587
38181,0,0,-0.5819772308979135
38187,0,0,-2.180946142228217
38194,1,1,1.192190586833333
38202,0,0,-0.9822765928415527
38204,0,0,-3.607986510704131
38205,0,0,-1.5232842688217028
38213,0,0,-1.9591028476292567
38219,0,0,-1.72575022416599
38220,0,0,-3.0088553217159166
38226,0,0,-1.7289090436903969
38227,0,0,-1.2348870773144625
38241,0,0,-1.420489120634477
38251,0,0,-1.8885451256193437
38254,0,0,-0.793115741545994
38255,0,0,-1.4569817489845456
38271,0,0,-1.4259378324995988
38272,0,0,-0.14411550410748364
38274,0,0,-1.5178662332647104
38278,0,0,-2.792608448811051
38284,0,0,-2.419242550751309
38292,0,0,-2.0422086642401904
38303,0,0,-1.980752994277929
38309,0,0,-3.0243209000796005
38311,1,1,0.9428951526622182
38314,0,0,-1.126079362138257
38319,0,0,-1.085136637908415
38326,0,0,-3.419611347142088
38330,0,0,-1.6800223831356635
38337,0,0,-3.205890433827986
38339,1,1,1.0694011890386235
38351,0,0,-2.17817679185145
38356,0,0,-2.413207409297569
38357,0,0,-2.229001897685147
38365,0,0,-0.619507203007166
38371,0,0,-0.5337145589849078
38376,1,0,-0.3901987304777865
38379,0,0,-1.8286619509786681
38384,0,0,-2.205208135857846
38389,0,0,-0.9386927527483869
38390,0,0,-1.7256063083216469
38392,0,0,-0.9219000394377347
38397,0,0,-0.4853933942591215
38411,0,0,-1.7914765722669233
38438,0,0,-1.6973678006766204
38451,1,1,1.7088579051853492
38454,0,0,-0.3910574011608443
38455,0,0,-2.116193525025477
38460,0,0,-2.1393373321082074
38464,0,0,-1.6084212081619098
38471,0,0,-3.256447283143352
38472,0,0,-1.0322304512311196
38477,0,0,-1.1760579561487265
38484,0,0,-2.2617794647385434
38494,0,0,-1.869334027502008
38498,1,1,1.9633223413913676
38502,0,0,-3.175826157834634
38504,0,0,-0.4052462056658199
38510,0,0,-1.3473338642863952
38513,0,0,-0.08073664824629323
38515,0,0,-1.1971605959793967
38516,0,0,-3.1367915237024198
38520,0,0,-1.9344091796211116
38521,0,0,-1.4522802231368424
38523,0,0,-1.538447076137716
38534,0,0,-2.7846934875841365
38536,0,0,-0.5064414746331964
38546,0,0,-0.8706208272415495
38548,1,1,0.11478479664415753
38551,0,0,-0.6146802774781055
38553,0,0,-0.9174366100519358
38557,1,0,-0.9457260773323615
38559,0,0,-2.024374238016843
38565,0,0,-3.1540842668828626
38569,0,0,-2.6360596457103664
38572,0,0,-1.8135072319354542
38582,0,0,-1.8570358209074067
38583,0,0,-1.1758450665662237
38588,0,0,-2.3464478177583743
38596,0,0,-1.0749094992955996
38598,0,0,-2.1822937687035218
38599,0,0,-0.8495555507637871
38607,0,0,-0.8954632151973736
38610,0,0,-0.711236362550341
38614,0,0,-0.4735469359090445
38616,0,0,-2.0564340323729593
38617,0,0,-1.7362442286573407
38628,0,0,-1.8173603185747549
38629,0,0,-1.5678244103634686
38630,0,0,-3.352762929287926
38632,0,0,-0.38331513556121977
38634,0,0,-1.7752186335482092
38637,0,0,-1.7741372942188423
38643,0,0,-2.1671680001715172
38644,0,0,-2.0719898018324026
38648,0,0,-1.6423217094384333
38650,0,0,-2.8338978593301363
38661,0,0,-2.455276789846824
38662,0,0,-3.208300606890111
38673,0,0,-3.1270054104615888
38678,1,1,0.7089156061009401
38688,0,0,-0.7144530490992163
38689,0,0,-2.157729952325442
38692,0,0,-1.2181634149248044
38696,0,0,-0.8998175034050058
38709,0,0,-1.754851625287598
38711,0,0,-0.961451160957273
38714,0,0,-1.109676147465223
38716,0,0,-1.4390231533750644
38717,0,0,-1.5416343766758973
38724,0,0,-1.0936335591685733
38727,0,0,-1.8168533298228586
38740,0,0,-0.3439820274153008
38742,0,0,-2.0815920141686313
38743,0,0,-1.451036704167125
38745,0,0,-2.7287153710261682
38752,0,0,-2.405705849008542
38763,0,0,-0.9618194960927798
38765,0,0,-3.0638071747609548
38770,0,0,-1.082840817356969
38778,0,0,-2.1182438949966524
38779,0,0,-0.7807113227423101
38783,0,0,-0.6705300458492602
38790,0,0,-0.658666916779761
38791,0,0,-2.8974214932692517
38792,0,0,-1.1657872371077924
38801,0,0,-0.5262826260224247
38803,0,0,-1.8027452707518885
38810,0,0,-2.8326206360445587
38812,1,0,-0.8377452806213328
38814,0,0,-2.501067500663712
38832,0,0,-3.2229151171608414
38839,0,0,-1.9879874642360473
38841,0,0,-1.081830200779342
38843,0,0,-1.1890554366697805
38845,0,0,-0.9615399341660579
38846,0,0,-2.3318353223646744
38847,0,0,-0.8458690808759605
38862,0,0,-0.41539122963725505
38863,0,0,-0.7557312150008688
38869,0,0,-1.1994575204917965
38873,0,0,-0.08494734850732011
38874,0,0,-2.267659310016932
38889,0,0,-3.682998030615064
38905,0,0,-1.0380315251733632
38906,0,0,-3.0798181577943495
38913,0,0,-1.1997705625411754
38916,0,0,-0.7715086924130906
38924,0,0,-1.0551385726838376
38933,0,0,-2.1899669617534525
38934,0,0,-1.0569615355329802
38954,1,1,1.5949653723740178
38959,0,0,-1.7029869597978327
38968,1,1,1.0410840367136667
38971,1,1,0.738978484462965
38974,0,0,-2.440036701145819
38978,0,0,-3.6061564486519586
38979,0,0,-1.8610078232856633
38980,0,0,-0.6849996002961859
38999,0,0,-3.196915148033992
39005,0,0,-2.332973537575535
39011,0,0,-1.4037691368361644
39013,0,0,-1.7806825079006743
39016,0,0,-1.4320478724564478
39035,0,0,-1.6103871936986274
39039,0,0,-0.3331578379291549
39041,0,0,-1.0762430493448902
39054,0,0,-3.184983733645123
39066,0,0,-2.1575166260350724
39067,0,0,-1.131785113502175
39089,0,0,-1.2124971088652594
39090,0,0,-2.323503624345038
39093,1,1,0.5420999455131246
39096,0,0,-2.107721231948714
39100,1,1,0.7003965069869664
39108,0,0,-0.8762641703926257
39112,0,0,-0.5871511996479498
39115,0,0,-1.3331206817081724
39119,0,0,-0.38857892019086016
39122,0,0,-3.2325758737313253
39123,0,0,-0.7398774813053388
39126,0,0,-2.0760115349061206
39132,0,0,-1.4113265451648727
39143,0,0,-3.217189277329262
39145,0,0,-0.3412299769477114
39149,0,0,-0.9996482164070101
39158,0,0,-0.3102433531391646
39162,0,0,-2.9463688479684977
39174,0,0,-0.6270111095638267
39176,0,0,-2.038953567930871
39181,1,0,-0.4261893331465072
39203,0,0,-1.668622984676462
39205,0,0,-1.1960033667548036
39210,0,0,-2.163222867144891
39215,0,0,-2.8506320196686774
39229,0,0,-2.636331067449256
39235,0,0,-2.4513865284443
39243,0,0,-1.4734285763550403
39245,0,0,-1.3533269010722075
39254,0,0,-1.8128519996580388
39255,0,0,-2.128458882111727
39259,0,0,-1.02761600153671
39263,0,0,-1.8601489265693443
39264,0,0,-0.5961024347398205
39271,0,0,-1.8971119342042482
39272,0,0,-2.8160210205874963
39275,0,0,-1.0493580882859852
39277,0,0,-0.7948037912335079
39279,0,0,-3.2381599950548194
39283,0,0,-1.9234460559395328
39286,0,0,-1.246463570845576
39291,1,1,0.6312235497739536
39304,0,0,-1.5481994742555534
39316,0,0,-2.6745720308912686
39325,0,0,-0.9838374360728399
39331,0,0,-0.9649909800573977
39333,0,0,-0.8626720473411413
39339,0,0,-3.4617132874175756
39341,0,0,-1.1019910930316292
39347,0,0,-2.0336557670223945
39355,0,0,-2.001328630940427
39357,0,0,-0.13930684873093513
39358,0,0,-0.4462929705421223
39371,0,0,-1.135889719357392
39372,1,1,2.2483210136787175
39373,0,0,-3.061868880448576
39376,0,0,-1.234902274018304
39385,0,0,-3.4316832968286572
39387,0,0,-1.3097120954778052
39390,0,0,-0.5083598190820555
39391,0,0,-1.247367080243408
39395,1,0,-0.2531643130288328
39398,0,0,-1.0316356014590442
39410,0,0,-0.662413057405087
39415,0,0,-1.6261355367299732
39417,0,0,-0.3938782732256765
39422,0,0,-1.8322492907387982
39431,0,0,-0.8237939962914844
39438,0,0,-2.340881180934062
39441,0,0,-1.4958396464209698
39442,0,0,-1.6504277924566668
39448,0,0,-0.8746776994806508
39463,0,0,-1.5266694965354826
39464,0,0,-0.7857969322746483
39469,0,0,-3.0950164042779615
39473,0,0,-2.190635829562729
39483,0,0,-1.0016123947812186
39494,0,0,-2.275702489811894
39497,0,0,-2.8584681233330285
39502,0,0,-1.6337413345141978
39503,0,0,-1.7372352697033353
39504,0,0,-0.8522939270188808
39522,0,0,-1.1772694957884693
39524,1,1,1.3936391924923168
39525,0,0,-1.2147551313500276
39528,0,0,-0.6016277519193838
39529,0,0,-3.077079443002554
39536,0,0,-1.4128829922085262
39543,0,0,-0.7195912001828557
39544,0,0,-2.116947521508381
39548,0,0,-1.326726437344704
39558,0,0,-2.4046377624740938
39563,0,0,-1.2255288756278269
39567,0,0,-0.9269409208547972
39577,0,0,-2.820737766322618
39596,0,0,-3.808293239879383
39604,0,0,-3.347569790773422
39606,0,0,-1.7075915444224128
39614,0,0,-1.425412822012867
39621,0,0,-2.6971112786119895
39625,0,0,-1.3746692060955596
39637,0,0,-1.974781967752213
39638,0,0,-1.1953451993275803
39644,0,0,-0.4756537651595478
39645,0,0,-1.3833918351207628
39650,0,0,-2.289341202959574
39654,0,0,-0.7855215741439426
39662,0,0,-1.8371893063873703
39668,0,0,-3.486723598472561
39669,0,0,-0.916323039857446
39670,0,0,-2.1550425153176245
39671,0,0,-1.8850301354373595
39677,0,0,-1.5981598585967738
39684,0,0,-0.23142471270862164
39692,0,0,-1.484093378616852
39695,0,0,-2.7872433770404914
39696,0,0,-2.1251191965318297
39699,0,0,-1.9050095459984409
39701,0,0,-1.0486031170032788
39711,0,0,-1.8999613339198587
39713,1,1,0.6367924743704918
39720,0,0,-1.2262976082487669
39723,0,0,-1.1445727087496016
39724,0,0,-1.8318589279763666
39725,0,0,-0.818607313310626
39741,0,0,-0.7291905693056926
39746,0,0,-2.3227614350928087
39761,0,0,-0.9462912821005484
39764,0,0,-1.13163555001061
39773,0,0,-1.3975855859250155
39775,0,0,-2.1529750813252426
39780,0,0,-1.9438927023562769
39788,0,0,-1.8428155105884216
39801,0,0,-0.9020818981629127
39806,0,0,-2.7093040703890754
39825,0,0,-0.7800235456962227
39828,0,0,-1.762104721696692
39830,0,0,-2.645684362982801
39835,0,0,-0.4236672878385066
39844,0,0,-1.5042033557624728
39847,0,0,-3.1452992751960425
39848,0,0,-2.090601777642022
39867,0,0,-0.5426610444415648
39875,0,0,-2.603566841918646
39876,0,0,-1.290068474411417
39878,0,0,-1.1045851435902132
39880,0,0,-1.9710926757969407
39882,0,0,-2.3227629591448613
39883,1,0,-1.3940826693986859
39884,0,0,-2.4224535969671246
39888,1,0,-0.014350636754650203
39898,1,1,1.320989375224258
39905,0,0,-1.4888849576787795
39913,0,0,-1.2149567502677086
39914,0,0,-3.2490731339507564
39921,0,0,-0.6794873175953475
39922,0,0,-1.3890473870974451
39923,0,0,-2.133705293865755
39924,0,0,-1.3251999029291563
39927,0,0,-1.5290877640278193
39930,0,0,-1.58269965690834
39940,0,0,-1.9242247841914841
39942,0,0,-1.3103031528246447
39946,0,0,-1.2811679714074269
39949,0,0,-2.865226581096529
39952,0,0,-1.0859675784669984
39968,0,0,-3.4349748797866955
39974,0,0,-2.6655525424506186
39979,0,0,-3.3438823293684248
39983,0,0,-2.5602820066972285
39998,1,0,-0.9897389015005726
40001,0,0,-3.057604553023616
40002,0,0,-2.737655974856385
40003,0,0,-0.7296191449087526
40005,1,0,-0.42276418185126263
40008,0,0,-2.224856565671991
40012,0,0,-2.537893149987471
40014,0,0,-1.4763119743364128
40016,0,0,-1.9470993999815038
40027,0,0,-0.704679471437727
40029,0,0,-2.3097902334916602
40042,0,0,-3.379705329123519
40051,0,0,-2.1043149080623897
40056,0,0,-1.6583154941317269
40057,0,0,-2.2680520483622324
40062,0,0,-2.0043694460642185
40069,0,0,-0.4503273960879346
40071,1,1,0.22011853681768856
40078,0,0,-2.1200496258192074
40089,0,0,-1.1934229291599534
40090,0,0,-3.1139375441682446
40099,0,0,-3.167466757356509
40101,0,0,-1.687181818287901
40102,0,0,-2.5409108131220295
40104,0,0,-1.9963843625502606
40109,0,0,-1.0182798036514424
40114,0,0,-1.445235296950797
40116,0,0,-0.8762019315961578
40122,0,0,-1.450969749333694
40127,0,0,-0.9089531031489639
40133,0,0,-1.761235428177169
40146,0,0,-1.900060368091423
40159,1,0,-0.24958082601937104
40162,0,0,-1.5285492506312153
40164,0,0,-1.6703477420704944
40168,0,0,-0.5962378651476129
40178,0,0,-0.5109690488690533
40187,0,0,-2.8725448514296428
40198,1,1,0.7129602925723664
40201,0,0,-2.315628927592286
40204,0,0,-1.522561388814299
40208,0,0,-2.0366593045083663
40210,0,0,-1.2642603456832617
40211,1,1,0.18049420536841188
40219,0,0,-1.4116860249492742
40227,0,0,-1.8972881593864896
40230,0,0,-1.500482103251381
40237,0,0,-1.8102414451424786
40245,0,0,-1.3736055580817101
40246,0,0,-2.9792341186129523
40248,0,0,-1.879189244072215
40255,0,0,-1.7296830814670991
40257,0,0,-1.1879579681997259
40269,0,0,-0.9314998014801569
40270,0,0,-1.4769178730921269
40271,0,0,-1.5345660774712773
40275,0,0,-0.9716858393486496
40297,1,0,-0.4633580720701671
40305,0,0,-1.135353559853705
40309,0,0,-1.065091654689298
40310,0,0,-3.0697798546365274
40312,1,1,1.5851603838819985
40313,0,0,-2.269153144512855
40324,0,0,-2.1282514949806446
40331,0,0,-3.1621862181793565
40332,0,0,-0.627139466328987
40334,0,0,-3.1507252370379586
40335,0,0,-2.912125445608817
40341,0,0,-3.2654806242265364
40344,0,0,-1.1565559088691053
40354,0,0,-2.2633340717197847
40358,0,0,-2.454804523313527
40360,0,0,-2.7353534419355765
40361,0,0,-0.33406491135456695
40364,0,0,-3.1090319971660776
40370,0,0,-3.4414427654793585
40372,0,0,-0.2182370445332502
40378,0,0,-2.5098182828897615
40382,0,0,-1.1493735271570378
40383,0,0,-1.0509450451152664
40384,0,0,-1.861316052183978
40390,0,0,-1.6188922586176824
40392,0,0,-1.6521151249505843
40395,0,0,-2.658136128113303
40398,1,0,-0.35015621242918005
40413,1,1,0.8415230216383061
40415,0,0,-0.645548652856959
40419,0,0,-1.3543124612734987
40421,0,0,-2.459443826504158
40428,0,0,-1.088040139200491
40433,0,0,-1.1305239916390029
40440,0,0,-0.8572370856055128
40456,0,0,-1.0840904279891277
40466,0,0,-0.8250069149314453
40473,0,0,-2.681626457646984
40484,0,0,-1.9131638765748713
40500,0,0,-0.6369506110455553
40510,0,0,-0.6125828024555725
40513,0,0,-1.2456221948146324
40527,0,0,-1.588696553684051
40528,0,0,-1.762812802199198
40531,0,0,-0.6308229406364612
40532,0,0,-1.544615024064276
40541,0,0,-1.7787159447442755
40544,0,0,-1.0642002741044043
40545,0,0,-0.29266090637153375
40557,0,0,-3.7541641612656207
40572,0,0,-1.6805671039512804
40574,0,0,-1.7976676905303333
40586,0,0,-1.6136102943737496
40596,0,0,-2.36901843283054
40599,0,0,-1.8885920035174848
40601,0,0,-1.3288974151083384
40603,0,0,-1.3805213185067098
40607,0,0,-0.5756398344166191
40609,0,0,-1.4093928861178775
40612,0,0,-1.3405795646928025
40617,0,0,-0.8344212933637751
40622,0,0,-1.8757844993466002
40627,0,0,-3.0364749195934166
40631,0,0,-2.7259107130733327
40632,0,0,-0.6812289189721203
40634,0,0,-0.4670509553737774
40642,0,0,-1.0361541760647084
40644,0,0,-3.418850255976504
40647,0,0,-3.4433925888892105
40652,0,0,-1.595828966747482
40656,0,0,-2.654968721303043
40666,0,1,0.045729356718937075
40687,0,0,-2.098190223106437
40688,0,0,-1.207239175708721
40696,0,0,-1.7504872126821711
40700,0,0,-1.1073724172780808
40713,0,0,-1.4199361549311644
40718,1,1,1.1414329916239463
40723,0,0,-2.0474481296060327
40726,1,1,0.5959135191363341
40732,0,0,-3.1029033554770242
40735,0,0,-1.3335515776735254
40736,0,0,-1.8727618508016353
40739,0,0,-1.5232600227642592
40740,0,0,-1.2708267711262955
40744,0,0,-3.0628892234458256
40747,0,0,-0.787106348392314
40760,0,0,-3.740671535291101
40773,0,0,-0.9791134163001458
40777,0,0,-2.444863514998808
40778,0,0,-0.17780786986230124
40779,1,0,-0.7533375895536218
40782,0,0,-2.8831810342849122
40788,0,0,-0.610494254256685
40789,0,0,-3.64686645358183
40793,0,0,-2.122695977332044
40803,0,0,-0.8955283291863685
40810,0,0,-1.4487569424919846
40818,0,0,-1.3578163245306794
40820,1,0,-1.0129003366004279
40822,0,0,-1.6642713929840973
40835,0,0,-3.12614847795232
40838,0,0,-1.9754783261017441
40847,0,0,-1.7413177909860704
40851,0,0,-2.3215014736888273
40852,0,0,-1.0337438319482777
40853,1,0,-0.1141946152724197
40859,0,0,-1.6042500339879209
40865,0,0,-0.868531085215865
40869,1,1,1.9238733922773223
40876,0,0,-2.146946582961254
40878,0,0,-1.0600253922158775
40882,0,0,-1.2416764021817892
40891,0,0,-1.1845311546385395
40901,0,0,-3.5491510284828136
40906,0,0,-1.979571194580227
40908,0,0,-1.4557804120987974
40911,0,0,-2.434090936470744
40913,0,0,-2.6314603097081255
40921,0,0,-2.3183065735996715
40923,0,0,-2.101220182291968
40933,0,0,-2.7916598741705094
40934,0,0,-0.42712251854399486
40942,0,0,-3.290336332503255
40948,0,0,-1.680366047547403
40950,0,0,-2.526910593872439
40955,0,0,-3.6692704564023266
40956,0,0,-1.0402511486414394
40959,0,0,-0.74241803236376
40978,0,0,-0.5459697860758104
40991,0,0,-2.656089395806781
40997,0,0,-0.3403539993654054
41001,0,0,-0.8797751321876943
41003,0,0,-3.654190153432962
41005,0,0,-0.746377840070206
41011,0,0,-3.2218691146279657
41014,0,0,-1.584382330075683
41015,0,0,-1.1375275766668893
41017,0,0,-1.693629761093336
41023,0,0,-2.9933302283008905
41026,0,0,-2.0599949635623624
41033,0,0,-1.8325917952866808
41039,1,0,-0.12852518232237187
41052,1,1,1.238179039308253
41066,0,0,-1.2447280014626316
41067,0,0,-0.7466413189432247
41069,0,0,-1.0674202162853668
41076,0,0,-1.7525842838955827
41079,1,0,-0.022478294632175988
41080,0,0,-0.7315306792704893
41081,0,0,-1.3538192397262911
41083,0,0,-2.486055944434077
41101,0,0,-2.9812235385160752
41114,0,0,-1.2215511729518749
41116,0,0,-0.40531337632709696
41117,0,0,-2.032252496872176
41120,0,0,-0.39033048959408656
41130,0,0,-2.9376956675034718
41136,0,0,-3.4272894837767405
41142,0,0,-2.8789561955493586
41155,0,0,-0.9107521238167833
41160,0,0,-0.9366362751634834
41178,0,0,-2.442160802397799
41182,0,0,-1.121297494882755
41185,0,0,-3.1286429674181644
41197,0,0,-1.8891420937072723
41198,0,0,-1.7074044703979414
41205,0,0,-0.2712139667460398
41212,1,1,1.73807425510726
41214,0,0,-3.8095876422618993
41221,0,0,-2.652279119726005
41223,0,0,-0.6897427275892352
41233,0,0,-1.1284151954740997
41239,0,0,-3.116636390828666
41241,0,0,-1.4081822469377283
41249,0,0,-1.987869706607579
41253,1,0,-0.7654739699625632
41254,0,0,-1.299222867763542
41256,0,0,-3.079373432691333
41260,0,0,-1.614327298525832
41276,0,0,-1.3857631771805723
41279,0,0,-2.8894057039733854
41286,0,0,-2.5991141352129565
41290,0,0,-0.6441603856248475
41292,0,0,-1.614062927409596
41308,0,0,-0.9918585926166535
41309,0,0,-1.7856780465187239
41313,0,0,-0.44797151870048485
41329,0,0,-1.542640536885207
41330,0,0,-3.2244067691828633
41338,0,0,-1.105160332716008
41339,0,0,-1.164552674350193
41351,0,0,-1.5699345818809554
41353,1,1,0.3678758082666225
41356,0,0,-1.5886082092799567
41360,0,0,-1.3335596532259686
41362,0,0,-1.3801519840309664
41366,0,0,-2.774353914224153
41367,0,0,-1.0608505062445688
41371,0,0,-1.5030891627745522
41373,0,0,-2.6749250922821144
41375,0,0,-2.6959322198053375
41377,1,1,0.8583681310903344
41390,0,0,-2.340729233698918
41391,0,0,-1.1563024862334796
41392,0,0,-1.447011099438981
41402,0,0,-3.1157587661671995
41405,0,1,0.024914678696799086
41407,0,0,-1.9657329360817692
41408,0,0,-2.2313761403646355
41410,0,0,-0.9589234730404014
41412,0,0,-0.8877560190016177
41416,0,0,-0.7010787723330162
41418,1,1,0.624441017842285
41424,0,0,-1.2819277985704414
41425,0,0,-1.8317476258796836
41427,0,0,-3.680569893331824
41445,0,0,-3.034737432527617
41446,0,0,-2.7824685425610065
41452,0,0,-2.527684198330549
41454,0,0,-1.2465323249356017
41455,1,0,-0.567452735856663
41456,0,0,-2.5249019691553976
41462,0,0,-3.5217747515000255
41463,0,0,-1.2216334896636383
41465,0,0,-2.437240430977787
41467,0,0,-1.441888071810486
41477,0,0,-0.9542400661347509
41478,0,0,-1.919351631857993
41480,0,0,-2.007111360430179
41489,0,0,-0.6096403127289886
41490,0,0,-0.573906668475257
41503,0,0,-1.466608590439504
41510,0,0,-1.8194330530476037
41517,0,0,-1.6363720314767363
41529,0,0,-0.860867781691534
41532,0,0,-0.5543962571069192
41533,0,0,-3.8467414912920033
41535,0,0,-1.4821120253718747
41537,0,0,-2.145780679839519
41540,0,0,-1.3744411116973057
41544,1,1,0.8593160879022477
41546,0,0,-2.131125605835262
41549,0,0,-1.4548651966196111
41550,0,0,-1.8833533219514929
41553,0,0,-3.4748933294398636
41561,0,0,-1.1169386431543238
41568,0,0,-1.6185993141696784
41570,0,0,-0.5019111193672554
41584,0,0,-2.3040951661107902
41594,0,0,-1.636404662411406
41604,0,0,-1.6016531318531548
41609,0,0,-1.09666252217601
41615,0,0,-0.7143826853550984
41620,0,1,0.03945172106520223
41627,0,0,-1.3842758001494313
41634,0,0,-0.9845518963402287
41637,1,1,0.7848025812984116
41644,0,0,-0.8854813898187904
41653,0,0,-1.385355354166251
41660,0,0,-0.8755936696099568
41661,0,0,-1.1699885406711157
41667,1,0,-0.7681434416902415
41668,0,0,-1.9908600945779453
41674,0,0,-1.1428658596414203
41675,0,0,-2.056492354459329
41681,0,0,-1.334130203957249
41683,1,0,-0.3606502008703494
41690,0,0,-1.672361167933944
41692,1,1,1.7378490447990498
41693,0,0,-1.5578427646478388
41697,0,0,-2.1663604613731877
41703,0,0,-0.9260152627527969
41705,0,0,-0.18051935023807075
41715,0,0,-1.0303252479230203
41721,0,0,-3.389998173681131
41728,0,0,-1.1955079078896231
41732,1,0,-0.9307360961208605
41739,0,0,-2.6909336373909163
41742,0,0,-2.970257616312823
41744,0,0,-2.0290779058471626
41746,0,0,-1.351039511300169
41747,0,0,-2.7287620391090845
41752,0,0,-1.6875586116689811
41754,0,0,-1.1251898245438157
41759,0,0,-1.0386830032921444
41772,0,0,-1.45858885247931
41774,0,0,-1.1938970107080165
41778,1,0,-0.2664536929826019
41784,0,0,-1.3553036045968054
41790,0,0,-2.9403602786300524
41791,0,0,-3.599003365482157
41792,0,0,-1.4268493653527297
41798,0,0,-1.4553431647125206
41804,0,0,-2.6436053671088717
41811,0,0,-1.615357498265828
41812,0,0,-2.4224677957630893
41816,0,0,-2.234396591216737
41819,0,0,-2.8267943440619234
41825,0,0,-1.1787049889830707
41843,0,0,-3.250069874261033
41860,0,0,-2.023367589144299
41862,0,0,-0.29948465656790485
41869,0,0,-1.3522048721295892
41871,0,0,-2.493921432793714
41875,0,0,-1.7630178844798945
41882,0,0,-1.0378348184515045
41883,0,0,-1.2096086963163486
41888,0,0,-1.7031843777796496
41907,1,1,0.9037763464960151
41916,0,0,-0.8731361480198343
41924,0,0,-1.7509883113557345
41931,0,0,-2.093211766667729
41938,0,0,-1.0856818841611895
41942,0,0,-3.0299341560521116
41944,0,0,-2.347916966316011
41949,0,0,-1.6906941229457177
41957,0,0,-1.8799326967838688
41958,0,0,-1.2719698491386895
41961,0,0,-3.8984967713975918
41963,0,0,-1.8978726777888117
41964,0,0,-3.3131928769877863
41968,0,0,-1.8424057042100164
41969,0,0,-1.5177692221657266
41975,0,0,-2.0016442275904245
41983,0,0,-1.1740173722923384
41991,0,0,-1.6210249458487236
41994,0,0,-2.7432862328308474
41995,0,0,-2.4253763688756313
41997,0,0,-0.7768025758730572
42005,0,0,-1.1601145844561906
42023,0,0,-3.002923196800988
42028,1,0,-0.4032367114865655
42030,0,0,-2.1828602623595215
42036,0,0,-1.5043178273894968
42047,0,0,-3.605743406554369
42049,0,0,-1.544229685651736
42056,0,0,-0.13492766735346828
42062,0,0,-2.585558360252268
42067,0,0,-2.4572486135630283
42069,0,0,-1.630109546963826
42070,0,0,-1.6936271914852903
42079,0,0,-2.500406642506717
42084,0,0,-1.1724595387144312
42087,0,0,-1.2411417757446856
42090,0,0,-1.5922217909984364
42092,0,0,-2.3914790503521512
42093,0,0,-2.519803222436697
42099,0,0,-1.6957712815978452
42102,0,0,-2.5168563501877568
42105,0,0,-1.4985139080312093
42106,0,0,-1.0688472528198347
42108,0,0,-3.2897963061021045
42111,1,1,0.5055770769181096
42113,0,0,-1.1551318962776285
42118,0,0,-2.414751968150158
42122,0,0,-1.6454567837343057
42123,0,0,-0.9078557507377429
42125,0,0,-1.702257964643065
42139,0,0,-1.0088765749274975
42152,0,0,-1.7124135700806562
42157,0,0,-0.6692463614429026
42158,0,0,-2.507745858175303
42162,0,0,-0.6930114398085117
42171,0,0,-2.1089478898273084
42172,0,0,-0.7121707962961155
42176,0,0,-1.1353468845702661
42179,0,0,-1.0252527964794473
42190,0,0,-4.331912651295326
42194,1,1,1.439905844269702
42200,0,0,-1.2827335411290424
42210,0,0,-0.5626687218819848
42212,0,0,-2.020409943642097
42221,1,1,0.7871757357309697
42225,0,0,-1.7808613883501607
42226,0,0,-1.4074570012147465
42235,0,0,-1.0738915966000744
42244,0,0,-1.4557144414308798
42245,0,0,-2.4672716536557004
42250,0,0,-2.274106666796751
42253,0,0,-2.5093232438142525
42255,0,0,-2.0102347618694942
42258,1,1,0.062298365729890115
42266,0,0,-3.412727491631066
42267,0,0,-2.3822094362384316
42272,0,0,-2.0432099754267083
42276,0,0,-0.953460140466899
42277,0,0,-0.9081039671517251
42279,0,0,-1.5784736497798086
42281,0,0,-1.7337804858978076
42286,0,0,-1.0842856354810326
42287,0,0,-0.5727764242233236
42295,0,0,-0.8429261456224728
42305,0,0,-2.052306660773084
42311,1,1,1.9508724507182154
42315,0,0,-1.9707245339822157
42319,0,0,-3.004963312642044
42321,0,0,-1.2619937195313293
42331,0,0,-1.897818188747074
42333,1,1,0.15660193012552237
42336,0,0,-1.1805284200483261
42337,0,0,-1.4804419841651946
42341,0,0,-1.0792451523699318
42351,0,0,-2.527147181536373
42354,0,0,-1.6403729211511777
42357,0,0,-3.109766741225938
42363,0,0,-0.9263806152761234
42379,0,0,-1.6000552451969257
42391,0,0,-2.20424769873698
42395,0,0,-1.624010285282153
42397,0,0,-2.029112986141451
42406,1,0,-0.20943692455774743
42425,1,0,-0.330505824896997
42437,0,0,-0.8304364565631994
42442,0,0,-1.2933379670770224
42443,0,0,-1.5387478159224028
42446,0,0,-0.9983217422966749
42451,0,0,-2.236008223632248
42465,0,0,-1.124272839810109
42482,1,1,0.7539359045384233
42485,0,0,-2.1020638095587154
42486,0,0,-1.933673689199995
42488,0,0,-1.9756281110244285
42492,0,0,-2.023135725854895
42498,0,0,-2.3575497320816567
42500,0,0,-2.027615097479859
42505,0,0,-0.8109596585504195
42511,0,0,-1.3115343880571206
42513,0,0,-2.0157711837800605
42516,0,0,-1.1412790146478544
42521,0,0,-1.5438207240791932
42525,0,0,-1.5168773672099212
42534,0,0,-2.0098797910428927
42540,1,0,-0.31801362737622674
42541,0,0,-1.3528341281105307
42545,0,0,-1.5219156858961755
42546,1,1,0.21425849916850603
42548,0,0,-1.6000211319741586
42555,0,0,-1.8356713911310967
42558,0,0,-1.9814290749894208
42561,0,0,-1.4659630298286748
42562,0,0,-0.5422468406072662
42564,0,0,-0.4544368910823119
42566,0,0,-1.445764528564112
42568,0,0,-1.364347487038421
42570,0,0,-2.2658988264284794
42599,0,0,-0.3220671172164228
42603,0,0,-3.24481286489758
42604,0,0,-1.0993964952576583
42608,0,0,-2.709850775734199
42630,0,0,-0.9294985447867048
42637,0,0,-1.860468820317308
42641,0,0,-2.074110988670456
42642,0,0,-0.5905805515183316
42647,0,0,-2.365570389604305
42650,0,0,-0.49038605505760313
42651,1,0,-0.4271935629557746
42654,0,0,-0.409813863394482
42660,0,0,-2.65811397071987
42662,0,0,-2.660544227171753
42667,0,0,-1.5433547407760675
42671,0,0,-1.2072230681235254
42673,0,0,-2.817242934580637
42679,0,0,-0.3246837798258929
42687,0,0,-3.2552706689317157
42694,0,0,-1.1728138780313033
42696,0,0,-0.9381864216332717
42702,0,0,-2.380290912819839
42704,0,0,-2.127013531602783
42707,0,0,-1.335055292832181
42708,0,0,-1.4679562111413338
42710,0,0,-0.4146908110049897
42712,1,1,0.669132278818076
42715,0,0,-2.220813234274849
42723,0,0,-1.6635309387047257
42724,0,0,-1.8321448857892413
42727,0,0,-0.7819719815102473
42730,0,0,-3.0343150624645316
42737,0,0,-1.9772147583319468
42740,0,0,-2.2770934968429284
42741,0,0,-2.247115575982604
42744,0,0,-3.0986008764792086
42754,1,0,-0.42335733982063417
42764,0,0,-2.276549142444265
42772,0,0,-1.8796405053820422
42773,0,0,-0.9782386668775311
42776,0,0,-2.4861854218384396
42779,0,0,-2.8936929049310294
42781,0,0,-0.3855972165908128
42792,0,0,-2.2908460296395203
42801,0,0,-1.405650860641555
42804,0,0,-1.4161370284355759
42821,0,0,-2.6284392238035723
42826,0,0,-1.977883190283046
42836,0,0,-2.60873594189257
42839,0,0,-1.0719516279715373
42840,0,0,-1.0075898350211938
42845,0,0,-0.7981016684813738
42856,0,0,-2.435570172619882
42863,0,0,-1.5528332685315465
42872,0,0,-2.185825014504778
42877,0,0,-1.087444382116132
42882,0,0,-0.7811801668677952
42883,0,0,-1.3917226761520705
42893,0,0,-1.7222131168213495
42898,0,0,-1.4003747361350238
42899,0,0,-3.129673981009055
42901,0,0,-2.1356761928214176
42903,0,0,-0.24159507481410425
42906,0,0,-1.5898752612512381
42910,0,0,-2.554396845178239
42914,0,0,-3.4911114611728316
42920,0,0,-2.384431847796028
42921,0,0,-1.1548252602730167
42932,0,0,-1.8584763862222151
42942,0,0,-1.4596169573137336
42951,0,0,-2.5987795387297696
42958,1,0,-0.8281425921588834
42959,0,0,-1.2847257110730395
42965,0,0,-1.4113256360551374
42974,0,0,-1.7264837460860438
42976,0,0,-0.8971837477279287
42994,0,0,-0.7655970078531564
43000,0,0,-1.1795903060086779
43001,0,0,-2.346920320091937
43002,0,0,-3.448209906110307
43003,0,0,-0.24011411584468523
43007,0,0,-3.7605677395918606
43010,0,0,-0.9916698022986594
43011,0,0,-1.680381708207249
43015,0,0,-0.35427387153933665
43016,0,0,-1.8899905152951784
43022,0,0,-2.0368998793355706
43024,0,0,-1.0721212216177298
43025,0,0,-1.360493702875682
43029,0,0,-1.6002660986929602
43036,0,0,-0.6100205539123759
43039,0,0,-2.099050382941952
43047,0,0,-1.3425928920635029
43052,1,0,-0.3358878793386678
43065,0,0,-1.280043285042604
43066,0,0,-2.9484953324051792
43068,0,0,-1.670962141849925
43078,0,0,-2.494380603917519
43079,0,0,-1.0984143651736893
43081,0,0,-0.5334757926802647
43082,0,0,-3.1977618079865477
43084,1,1,0.3189710819625664
43085,0,0,-1.9188077465126958
43096,0,0,-2.398170861737917
43099,0,0,-0.771660897744167
43121,0,0,-1.3805723991507168
43124,0,0,-0.6197971346404945
43145,0,0,-1.4002766441621604
43149,0,0,-2.4972456042249123
43150,0,0,-2.650415678080062
43164,0,0,-1.6267401842433407
43165,0,0,-0.9171327266449345
43167,0,0,-0.6170124996697309
43169,0,0,-1.927741182317548
43183,0,0,-0.8861716489616762
43190,0,0,-1.3630859138196096
43194,0,0,-2.1339057232042506
43195,0,0,-2.295391287470334
43199,0,0,-0.9309995244260341
43202,0,0,-0.24499771156118078
43205,0,0,-2.2339878760941003
43208,0,0,-0.08188650325547742
43229,0,0,-2.0684871893595584
43230,0,0,-2.2179931722096464
43242,0,0,-1.392520362579643
43245,0,0,-1.200994863326244
43247,0,0,-2.3846421684877956
43257,0,0,-2.269801549432827
43258,0,0,-1.0721220157793065
43265,0,0,-2.025026113571417
43272,0,0,-0.8564238468589244
43273,0,0,-3.4490094310980792
43274,0,0,-1.926960146456606
43276,0,0,-1.4125692671601582
43277,0,0,-0.35382568334515724
43288,0,0,-0.6365383072430396
43289,0,0,-2.2034776736053985
43293,0,0,-0.9776557972498908
43295,0,0,-0.5316594359194353
43300,0,0,-0.6552518509807396
43303,0,0,-0.40977076276484264
43306,0,0,-2.193991861030731
43310,0,0,-3.656329629005554
43314,0,0,-0.38183933402193515
43318,0,0,-3.0505498092952736
43322,1,1,0.2626371627659325
43331,0,0,-2.731027469605521
43333,0,0,-0.935697534304692
43347,0,0,-1.7810364169934345
43349,0,0,-2.0285864393646937
43355,0,0,-1.4994177973218108
43377,0,0,-2.5217206868389974
43379,0,0,-1.1693270146365973
43390,1,0,-0.7522303436852976
43393,0,0,-1.1719928706603056
43399,1,0,-0.3245061988584783
43419,0,0,-1.9800079371667012
43424,1,1,0.30611859933328334
43428,0,0,-1.4764035152736183
43429,0,0,-2.4863565496802744
43444,0,0,-2.6917810029571987
43445,0,0,-1.6640627192785513
43449,0,0,-1.696945449290661
43451,0,0,-0.9425643154599987
43453,0,0,-1.568491737845015
43454,0,0,-0.5988531811809124
43458,0,0,-0.5110278715394259
43466,1,1,1.096224734188747
43472,1,0,-0.6286105771184618
43474,0,0,-1.2304319505727066
43477,0,0,-2.910140527572125
43487,0,0,-1.840394931675241
43497,0,0,-3.9821391947068268
43498,0,0,-1.786681430285921
43505,0,0,-0.8368778344337024
43507,1,0,-0.7844437594228372
43537,0,0,-1.6124009266728703
43538,0,0,-0.5719225193587995
43543,0,0,-1.9243588643799456
43545,0,0,-0.66514046570878
43558,0,0,-1.9076405950624007
43563,0,0,-1.3845032616023794
43569,1,1,0.7873901169326698
43584,0,0,-1.0308189842024202
43591,0,0,-0.8173317823212292
43595,0,0,-1.0441902583813472
43599,0,0,-3.0682392062151864
43605,0,0,-0.7881224811314429
43607,0,0,-0.9157329214945855
43608,0,0,-1.2745964305171185
43616,0,0,-1.7385734705094513
43621,0,0,-1.510989017440453
43622,0,0,-1.5230580692941684
43624,0,0,-1.62417503030633
43631,0,0,-0.877950243768421
43642,0,0,-1.4422012223117482
43643,0,0,-2.666798040395065
43651,0,0,-2.7551778140581904
43658,1,0,-0.09861472452033182
43661,0,0,-2.2291967740301537
43662,0,0,-1.322906304289729
43663,0,0,-2.7737468641922836
43676,0,0,-1.528421300860567
43678,0,0,-2.68026654046432
43680,0,0,-2.997875898088094
43685,0,0,-3.7710741449831904
43688,0,0,-0.5683043623583232
43691,0,0,-1.3208430398980116
43694,0,0,-2.1618214993243114
43696,0,0,-2.5820736520780123
43697,0,0,-1.9666241384879244
43703,0,0,-1.9704640893972825
43711,0,0,-1.3286798829665856
43713,0,0,-2.603123476512207
43715,0,0,-0.8639826385137637
43716,0,0,-3.614950760668444
43721,0,0,-1.5560419179912608
43727,0,0,-1.2118115935839686
43735,0,0,-2.8812613338870356
43739,1,0,-0.6045800120495985
43748,0,0,-1.0750156301457852
43758,0,0,-1.714531522632902
43767,0,0,-1.5900385469229228
43770,0,0,-0.7076510167738348
43782,0,0,-2.6132986023473848
43786,0,0,-0.2586345275460302
43792,0,0,-1.2646873658175097
43809,0,0,-2.618013698903044
43813,0,0,-0.5822292637376956
43815,0,0,-2.1288806462447587
43818,0,0,-3.102308345858443
43820,0,0,-0.9621668182376909
43832,0,0,-1.6167024031536232
43833,0,0,-1.1307357194010084
43835,0,0,-1.8263312250436183
43839,0,0,-2.68019124865438
43841,0,0,-1.9341470592979924
43852,0,0,-0.9842348046519421
43862,0,0,-2.1628463811948286
43864,0,0,-0.5572220997362598
43866,0,0,-1.338958892912923
43878,0,0,-3.1539077046060005
43880,0,0,-1.8193397834468752
43883,0,0,-1.638217832798581
43895,0,0,-2.028185458625165
43897,0,0,-1.2904841635844997
43904,0,0,-1.309561629496955
43906,1,1,0.795652399237045
43907,0,0,-1.0707893580509347
43912,0,0,-2.986191814585319
43916,0,0,-1.036651243353235
43918,0,0,-3.135672643567829
43921,0,0,-1.8647181810316773
43924,0,0,-3.170306083159738
43931,0,0,-2.0326402410630395
43932,0,0,-1.4572663354756084
43938,0,0,-0.5277749170451845
43942,0,0,-1.0324412321000174
43943,1,0,-0.30982643892937034
43951,0,0,-1.3085809092945746
43953,0,0,-2.954621125225488
43958,0,0,-0.9115076146869329
43962,0,0,-2.0423813503625987
43965,0,0,-1.8310441396982815
43982,0,0,-1.7425321946823735
43986,0,0,-1.7196593046169955
43997,0,0,-1.1798433962808266
43998,0,0,-1.6032357366661745
43999,0,0,-2.4949935791929594
44003,0,0,-1.7619920768545545
44019,1,0,-0.8906844642964197
44021,0,0,-1.7243024235724884
44028,0,0,-1.3924984592447303
44036,0,0,-1.1760043947619718
44037,0,0,-0.38174530659854866
44039,0,0,-1.1687394670444453
44040,0,0,-1.959097498415191
44043,0,0,-0.7336651443639668
44044,0,0,-1.7899210821457172
44045,1,1,1.2526097203090576
44051,0,0,-1.6873924484069638
44063,0,0,-1.815776305371193
44072,0,0,-2.3810205272207527
44074,0,0,-0.7159574642846754
44077,0,0,-1.0014291153483794
44086,0,0,-1.1502871053577621
44088,0,0,-2.950403615033391
44089,0,0,-0.31630523949912737
44095,0,0,-1.0828740564233554
44104,0,0,-2.0194866276553425
44119,0,0,-0.946448642174709
44120,0,0,-1.757117481184864
44123,1,1,1.3388269661268033
44129,0,0,-1.339455204623985
44130,0,0,-2.1444023039503555
44134,0,0,-1.3470888206436369
44148,0,0,-1.961870021515331
44152,0,0,-1.7952965042956992
44165,0,0,-1.5269498056411515
44166,0,0,-1.5672430786672509
44168,0,0,-1.4846642308915758
44170,0,0,-2.0377957243554587
44187,1,1,0.23362600969801828
44188,0,0,-2.2297345170889935
44191,0,0,-1.694256590431633
44199,0,0,-1.0791335487179148
44203,0,0,-2.090963700082593
44207,0,0,-0.651054537923938
44215,0,0,-1.745219863593089
44227,0,0,-2.685902867082042
44237,0,0,-1.012996342768603
44243,0,0,-1.5794928774598462
44245,0,0,-0.12058261937362413
44249,0,0,-1.9169788747902468
44251,1,0,-1.1288783860865466
44258,0,0,-1.705057059014678
44260,0,0,-2.4405365289585896
44265,0,0,-2.1886702885664713
44267,0,0,-1.8549782114101954
44280,0,0,-2.3609236398815945
44294,0,0,-2.2394238434423563
44313,0,0,-2.899617280135426
44319,0,0,-1.2028143713491461
44328,0,0,-2.0156516732880454
44353,0,0,-0.2922021574959919
44355,0,0,-1.0018894643747032
44371,0,0,-3.109074324494162
44372,0,0,-1.6423646439111448
44373,0,0,-0.7091711074568018
44375,0,0,-1.5823401806128676
44388,0,0,-2.878102355473901
44389,0,0,-0.9363822428044832
44390,0,0,-1.2262146948356862
44392,0,0,-2.599055759741682
44397,0,0,-4.086095779161996
44406,0,0,-0.34174550535887377
44412,0,0,-1.785468224035286
44415,0,0,-2.575376949538113
44421,0,0,-1.6382329872843848
44422,0,0,-3.0544692387891867
44428,0,0,-2.279992497973672
44431,0,0,-1.314916959782337
44433,1,0,-0.15990069889473157
44436,0,0,-2.3509646739443806
44442,0,0,-1.497290769763703
44443,1,0,-0.22710036748426565
44446,0,0,-2.529614209580423
44457,0,0,-1.3720467985776563
44458,0,0,-0.3809919499007939
44475,0,0,-2.5522564679993938
44477,0,0,-1.2087805901826862
44480,0,0,-2.5040236929635076
44494,0,0,-2.728405626777673
44505,0,0,-0.8363387728877526
44516,0,0,-2.852300756667999
44522,0,0,-0.39116904832609994
44526,0,0,-2.327697577665115
44527,0,0,-1.7372098091212222
44534,0,0,-0.5212413542913645
44543,0,0,-2.215172908964205
44545,0,0,-0.7720521958503856
44556,0,0,-0.8747738033186584
44559,0,0,-1.6806398607326887
44563,0,0,-2.3312817380634088
44565,0,0,-0.7412097845350907
44567,0,0,-2.1037415567551037
44572,1,0,-0.6704523525915954
44573,0,0,-1.8280361087800852
44578,0,0,-1.5832839014631024
44585,0,0,-0.7061931516005289
44594,0,0,-2.970348036734479
44598,0,0,-0.522065723522724
44600,0,0,-1.6339054861243838
44601,0,0,-3.4411574106444878
44608,0,0,-2.231474514194299
44611,0,0,-0.8738731065953272
44629,0,0,-1.9982025570500765
44639,0,0,-0.5683678624957736
44641,0,0,-1.4973869266626643
44643,0,0,-2.97480344892531
44650,0,0,-0.8639726800059014
44653,0,0,-0.7468024016933343
44667,1,0,-0.3873944547550496
44668,0,0,-1.7349749558155865
44673,0,1,0.05181901116922827
44675,0,0,-2.126589023820782
44678,1,1,0.2921798573356871
44684,0,0,-1.6587361264489175
44693,0,0,-1.4467484343616697
44694,0,0,-1.4783567314876014
44697,1,0,-0.23055240323076953
44703,0,0,-0.3240600190764893
44705,0,0,-2.021272818715377
44729,0,0,-1.5949546240410162
44736,0,0,-2.576154021247935
44748,0,0,-0.8550031348859111
44764,0,0,-1.7161519435527424
44768,1,1,0.7967789906751042
44770,1,1,1.5298967775006365
44787,0,0,-0.7874090945899759
44788,0,0,-2.0208112202562267
44789,0,0,-2.129056694572924
44790,0,0,-2.929857678551392
44794,0,0,-0.7166683377377848
44802,0,0,-1.3329417192301674
44810,0,0,-3.0892557263303866
44811,0,0,-0.2226366703655357
44814,0,0,-0.938181647505303
44825,0,0,-2.4615735472791824
44832,0,0,-1.1453849299384995
44835,0,0,-0.7455594766885444
44840,1,1,0.2508475452735628
44841,0,0,-1.5841717166652156
44848,0,0,-1.9903988651651203
44849,0,0,-1.0333159813336459
44853,0,0,-1.761755403803309
44856,0,0,-0.8269999219590971
44859,0,0,-1.2044496292082933
44864,0,0,-3.0029605292861437
44867,0,0,-0.682500146901297
44872,0,0,-1.9932632281340228
44873,0,0,-1.392179623867271
44875,0,0,-1.9237515447876326
44878,0,0,-1.9952147514902119
44882,0,0,-1.2102232788925233
44883,0,0,-3.088314402021547
44884,0,0,-1.3447995188370054
44890,0,0,-2.7066956368345116
44893,0,0,-2.363095843616615
44894,0,0,-0.6543080242286925
44899,0,0,-1.2801636853380611
44905,0,0,-2.2144085804662774
44908,0,0,-2.081393252028336
44929,0,0,-2.3248602204939437
44937,0,0,-2.2089506308891593
44938,0,0,-2.0567462604836972
44944,0,0,-0.8260935788447197
44958,0,0,-3.3588837537362988
44961,0,0,-1.6033357279166798
44968,0,0,-2.3286854418893066
44975,0,0,-2.068336894330723
44980,1,1,1.5210134066927343
44982,0,0,-1.7413086034069192
45000,0,0,-2.9664676650804154
45003,0,0,-3.164216591835526
45005,1,0,-0.34132517695410425
45010,1,1,1.2301700819198624
45015,0,0,-2.0257443844920298
45018,0,0,-1.5028031506120931
45021,1,1,0.42301861142503516
45027,0,0,-1.947348837662151
45040,0,0,-0.0946432699446288
45044,0,0,-1.7552462215769562
45051,0,0,-1.0545765844596828
45052,0,0,-1.9630166058880492
45058,0,0,-0.9692645762205796
45060,0,0,-1.1185728950364677
45061,0,0,-1.2524587900815565
45067,0,0,-0.8212561768329789
45068,0,0,-0.9253651727018439
45075,0,0,-1.7642520101861323
45082,1,0,-0.21816274859391727
45089,1,1,0.11626088337743945
45101,0,0,-0.9659287994535874
45114,0,0,-2.8277114740142295
45124,0,0,-2.7092667394819188
45128,0,0,-1.4043549831747044
45132,0,0,-1.2107419613052226
45135,0,0,-1.9750694830757296
45141,0,0,-3.6543315087390553
45144,0,0,-2.3200182637133304
45145,0,0,-0.028999833401157304
45149,1,1,1.784312651093667
45152,0,0,-2.2480178364941326
45159,0,0,-3.734566998721405
45166,0,0,-1.7155138653973165
45175,0,0,-1.4199822480454372
45179,0,1,0.09097146869867523
45193,0,0,-0.4220189937162209
45196,0,0,-1.9235340741453848
45197,0,0,-2.969693805023293
45199,0,0,-1.8925033832097866
45209,0,0,-0.8449119079321804
45214,0,0,-0.9402763943592711
45220,0,0,-0.47479826585332263
45227,0,0,-3.6491256471628946
45228,1,1,0.1930712470468683
45235,0,0,-2.1385654193026973
45236,0,0,-0.8709432654464816
45243,0,0,-1.15079286338038
45247,0,0,-2.362988955686106
45250,0,0,-1.3717971807278428
45252,0,0,-1.6320686237672895
45253,0,0,-0.158394810611741
45259,0,0,-0.7202158278657675
45262,1,1,0.5485163507868038
45268,0,0,-1.4467538120062593
45275,0,0,-1.683539355762535
45279,0,0,-1.817694192596355
45280,0,0,-2.012006883880595
45287,0,0,-0.8622739672130011
45300,0,0,-2.405937837860777
45302,0,0,-1.131401590883066
45314,0,0,-0.6473078825416414
45321,0,0,-0.7218546542005011
45323,0,0,-1.6128731272201098
45325,0,0,-2.8128007559008585
45345,0,0,-1.3428782182685
45347,0,0,-2.6774684369869024
45364,0,0,-3.181214274823718
45366,0,0,-2.294994003339406
45384,0,0,-0.859261082211885
45387,0,0,-0.15373034673014951
45392,0,0,-1.6679919893476314
45401,0,0,-0.9013423157409598
45416,0,0,-1.0056962566614058
45423,0,0,-0.8108957237390436
45425,0,0,-1.4022793689273132
45431,0,0,-0.4849159430774218
45433,0,0,-1.4327095817357807
45434,0,0,-1.2276655296632966
45435,0,0,-3.2860362738612743
45438,0,0,-1.572581171433993
45439,0,0,-2.8671867088274645
45442,0,0,-1.5071367054394094
45451,1,1,0.49453627668040756
45458,0,0,-1.002596928907181
45465,0,0,-0.9919303067783365
45469,0,0,-1.2973401548200982
45472,0,0,-1.9688031044152747
45500,0,0,-2.0396236936416594
45502,0,0,-3.217048874586374
45503,0,0,-3.133758218292683
45508,0,0,-1.4583063312129863
45519,0,0,-3.0585132762176936
45527,0,0,-2.311305620596157
45530,0,0,-2.6145682819761586
45533,0,0,-0.1107780165945228
45534,0,0,-1.6085893727740777
45537,0,0,-0.5467580254307973
45540,0,0,-1.7632774751775695
45542,0,0,-0.6346793113705286
45543,0,0,-1.1583674558468813
45545,0,0,-2.3660940743765915
45547,0,0,-1.6798808373938885
45551,0,0,-2.805796337773149
45555,0,0,-0.8047141376334707
45561,0,0,-1.8911917353607965
45562,0,0,-0.9655252996734897
45568,0,0,-1.0375608242968744
45574,0,0,-2.4774429736613515
45577,0,0,-0.9721385910189092
45582,0,0,-2.250677885184328
45588,0,0,-0.8820274787462855
45599,0,0,-3.7752350628195526
45609,0,0,-0.20480812472665522
45617,0,0,-0.1746678172783418
45618,0,0,-1.3451809332725553
45624,0,0,-1.1165051315422316
45627,0,0,-1.3486885797953114
45636,0,0,-2.9550244368517253
45639,0,0,-1.7693796531262693
45640,1,1,0.23383850987866417
45648,0,0,-1.2321336100008626
45661,1,0,-0.7336454074979488
45666,0,0,-1.6963183526798968
45670,0,0,-1.0176636447298204
45678,0,0,-2.6114899582759596
45682,0,0,-2.6649344613587225
45685,0,0,-1.8542262908636613
45690,0,0,-0.7243673395202604
45695,0,0,-1.8708353357982077
45698,0,0,-2.3595170675096395
45703,0,0,-1.5410648119062116
45705,0,0,-2.4316259505024527
45708,0,0,-2.151267885667309
45710,0,0,-1.042555367912659
45714,0,0,-1.2624461874186783
45719,0,0,-1.8727179701812215
45722,0,0,-1.831159438011952
45725,1,1,1.1644574824528746
45742,0,0,-3.20882994030927
45756,1,1,0.4884358470265051
45760,1,1,0.05908599757639843
45768,0,0,-2.6463847345430196
45772,0,0,-1.6001795593988002
45775,0,0,-1.1758076778808864
45776,0,0,-1.4341643164501274
45784,0,0,-0.9380458611203826
45792,0,0,-0.8359424213041965
45795,0,0,-2.016384038885322
45796,0,0,-1.9560130507258566
45797,0,0,-0.6534120594640538
45800,0,0,-1.4818604334434098
45813,0,0,-1.0601785051526353
45830,1,0,-1.1715819616706693
45831,0,0,-1.2474856769881297
45833,0,0,-0.31880157251265795
45840,0,0,-0.6605769028534654
45847,0,0,-1.2091038121798876
45851,0,0,-2.1488111205186353
45852,0,0,-1.1197208108045027
45863,0,0,-0.9345733784589021
45879,0,0,-1.421507787138593
45888,0,0,-2.1688024991723216
45892,0,0,-1.8689081696932741
45898,0,0,-2.6680824736786315
45900,0,0,-1.721829560919177
45905,0,0,-1.1008119344573197
45914,0,0,-0.5950442667714357
45939,0,0,-1.3499494661742055
45950,0,0,-1.5557757343025973
45951,0,0,-2.652492685903373
45954,0,0,-0.6007367324674305
45955,0,0,-1.3234073642652817
45958,0,0,-2.686722747753247
45973,0,0,-2.1247578472842132
45978,0,0,-0.7074279216432496
45984,0,0,-2.1105819455451336
45985,1,1,0.6287000280607895
46003,0,0,-1.7837297784098403
46006,0,0,-1.8718767621145282
46017,0,0,-0.8408494616973985
46019,0,0,-3.1724885034778625
46020,0,0,-2.005205993859965
46022,1,1,1.2180213294623876
46027,0,0,-2.936857390987816
46030,0,0,-1.7075376564421116
46033,0,0,-2.3925689576804414
46038,0,0,-2.5222164434516854
46060,0,0,-2.7095802788448977
46065,0,0,-1.9523522992695819
46066,0,0,-1.7995863084947814
46072,0,0,-1.515410114351387
46075,0,0,-2.6009182899223786
46078,0,0,-0.5938831051457601
46080,0,0,-2.3076287668238145
46082,0,0,-1.2329426769022138
46086,0,0,-2.3952631466408407
46109,0,0,-0.40013133772651
46111,0,0,-2.587454901164644
46114,0,0,-3.382183163737346
46119,0,0,-2.387656445804999
46122,0,0,-2.1270523553948824
46127,0,0,-2.2236988200902816
46130,0,0,-1.6587320667862921
46133,0,0,-2.270738222350114
46137,0,0,-0.8115120142228391
46139,0,0,-1.5758226440680718
46150,0,0,-2.704585354038937
46152,0,0,-1.7926169635019364
46156,1,1,1.5090764887481314
46160,0,0,-2.245493660361332
46176,0,0,-1.19409505610719
46183,0,0,-3.314674639426559
46186,0,0,-2.072074232571665
46188,0,0,-1.9562902491783059
46191,1,1,1.0276406846131252
46205,0,0,-0.9078010077442258
46210,0,0,-0.8283792489196218
46212,0,0,-0.7617108824139807
46217,0,0,-2.524522242341713
46221,1,1,1.573069160605966
46227,0,0,-1.1448353573415708
46229,0,0,-1.1494233736244652
46232,0,0,-2.0467995474271143
46239,0,1,0.059767685548426486
46246,0,0,-0.47399482500028733
46261,0,0,-1.9742222172639445
46263,0,0,-2.98028769840431
46295,0,0,-1.290127347899455
46301,0,0,-3.041861297176582
46302,0,0,-2.194503613541407
46313,0,0,-2.266300305450731
46323,0,0,-2.772891151873271
46328,0,0,-1.02674066986032
46332,0,0,-3.039368645907823
46335,0,0,-2.727314348088676
46340,1,0,-0.5385396711609374
46342,0,0,-1.3531278392543662
46353,0,0,-1.9169795314595137
46365,0,0,-2.7555526845187526
46366,0,0,-0.2692257695516095
46384,0,0,-0.9259583724745024
46385,0,0,-2.5620023323952363
46394,0,0,-2.3999847071068414
46403,0,0,-2.087622504611126
46416,0,0,-3.975932757004469
46417,0,0,-1.6219401089229804
46420,0,0,-0.8784725222921428
46430,0,0,-0.8457664752160523
46434,0,0,-2.2065721279199666
46435,0,0,-1.2693296123290494
46440,1,0,-0.5058281520402456
46452,0,0,-2.0942168913577897
46457,0,0,-1.8064296988231767
46461,0,0,-2.1389683639520944
46467,0,0,-0.43703212352304555
46473,0,0,-1.1005555304787824
46477,0,0,-0.551598165337058
46481,0,0,-2.087998727588049
46490,0,0,-2.381991462440712
46499,0,0,-0.7626252258377348
46501,0,0,-1.31986716681748
46506,0,0,-1.5760281995338232
46509,1,1,0.9106080245310595
46526,0,0,-2.059285202259355
46532,0,0,-0.8510498379495455
46534,0,0,-0.7477974921407939
46535,0,0,-1.4512976258766535
46539,0,0,-0.4707685359609476
46545,0,0,-1.2350459824922266
46546,0,0,-1.6093517254954048
46551,0,0,-0.9068524046170112
46557,0,0,-1.2834141914886743
46558,0,0,-0.06120283507845803
46564,0,0,-3.4075080403902156
46578,0,0,-1.204559838074153
46590,1,0,-0.6583454389785522
46597,0,0,-1.108075357988909
46603,1,1,0.6329771834084805
46616,0,0,-1.2383408813518053
46626,0,0,-2.5140083344905175
46648,0,0,-2.2199603452628716
46657,0,0,-3.3821260855270747
46662,0,0,-2.6096053332035405
46663,0,0,-1.6696631085396152
46664,0,0,-2.353796290791275
46672,0,0,-2.4233507888566255
46688,0,0,-0.45399089089928335
46690,0,0,-0.757310142721898
46696,0,0,-2.578306944380068
46698,0,0,-1.6877196912029542
46700,0,0,-0.07633828116312491
46719,0,0,-2.8680273934173
46722,0,0,-1.4349431984508607
46725,1,1,1.2399940371527551
46727,0,0,-1.7555598309524703
46729,0,0,-2.6271920832402724
46733,0,0,-0.9957472397711932
46735,0,0,-2.5701055456408066
46736,0,0,-1.47516554975426
46737,0,0,-1.2206401411081533
46742,0,0,-0.8623242866337587
46749,0,0,-1.0159665198465162
46751,0,0,-3.63368269930636
46762,0,0,-2.019102314764819
46766,0,0,-3.6344063788078893
46784,0,0,-1.4136377691337463
46785,0,0,-1.2182028910351543
46786,0,0,-1.087039665334298
46787,0,0,-2.6321194237693835
46799,0,0,-1.9455713701565598
46801,0,0,-0.8236872057678883
46803,0,0,-1.9392526205479186
46805,0,0,-1.2377375702424152
46812,0,0,-2.2502525830287983
46814,1,0,-1.0803647055181078
46821,0,0,-2.2256325647972313
46828,0,0,-1.1845535616452172
46833,0,0,-2.0386902354520604
46834,0,0,-1.6637220627847156
46836,0,0,-1.198364660804566
46848,0,0,-1.9236530724695065
46874,0,0,-1.4976288477974313
46876,0,0,-1.2793009983467822
46877,0,0,-1.32645380010571
46881,0,0,-2.5688731898676607
46882,1,1,0.1102912396337582
46885,0,0,-1.720844680681555
46906,1,0,-0.790976500780324
46909,0,0,-2.98833145887708
46911,0,0,-0.8793498843182975
46915,0,0,-1.2365878687280052
46924,0,0,-0.44068180615529196
46925,0,0,-1.5898028810680878
46929,0,0,-1.3283326251009164
46939,0,0,-2.242202685524182
46940,1,0,-0.4213315848172373
46941,0,0,-2.8145125714679633
46947,0,0,-3.0900417667824485
46952,0,0,-3.1147521738295065
46956,1,0,-0.6152602917920476
46958,1,0,-1.410616887405176
46959,0,0,-2.423780915195243
46964,0,0,-1.3631121592738846
46972,0,0,-2.036868601315412
46973,0,0,-0.3670261205162875
46978,0,0,-1.1748718173333976
46982,0,0,-2.4477939334507735
46984,0,0,-2.3378622442037713
46995,0,0,-2.0228670973198426
47000,0,0,-1.5346475939260116
47013,0,0,-3.5312691618041843
47017,0,0,-0.5267871868372813
47020,0,0,-0.9052347791507701
47024,0,0,-1.8706258352753908
47027,0,0,-1.293437067163864
47031,0,0,-1.3699841620891258
47039,0,0,-1.829931233366532
47045,0,0,-1.749564125799333
47055,0,0,-0.8290882906915811
47062,0,0,-2.487496350650324
47074,0,0,-1.588641325198984
47076,0,0,-2.346408886699181
47077,1,0,-0.45915350468967575
47080,0,0,-1.413798376227935
47091,0,0,-0.7984142045368348
47095,0,0,-3.1777689343799356
47102,0,0,-1.9371070371952095
47105,0,0,-2.1324180277427702
47109,0,0,-1.1182875096110254
47116,0,0,-1.9382538156920386
47117,1,1,1.0217422213818663
47125,0,0,-1.5164978204039408
47130,0,0,-0.7855181927131467
47141,0,0,-0.9566598168217479
47143,0,0,-1.838436000802892
47145,0,0,-1.3526600640507584
47151,0,0,-1.7990751942235943
47160,0,0,-2.692275994060683
47187,0,0,-0.5596040136324356
47198,0,0,-1.0393293282342013
47205,0,0,-1.1835623343117576
47211,0,0,-0.8659138527580033
47219,0,0,-2.000211985074616
47221,0,0,-1.1381676138814283
47227,0,0,-1.8746162242573488
47230,0,0,-1.1158468376779571
47235,0,0,-1.6813370677134811
47238,0,0,-1.592209663424973
47246,0,0,-1.5557275510679656
47247,0,0,-1.5186231975599491
47252,0,0,-2.260924721718907
47255,0,0,-1.0729721118535203
47256,0,0,-0.9880796586383649
47257,0,0,-1.1203000125813691
47259,1,1,0.5723922789804343
47262,0,0,-2.832912208641911
47267,0,0,-1.630116455213853
47275,0,0,-2.331809462542868
47283,0,0,-2.480698375753461
47293,0,0,-1.1953706456654347
47303,0,0,-2.230566317220916
47307,0,0,-2.3312647156271766
47313,0,0,-2.251575668120041
47316,0,0,-2.7549827175197033
47318,0,0,-1.5302232231537132
47319,0,0,-1.3034529065655276
47326,0,0,-1.6135939551298457
47339,0,0,-2.084430406458041
47344,0,0,-1.702246468295022
47345,0,0,-1.5259802402645941
47346,0,0,-0.688650772188131
47348,0,0,-1.4827851751039443
47349,0,0,-2.6949094774052496
47350,0,0,-1.5110304984808633
47353,0,0,-2.456104915317051
47370,0,0,-2.034690998674388
47375,0,0,-1.8906796071853427
47379,0,0,-2.0170174611657545
47382,0,0,-2.058987069195309
47390,0,0,-1.603998124740137
47395,0,0,-0.6724685867913633
47398,1,1,1.6648401876230385
47404,0,0,-2.8569043762737936
47406,0,0,-1.3487441140061942
47409,0,0,-1.3824373674935373
47418,0,0,-1.649676214607013
47436,0,0,-0.5649361758110717
47444,0,0,-2.7107255040500213
47445,0,0,-1.7861249966831934
47458,0,0,-2.4485151336278905
47464,0,0,-0.9024239998935972
47467,0,0,-1.8610993303453742
47469,0,0,-1.3320834944173545
47471,0,0,-1.9544853924030805
47473,1,0,-1.2059028681966921
47474,0,0,-2.498818409385313
47481,0,0,-1.4361653439818058
47486,0,0,-1.3334055316980067
47491,0,0,-1.9929326812254151
47504,0,0,-1.5226563391367924
47505,0,0,-0.8181565020795614
47507,0,0,-1.4841316206721815
47509,0,0,-1.089715199414592
47513,0,0,-3.8465127548005666
47515,0,0,-2.367353314746574
47524,0,0,-1.6154540753771687
47532,1,1,0.7266090827400808
47534,0,0,-3.2011991241447184
47536,0,0,-1.5440319923911177
47544,0,0,-1.3810666537150897
47549,0,0,-1.6875956338026858
47551,0,0,-0.776907433805185
47553,1,0,-0.7986337419455855
47555,0,0,-3.0042833806654254
47557,1,1,1.4510929400632502
47563,0,0,-1.9611909888761132
47572,0,0,-2.3038499669244628
47576,0,0,-1.1570845021122083
47588,0,0,-1.709168524694527
47589,0,0,-3.566965826131816
47591,0,0,-0.6946803209706687
47592,0,0,-1.415715359203113
47603,0,0,-1.7242256704569905
47610,0,0,-0.6936342528325015
47615,0,0,-1.0038940649312535
47620,0,0,-2.978588785349719
47643,0,0,-2.7356046496122337
47662,0,0,-1.2629782673748
47665,0,0,-1.8587667586802972
47666,0,0,-2.0190818011311027
47668,0,0,-0.38989244119795835
47672,0,0,-1.0839974722527455
47676,0,0,-1.8466179391581534
47685,0,0,-1.533140327579819
47687,0,0,-1.089750297449995
47689,1,1,0.049896687047799926
47695,0,0,-0.5598138584085981
47696,1,1,0.286949152213438
47697,0,0,-4.528572062326921
47702,0,0,-1.8862758535622985
47711,0,0,-0.3896082770285474
47717,0,0,-2.277906615731868
47720,0,0,-2.3009347296642053
47727,0,0,-2.787118346419536
47728,0,0,-2.458595230802602
47744,0,0,-2.7222710893556226
47751,0,0,-2.0295609972991127
47754,0,0,-1.674580754061247
47756,0,0,-1.5336816050410074
47757,0,0,-1.8951074619072605
47764,0,0,-0.9213641202775682
47766,1,0,-0.3590180022811812
47767,0,0,-2.2660326516405656
47773,0,0,-1.2947792989677605
47775,0,0,-2.5910722458206097
47796,0,0,-0.5947306957732827
47802,0,0,-1.9764485840917945
47803,0,0,-1.446496147851138
47805,0,0,-1.0458422757496673
47806,0,0,-1.1484624332005637
47809,0,0,-1.019688778875474
47814,0,0,-1.4832221652794249
47817,0,0,-1.9607747462547669
47819,0,0,-0.7074606127281735
47820,0,0,-2.369328726256618
47821,0,0,-1.4045745452622578
47825,0,0,-0.9251969590541851
47827,1,0,-0.0991611534032657
47839,0,0,-1.2436038879828621
47840,0,0,-2.2427118795566017
47841,0,0,-1.713268360344625
47844,0,0,-1.306815010089402
47848,0,0,-1.6331472226446104
47865,0,0,-2.57676457198897
47866,0,0,-1.1396136271985668
47879,0,0,-1.827597347269864
47885,0,0,-1.5021674173078217
47896,1,0,-0.5044074449679937
47899,0,0,-1.1902891581116213
47900,0,0,-0.8712688507390904
47905,0,0,-1.6400946333075763
47908,0,0,-1.7103619443048197
47915,0,0,-2.611550323815894
47918,0,0,-1.9479788584264646
47919,0,0,-0.11014026459123438
47921,0,0,-3.393902408721554
47922,1,1,0.21497375455889323
47925,0,0,-1.0637682904070358
47927,0,0,-2.5480785261274868
47933,1,1,0.48680257182391684
47934,0,0,-1.8814691101017658
47939,0,0,-1.831149620289701
47945,0,0,-1.0261221275025736
47948,0,0,-2.1799569269596293
47952,0,0,-1.1045335900234416
47953,0,0,-1.6874743155393572
47957,0,0,-3.2311653317298044
47961,0,0,-1.3550454099059726
47968,1,1,0.25949259745829845
47973,0,0,-1.9454926146237392
47974,0,0,-2.6294860409774854
47975,0,0,-2.1761434928013497
47980,0,0,-1.9516918632327072
47984,0,0,-1.0737875890722979
47985,0,0,-0.7948175913093519
47986,0,0,-0.9220996579212936
47991,0,0,-1.3005175945468939
47992,0,0,-1.4388541042922607
48001,0,0,-2.026752856438779
48003,0,0,-0.9336650258194378
48015,0,0,-0.7071930380375622
48019,0,0,-0.6093752760536095
48024,0,0,-2.2561038313101784
48025,0,0,-1.3206897862963891
48028,0,0,-1.184385062552375
48029,0,0,-2.8283788876608957
48031,0,0,-2.144754076378864
48032,0,0,-3.0264647275500005
48036,0,0,-1.651197385696403
48040,0,0,-2.301248777858543
48045,0,0,-1.5252472505443837
48048,0,0,-0.8491852043365287
48050,0,0,-0.7852168571702534
48059,0,0,-0.7752314743860016
48060,0,0,-2.030002915070939
48061,0,0,-1.2446153417248687
48063,0,0,-2.811827641348362
48067,0,0,-1.1333139506784988
48070,0,0,-3.8337602589735678
48072,0,0,-1.414866457840236
48086,1,1,0.05852875131008051
48088,0,0,-3.030419370918243
48091,0,0,-1.66927258872369
48093,0,0,-2.042465283973859
48094,0,0,-0.9343333593766742
48102,0,0,-2.6394040815267923
48111,0,0,-1.2077647359722465
48116,0,0,-0.9604038649789621
48128,0,0,-0.6083996036298547
48131,0,0,-1.7358091778249907
48135,0,0,-0.935813093733439
48137,0,0,-2.7935961140145906
48143,0,0,-2.035647141006013
48146,0,0,-0.9118957380957994
48149,0,0,-1.4104493288394766
48151,0,0,-1.4599787368656114
48156,0,0,-2.466727656320598
48162,0,0,-0.7411467740306408
48164,0,0,-3.465040199189298
48171,0,0,-2.5058141782156973
48181,0,0,-2.487794642045512
48185,0,0,-1.4458690392357414
48189,0,0,-1.0066372482784782
48193,0,0,-2.767888257364545
48194,0,0,-0.7797971302046892
48201,0,0,-1.8300543064484807
48210,0,0,-1.7712559509512822
48227,0,0,-2.4911627647677332
48230,0,0,-1.4586235211275635
48236,0,0,-0.8387815941813613
48237,0,0,-1.7548971829740445
48241,0,0,-1.507929502713277
48254,0,0,-1.5813926744910372
48262,1,1,0.3157102897517443
48264,0,0,-1.104123084609418
48274,0,0,-0.5940857104245654
48278,0,0,-2.8225996443876316
48279,0,0,-1.7219108517860042
48297,0,0,-3.857651239369158
48298,0,0,-0.08240794042855093
48301,0,0,-1.8808346800879439
48302,0,0,-2.15571158710617
48303,1,0,-0.7405857190387861
48306,0,0,-3.9744601079138153
48311,0,0,-1.5773124822203932
48315,0,0,-0.8046828443514193
48320,0,0,-2.3799085968496305
48321,0,0,-1.2464551930011492
48323,0,0,-1.8998706042494822
48329,0,0,-0.9914535175316214
48341,0,0,-0.6448635341569284
48345,0,0,-1.8796584585929108
48356,0,0,-2.0404120614659425
48357,0,0,-3.8483671001022763
48358,0,0,-1.6926810744016958
48359,0,0,-1.7298887515926578
48363,0,0,-2.849268832894661
48367,0,0,-0.4518183667826995
48379,0,0,-1.0958015570305748
48380,0,0,-1.081423423676596
48385,0,0,-1.8903243025832341
48386,0,0,-3.1823675792591857
48399,0,0,-1.9088655397886953
48403,0,0,-1.949270202464283
48409,0,0,-2.6471259383334713
48419,1,1,1.229298851474921
48421,0,0,-1.2164983792224298
48426,0,0,-1.6639998885342555
48430,0,0,-1.1008486371652604
48440,0,0,-2.82568305680324
48454,1,0,-0.44003900838542553
48456,0,0,-3.5433838895569094
48458,0,0,-0.938989707752697
48464,0,0,-1.1020527418783244
48471,1,1,0.13162177001165087
48474,0,0,-2.32165463764691
48479,0,0,-2.7468068704654436
48482,0,0,-0.7874277277334703
48483,0,0,-0.218092194939427
48484,0,0,-2.050566364551951
48485,0,0,-1.6518099521769738
48486,0,0,-0.728019986604341
48491,0,0,-1.059877423697742
48495,0,0,-1.2998436438843646
48504,0,0,-3.791575186960844
48512,0,0,-1.8441408885491928
48515,0,0,-2.261959500255225
48531,0,0,-1.5662679415336318
48536,0,0,-1.3410727584381203
48537,0,0,-4.081501206508217
48544,0,0,-1.5596824299153615
48553,0,0,-1.7487666011895193
48554,0,0,-1.3041328278013666
48555,0,1,0.26307161009906066
48566,0,0,-1.6551120967868438
48576,0,0,-1.6933054614550547
48577,0,0,-0.9493083926522874
48581,0,0,-1.1714718573007095
48583,0,0,-1.7742716629857882
48587,0,0,-1.4808042406673094
48596,0,0,-2.317735857492151
48616,0,0,-0.66388685011911
48622,1,1,0.8925893226201869
48629,0,0,-1.844750297342597
48636,0,0,-1.4883616566852995
48648,0,0,-2.288272512018697
48653,0,0,-2.1838480343528
48655,0,0,-0.549063036264523
48657,0,0,-0.5257960395716146
48664,0,0,-1.1481793058964822
48668,0,0,-1.9337867817791896
48669,0,0,-2.8386870269020594
48678,0,0,-1.242869143259605
48681,0,0,-2.273232801899617
48688,1,0,-0.7665032021298168
48689,0,0,-3.153291437960103
48717,0,0,-1.8817159283475398
48728,0,0,-1.4528397921241472
48729,0,0,-2.6027780030102203
48731,0,0,-1.1166840590966787
48745,0,0,-1.0705666689937585
48747,0,0,-0.5655189178617097
48761,0,0,-1.5704226583606697
48762,0,0,-1.3438699139645098
48767,0,0,-4.104061096335878
48770,0,0,-1.1128592768669754
48787,0,0,-1.2604445386862724
48793,1,1,0.9311421392573083
48797,0,0,-0.08696741872059144
48812,0,0,-0.49497470175893676
48817,0,0,-0.12867490296589223
48828,0,0,-1.533139259132925
48832,0,0,-1.7440735922731934
48835,0,0,-1.5793983499196824
48836,0,0,-2.2780594233558604
48837,0,0,-2.071051110468929
48844,0,0,-2.9677889822824985
48846,0,0,-1.0455164902990337
48857,0,0,-1.0363297477399895
48865,0,0,-2.297443215815039
48869,0,0,-1.587089781906846
48890,0,0,-2.7422569433747572
48892,0,0,-0.857981540033236
48906,0,0,-1.3020366522491906
48907,0,0,-0.556105349331921
48946,0,0,-1.4697017163788233
48947,0,0,-1.8672833276221017
48957,0,0,-1.8703993569542978
48958,0,0,-1.1972653942282594
48959,0,0,-3.215495351054579
48965,0,0,-2.8043575342877975
48969,0,0,-1.9058597240980635
48977,0,0,-2.9898567092894215
48982,0,0,-1.7485307980810683
48991,0,0,-0.706786119120431
48993,0,0,-1.274591616371442
48995,0,0,-2.351740412099769
49005,0,0,-0.7418373481436341
49010,0,0,-2.1146987860724944
49014,0,0,-1.846409786241114
49015,1,0,-0.4056453019041066
49016,0,0,-1.5744659094704452
49033,0,0,-1.4509089593152442
49035,0,0,-3.0853572967892084
49038,0,0,-3.9196530197593873
49042,0,0,-4.047907714435682
49044,1,0,-0.5126257776201912
49048,0,0,-2.34001259900282
49050,0,0,-2.1666284569685894
49061,0,0,-1.0706286636752544
49071,0,0,-1.1663347779729605
49075,0,0,-1.8964713233821369
49076,0,0,-1.4678753944185328
49081,0,0,-2.4559152970034877
49089,0,0,-2.3873411310977444
49095,1,0,-0.0005186614398727807
49107,0,0,-1.343510100245699
49122,0,0,-2.908765871899118
49124,0,0,-1.8824332610444243
49126,0,0,-1.0799287714491397
49128,0,0,-1.2234818548868183
49132,0,0,-2.3962256952046106
49133,0,0,-2.968673844177978
49136,0,0,-1.6067958865388887
49137,1,1,0.004223359504812674
49140,1,1,1.1571259284915325
49142,0,0,-2.243494612689366
49144,0,0,-0.8353371789602917
49149,0,0,-0.7895524533317325
49166,0,0,-1.9932487578398186
49169,0,0,-1.4177005350345997
49181,0,0,-2.202874321292321
49185,0,0,-1.086577776932793
49187,0,0,-1.6209766837955515
49200,0,0,-1.7276270384496657
49203,0,0,-1.5163771135236377
49205,0,0,-0.6904197380826376
49215,0,0,-0.8141792749647837
49216,0,0,-1.8056981055025676
49218,0,0,-2.9055424413147515
49220,0,0,-1.1050977473630736
49231,0,0,-1.6980028791032584
49244,0,0,-0.6620322788103427
49253,1,0,-0.9846193843617834
49255,0,0,-0.8831793914412016
49266,0,0,-2.102617819268324
49271,1,0,-0.7535265710187966
49283,0,0,-1.8543052229866614
49284,0,0,-2.6065512379923943
49300,0,0,-2.156115184731898
49307,0,0,-3.86398867749915
49308,0,0,-1.7518032964547652
49312,0,0,-2.9928511670757905
49313,0,0,-1.7157927788267118
49318,0,0,-1.4602747281845905
49324,0,0,-0.17228285730843673
49341,0,0,-1.5144673820318593
49344,1,1,0.8724028516175706
49345,0,0,-1.0647424709030406
49347,1,1,0.13696295195275854
49349,0,0,-2.4555502535912312
49362,0,0,-1.4979399437457526
49369,0,0,-1.9708586184756787
49391,0,0,-1.254590497648616
49397,0,0,-1.0922207395695784
49399,0,0,-0.27181762673428855
49400,0,0,-2.122488011941308
49404,0,0,-2.39133457137666
49405,0,0,-1.4209605097711873
49422,0,0,-0.6887545970841347
49425,0,0,-2.851970801276628
49429,0,0,-2.816548846988243
49430,0,0,-2.723405005130151
49433,0,0,-3.8706116165685502
49434,0,0,-2.106842074212333
49435,0,0,-1.5855469324675144
49438,0,0,-2.061943604434671
49440,1,0,-0.7322792576584168
49444,0,0,-0.49609781667804254
49445,0,0,-0.08475511973114869
49449,0,0,-0.8927191426676695
49454,0,0,-0.542596591307194
49455,0,0,-2.2781979549001523
49458,1,0,-0.5659119442388584
49477,0,0,-1.866207718568874
49484,0,0,-0.9928150387047268
49493,0,0,-0.7048533290957171
49498,0,0,-1.1314004854644413
49499,0,0,-2.13735162149774
49522,0,0,-0.9991686726026818
49525,0,0,-2.6771452249837635
49527,0,0,-0.8848226689269434
49529,0,0,-1.2661127744341707
49540,0,0,-0.35462434827906486
49541,0,0,-0.10287040937262693
49542,0,0,-0.7865681008334908
49551,0,0,-3.030849599721658
49557,0,0,-2.43806259534918
49559,0,0,-1.6190947112144023
49564,0,0,-2.1167499296680052
49567,0,0,-3.2078810852383732
49568,0,0,-2.595235153110206
49570,0,0,-0.5777108192006077
49599,0,0,-1.0416734637713423
49601,0,0,-2.9624796063628924
49604,0,0,-2.31062277658923
49605,0,0,-1.1610388629817916
49614,0,0,-0.8611374783339073
49616,0,0,-2.8072505703902495
49631,0,0,-1.8753488126485724
49633,0,0,-1.3766627889384093
49636,0,0,-1.075379400666669
49637,0,0,-1.5528534556975808
49640,0,0,-1.8287387361958378
49642,0,0,-0.4539942172976489
49656,0,0,-2.761049937154509
49660,0,0,-1.4353237475199698
49662,0,0,-0.7104604032720394
49666,0,0,-0.8812054288670155
49670,0,0,-2.405753357107119
49674,0,0,-1.8904109808425704
49676,0,0,-2.524712840163115
49682,0,0,-2.593137759806339
49691,0,0,-3.646860627801649
49696,1,0,-0.8876905370757451
49701,1,1,0.3109010786303503
49704,0,0,-0.5743691025956548
49705,0,0,-1.6033911961882075
49717,0,0,-0.18285987814257065
49720,0,0,-1.6656022414442324
49726,0,0,-1.0222881470675111
49729,0,0,-1.7020860992387539
49732,0,0,-2.065948137436151
49734,0,0,-1.824664344310214
49735,1,0,-0.8680467757221814
49736,0,0,-2.543133704772586
49737,0,0,-0.5433446037017733
49742,1,1,1.3835273934066132
49743,0,0,-2.107670508084207
49748,0,0,-2.8996632472085677
49757,0,0,-0.8462251120458557
49759,0,0,-1.5541405148292358
49760,0,0,-0.6592728203473612
49763,0,0,-0.7601987908184921
49764,0,0,-0.7544500141715443
49785,0,0,-2.7542319664733297
49787,0,0,-1.8236782727494893
49789,0,0,-2.086868753619452
49791,0,0,-1.1114765592589329
49799,0,0,-1.0102167394324302
49810,0,0,-1.6341209471088303
49812,0,0,-1.483823941824353
49818,0,0,-1.3070994016503157
49828,0,0,-1.9502373704733793
49842,0,0,-0.7066152225451425
49846,0,0,-3.500067016771557
49848,0,0,-1.5801079586498408
49854,0,0,-1.1687913929488207
49858,0,0,-4.022361668820161
49859,0,0,-1.0608399922861906
49866,0,0,-1.336498164505681
49876,0,0,-0.7023302667354052
49879,0,0,-1.1231341616141584
49884,0,0,-1.6054417672602244
49885,0,0,-1.6316719852891481
49890,0,0,-2.409078668839965
49896,0,0,-1.4166190055727053
49898,0,0,-3.480968290833392
49903,0,0,-1.8550946694111052
49925,0,0,-1.4001507114242657
49926,0,0,-1.0155111094686644
49927,0,0,-0.9774786278247211
49935,1,1,0.5305288378050133
49942,0,0,-0.9432984919116516
49945,0,0,-1.7215044008816545
49948,0,0,-2.5693817558016905
49949,1,1,1.1265204518723961
49951,0,0,-1.8880937236979538
49964,0,0,-2.122660369981286
49966,0,0,-1.7023776080737103
49974,0,0,-0.7993702299806238
49983,0,0,-2.276870171149551
49991,0,0,-0.9465776199221987
49994,0,0,-0.5576149659904938
50000,0,0,-2.87772758570902
50011,1,0,-0.3283715994076245
50014,1,0,-0.8478601391083835
50023,0,0,-0.37309796956086694
50024,0,0,-0.6345849641955232
50027,0,0,-1.4960612799039237
50029,0,0,-0.7807067150839673
50032,1,1,1.9696295618874828
50048,0,0,-1.3375512644915104
50060,0,0,-2.2200301967213494
50067,0,0,-0.472926841188378
50075,0,0,-1.259769743936821
50076,0,0,-2.600537548827303
50078,0,0,-3.5865708139544266
50086,0,0,-3.3735318011811843
50089,0,0,-2.9727272731560905
50094,0,0,-1.3475022813576911
50095,0,0,-0.6386228319434195
50114,0,0,-1.9041736511567962
50117,0,0,-1.3043508968498356
50120,0,0,-2.2260191601437516
50123,0,0,-0.9552480691653541
50130,0,0,-2.8712756852817582
50132,0,0,-2.33414038608088
50133,0,1,0.07728630527715685
50136,0,0,-3.1461728271547287
50145,0,0,-2.3804855076813363
50148,0,0,-1.0749959053147864
50149,0,0,-2.2089977425007694
50150,0,0,-2.0668220353979443
50151,0,0,-1.0957530815586636
50177,0,0,-0.8368970800011829
50180,0,0,-0.7151006399824058
50182,0,1,0.13766427911119083
50184,0,0,-1.6996150108123085
50194,0,0,-2.2250276460566876
50200,0,0,-1.9975332058226252
50208,1,0,-0.5504967144927063
50209,0,0,-2.4803671495813324
50211,0,0,-3.17493583048807
50212,1,1,0.4333806784033165
50213,0,0,-0.7292756203889557
50216,0,0,-1.0306221365320516
50218,0,0,-0.5502576838180229
50219,0,0,-2.339252171899817
50222,1,0,-0.32617932389395404
50227,0,0,-2.1149533533462153
50233,0,0,-0.4178579001804975
50234,0,0,-1.6969138777721033
50235,0,0,-1.762354047723583
50240,0,0,-0.516457468669586
50246,0,0,-1.790931761078583
50247,0,0,-1.000777118018901
50252,0,0,-0.3850956075996801
50261,0,0,-1.901647569646294
50268,0,0,-0.8661461706136324
50275,0,0,-1.7041350944123463
50277,0,0,-2.4878787494053523
50287,0,0,-0.9565277664092825
50289,0,0,-2.048254797062256
50295,0,0,-1.8678552994175754
50299,0,0,-0.7406250173367559
50315,0,0,-0.3902607371746428
50317,0,0,-1.811702213492133
50320,0,0,-1.4733870981570325
50322,0,0,-0.9747126529385273
50328,0,0,-0.880297066460691
50330,0,0,-1.4145372611109335
50346,0,0,-1.6030911998469155
50360,0,0,-1.5021724873331026
50364,0,0,-3.088967481278458
50369,0,0,-0.44645485168043114
50373,0,0,-0.9260795233177301
50375,0,0,-2.577267238577396
50384,0,0,-1.522780983382677
50385,0,0,-2.4927185198140656
50388,0,0,-3.4854951435239183
50390,0,0,-1.975985849035654
50400,0,0,-0.7722646971211373
50404,0,0,-1.4341758855063254
50407,0,0,-0.5125531448640442
50413,0,0,-0.85156457636866
50415,0,0,-0.9622568935459188
50421,0,0,-1.42545176277759
50428,0,0,-0.712623641043332
50429,0,0,-0.1593879765751317
50431,0,0,-1.0287751098069988
50439,0,0,-3.168402747312328
50449,0,0,-0.5977796651794127
50460,0,1,0.12716650755692338
50467,0,0,-0.342419728315169
50471,0,0,-1.680796871895492
50482,0,0,-1.2970994715974529
50496,0,0,-1.7671640593002316
50497,0,0,-1.3120783489353227
50498,0,0,-0.5571743365881932
50502,0,0,-0.774928215614858
50505,0,0,-1.178323338880793
50507,0,0,-1.6192751237344387
50512,0,0,-1.5716407292695111
50514,0,0,-2.225105720009556
50518,0,0,-3.5363218371105747
50525,0,0,-1.7251472556489416
50531,1,0,-0.20032252756825963
50537,0,0,-1.7565571015825348
50558,1,1,0.8434720229277077
50559,0,0,-0.8992075555721697
50562,0,0,-1.0254684150812465
50574,0,0,-3.032561686973403
50575,0,0,-2.410464885801643
50576,0,0,-1.8785726366462894
50586,0,0,-2.024868099764213
50587,0,0,-2.5566185647095825
50588,1,0,-1.0157818776403782
50596,0,0,-1.5843266499779596
50612,0,0,-2.3432593974050833
50614,0,0,-3.029736028473458
50618,0,0,-0.9021846477381057
50623,0,0,-0.4112703017868864
50624,0,0,-1.6512193020157961
50625,0,0,-2.1623128589720175
50626,0,0,-2.740723193636799
50628,0,0,-2.410287521410618
50630,0,0,-1.1498411546707767
50639,0,0,-0.9872739971896656
50640,0,0,-1.8654524707169946
50645,0,0,-1.1845151953966613
50649,1,0,-0.016123115616135664
50650,0,0,-1.0381890170444308
50657,0,0,-1.2343684667371566
50664,0,0,-0.9146123854918391
50668,0,0,-1.8523423616660628
50676,0,0,-0.6111167071698369
50677,0,0,-2.660833276962297
50679,0,0,-1.5649140684329408
50688,0,0,-1.9631681791061535
50690,0,0,-3.371941994321803
50695,0,0,-1.2132106866239636
50697,0,0,-2.195226402351194
50701,0,0,-3.2700641420907814
50703,0,0,-1.4974932793241036
50712,0,0,-3.195623492727984
50720,0,0,-0.6908687811968153
50721,1,0,-0.784591202317185
50726,1,0,-0.6561498508490557
50733,0,0,-2.461267598830983
50737,0,0,-1.8755946427792878
50745,0,0,-2.601630912204607
50746,0,0,-1.4666260779183622
50747,0,0,-2.0157544711281545
50748,0,0,-3.206181137369276
50755,0,0,-0.22125176893050547
50760,1,1,0.44050935822788184
50768,0,0,-1.4372099018283464
50769,0,0,-2.030730964018584
50776,0,0,-0.6965080281844089
50787,0,0,-0.780815562332807
50793,0,0,-2.3597424431862972
50794,0,0,-1.6148216453148039
50820,0,0,-0.5501361144875895
50828,0,0,-1.1072192888089827
50829,0,0,-2.1677507050704072
50831,0,0,-1.2429044598963415
50839,1,0,-0.7041715376456716
50843,0,0,-2.038716478978473
50853,0,0,-2.083917804877137
50862,0,0,-2.0459825266779834
50865,0,0,-3.0686488481780048
50871,0,0,-2.0900566920140564
50879,0,0,-1.314446382740236
50897,0,0,-1.7698195372765946
50899,0,0,-3.643150833491073
50902,0,0,-0.7867955196719243
50904,0,0,-1.505725791618177
50909,0,0,-1.9078637047367555
50920,0,0,-1.9318660288094165
50933,0,0,-0.8685771300364612
50938,0,0,-3.3974331421759194
50946,0,0,-2.6683993655137415
50953,0,0,-2.022103843110429
50957,0,0,-0.6185522587182212
50963,0,1,0.10736119424000368
50975,0,0,-1.833132709692274
50976,0,0,-2.3948663294608723
50987,0,0,-1.5897221221138107
50988,0,0,-1.5582879498139892
50993,1,1,0.7016296705834815
50998,0,0,-1.4708877785043177
51001,1,0,-0.6473435819014064
51004,0,0,-3.4472722412352814
51007,0,0,-1.504715292847401
51010,0,0,-0.45987172603610516
51013,0,0,-1.0704612854424376
51018,0,0,-3.395380026010378
51019,0,0,-0.9710903364585152
51020,0,0,-1.28480690004693
51021,0,0,-0.5627970243409681
51024,0,0,-1.2056430692197362
51026,0,0,-0.714764206176734
51042,0,0,-2.476811017505799
51049,0,0,-1.0935022378031465
51050,0,0,-1.2678320804517274
51073,0,0,-1.5452487859467547
51074,0,0,-2.121403621772764
51077,0,0,-3.582306003142305
51078,0,0,-1.2505689498662584
51090,1,0,-0.8091880540140975
51092,0,0,-3.012465140668196
51096,0,0,-1.0117548364595244
51097,0,0,-1.660472755838386
51100,0,0,-3.864023845088828
51102,0,0,-0.9682007826475955
51105,0,0,-0.7146379425889423
51110,0,0,-2.0390494063391813
51132,0,0,-0.8588039458334453
51136,0,0,-0.9239653117848405
51142,0,0,-1.0264073479840108
51143,0,0,-1.8908539336181545
51145,0,0,-1.0338197028618825
51166,0,0,-2.382402361947215
51170,0,0,-1.7851862503589135
51178,0,0,-3.3389886411910368
51179,0,0,-2.115793840639876
51187,0,0,-1.42226289356885
51189,0,0,-1.9212558324098958
51194,0,0,-1.5275870709213915
51204,0,0,-0.6889339324454322
51206,0,0,-0.9319566264366347
51208,0,0,-0.8747853865368016
51210,0,0,-1.5875053048751067
51214,0,0,-1.6123257874077206
51216,0,0,-2.5460197498939268
51220,0,0,-0.6577528703441559
51229,0,0,-3.039918408217191
51240,0,0,-2.7098272578715408
51247,0,0,-2.5092549717641246
51255,0,0,-1.5077204603656218
51260,0,0,-1.1551281681589658
51268,0,0,-1.8011228593460458
51271,0,0,-1.6203756687819104
51272,0,0,-2.2010291430113966
51276,0,0,-1.5234523190273785
51277,1,1,0.6753657167248222
51284,0,0,-0.9948813730214484
51285,0,0,-1.7629916967043706
51288,0,0,-3.804170384340776
51291,0,0,-2.41032915560307
51296,0,0,-0.7458218237744534
51297,0,0,-3.0617512887747846
51315,0,0,-3.8312464694895008
51317,0,0,-1.0761593382458012
51319,0,0,-4.145212796707736
51322,0,0,-2.5529297988157125
51324,0,0,-2.1647329034250333
51326,0,0,-2.409888550489276
51327,0,0,-1.3873421870097922
51332,1,0,-0.5440939846692997
51333,0,0,-2.06835815450912
51335,1,0,-0.5268432587089433
51339,0,0,-0.5692730270592989
51344,1,1,0.673530537591283
51345,0,0,-0.9726595801463818
51356,0,0,-0.9158872434126333
51359,0,0,-1.3445054828136442
51361,0,0,-0.561903565708434
51375,0,0,-2.4311385880169047
51376,0,0,-0.8362906348485619
51389,0,0,-1.2531094053241794
51398,0,0,-1.8754906372483267
51399,0,0,-1.1220339377149782
51402,0,0,-1.0539756702555547
51415,0,0,-2.1402604956002302
51416,0,0,-1.0550148447717629
51418,0,0,-2.244858072748235
51421,0,0,-2.5639146375577475
51422,0,0,-1.7503819561059353
51425,0,0,-1.5467071542043136
51433,0,0,-1.519521753846166
51441,0,0,-2.3645077959369916
51453,0,0,-2.6073222107007457
51456,1,1,0.23511093399760163
51457,0,0,-1.322604440142383
51460,0,0,-1.7688933811212104
51471,1,1,0.7444880431000902
51472,0,0,-2.3128044552841387
51484,0,0,-1.7820948998292954
51489,0,0,-1.6396067546487065
51491,0,0,-0.06653298128073071
51493,0,0,-3.0013200120431565
51502,0,0,-1.1179231439809643
51506,0,0,-2.2647461306788412
51524,0,0,-0.7166408160996325
51525,0,0,-3.331489955570273
51529,0,0,-2.2924276992046964
51538,0,0,-2.846706950174984
51541,0,0,-2.8864783909757357
51547,0,0,-2.7886107336601595
51548,0,0,-3.7113859191276797
51555,0,0,-0.010068464193645932
51563,0,0,-1.7592159630690594
51564,0,0,-1.7313333647127893
51566,0,0,-1.0811657580408083
51574,0,0,-3.8016469890587024
51583,0,0,-0.24391955472677485
51586,0,0,-0.5105382137816108
51587,1,0,-1.274059030876106
51588,0,0,-1.2277513366425477
51600,0,0,-1.0216674022406809
51601,0,0,-1.0051426823525036
51607,0,0,-1.4037233716771356
51611,0,0,-2.3282746359949757
51613,0,0,-2.2819665490630516
51621,0,0,-1.8271783120668246
51625,0,0,-1.328969692073968
51639,1,1,0.5586589751515205
51642,1,1,0.7270171940497725
51646,0,0,-3.0476575818360034
51651,0,0,-0.5339990411080763
51653,0,0,-2.561387435298848
51654,0,0,-0.6770737445600783
51657,0,0,-0.38404950465743204
51659,0,0,-0.7499409791472086
51660,0,0,-1.542712584016697
51661,0,0,-2.2304421689872673
51668,0,0,-0.785358469571278
51670,0,0,-1.774268689668678
51673,1,1,0.013788349298296532
51675,0,0,-0.8220584336958537
51676,0,0,-1.3404187029961059
51678,0,0,-3.6023709989029618
51679,0,0,-2.2778664854832
51682,0,0,-1.2901156271062522
51687,0,0,-0.53700363871044
51689,1,0,-1.0412444066257742
51706,0,0,-1.5460260596250246
51709,0,0,-1.5486424902624292
51711,0,0,-1.1839161985546323
51714,0,0,-2.124792457555321
51716,0,0,-1.6932771294464404
51720,0,0,-0.6484531798035087
51722,0,0,-0.3655250152316142
51723,0,0,-1.3101045562062659
51728,0,0,-3.4679844736548127
51729,0,0,-2.3720169280453214
51734,0,0,-2.0877238542721974
51736,0,0,-1.3338774600105925
51739,0,0,-2.644337322299517
51742,0,0,-1.1015281945655084
51744,0,0,-1.2782626702751194
51751,0,0,-3.7917613840485602
51762,0,0,-2.8163714231402466
51766,0,0,-1.1029623523630212
51771,0,0,-1.24008967905672
51774,1,0,-0.1677768287140443
51782,0,0,-2.1819561308701694
51785,0,0,-1.7571973983503297
51787,0,0,-1.678255889631204
51789,0,0,-2.107686450622242
51791,0,0,-1.1941377950417265
51792,0,0,-1.6421497535865797
51793,0,0,-0.732164107035502
51795,0,0,-1.3908735383508097
51797,0,0,-1.1228937746622962
51800,0,0,-0.43240892008053355
51801,0,0,-2.2896577028774914
51806,0,0,-1.598411610597835
51808,0,0,-0.4037705979225288
51814,0,0,-0.9910480056903114
51822,0,0,-1.947663150179765
51826,0,0,-2.8665393971850026
51829,1,0,-0.5832528979410541
51851,0,0,-0.7716760992754021
51862,0,0,-0.9973767987103421
51868,1,0,-0.583496093451625
51869,0,0,-0.753094380541625
51871,0,0,-2.655496543754529
51879,1,1,0.567457579298337
51884,1,1,0.18690607349836452
51886,1,0,-0.29647072057420265
51888,0,0,-3.179070638447148
51892,0,0,-2.555178776233351
51894,1,1,0.9421801441430129
51895,0,0,-1.5221957188928164
51899,0,0,-1.68514608957468
51905,1,0,-0.7585939263732601
51907,0,0,-1.964385411814711
51921,0,0,-2.4040385897274588
51925,0,0,-1.7742082281800042
51928,0,0,-1.6653648797662288
51931,0,0,-2.5695789009378682
51932,0,0,-1.8586582962198646
51935,0,0,-1.2003584362950703
51936,1,1,1.467743362534858
51948,1,1,0.5884095559458522
51949,0,0,-1.804696657172481
51962,0,0,-2.4349175815922663
51970,0,0,-1.132040808313333
51976,0,0,-2.856747456381732
51986,0,0,-1.8311602940269613
51996,0,0,-0.7008921316486321
51997,0,0,-1.33701941593224
52007,1,1,0.33399387650137213
52012,0,0,-0.7006187257957344
52013,0,0,-0.9153420111309711
52017,0,0,-3.653950875473684
52021,0,0,-1.8365287441770726
52022,0,0,-1.002841170676833
52027,0,0,-1.312513206856711
52036,0,0,-1.5672036699452443
52038,0,0,-1.0343829080976057
52042,0,0,-1.6551652070474576
52043,0,0,-2.0822124740308148
52059,1,1,0.8875430004376994
52063,0,0,-1.721676078086164
52066,0,0,-2.05077569969269
52070,0,0,-1.2502975701758556
52086,0,0,-0.8140995459099564
52092,0,0,-2.1999426523395202
52103,0,0,-2.0239719178093845
52108,0,0,-2.407574730840686
52110,0,0,-2.917446120630961
52121,0,0,-1.235283288455734
52125,0,0,-0.6557860492954759
52133,0,0,-1.2064243286924903
52136,0,0,-1.2779493905336312
52138,0,0,-0.6807659804725129
52148,0,0,-0.08494393108553056
52149,0,0,-3.215392781030939
52156,0,0,-1.1803352209508946
52159,0,0,-1.9822113199477687
52165,0,0,-3.2929992785245563
52166,0,0,-4.070539121816839
52168,0,0,-1.5737216209453755
52172,0,0,-0.8472190701325422
52175,1,0,-0.18910865437837987
52180,0,0,-0.6484912903784091
52190,0,0,-1.6897044548862779
52194,0,0,-1.6501654561303738
52199,0,0,-1.9318299556859984
52205,0,0,-1.9447139829457007
52216,0,0,-2.0976292271873356
52232,0,0,-1.9673457711215996
52240,0,0,-1.2561770785931299
52247,0,0,-3.910785539611144
52255,0,0,-2.5283488578106414
52258,0,0,-0.8716118015759065
52261,0,0,-2.2847721087545487
52264,0,0,-2.7951667344441775
52265,0,0,-1.7905742501531343
52266,0,0,-1.7348502512167099
52275,0,0,-1.5778023024175685
52286,0,0,-1.2214865873196197
52288,0,0,-0.8642323376491027
52289,0,0,-1.5063360046617011
52302,1,1,0.19475865060250164
52303,0,0,-1.4038922258715512
52304,0,0,-1.662869577702671
52310,0,0,-1.0333052601119856
52311,0,0,-2.2400503792882915
52313,0,0,-1.1152090016582785
52321,0,0,-2.8746008614681333
52332,0,0,-1.765539256790277
52338,0,0,-1.341046066467385
52342,0,0,-0.6983929816372969
52346,0,0,-1.561170159006314
52353,0,0,-1.8832905642419722
52355,0,0,-4.189290774577813
52358,0,0,-0.8856586257761365
52364,0,0,-0.8172207168077825
52365,0,0,-3.381162033713962
52366,0,0,-0.5058875446923201
52377,0,0,-2.6319187548280985
52381,0,0,-0.5888145209248115
52382,0,0,-3.664311564082891
52387,0,0,-1.3063060253815726
52388,0,0,-0.8024488801422485
52396,0,0,-2.405381191561003
52402,0,0,-0.6418465550015615
52407,1,1,1.923403054744701
52408,0,0,-1.606525781478834
52415,0,0,-0.41734207522357814
52416,0,0,-2.147556030488899
52417,0,0,-0.9340978893819204
52419,0,0,-2.0796741141892925
52423,0,0,-1.7576046029111052
52435,1,1,0.45707462324974135
52441,1,0,-0.23041443376919069
52459,0,0,-1.8875631340199852
52460,0,0,-0.6343048355840748
52465,0,0,-1.2403851526014567
52467,0,0,-1.32323995911783
52476,0,0,-0.39596004614441555
52481,0,0,-2.5171455842971167
52487,0,0,-1.9893899289995685
52491,0,0,-1.1586783445901296
52493,0,0,-2.7630068831007932
52498,0,0,-2.340916400785045
52503,0,0,-4.438789795171945
52507,0,0,-1.7916342495410704
52514,0,0,-2.272311164055142
52516,0,0,-1.6585762268159974
52519,0,0,-1.3307582869926948
52524,0,0,-2.326394104658644
52528,0,0,-1.4145237801290171
52539,0,0,-2.0584580968337196
52544,0,0,-2.1754179839752954
52552,0,0,-1.4531107188315207
52572,0,0,-1.1860577903744267
52573,0,0,-1.6528994441846705
52574,0,0,-3.7905297977128676
52576,0,0,-2.6684597085710386
52582,0,0,-3.9031610367868863
52594,0,0,-0.6396262990950858
52598,0,0,-1.2829485683947364
52602,0,0,-1.6453167165401257
52608,0,0,-1.963520466632495
52609,1,1,0.23851547242516857
52613,0,0,-0.8484063287070575
52620,0,0,-0.9030712865915423
52623,0,1,0.17896554595003944
52632,0,0,-1.7059022679359006
52646,0,0,-1.2457716845814257
52647,0,0,-2.444053127530079
52652,0,0,-0.9397910120976394
52653,1,0,-0.568190129002099
52654,0,0,-0.9032067877719132
52656,0,0,-2.5276210469628397
52661,0,0,-0.20991135522595017
52676,0,0,-1.7224930499680058
52678,0,0,-0.9965260451038348
52682,0,0,-1.786822864442702
52687,0,0,-1.4892947584421206
52690,0,0,-1.6025753072539537
52699,0,0,-1.257248691553138
52700,0,0,-0.5481176459760162
52707,0,0,-0.9107202889059309
52711,0,0,-0.8788546843270216
52715,0,0,-0.9349592899810482
52726,0,0,-2.416932518766095
52733,0,0,-3.052973947935927
52737,0,0,-1.791349743306215
52748,0,0,-1.6271609602137502
52750,1,0,-0.37635561648162974
52751,0,0,-1.7326015756667208
52752,0,0,-1.4864065104630142
52759,0,0,-1.276278226420078
52763,0,0,-1.7570552238161854
52773,0,0,-1.7348210628930123
52775,0,0,-3.943078308231909
52777,0,0,-0.8284900327134186
52782,0,0,-1.2739775406998386
52790,0,0,-3.183781718782452
52793,0,0,-2.0613790310791034
52795,0,0,-1.9687516283455846
52799,0,0,-2.3181442163481774
52811,0,0,-1.3438891033882787
52813,0,0,-2.219790791356071
52815,0,0,-1.7489061315641021
52820,0,0,-1.8792820748519765
52837,0,0,-0.33796712287212793
52849,0,0,-3.2568138228577137
52859,0,0,-1.4154285706526264
52886,0,0,-2.0227575081466638
52887,0,0,-1.1973487334835513
52893,1,0,-0.4225095296237804
52904,0,0,-1.2127853095488579
52908,0,0,-1.1532124257605325
52912,0,0,-1.0709091422551344
52913,0,0,-2.180796866395945
52917,0,0,-1.4691229006525501
52919,0,0,-1.8058154366896857
52932,1,0,-1.125262147767888
52936,0,0,-0.6896223739851108
52938,0,0,-1.4095075712563958
52941,0,0,-0.8310982401498671
52944,0,0,-2.8537021598558363
52947,1,0,-0.5383352356316038
52955,0,0,-0.985286556508259
52958,0,0,-2.6759291988664087
52964,0,0,-1.8255727288171864
52974,0,0,-1.039427951947973
52977,0,0,-1.4248955854245784
52981,0,0,-0.8388813304494449
52985,0,0,-2.6640917435523406
52986,0,0,-1.4807982613152408
53000,1,0,-0.8402051984625173
53001,1,1,0.38793908689536205
53010,0,0,-0.9114519877150344
53011,0,0,-4.190711862915363
53018,0,0,-0.9961078396717988
53020,0,0,-0.8490528902373626
53022,0,0,-0.31450337186142263
53026,1,1,0.5097562189083193
53028,0,0,-0.9739082393241456
53031,1,0,-1.0705579406367645
53033,0,0,-1.0349126891675005
53039,0,0,-2.487789771836222
53042,0,0,-3.1230125970412397
53046,0,0,-2.2586084663242243
53052,0,0,-0.8008440018506435
53053,0,0,-1.0850180263443499
53059,0,0,-2.628038785696681
53073,1,0,-0.880407337176984
53074,0,0,-0.9255999864291219
53081,0,0,-2.292624382478852
53086,0,0,-1.6872241518857218
53101,0,0,-1.9786952259874164
53107,0,0,-2.341577265623946
53108,1,1,0.19505856128756194
53109,0,0,-1.7458361336033676
53112,0,0,-1.377725581152033
53113,1,1,0.5830229405324261
53114,0,0,-1.3261900635943662
53115,0,0,-1.4787731445432688
53122,0,0,-0.8923525703818626
53125,0,0,-1.3831616906495512
53126,0,0,-1.7788308961324908
53136,0,0,-0.92408609537916
53146,0,0,-1.8011328251544498
53153,0,0,-1.5297063706753158
53157,0,0,-1.8002226222827975
53163,0,0,-2.2256097937309978
53166,0,0,-1.1250503640254863
53171,0,0,-2.310248954516456
53179,0,0,-1.500277685881031
53180,1,1,0.7978340545346485
53182,1,0,-0.7648995451799578
53187,0,0,-2.6112511693519247
53191,1,0,-1.1128645512208026
53202,0,0,-1.022052816087013
53209,0,1,0.18574634373959342
53213,1,0,-0.9232848529032508
53214,0,0,-2.6787376790852995
53215,0,0,-0.357064381085065
53217,0,0,-1.023448003216332
53237,0,0,-1.829014993197447
53245,0,0,-2.7418776690007154
53263,0,0,-0.9788430633972824
53283,1,1,0.47644298686411934
53285,0,0,-1.9975243878114413
53291,0,0,-1.3117377722664803
53316,0,0,-1.0784258449524855
53322,0,0,-2.499038340659528
53333,0,0,-1.447861339157616
53336,0,0,-1.6448945960732282
53346,0,0,-2.658152337340619
53347,0,0,-2.528383236384832
53363,0,0,-0.24866726314968735
53366,0,0,-2.006702189851959
53370,0,0,-1.264219050788391
53374,0,0,-2.700202125645349
53375,0,0,-1.6934428740328302
53381,0,0,-1.0482395146361816
53382,0,0,-2.063481668399481
53387,1,1,0.8313035736444512
53392,0,0,-1.196596177777847
53414,0,0,-2.382949770681136
53415,0,0,-1.1869377639779832
53419,0,0,-2.993585508172008
53421,0,0,-0.6310065079910439
53428,0,0,-0.7988779048934351
53429,0,0,-1.8597580607441053
53433,0,0,-1.4377572212215837
53437,0,0,-1.4547375467274306
53440,0,0,-1.6252590537485605
53441,0,0,-2.237480426868596
53442,0,0,-2.779222204151292
53444,0,0,-2.9053791362783317
53447,0,0,-0.7414663825786617
53448,0,0,-0.7948634617697408
53449,0,0,-2.1346028911297084
53457,0,0,-0.6474094788720022
53469,1,0,-0.5361314070511403
53472,0,0,-1.1949536646052321
53480,0,0,-0.3652136827855703
53490,0,0,-2.6530066187441212
53491,0,0,-1.507666949764225
53493,0,0,-0.6571518961795116
53501,0,0,-3.8614597712027754
53510,0,0,-1.3055201186874745
53513,0,0,-2.9880894139013163
53514,1,0,-0.0015513831833671166
53524,0,0,-2.028896059138739
53531,0,0,-0.8796488921598384
53535,0,0,-1.1921170542474075
53559,1,1,0.07463668811895974
53560,0,0,-2.345808510567165
53563,0,0,-2.7919017725316166
53565,0,0,-2.2856637955884844
53574,0,0,-2.689031108380989
53576,0,0,-1.0783751567957145
53580,0,0,-1.3900174344161018
53581,1,1,0.031154109542272268
53582,0,0,-1.206933141740786
53590,0,0,-1.4570627796799682
53599,0,0,-1.7937422660999005
53604,0,0,-1.8770601609616273
53606,0,0,-2.3190601007790166
53608,1,1,1.2047185286797293
53626,0,0,-1.3667082488741178
53637,0,0,-2.241175948419947
53640,0,0,-2.9196929837836185
53645,0,0,-0.6285106381412041
53647,0,0,-1.5582809563733566
53653,0,0,-1.3478298399831425
53663,0,0,-1.3132833894529774
53671,0,0,-1.1283712020863945
53676,0,0,-2.8539450717190684
53680,0,0,-0.6209182470410025
53685,1,1,0.5603747078336225
53696,0,0,-1.2283569801966059
53701,0,0,-0.9354100464714292
53705,1,1,1.2106333014828556
53714,0,0,-2.324369654868034
53717,0,0,-0.558586937305134
53721,0,0,-0.41969034980787956
53732,0,0,-1.611479410311842
53734,0,0,-2.186134795963328
53738,0,0,-2.797254703087587
53739,0,0,-1.0594081804903492
53746,0,0,-0.4665779680328508
53748,0,0,-1.550683771568837
53751,0,0,-0.808235956356872
53753,0,0,-1.3958514240225148
53754,0,0,-1.5469068742819132
53755,0,0,-1.5039393982667544
53756,0,0,-1.422829881040362
53759,1,1,1.2063264059349323
53760,0,0,-2.7688057896259606
53765,0,0,-0.6431524761438134
53769,0,0,-1.731473182166291
53770,0,0,-1.096136757463559
53774,0,0,-0.6736670308085003
53776,0,0,-4.252325062828823
53779,0,0,-1.1493607566484247
53780,0,0,-2.567018319412502
53781,0,0,-1.7059245601695618
53787,0,0,-0.6810654702943074
53794,0,0,-3.0276986087880795
53796,1,1,0.19291050759993955
53797,0,0,-1.6855253489413933
53800,0,0,-1.723524861865341
53801,0,0,-1.9202161741003305
53804,0,0,-1.3819468652322435
53807,0,0,-1.390799041459438
53814,1,1,0.24962442261276552
53828,0,0,-1.4965565251913544
53829,0,0,-1.7526005533203821
53833,0,0,-4.166218175084896
53838,0,0,-1.7840959473691596
53839,0,0,-0.8518618378358578
53845,0,0,-0.6151911516798386
53855,0,0,-3.338482702166975
53861,0,0,-0.9064979062891297
53882,0,0,-1.520574953200775
53888,0,0,-1.2287113618726075
53909,0,0,-3.2317313380830326
53911,0,0,-1.2072583035627855
53916,0,0,-2.08207352294783
53918,0,0,-2.6206723308142177
53924,0,0,-1.521398112938037
53936,0,0,-0.6593361255506296
53946,0,0,-1.1459435780954468
53963,0,0,-0.8592652272631335
53967,0,0,-3.216583564386579
53968,0,0,-2.6225743549908325
53970,0,0,-1.1168799950257315
53973,1,0,-0.8909547690984105
53974,1,0,-0.34253391902876795
53979,0,0,-2.249734459163526
53980,1,0,-0.4592696671166835
53987,0,0,-1.074248383207447
53988,0,0,-2.493559420593124
53996,0,0,-1.0818748458015857
53997,0,0,-1.291545376338957
53998,0,0,-1.617049264451622
54022,0,0,-2.621247829558421
54034,0,0,-2.8709968269691517
54035,0,0,-0.9596384962148712
54039,0,0,-3.355395491550712
54049,1,1,0.8912481959388108
54062,0,0,-2.8680086869862143
54064,0,0,-0.8249992875484253
54068,1,1,0.08721726211018743
54072,0,0,-1.6253758294856915
54075,0,0,-1.4138253255886764
54093,0,0,-1.5793652805887395
54094,0,0,-0.7055278289302793
54102,0,0,-1.8508295456073194
54103,0,0,-1.4085136683968358
54105,0,0,-1.6610603688973073
54108,0,0,-1.0342218704179038
54109,0,0,-1.1656499707163999
54116,0,0,-0.6974005019421283
54118,0,0,-2.3257138697869055
54119,0,0,-2.1522912855503167
54121,0,0,-1.861239717515744
54122,0,0,-2.9414525249940473
54145,1,1,0.6995811937010523
54153,0,0,-1.9768965988405118
54155,0,0,-1.4421679444281224
54165,0,0,-3.946355359180246
54166,0,0,-0.3644876797820238
54167,0,0,-0.6348419538637916
54170,0,0,-0.6629569478994853
54172,0,0,-0.5675963220193744
54175,0,0,-1.8137357847222078
54176,0,0,-4.001924784720613
54192,0,0,-2.926616986660216
54211,0,0,-0.3082926563953847
54213,0,0,-2.7034200533644697
54219,0,0,-1.2477416236214172
54221,0,0,-1.921093667096945
54232,0,0,-1.8588675968258837
54240,0,0,-0.4075837922283916
54244,0,0,-0.8595867356491221
54246,0,0,-0.8137178916436301
54247,0,0,-2.8001472744480784
54248,0,0,-2.1000754818662983
54249,0,0,-2.1723598200438716
54253,0,0,-2.6322717472640056
54259,0,0,-2.015437085662922
54260,0,0,-1.2981166670193596
54262,0,0,-2.9531181506843147
54263,0,0,-4.306440840879345
54265,1,0,-0.2042123982224704
54278,0,0,-2.1495471560624058
54298,0,0,-1.6779067863928618
54303,1,1,1.8860884898322172
54304,0,0,-1.3120736526657675
54306,0,0,-1.3041283197944415
54311,0,0,-1.4518804807057215
54319,0,0,-1.454755842329728
54328,0,0,-2.813707964758928
54330,0,0,-1.701152847295355
54331,0,0,-0.825684434724547
54337,0,0,-1.0630389125495125
54340,0,0,-1.7381387314358836
54343,1,1,0.034514711437064194
54344,1,1,1.9765626153871743
54345,0,0,-0.9629759154090985
54351,0,0,-1.5271334091110624
54352,0,0,-2.266808767323871
54356,0,0,-0.6918726736876198
54366,0,0,-1.6823194153640275
54369,0,0,-2.858206378832282
54371,0,0,-0.1861902685700363
54380,0,0,-2.3961910992765736
54385,0,0,-0.7324519379352253
54395,0,0,-0.9493820049122248
54398,0,0,-1.4932180431118551
54406,0,0,-1.7279164427764417
54423,0,0,-0.24697342678641543
54427,0,0,-0.09854803814221902
54433,0,0,-1.216981661515435
54439,0,0,-2.398984936303603
54440,0,0,-1.9891636273706368
54441,1,0,-0.06450131317647334
54442,0,0,-1.353049772961689
54447,0,0,-3.579199330489738
54461,0,0,-2.29940402185069
54471,0,0,-2.858184979491522
54472,0,0,-1.9254677922311016
54486,0,0,-2.8535407560821255
54495,1,1,1.1154005512844916
54498,0,0,-2.028072789722528
54501,0,0,-1.697124772612687
54505,0,0,-0.41876325236093664
54511,1,1,1.5618989444012426
54518,0,0,-2.0707536548667544
54519,0,0,-1.398799094725704
54523,0,0,-0.5057628056232152
54530,0,0,-2.2971874139875177
54538,0,0,-1.1145974139567811
54544,0,0,-3.229010328197165
54559,0,0,-2.904686627913013
54563,0,0,-1.178924377276828
54566,0,0,-0.677899347753525
54576,0,0,-0.8416765147540923
54578,0,0,-0.2624375713529732
54580,1,1,0.9662541744438156
54585,0,0,-1.382105121685187
54595,0,0,-1.842316261386831
54598,0,0,-1.4786850492646646
54604,0,0,-1.4949940749915636
54613,0,0,-0.8773209215713872
54614,0,0,-1.5089924605058551
54621,0,0,-2.406307671958183
54623,0,0,-1.4412311806486513
54626,1,0,-0.20437155444709287
54640,0,0,-0.5716109720875354
54641,0,0,-1.40085873766174
54644,0,0,-1.7960884899914753
54647,0,0,-2.8010574309389336
54650,0,0,-1.33386808416195
54655,0,0,-0.6546359005723856
54657,0,0,-3.219799199488989
54659,0,0,-0.07804230201747253
54664,0,0,-1.3870554284608703
54666,0,0,-1.6673114650920968
54672,0,0,-0.5774531961337301
54675,0,0,-2.458688231417386
54680,0,0,-0.42800574404362934
54694,0,0,-2.601891417385902
54698,0,0,-2.3391226155084857
54699,0,0,-1.776969414496427
54705,0,0,-2.625388266600715
54710,0,0,-2.7154236090148096
54713,0,0,-1.3324245589937158
54719,0,0,-2.418624409226612
54721,0,0,-1.3376021234201132
54730,0,0,-1.6603981785108415
54734,0,0,-3.1642208786567227
54737,0,0,-0.9265938885162228
54740,0,0,-2.075164006203851
54741,0,0,-0.6150408882558167
54745,0,0,-1.02158008574495
54748,0,0,-1.8868766526220797
54749,0,0,-2.3076551306605295
54750,0,0,-3.8531986361114274
54751,0,0,-2.5635288449650093
54756,0,0,-1.4978917605111208
54760,0,0,-0.19411379551997665
54768,0,0,-1.274339474773225
54772,0,0,-2.8339759948493413
54780,0,0,-3.1556394440337607
54786,0,0,-1.1684315503887759
54792,0,0,-1.2045785628985315
54797,0,0,-1.342676897057806
54798,1,0,-0.8886982931230211
54812,0,0,-1.4183317483248044
54822,0,0,-1.0958366865224982
54824,0,0,-0.9651055500507233
54825,1,0,-0.9692207173011549
54826,1,0,-0.5432348444036582
54829,0,0,-1.3359084056956119
54830,0,0,-2.0892949148957376
54846,0,0,-1.6974990936205716
54848,1,1,1.1451948008986512
54849,0,0,-2.1723324648662414
54850,0,0,-2.76364028959222
54859,0,0,-1.7333888745765795
54860,0,0,-2.2043578574745935
54862,0,0,-1.320377881985442
54874,0,0,-0.7691799497337041
54875,0,0,-0.6384522165579491
54882,0,0,-1.9704507074625903
54884,0,0,-1.1090283785127713
54886,0,0,-1.885077528227549
54888,1,1,1.1521223161655285
54889,0,0,-2.1348851541433422
54892,0,0,-0.7409312297277882
54901,0,0,-2.2826136512867823
54915,0,0,-1.5086589583285042
54919,0,0,-1.8667176471156581
54920,0,0,-0.4291204365439203
54921,0,0,-2.1490756684891306
54923,0,0,-2.4747798680090476
54925,0,0,-0.9269483564634885
54929,0,0,-2.240701548166172
54937,0,0,-0.8610755464374734
54948,0,0,-1.5440977090668937
54970,1,1,1.1181878049456853
54972,1,1,0.7644310321152776
54975,0,0,-0.3913563560776835
54986,0,0,-1.5072656713252295
54990,0,0,-1.5462321202679066
54993,0,0,-2.757101353228942
54997,0,0,-0.13169442970871492
55005,0,0,-0.7002313126465699
55007,0,0,-0.8800485064164034
55011,0,0,-0.98632647316371
55034,0,0,-1.4536925859780792
55035,0,0,-1.9710581684599517
55043,0,0,-0.9138354157585223
55044,0,0,-1.9813807279522233
55053,0,0,-1.1499549181003945
55056,0,0,-1.591462835365204
55059,0,0,-1.9952436069827355
55062,0,0,-3.1727064333872086
55067,0,0,-1.6726052063427126
55068,0,0,-1.9485851104397474
55075,0,0,-2.7874762492998544
55080,0,0,-1.5956526922479761
55084,1,0,-0.8364322263281265
55093,0,0,-0.7511343284875374
55095,0,0,-1.220535316688689
55101,0,0,-0.9187074529917181
55103,0,0,-1.9315889448368277
55119,0,0,-2.970717940661758
55120,0,0,-3.6881053138759388
55123,0,0,-3.836643566043967
55129,0,0,-1.2870320230745602
55130,0,0,-0.7811270827758856
55134,0,0,-2.7045669026936974
55135,0,0,-0.6226903930430443
55158,0,0,-0.728354043806214
55165,0,0,-1.592125867434335
55170,0,0,-2.7068331897764613
55174,0,0,-1.512034451618599
55177,0,0,-0.8471822505105558
55180,0,0,-2.4262513456929886
55188,0,0,-1.4481210094797659
55191,0,0,-0.9666482817761316
55198,0,0,-2.407868784948599
55199,0,0,-1.781699379582029
55200,1,1,1.268909711722838
55202,1,0,-0.5144625488649428
55216,0,0,-2.0213995597955856
55236,0,0,-2.7493909571751134
55245,0,0,-3.303303807100548
55248,0,0,-0.7200343164933708
55250,0,0,-0.9170044381434095
55255,0,0,-2.9179194573585114
55257,0,0,-1.710037423745577
55266,0,0,-2.4898816169717666
55270,0,0,-2.4267013102906088
55279,0,0,-3.142018250746954
55280,0,0,-1.6216115827632887
55282,0,0,-1.260710675844885
55283,1,1,0.16056671750876317
55294,0,0,-1.95145307789459
55296,0,0,-1.0817216356804404
55301,0,0,-0.6459876769239999
55307,1,1,1.4523717075894875
55310,0,0,-2.5973622665316567
55320,0,0,-2.079165729779076
55327,0,0,-1.5066097067368716
55333,0,0,-2.227149300873453
55337,0,0,-1.1030171526677244
55338,0,0,-1.9876060242316813
55346,0,0,-2.615382690348201
55354,0,0,-0.9932645563847062
55356,0,0,-1.4112733805312407
55364,0,0,-1.0811807011137766
55365,0,0,-1.851350765638845
55373,0,0,-2.1838553478367597
55377,0,0,-1.35254615679491
55379,0,0,-1.3679965099168814
55394,0,0,-3.1228136684765717
55397,0,0,-3.6026000758873336
55404,0,0,-1.7762887924797786
55428,0,0,-1.264992239212032
55429,0,0,-0.746305443867447
55439,0,0,-2.8350343156406295
55443,0,0,-1.29847675218359
55446,0,0,-0.46354987265847025
55448,0,0,-1.8663364568235268
55449,0,0,-2.333004477279344
55456,0,0,-3.298168638291183
55462,0,0,-2.027422274929733
55465,0,0,-1.7115666033680725
55471,0,0,-1.5624971740452476
55476,0,0,-2.449253574804846
55478,1,1,1.3505249313998864
55479,0,0,-1.4496177057350492
55484,0,0,-0.7054400347555064
55486,0,0,-1.0962597785675263
55488,0,0,-1.3523581004237826
55492,0,0,-2.866696641030156
55495,0,0,-1.01214773187001
55496,0,0,-2.7608004157967034
55511,0,0,-2.775099625950144
55514,0,0,-3.176317623946164
55515,0,0,-1.561911219794978
55516,0,0,-0.8616210473780472
55524,0,0,-1.6474888633423939
55536,0,0,-1.262260357021383
55537,0,0,-1.2045320023495456
55541,0,0,-2.861283999246983
55545,0,0,-1.0156065892983173
55550,0,0,-2.804049424934224
55553,0,0,-2.179123664680108
55562,0,0,-0.9471931030329099
55570,0,0,-1.2708666638413466
55572,0,0,-0.9872782248889552
55586,0,0,-2.693186776936284
55591,0,0,-0.8147821405532881
55596,0,0,-1.5818153326313253
55614,0,0,-0.9223972205333093
55617,0,0,-2.4586554138845305
55622,0,0,-1.519738015996638
55626,0,0,-0.4242800906414528
55643,1,1,0.7250485368989161
55644,0,0,-0.5333554094280837
55647,0,0,-1.145391027668179
55648,0,0,-3.108691755497242
55657,0,0,-1.461369001017926
55658,0,0,-1.4032217663278366
55661,0,0,-2.2159049537142046
55666,0,0,-3.4728148322584715
55669,0,0,-0.7346678287109731
55670,0,0,-0.7133827210487405
55674,0,0,-2.3963231318500897
55677,1,1,1.63629943995075
55678,0,0,-2.1166881101797896
55684,0,0,-0.44197737462355235
55685,0,0,-1.7458025056630677
55686,0,0,-1.2787997682488919
55691,0,0,-2.341443181869799
55694,0,0,-2.75893094997162
55705,0,0,-2.558068146492819
55710,0,0,-0.7407303241630548
55711,0,0,-1.1413209643599453
55712,0,0,-0.5708842152341768
55713,0,0,-1.2737468092600532
55716,0,0,-2.6688900811935508
55727,0,0,-1.8084782414924339
55729,0,0,-0.4918208980269333
55730,0,0,-2.235473423654301
55738,1,0,-0.8729772777448404
55752,0,0,-1.7486498642145971
55765,0,0,-3.722383381563775
55771,0,0,-0.6705650258306683
55772,0,0,-3.0023357115276443
55776,0,0,-2.4300235684424267
55778,0,0,-1.229481932942513
55780,0,0,-1.2747220202294463
55781,0,0,-2.885713205304195
55784,0,0,-2.906383469915414
55788,0,0,-0.711043470787714
55793,0,0,-0.5727518975357255
55799,0,0,-1.725065382859321
55802,0,0,-2.8701072358533812
55805,0,0,-3.4901824976741063
55806,0,0,-1.6964642903158598
55807,1,1,2.426578541543539
55817,0,0,-3.302122601020794
55819,0,0,-0.6960539349746377
55820,0,0,-1.0483887751814591
55827,0,0,-1.072160123723522
55833,0,0,-2.258689113656172
55841,0,0,-0.9445770302350891
55843,0,0,-1.5910462250168147
55849,0,0,-3.1237556158056616
55853,0,0,-1.6514236460099203
55855,0,0,-0.7656072334663231
55864,0,0,-1.5699719342342302
55866,0,0,-1.2926848351809352
55867,0,0,-0.9593158839816702
55875,1,0,-0.004478118922058627
55876,0,0,-0.9356751880648798
55885,0,0,-3.1152731835568543
55910,0,0,-1.1059979208637407
55911,0,0,-2.113974276615366
55912,0,0,-3.2115357180572994
55915,0,0,-2.213688780378603
55917,0,0,-0.8728944682551067
55919,0,0,-1.5151945430296274
55932,0,0,-1.435952563010779
55933,0,0,-2.923496551030487
55934,0,0,-0.22613457167219597
55942,0,0,-1.6235391768470713
55943,0,0,-1.3026021237837047
55952,0,0,-2.7035349419523493
55955,0,0,-3.06448409567139
55957,0,0,-2.3116308002565757
55960,0,0,-0.8902576574392713
55963,0,0,-1.753275938758815
55964,0,0,-1.671766881653053
55973,0,0,-2.0322731624065837
55987,0,0,-1.0647884246062786
55988,0,0,-2.2439057277754717
55989,0,0,-1.4868266424549192
55990,0,0,-2.2546346374708754
55992,0,0,-0.6965116484806035
55995,0,0,-1.464211907900558
56005,0,0,-2.6434541196467642
56008,1,1,0.24995369314090832
56010,0,0,-1.292208517931273
56024,0,0,-0.418351561462767
56041,0,0,-1.5653787163848885
56042,0,0,-1.8759860922223202
56051,0,0,-2.3670194409274306
56054,0,0,-2.484622375692452
56072,0,0,-3.929220465987404
56073,0,0,-1.7148387618100562
56075,0,0,-3.0945799288576374
56079,0,0,-1.3825026515421461
56081,0,0,-1.5176237472472185
56086,0,0,-1.9797656859757264
56093,0,0,-2.363123711557484
56104,0,0,-1.5370314022329956
56107,0,0,-3.38799387791592
56116,0,0,-0.7278010685845332
56118,0,0,-2.1279266387799254
56122,0,0,-1.1828399127093965
56125,0,0,-1.649198081764157
56128,0,0,-3.2321891776907092
56129,0,0,-0.7442878125379027
56132,0,0,-0.36449313514350146
56143,0,0,-1.50575401987178
56147,0,0,-1.6766302920189902
56149,0,0,-2.5003842805234386
56151,0,0,-0.6120374420868597
56152,0,0,-0.7724659626293109
56156,0,0,-2.3988458431176802
56158,0,0,-1.420234541094241
56162,0,0,-2.3770060377005344
56165,0,0,-1.1783603863641896
56182,0,0,-0.8567237525313667
56184,0,0,-2.335198159323972
56190,1,0,-0.08304550625966356
56200,0,0,-0.34089622987398227
56205,0,0,-3.61799263449275
56206,0,0,-2.262391611234543
56208,0,0,-2.0151212475201334
56211,1,1,1.185302915465988
56215,0,0,-1.6754457670782017
56216,1,1,0.07708885476001448
56217,0,0,-0.758824614763348
56218,0,0,-1.9322714755128654
56219,0,0,-1.29557930218667
56222,0,0,-1.6402460107537307
56230,0,0,-0.8028293773484769
56235,0,0,-1.6228941450070242
56240,0,0,-0.965796786552216
56245,0,0,-1.0366207563008318
56250,0,0,-3.1116524057433432
56252,0,0,-1.1383469818864285
56259,0,0,-0.862464674644795
56261,0,0,-1.2897717963193769
56263,0,0,-0.9476188302450375
56266,0,0,-1.4047727204702687
56268,0,0,-3.1282380957820166
56270,0,0,-1.8353490814420443
56272,0,0,-1.6074503662357422
56277,0,0,-3.981990806313407
56280,0,0,-2.3470315674706397
56282,1,0,-0.6787437825338537
56286,0,0,-0.47492217773283246
56293,0,0,-1.2517971333816842
56294,0,0,-2.502456860116685
56310,0,0,-3.3845269328606546
56315,0,0,-2.4859698369333962
56344,0,0,-1.5505622942306143
56347,0,0,-2.0106063781008303
56349,1,1,2.0536732092376733
56357,0,0,-1.5571953516033505
56366,0,0,-0.9728375301354757
56378,0,0,-2.435853601938512
56383,1,1,0.9247638378271616
56394,0,0,-1.9556396059641095
56399,0,0,-2.9370172820078
56401,0,0,-0.41771495724882
56405,0,0,-3.700234285339179
56409,0,0,-1.662540651498912
56416,0,0,-2.128452781661051
56423,0,0,-0.18625321547037588
56426,0,0,-0.6639341791047106
56429,0,0,-2.596881770029974
56430,0,0,-1.6141512806049756
56433,0,0,-1.8516949784561663
56450,0,0,-0.8590290174677231
56456,0,0,-2.0828713723735657
56461,0,0,-1.7969616681106682
56468,0,0,-3.4084603989152384
56470,0,0,-1.9466441369938532
56479,0,0,-1.4102756762949702
56482,0,0,-1.5240045243611502
56484,0,0,-1.5042368532822459
56486,0,0,-2.237229964197197
56493,0,0,-2.279956648157225
56496,0,0,-1.1490575990132805
56500,0,0,-2.124516990747609
56509,0,0,-1.5057025662998758
56510,1,0,-0.6410519585354051
56517,0,0,-1.0160855522024654
56520,0,0,-1.6150052034584377
56523,1,1,0.018801201693155023
56524,0,0,-0.9047803591132657
56525,0,0,-0.606486445386579
56529,0,0,-2.6424209711883706
56531,0,0,-0.9149085509811712
56533,1,1,0.2431070636383046
56534,0,0,-1.0424659318034588
56546,0,0,-2.3901932699105615
56548,0,0,-2.4575783392463766
56553,0,0,-2.3326092662440683
56569,0,0,-1.491476617457797
56580,0,0,-1.0980685265794516
56583,0,0,-1.1291671269161114
56585,0,0,-1.3523925618615769
56586,0,0,-2.048698705952654
56588,0,0,-2.7146911194435024
56589,0,0,-1.2313080321853223
56592,0,0,-1.712967939644745
56595,0,0,-1.488401154746771
56596,1,0,-0.2793502864179731
56608,0,0,-1.128906817478543
56610,0,0,-1.9009560136665653
56613,0,0,-1.4982597596225844
56622,0,0,-0.5144238370681355
56630,0,0,-3.5585726493504843
56634,0,0,-1.4375644699466201
56642,0,0,-1.8415012778662343
56645,0,0,-1.0408814932237573
56652,0,0,-0.9998929233968592
56655,0,0,-1.6623526812509621
56662,1,1,2.1412514053244953
56665,0,0,-1.3441107065077806
56668,0,0,-1.179321804410331
56678,1,1,0.863967760508596
56679,0,0,-0.44661180303503945
56688,0,0,-1.6437811364411985
56689,0,0,-2.7303913717339166
56692,0,0,-2.062679245392899
56703,0,0,-0.8062477563600452
56707,0,0,-2.840613780190692
56708,0,0,-2.5067761294711546
56709,0,0,-3.194532691516927
56715,0,0,-1.8447839525497427
56724,0,0,-1.6402862728959748
56730,1,0,-0.8278664617232647
56731,0,0,-0.5086505358681923
56733,0,0,-1.3204659193065778
56736,0,0,-3.114666317235649
56737,0,0,-1.393715395383726
56739,0,0,-2.7212466794310624
56741,0,0,-2.6645184118293894
56746,0,0,-1.8408509106804603
56748,0,0,-2.762954035483813
56749,0,0,-1.3624025451203536
56750,0,0,-0.9179335128018224
56759,0,0,-0.9482350325545617
56766,0,0,-1.6235580629380189
56767,0,0,-2.6089405425284005
56771,0,0,-1.3594208761920834
56774,0,0,-0.24318849610247661
56784,1,1,0.42381444749831165
56791,0,0,-1.650526172840406
56794,1,1,0.710766083127766
56796,0,0,-1.9207637982793553
56798,0,0,-1.362918836126288
56799,0,0,-1.467413964582993
56801,0,0,-0.6599641906265337
56808,0,0,-2.3755761010073337
56814,0,0,-1.9828303424651128
56826,0,0,-1.1909367955082089
56828,0,0,-3.034136071849045
56830,0,0,-1.5334316566059618
56831,0,0,-1.8215079412328887
56834,0,0,-1.7330967006667302
56841,0,0,-0.5131248374250018
56842,0,0,-0.5285748218325036
56846,0,0,-1.613700165018822
56853,0,0,-1.50661881221427
56856,0,0,-2.910233577007122
56858,0,0,-1.8011619833119552
56861,0,0,-1.0488248029929936
56868,0,0,-1.9009243430720189
56869,0,0,-1.2247254972056516
56871,0,0,-3.3774493268772874
56876,0,0,-1.196357842066456
56880,0,0,-1.061200425991354
56889,0,0,-2.447352453329928
56894,0,0,-1.5700795229927889
56895,0,0,-1.379202797522259
56901,0,0,-3.2578329027511748
56905,0,0,-3.1770882535287344
56907,0,0,-0.5812713716831049
56910,0,0,-2.111030930439852
56915,0,0,-2.354119157152016
56929,0,0,-0.9136406174867829
56936,0,0,-1.04522730352171
56941,0,0,-2.7497934307641483
56947,0,0,-1.9760253174358433
56952,1,1,0.7252188110641511
56953,0,0,-1.2524496437871697
56955,0,0,-0.8119870810064371
56956,0,0,-0.7203762767102725
56958,0,0,-1.4590847273055763
56961,0,0,-1.3621245012432013
56963,0,0,-1.8658759208595697
56965,0,0,-2.5763525252091366
56968,0,0,-0.9449554140080049
56973,0,0,-3.5353017719355577
56975,0,0,-1.6292932706447716
56976,0,0,-3.0567491538938967
56980,0,0,-0.8143739463878414
56981,0,0,-2.01615312549903
56991,1,0,-0.030184210757688734
57004,0,0,-3.155908125915407
57012,0,0,-0.4146197564166879
57025,0,0,-0.7667312615947822
57028,0,0,-1.124412522449163
57035,0,0,-0.14834972891926235
57054,0,0,-2.2398851441478094
57057,0,0,-3.3483578105055978
57058,0,0,-0.8962073562867512
57061,0,0,-1.9562085768062538
57063,0,0,-1.65669007548173
57064,0,0,-2.089412277560496
57068,0,0,-3.30568264320896
57076,0,0,-0.09247329444302677
57080,0,0,-1.476498870228875
57088,0,0,-2.2823579422694174
57091,0,0,-2.502063169327993
57095,1,0,-0.310291404509605
57100,0,0,-1.1485513782275913
57110,0,0,-2.333603785874577
57121,0,0,-0.5630015875157126
57123,0,0,-2.1737439876745643
57129,0,0,-2.780642931573311
57132,0,0,-2.5880715815807713
57141,0,0,-2.034592981110567
57142,0,0,-1.375839808754464
57154,0,0,-1.15761859464472
57162,0,0,-1.6415456305806457
57170,0,0,-1.4722276541928911
57174,0,0,-2.3160604245512326
57176,0,0,-1.4973812847521346
57180,0,0,-1.1422441906108594
57181,0,0,-2.7925786780834567
57182,0,0,-2.2102373233905626
57186,0,0,-1.6150635919601561
57192,0,0,-1.2239598475354843
57198,0,0,-2.306776854001278
57206,0,0,-1.1613034688583757
57209,0,0,-0.9608566526672816
57214,0,0,-0.6926675283291006
57215,0,0,-0.8933785887255501
57222,0,0,-0.9305831306296892
57223,0,0,-3.168493807621502
57226,0,0,-1.9211560722136973
57227,0,0,-1.2933683959226405
57230,0,0,-2.293208204985429
57233,0,0,-0.8892779584804814
57241,0,0,-0.5710263915460096
57249,0,0,-1.2964429928679468
57251,0,0,-1.1380496348945126
57255,0,0,-0.05971207315953064
57259,0,0,-1.8108445876066475
57266,0,0,-1.050931129283593
57270,0,0,-1.6571315413879395
57273,0,0,-3.0737353639117604
57278,0,0,-1.9191092850822837
57281,0,0,-1.4505339220097895
57283,0,0,-0.15285095490336997
57285,0,0,-1.320260421538448
57286,1,1,1.66585996669867
57293,0,0,-1.705767741103204
57297,0,0,-2.4796144654286842
57306,0,0,-2.9203572893893783
57310,0,0,-2.4816272923203173
57311,0,0,-2.8579309754472577
57313,0,0,-2.291191513520668
57316,0,0,-2.1149553614567576
57323,0,0,-1.113391793973383
57324,0,0,-3.0443243680126626
57326,0,0,-0.9075017098491442
57328,0,0,-2.076760068299069
57332,0,0,-2.6627171019252067
57333,0,0,-1.2161258162138364
57337,0,0,-2.3501932410009805
57342,0,0,-2.5014957279902656
57374,0,0,-1.9584786540704042
57378,0,0,-1.88006114535202
57389,0,0,-1.3625267572420658
57390,0,0,-0.4707409278929038
57398,0,0,-0.8237615181373148
57406,0,0,-0.5900991923165144
57409,0,0,-2.134519628850919
57410,0,0,-1.0394067588081797
57413,0,0,-1.1604104993608628
57425,1,1,1.1729373959123675
57431,0,0,-1.3805742634888678
57434,0,0,-1.1813053550828618
57435,1,1,0.6405109865335463
57440,0,0,-2.3602342672409407
57443,1,1,1.1337441685188674
57447,0,0,-3.1669573892024543
57450,0,0,-2.0762588009213276
57452,0,0,-1.6569176878648146
57463,0,0,-2.341781522369243
57468,0,0,-2.5306721539288195
57485,0,0,-2.462188234906262
57488,1,1,0.07405757117343092
57501,0,0,-1.9221599399642937
57502,0,0,-2.678139710791979
57520,0,0,-1.561087865160298
57530,0,0,-0.42278602694586936
57531,1,0,-0.5075135396884357
57533,0,0,-0.7796235704306393
57535,0,0,-2.3302074110669793
57558,0,0,-2.0520906117365296
57568,0,0,-0.7533243174394952
57570,0,0,-2.125605635762996
57588,0,0,-1.2835123255179397
57600,0,0,-0.5599825013695123
57603,0,0,-1.7615968839108487
57609,0,0,-1.9884757985964354
57616,0,0,-1.1378278406854294
57618,1,0,-0.059699705075012544
57625,0,0,-1.4305412892617964
57629,0,0,-1.133788752711329
57631,0,0,-1.4270586557006302
57632,0,0,-1.2330887766134084
57638,0,0,-2.7336983650438933
57642,0,0,-3.416929643591902
57644,0,0,-1.3546659432580554
57650,0,0,-2.4307632081991466
57651,0,0,-1.0927022548087866
57655,0,0,-4.4402808074802484
57659,0,0,-0.6874127898823337
57683,0,0,-1.8266852007256118
57684,0,0,-2.7054694572186238
57686,1,0,-1.0726163990923117
57688,0,0,-1.1465238245929839
57692,0,0,-1.9900903773772334
57698,0,1,0.06091164295906737
57699,0,0,-1.469335816019754
57703,0,0,-1.6187759069539196
57704,0,0,-1.0243458804824694
57721,0,0,-1.247193331588884
57735,1,0,-0.6241990454557902
57736,0,0,-1.6411479487735552
57746,0,0,-0.146634488678699
57748,0,0,-1.062452799771989
57750,0,0,-2.2279431313750653
57753,0,0,-2.4900647912372387
57756,0,0,-1.9717691517556517
57766,0,0,-1.9622614898403492
57771,1,0,-0.6869082801582614
57773,0,0,-2.1612311445416115
57776,0,0,-2.894375824476586
57777,0,0,-1.3499767890650882
57778,1,1,0.026838046536281635
57780,0,0,-3.257840867457147
57790,0,0,-1.9496116878249026
57794,0,0,-0.8142536001950081
57801,0,0,-0.5889893361258605
57804,0,0,-1.155222821466399
57811,0,0,-1.2758563803757061
57813,0,0,-1.8353492084906877
57816,0,0,-1.644660824050528
57824,0,0,-0.2904204366028126
57832,0,0,-0.3391410477688791
57833,0,0,-0.8812869071326289
57845,0,0,-2.09272979162042
57852,0,0,-1.2925170130130388
57853,0,0,-1.6059859236475593
57854,0,0,-1.2028489334658325
57859,0,0,-2.940459277014008
57866,0,0,-1.223204586681753
57877,0,0,-0.703121980947529
57883,0,0,-1.247578566328497
57890,0,0,-0.9944711238439965
57895,0,0,-1.8492794523127174
57899,0,0,-1.9830832171926878
57900,0,0,-0.6416916340155971
57907,0,0,-1.8026111859356975
57911,1,0,-0.6801881989653648
57913,0,0,-1.6990245583884498
57919,0,0,-0.6306468728197534
57929,0,0,-2.301810119897447
57933,0,0,-0.7665032021298168
57936,0,0,-0.8547400032576238
57942,0,0,-1.9549267450444836
57946,1,0,-0.0175116840214119
57954,0,0,-1.4489403719171878
57955,1,0,-0.7663984368414551
57958,0,0,-1.387731219644197
57974,0,0,-0.1391708680693311
57976,1,0,-0.9542116582893481
57984,0,0,-0.6064172548240864
57988,0,0,-0.8948780329463839
57990,0,0,-0.9451527699682588
57993,1,1,1.2465549581935884
58000,0,0,-0.7678606354122387
58002,0,0,-1.1753028281446354
58005,0,0,-2.962581851007786
58006,0,0,-1.1430706246338662
58007,0,0,-1.340566035636242
58015,0,0,-2.3804258183950826
58018,1,0,-0.5171190817013052
58024,1,1,1.042477534974458
58025,0,0,-3.513181129399677
58026,0,0,-1.4646619916394141
58030,0,0,-3.1147405616661263
58040,0,0,-1.0798979443131613
58043,0,0,-1.7135417382641633
58046,0,0,-2.5723395831622193
58050,0,0,-0.7433156276210585
58054,1,0,-0.8304286507038514
58056,0,0,-0.7236920093848856
58057,0,0,-1.4057907629893525
58078,0,0,-2.120441219480954
58079,1,1,1.8424148362513948
58082,0,0,-2.344342335826898
58091,0,0,-3.6635759396673917
58096,0,0,-1.6212345860541026
58098,1,0,-0.20922256178527543
58099,1,0,-0.9962353625650421
58103,0,0,-0.6796613900531071
58108,0,0,-1.347497458239613
58110,0,0,-2.884397512717304
58113,0,0,-2.558993583032671
58120,0,0,-0.7766235392445866
58121,0,0,-1.3020518453424612
58124,0,0,-0.8060663309715953
58140,0,0,-0.8012269940570136
58143,0,0,-1.5213371153273185
58154,0,0,-1.5490163880796612
58158,0,0,-1.722920069259645
58160,0,0,-0.6725409563677447
58176,0,0,-0.5938234589283604
58188,0,0,-4.000846854152823
58192,0,0,-2.7244992667028853
58195,1,1,0.39862704840508023
58204,0,0,-0.41755374800109857
58206,0,0,-1.4068959664566152
58207,1,1,0.6379567296140294
58210,0,0,-1.531117183328503
58214,0,0,-1.4151632048255096
58222,0,0,-0.9407072009252794
58228,0,0,-1.4818921650161239
58238,0,0,-2.9412282023284337
58243,0,0,-2.9286915821613917
58245,0,0,-0.910369639479173
58247,1,1,0.6428757644900152
58258,0,0,-2.4387469587142476
58275,0,0,-0.754385390678232
58278,0,0,-1.2383097068744005
58289,1,1,1.0772832879059167
58290,0,0,-0.94034495698885
58298,0,0,-0.44546172999145667
58300,0,0,-1.546847239298016
58303,0,0,-2.5669827177989335
58306,0,0,-1.7206316828831587
58307,0,0,-2.257810033375421
58309,0,0,-1.0511458371313043
58310,0,0,-1.8309419120907506
58318,1,0,-0.04936075633393988
58324,0,0,-1.0008394576501112
58329,0,0,-2.641457185870248
58341,0,0,-0.4979915620448381
58348,0,0,-0.836181093644398
58349,0,0,-1.4990665465456807
58350,0,0,-2.861250697144328
58354,0,0,-1.2116983508798627
58355,0,0,-0.4874064133234603
58359,0,0,-1.627058862015697
58365,0,0,-0.9831344428448743
58370,0,0,-2.1844505381662396
58371,0,0,-1.161292820358446
58377,0,0,-1.4418068052323207
58387,0,0,-1.1252703969047482
58389,0,0,-4.118125910821648
58390,0,0,-1.1014234697839362
58397,0,0,-1.0341170869848768
58408,0,0,-1.6550679328271096
58417,0,0,-2.1768777468230827
58428,0,0,-1.6536782614279049
58432,0,0,-1.7689602581896313
58433,1,1,1.1874875758815715
58434,0,0,-1.0267956888944374
58436,0,0,-0.954659936913171
58442,0,0,-0.502533131864642
58449,0,0,-2.7341825660141215
58458,1,1,0.5619545094801717
58468,0,0,-1.7853843673773544
58494,0,0,-1.9577932513746723
58506,0,0,-1.4838405409434632
58508,0,0,-1.444552985102368
58514,0,0,-1.3535267684174934
58518,0,0,-1.917826492261274
58528,0,0,-1.5076910336161475
58529,0,0,-2.4156709619910828
58535,0,0,-2.441598403095359
58545,0,0,-0.9024128908972457
58546,0,0,-2.5161834201999316
58552,0,0,-3.060096197084694
58558,1,0,-0.2361684409849215
58560,0,0,-3.3464677178634883
58561,0,0,-0.985862044620871
58563,0,0,-1.072220390603229
58569,0,1,0.12120137617228088
58572,0,0,-0.8381398125598055
58573,0,0,-2.1869281513983863
58586,0,0,-1.758804107695387
58588,0,0,-4.1801285828402825
58589,0,0,-2.136062052519655
58591,0,0,-3.7021900965217096
58594,0,0,-0.8579337899892894
58597,0,0,-0.8185434485552042
58598,0,0,-1.1476293200633307
58603,0,0,-0.10015573890998297
58609,0,0,-1.8435757169518903
58612,0,0,-1.7603214733336847
58615,0,0,-0.6289393459191005
58623,0,0,-0.805570654015728
58625,0,0,-1.4112138402948362
58626,0,0,-2.061057345402344
58630,0,0,-0.6091998553216449
58632,0,0,-3.204914938723574
58633,0,0,-0.3317303000582065
58649,0,0,-1.1681980804172527
58650,0,0,-1.1410561899162137
58653,0,0,-0.9783671986787368
58655,0,0,-2.54425301841198
58657,0,0,-0.6850901335089574
58658,0,0,-1.5228632325512295
58665,0,0,-1.6236436609766083
58668,0,0,-1.7658874626473942
58671,0,0,-2.065411826966792
58674,0,0,-2.8246898102031635
58695,0,0,-1.4879923850370367
58696,1,1,1.4829204202660644
58699,0,0,-3.4198020666386046
58702,0,0,-0.6562277353531375
58709,0,0,-0.1321105648271994
58710,0,0,-0.4111130710499217
58712,0,0,-0.5387782038317932
58713,0,0,-2.119689554216326
58721,0,0,-2.584391177373114
58728,0,0,-1.2826311152085186
58729,0,0,-2.613093174402575
58731,0,0,-0.8299716148027704
58733,0,0,-1.2776170501680857
58737,0,0,-3.5289702891270283
58746,0,0,-0.5979330634318537
58749,0,0,-1.7365965508034777
58750,0,0,-2.1768113309602857
58753,0,0,-0.6330055473141617
58757,0,0,-1.0215279632724088
58766,0,0,-2.5766567114934
58773,0,0,-1.7089423170620766
58785,0,0,-1.4013095469739358
58792,0,0,-0.9736642457900679
58797,0,0,-2.326520746082288
58807,0,0,-3.0180979217153103
58813,0,0,-3.248967745526711
58814,0,0,-2.4456251590640257
58815,0,0,-0.6146654436678103
58816,0,0,-1.423390754808887
58817,0,0,-1.2507644050913262
58818,0,0,-1.902691424876516
58822,0,0,-1.252259870998509
58827,1,0,-0.6499126321873423
58830,0,0,-2.0057793212727315
58832,0,0,-3.3640179065161115
58835,0,0,-1.9291059519996083
58837,0,0,-1.8698613869044654
58846,0,0,-3.0704053923993477
58866,0,0,-0.4885014458973652
58882,0,0,-0.9547292798329391
58886,0,0,-3.172124286764462
58888,0,0,-1.0689873603701883
58889,1,0,-0.4731434862938057
58904,0,0,-2.5382983161063564
58908,0,0,-1.864086771031697
58909,0,0,-1.7892353652901167
58930,0,0,-1.1474921901329522
58935,0,0,-0.8721057558486045
58948,0,0,-1.1127514559502643
58952,0,0,-1.6920197014661356
58957,1,1,0.600485999729546
58959,0,0,-1.3597592664839173
58987,0,0,-1.279761068896477
58998,0,0,-1.060615755862437
59003,0,0,-1.6781191795833754
59009,0,0,-1.8790754759956352
59011,0,0,-1.3635686087465266
59013,0,0,-3.061596207787175
59017,0,0,-1.143953100761852
59027,0,0,-2.839106141378318
59028,0,0,-0.7224155308719515
59050,0,0,-0.5149108732602949
59051,0,0,-3.291922473568885
59063,0,0,-2.8281037552287582
59064,1,1,0.011261569709672625
59077,0,0,-1.7822383401940876
59078,0,0,-1.483906074023639
59111,0,0,-1.6313679625445405
59113,1,0,-0.4989144103821575
59116,0,0,-1.3931156795581026
59124,0,0,-1.5229789655377282
59140,0,0,-2.270133241871565
59149,0,0,-1.2873562128359537
59158,0,0,-1.943623835986562
59166,0,0,-3.2790174873802096
59176,0,0,-1.5990748216148793
59179,0,0,-2.4608744258283908
59189,0,0,-1.272548874815465
59190,0,0,-0.7789307272788561
59195,0,0,-0.7950268650791208
59199,0,0,-3.026276653857664
59207,0,0,-0.8610601182376045
59209,0,0,-1.3985739926530247
59216,0,0,-0.8547467135251821
59219,0,0,-1.6487075794960353
59232,0,0,-0.31132383341711156
59241,0,0,-1.2929163138674653
59256,0,0,-3.0422377626404815
59264,0,0,-1.0817399854526677
59267,0,0,-1.2089028155035986
59270,0,0,-0.2263009836899793
59277,0,0,-2.045823283908198
59278,1,1,0.6106813663059398
59285,0,0,-1.5860507898089402
59291,0,0,-0.4886544441681554
59292,0,0,-2.1968582877363985
59295,0,0,-1.3768642341103965
59308,0,0,-2.5681855508223586
59316,0,0,-1.3452525514125004
59326,1,0,-0.21022219564803546
59332,0,0,-1.90991861165672
59333,0,0,-1.8122065406155088
59335,0,0,-1.3972200257140268
59337,0,0,-3.1457788413041676
59341,0,0,-0.9132988354324031
59342,0,0,-1.3819687425075882
59358,0,0,-2.281827119015839
59359,1,1,1.4902551375133835
59360,0,0,-2.661302408941312
59361,0,0,-2.499795333095598
59362,0,0,-2.8126845082315297
59363,0,0,-1.0723397721926904
59366,0,0,-1.3055118406440807
59369,0,0,-1.724636153463928
59379,0,0,-1.3610824309310212
59381,0,0,-0.9102758945558294
59402,0,0,-1.5179843896626364
59403,0,0,-2.2212788688176963
59407,1,1,1.0524695242122555
59427,0,0,-1.8767227359632708
59443,1,1,0.6289809101582844
59446,0,0,-4.092440484288123
59451,1,0,-0.7528039169578891
59454,0,0,-2.443695660544271
59459,0,0,-2.1106794474293378
59463,0,0,-2.458410405892285
59466,1,0,-1.1928575577564957
59467,1,1,0.5568714953475962
59473,0,0,-0.7303521045239775
59477,0,0,-1.454373517086418
59481,0,0,-1.8957308185522528
59516,0,0,-0.6583706982972277
59522,0,0,-1.1424643296686086
59527,0,0,-0.9866246213988521
59546,0,0,-2.283716955147467
59547,1,1,0.2884683449803431
59548,0,0,-2.562039595650643
59552,0,0,-1.7572154890379137
59554,0,0,-2.9063155751556566
59560,0,0,-1.8460138087649793
59567,0,0,-2.346809321810146
59576,0,0,-0.8883617525619525
59581,0,0,-2.5862312093843816
59584,0,0,-0.7739592608368333
59594,0,0,-2.4045819735677343
59597,0,0,-1.3349491903307262
59599,1,1,2.2304460416878085
59600,1,0,-0.6886220654386348
59603,0,0,-2.686115219345341
59606,0,0,-0.7301644765865437
59610,0,0,-1.978229522736881
59613,0,0,-2.029904306908435
59614,0,0,-2.2018461722563343
59618,0,0,-1.6429023997302075
59619,0,0,-1.1588753139243821
59620,0,0,-2.600389678182216
59627,0,0,-1.3205952551479434
59631,1,1,1.5196535669767905
59633,0,0,-1.2704365578805057
59634,0,0,-1.932495462589309
59635,0,0,-2.9009140605302264
59636,0,0,-1.2190781446336714
59637,0,0,-1.9247161564073498
59641,0,0,-1.5195677863754764
59655,1,1,1.631038900356385
59657,0,0,-1.1267256462977588
59662,0,0,-1.1207783635464328
59664,0,0,-2.9633708095373485
59674,0,0,-1.2728409270070147
59690,0,0,-1.8988258743089867
59694,0,0,-2.0057275818116485
59697,0,0,-3.204365997105829
59698,0,0,-2.864635099813099
59702,0,0,-0.5107867597834032
59714,0,0,-2.6489395735010897
59715,0,0,-1.3053887582859476
59723,1,0,-1.4178264495316626
59733,0,0,-2.2839788098790956
59742,1,0,-1.236054128910355
59747,0,0,-1.9177477994657506
59752,0,0,-1.2617752101759379
59757,1,1,0.38961755347813143
59782,0,0,-2.3002132296645037
59783,0,0,-1.9061938753591035
59789,0,0,-3.4843720487581473
59803,0,0,-2.2443865386483406
59811,1,1,0.6453560095852289
59814,1,1,0.02831055240006608
59816,0,0,-0.7613475386117851
59818,0,0,-3.723956710432798
59820,0,1,0.13741365850973097
59822,0,0,-0.6162777068372808
59826,1,0,-0.25883662973070043
59857,0,0,-1.2634169354945421
59859,1,1,1.9327423745744496
59868,0,0,-1.1606111392765612
59872,0,0,-2.0371674713313137
59877,0,0,-1.8125523093875475
59879,1,0,-0.44773302887515015
59880,0,0,-1.9901179206715862
59892,0,0,-1.0116045817322552
59897,0,0,-1.7277690486495545
59901,0,0,-2.9176251234858555
59902,0,0,-0.5499652832388545
59910,0,0,-1.772708224051284
59918,0,0,-2.344504314774005
59921,0,0,-1.8064718893069016
59923,1,1,0.1355932260383722
59931,0,0,-1.3812487767069865
59934,0,0,-0.9707192835461593
59938,1,0,-0.2715094791992676
59943,0,0,-1.285009419321741
59952,0,0,-1.4581211582129336
59968,0,0,-0.5841046340419243
59974,1,1,1.629718830773854
59977,0,0,-2.939032296498765
59987,0,0,-0.6940308827022883
59989,0,0,-0.822930672850371
59991,0,0,-1.883159685355024
60006,0,0,-0.49244793089422495
60008,1,0,-0.9261777194761568
60011,0,0,-1.5075119275760214
60013,0,0,-3.5602626386052316
60015,0,0,-2.370859002410143
60038,0,0,-2.111902108252293
60039,0,0,-0.614217845527754
60050,0,0,-2.264454255603673
60052,0,0,-1.892447748396229
60053,0,0,-0.15427375492077977
60059,0,0,-3.21680738280676
60065,0,0,-0.5371223121411848
60072,0,0,-0.7434022604286596
60077,0,0,-1.1057359907414819
60083,0,0,-1.1966675883330817
60088,0,0,-1.7495893924196406
60106,1,1,0.05864502938878302
60107,0,0,-2.885064397548735
60109,0,0,-0.8928428276712441
60110,0,0,-2.509777587723266
60117,0,1,0.12577821085615648
60144,0,0,-1.616401662740505
60145,0,0,-2.9810485598381327
60147,0,0,-3.3039826353162676
60154,0,0,-1.4275053176506503
60156,0,0,-0.8417082291159586
60163,0,0,-0.5982651996000823
60167,1,0,-0.08689441292425959
60168,0,0,-2.397280972914889
60178,0,0,-0.5067983175663469
60179,0,0,-0.42879715877120306
60207,0,0,-3.0669836688960688
60216,0,0,-2.1769149529498044
60230,1,1,0.923918669648913
60232,1,1,1.829531420762846
60234,0,0,-1.8913052474610423
60236,0,0,-1.3001188658027167
60239,0,0,-1.6188625376979398
60240,0,0,-1.5680701248934032
60246,0,0,-1.656762958774712
60255,0,0,-1.0763348227414888
60257,0,0,-1.0835940999785025
60267,0,0,-0.6094796374694651
60270,0,0,-3.0379467376198575
60275,0,0,-1.2011762221783129
60278,0,0,-3.2856351496322187
60279,1,0,-0.46830327031128083
60280,0,0,-0.5898826771631116
60300,0,0,-0.9603510625997541
60310,0,0,-2.1738638862473554
60321,0,0,-1.1054555843904523
60324,0,0,-1.10282106473004
60340,0,0,-2.286969913490844
60349,0,0,-0.2569100593680006
60352,0,0,-2.9345394768976183
60358,0,0,-1.8733373259362787
60362,0,0,-1.8096167536247234
60366,0,0,-1.2983775750846358
60368,0,0,-0.5043478942500038
60370,1,0,-0.9123693002937452
60374,0,0,-3.336893759289886
60385,0,0,-1.07606113715062
60392,1,1,1.065444811803862
60403,0,0,-2.5427135667488225
60407,0,0,-0.9817662537121394
60417,0,0,-1.0032565529413375
60421,0,0,-1.3378210658667515
60426,0,0,-1.726984896498411
60432,1,0,-1.398834618368116
60434,0,0,-2.1609180558376195
60449,0,0,-1.4959839756280693
60488,0,0,-0.6269098535084654
60489,0,0,-2.7875367910418056
60493,1,1,1.7327263378222997
60494,0,0,-2.3679443326199703
60497,0,0,-0.7333292426822117
60521,0,0,-0.9803038899448993
60526,0,0,-4.2959640166268676
60530,0,0,-3.3695271183914324
60541,0,0,-1.9429355969928968
60548,1,1,0.3849325098688503
60549,1,1,1.7449501071400741
60550,0,0,-1.0145599099077596
60560,1,1,1.1859769247506828
60561,0,0,-1.7373094293363107
60566,0,0,-1.6194529714059307
60568,1,1,0.7774799458531187
60570,0,0,-1.1963840429739818
60575,0,0,-3.250278674937113
60577,0,0,-2.748797557826033
60582,0,0,-3.0485634195132754
60588,0,0,-2.172350706844238
60602,0,0,-2.055908611284028
60605,0,0,-0.6006540963377811
60620,1,0,-0.32735988226730084
60632,0,0,-0.9841796601905599
60634,0,0,-2.0523728693776646
60640,0,0,-2.3593284303507525
60649,0,0,-1.862725058618673
60652,1,1,1.313511530367472
60656,0,0,-2.502978601026393
60674,0,0,-1.761099436555364
60685,0,0,-0.28837900935571176
60686,0,0,-0.9955296263629203
60688,0,0,-2.660707604786414
60692,0,0,-0.7428031366378534
60708,1,1,0.6014641280097801
60709,1,1,1.0235245389554617
60711,0,0,-2.241377787733975
60713,0,0,-2.5855252891349165
60718,0,0,-2.20313126420227
60722,0,0,-1.3189841045157715
60728,0,0,-1.1020237698249853
60732,0,0,-2.622886599607824
60733,1,0,-0.08656919051594836
60735,0,0,-2.2687522585354793
60753,0,0,-2.7797734607953304
60756,0,0,-1.6685683222837415
60758,1,1,0.9622990467597607
60762,0,0,-2.894518677682237
60777,0,0,-1.1023543214011708
60789,0,0,-1.3248876279190887
60815,0,0,-1.1837636154240658
60818,0,0,-1.2436486554383155
60819,0,0,-1.8333515553327457
60827,0,0,-1.0937157279862746
60829,0,0,-1.765976043769538
60833,0,0,-0.3777715498794201
60842,0,0,-3.052728402617216
60846,1,1,0.06978001731907257
60848,0,0,-1.3987850837770104
60866,0,0,-2.8747422976846835
60875,0,0,-2.5485710768970113
60882,1,1,1.2068040668673061
60887,0,0,-2.5569166480024403
60888,0,0,-1.115902184159328
60890,0,0,-1.8844187427362196
60904,0,0,-2.0992701543580914
60906,0,0,-1.1911411039471078
60911,0,0,-0.7893901466458154
60912,0,0,-1.5978182639630591
60924,0,0,-1.489072605351546
60935,0,0,-2.999333431671591
60937,0,0,-1.0825220509653617
60946,0,0,-2.8194440313315603
60960,0,0,-3.096759651173265
60961,0,0,-1.1899655841697836
60965,0,0,-1.1080829280123161
60973,0,0,-1.4601069418578139
60979,0,0,-2.025223016436205
60984,0,0,-1.0022891572098742
60997,0,0,-1.1094108741674096
61003,0,0,-3.116176397497906
61010,0,0,-1.0611625743791555
61017,0,0,-0.2710413398614375
61021,0,0,-1.9356171853133008
61022,0,0,-1.525848241291801
61025,0,0,-1.524308165136122
61027,0,0,-0.6928987993627109
61034,0,0,-1.578231522212326
61037,0,0,-2.295137498306845
61039,0,0,-2.0502091138759333
61043,0,0,-2.8117329958189377
61044,0,0,-0.435004700941377
61050,0,0,-2.659519364703215
61060,0,0,-0.707053541901492
61062,0,0,-0.8009896029077732
61063,0,0,-1.160803036006131
61066,0,0,-2.7380110488985534
61071,0,0,-2.6807659786132376
61080,0,0,-1.3561578721285814
61081,0,0,-1.3446464562155933
61088,0,0,-3.6880467996657584
61098,0,0,-1.4311732175572742
61104,0,0,-1.6561438230966754
61105,1,1,0.7954522880629218
61113,0,0,-2.4817372761620833
61123,0,0,-2.3328481255430003
61135,0,0,-3.6907426015764164
61138,0,0,-2.0208043086908
61140,0,0,-1.0379483556875868
61144,1,1,0.2642880628283304
61147,0,0,-1.377350448032197
61148,0,0,-0.14829375008081902
61150,1,0,-0.28892506013620145
61153,0,0,-1.5468005234748317
61155,0,0,-1.4379329905391085
61156,0,0,-1.6838009516462291
61164,0,0,-1.8601856704243207
61167,0,0,-0.6963790787084833
61170,0,0,-1.6191458528848055
61174,0,0,-0.95740347963162
61175,0,0,-1.6719736877868538
61178,0,0,-3.718659772778972
61179,0,0,-1.280019920607383
61189,0,0,-1.4534691891281333
61196,0,0,-0.8464548695381915
61203,0,0,-0.9381483969230655
61206,0,0,-2.4902882959637545
61226,0,0,-2.984830128224176
61229,0,0,-3.69885103304767
61230,0,0,-2.9897336221285284
61234,1,1,1.1951325875352385
61235,0,0,-1.126168342044548
61239,0,0,-1.9474185087132756
61248,0,0,-0.4723998648007166
61249,0,0,-0.7578827379640032
61250,0,0,-1.3404347142708153
61261,0,0,-0.6397002982943792
61267,0,0,-2.412375604470668
61284,0,0,-1.0548548512216624
61288,0,0,-1.7378314096115117
61290,0,0,-2.3213689761364886
61311,0,0,-3.373541165500538
61318,0,0,-1.5691867391086514
61319,0,0,-0.5403492841442941
61321,0,0,-2.470302308592821
61326,1,0,-0.7260594549604154
61331,1,0,-0.8358810702951837
61333,0,0,-1.660538583821766
61335,0,0,-1.661425319633577
61342,0,0,-1.9246260819352645
61343,0,0,-1.5478813170586143
61351,0,0,-1.236054128910355
61352,1,1,0.37056973281596073
61370,0,0,-3.631463087299001
61378,0,0,-0.6996070233103542
61387,0,0,-3.4774735013595546
61390,0,0,-2.492351293160442
61405,0,0,-2.388530308258022
61407,0,0,-3.552933775889862
61417,1,1,0.7429318197832879
61420,1,1,0.5295093476069286
61423,0,0,-2.0322629268852324
61424,0,0,-0.8543460603157637
61434,0,0,-1.308926675329762
61436,0,0,-1.0286366748860527
61451,0,0,-1.223494426508315
61460,0,0,-0.8780456891267521
61468,0,0,-1.563718098995475
61472,0,0,-1.6208794584000688
61479,0,0,-2.411595514023028
61483,0,0,-1.0574803845599925
61489,1,1,0.001267539826391273
61492,0,0,-1.080216566179074
61494,0,0,-1.6230570506057598
61495,0,0,-0.8792925145108852
61498,0,0,-0.9205602890947606
61505,0,0,-2.2804432266342323
61510,0,0,-2.151847326881186
61514,0,0,-3.0598152311753237
61516,1,0,-0.05604401900881073
61524,0,0,-3.0363721355184614
61529,0,0,-0.931477443619366
61530,0,0,-3.0105421202200784
61535,0,0,-1.6736904806233652
61537,0,0,-1.3587714169405576
61538,0,0,-3.0900065051030197
61541,0,0,-0.4236086798675468
61552,0,0,-2.697469332308167
61565,0,0,-1.8471456870872027
61570,0,0,-2.0341964894863835
61574,0,0,-2.227663517791896
61576,0,0,-1.584430228502776
61587,0,0,-3.149036498581304
61589,0,0,-1.4680227693986576
61596,0,0,-1.7824852054922586
61599,0,0,-1.134240094868304
61604,0,0,-1.4579612483493078
61609,0,0,-2.3757207258467634
61611,0,0,-0.9771977590413592
61612,0,0,-3.2326514797278687
61613,0,0,-1.495794834202919
61615,0,0,-1.2687542623841923
61616,0,0,-2.553098021057828
61624,0,0,-1.3917853597988545
61637,1,0,-0.5915265401370958
61646,0,0,-3.2999565466928367
61654,0,0,-2.2267560441133796
61658,0,0,-1.543835294685256
61665,0,0,-2.5354467127969516
61668,0,0,-2.456323010109915
61680,0,0,-0.5894946125171204
61686,0,0,-1.6606971865308326
61688,1,1,1.2523074112831696
61690,0,0,-1.0253891418584484
61698,0,0,-2.548083375173735
61703,0,0,-1.8726403220447851
61713,0,0,-0.7893055911417425
61714,0,0,-2.0762438988770135
61715,0,0,-0.7815521476829601
61720,0,0,-1.4366907087139322
61729,0,0,-1.568718864905105
61733,0,0,-1.958718882133558
61737,0,0,-2.745676128949849
61739,0,0,-1.0691044333360447
61748,0,0,-2.8171612154850028
61762,0,0,-0.9409595834686524
61767,0,0,-1.555182102474584
61768,0,0,-2.260098086433697
61769,0,0,-1.2498470006457445
61771,0,0,-0.01759491989977824
61773,0,0,-2.124405422455692
61777,0,0,-1.3696413696409888
61784,0,0,-1.4708561041420847
61789,0,0,-1.3488441011542598
61797,0,0,-1.0523201865647316
61799,1,0,-1.0924677764130222
61808,1,1,0.23617711367532124
61810,0,0,-2.3428695564530795
61816,0,0,-2.1128720467181172
61825,0,0,-2.8060195140686606
61843,0,0,-0.961191915814883
61845,0,0,-1.2393321940843007
61846,0,0,-0.9130507572537425
61847,0,0,-0.2885301487032448
61851,0,0,-1.1662380244961463
61852,0,0,-0.37098187767487334
61855,0,0,-2.864317673623934
61869,0,0,-0.750133166895421
61871,0,0,-3.0632694070574864
61878,0,0,-1.0047617712927792
61880,0,0,-1.1129725604953338
61890,0,0,-1.219420368079204
61898,0,0,-0.9435833357415733
61905,0,0,-1.0564724723052914
61914,0,0,-1.1995079240845388
61917,0,0,-2.349064892106875
61939,0,0,-1.7522181307200873
61959,0,0,-0.15866229446800262
61962,0,0,-1.3448827446005516
61967,0,0,-2.0874351600955254
61971,0,0,-1.6419279463672025
61976,0,0,-0.8716927671481011
61981,0,0,-0.7920011654045359
61984,0,0,-1.1018869419535577
61985,0,0,-1.4056268247478567
61986,0,0,-0.25589957846809575
61987,0,0,-0.5138557170691895
61992,0,0,-1.4050155153367379
61994,0,0,-1.5736779121289963
61997,0,0,-0.5851276143176788
61999,0,0,-3.167870172854749
62000,0,0,-1.5982634660821973
62002,0,0,-0.7756921346516032
62004,0,0,-0.9452362208784912
62015,0,0,-1.2095738414421509
62019,0,0,-3.2492934960779385
62025,0,0,-3.0893958883783856
62033,0,0,-2.090350674365722
62034,0,0,-0.7230331958788168
62044,0,0,-1.8077635004929873
62047,0,0,-3.9429259762966717
62053,0,0,-1.896900327621315
62054,0,0,-0.8762402894970756
62056,1,0,-0.6206192996902831
62057,0,0,-1.7862793649854383
62061,0,0,-1.0790779339539562
62066,0,0,-0.37648221309562113
62067,0,0,-2.426351995029494
62071,1,1,1.6362986510957163
62075,0,0,-2.1440974039872738
62081,1,1,1.1388932944890546
62089,0,0,-1.1708939730639938
62096,0,0,-2.679585973680185
62103,1,0,-1.2608955779122901
62119,0,0,-1.9215126660238648
62125,0,0,-1.6856494069896377
62137,0,0,-2.8372510590216384
62138,0,0,-1.735710833857501
62141,0,0,-1.7075804027978787
62144,0,0,-1.5097199939218753
62152,0,0,-3.441196592431412
62153,0,0,-2.825348372325675
62155,0,0,-1.6808810525332534
62157,0,0,-1.1552499185362417
62159,0,0,-1.336249235497831
62161,0,0,-1.5365381459703509
62163,0,0,-1.000418786018331
62164,1,0,-0.09781793002815065
62166,0,0,-1.0487249431378614
62171,0,0,-1.6491481025447665
62176,0,0,-1.9975109620429126
62182,0,0,-1.182756533897857
62187,0,0,-3.1900704365257386
62189,0,0,-3.6844217624772275
62191,0,0,-0.883208067556763
62198,0,0,-2.718489331467037
62203,0,0,-0.8276488828911982
62215,0,0,-3.244063141246378
62221,0,0,-0.954400821539926
62227,0,0,-2.950828261936895
62230,0,0,-1.5559888776944428
62231,0,0,-3.069960367762369
62235,0,0,-1.045560542616462
62236,0,0,-1.3787723025989314
62243,0,0,-1.0115789540006397
62244,0,0,-2.1487706411985923
62253,0,0,-1.4156380893948417
62255,0,0,-2.740090467254472
62257,0,0,-2.72129053992166
62260,0,0,-2.4997024208688865
62261,0,0,-0.9916348160427378
62269,0,0,-1.6324207352911277
62272,0,0,-1.0041699653928826
62276,0,0,-0.773548924433743
62279,0,0,-2.813522376067433
62281,1,0,-0.5778200561067413
62296,0,0,-1.3428934407730757
62304,0,0,-2.805683031354067
62311,0,0,-0.8533722361599749
62313,0,0,-2.1691010452759643
62314,0,0,-1.7120523172924513
62316,0,0,-1.180730968995368
62319,1,1,1.7472323036963255
62320,0,0,-1.0514683452411144
62322,1,1,1.0175617626203228
62324,0,0,-1.3630180740942666
62330,0,0,-1.8753490964462651
62335,0,0,-2.556341820530572
62338,0,0,-1.5017599971686473
62339,0,0,-2.5313246062802337
62344,0,0,-1.8197276977453047
62349,0,0,-1.4102684464338044
62357,0,0,-1.4658303284830265
62359,1,1,1.7174817105881222
62363,0,0,-1.324001500943153
62372,0,0,-0.8438196583418343
62384,0,0,-2.8545771932910595
62385,0,0,-2.1473873150268483
62395,0,0,-3.1048436050821344
62404,0,0,-1.0769556991577018
62406,0,0,-1.6585582264070902
62409,0,0,-1.3157084841336268
62415,0,0,-1.5748574127315398
62418,0,0,-0.04844585718731098
62429,0,0,-2.572191558091223
62432,0,0,-2.4067350789403
62433,0,0,-0.6329586862746871
62435,0,0,-2.1559078719818805
62436,0,0,-1.0346288297952375
62440,0,0,-3.1646633860951123
62441,0,0,-1.709715138737145
62442,0,0,-2.2275209228575727
62447,0,0,-1.881925421386264
62451,0,0,-3.2608928421581167
62453,0,0,-0.24853985975803616
62459,0,0,-1.9378712435421421
62473,1,1,0.8108033819412961
62485,1,1,0.8775322548807722
62495,0,0,-1.9001873149298587
62496,0,0,-2.307199395956716
62501,1,0,-0.007836929487417654
62505,0,0,-3.853421318246511
62509,0,0,-1.6301394672429814
62510,0,0,-0.3535805472067014
62514,1,1,0.2718175604385251
62520,0,0,-3.6840103923611514
62525,0,0,-0.8620893453720853
62534,0,0,-2.9775948779995645
62536,0,0,-1.1372354925918238
62542,0,0,-1.0452064329737003
62548,0,0,-0.34366072393255526
62550,0,0,-1.084544332319192
62553,0,0,-0.961079790863302
62573,0,0,-1.703524056941905
62575,0,0,-1.3837173159391063
62592,0,0,-2.0095958529488205
62595,1,1,0.7889264788186294
62599,1,0,-0.06494572538157894
62601,0,0,-2.579996218496702
62603,0,0,-2.42747853175758
62608,0,0,-1.9423070708663104
62612,0,0,-1.414726650825397
62615,0,0,-0.7823080660478783
62620,0,0,-1.8189770276469948
62627,0,0,-1.9886121890980146
62642,0,0,-4.051629669185207
62651,0,0,-3.2227363561922218
62652,0,0,-0.3404811510437703
62666,0,0,-0.8639941404553508
62669,0,0,-3.050963783903989
62676,0,0,-2.0382622750378436
62677,0,0,-1.5282009469660323
62679,0,0,-0.625983354475594
62685,1,1,0.7030003261381834
62695,0,0,-2.1068200611225008
62707,0,0,-1.0826465546885928
62710,0,0,-1.452809230763846
62716,0,0,-3.5634785600306946
62720,0,0,-3.180765085158191
62721,0,1,0.16277944247074738
62723,0,0,-1.7194001243883843
62729,0,0,-1.8125310880116692
62732,0,0,-1.1929759502102728
62740,0,0,-1.3637225266078878
62744,0,0,-1.0310497302546242
62747,0,0,-0.7682015696394822
62753,0,0,-3.3443811990862473
62759,0,0,-2.4692532279238097
62761,0,0,-1.2589226232189632
62766,0,0,-1.3158898759109818
62769,0,0,-0.3547422294295155
62782,0,0,-2.257204356316094
62783,0,0,-2.0117277077511577
62787,0,0,-1.7604870204897423
62790,0,0,-0.7637687183434546
62795,0,0,-1.7638177321248811
62801,0,0,-0.21470997933464742
62805,0,0,-1.4524233452446556
62808,0,0,-2.478441903881463
62810,0,0,-0.43405234508888724
62815,0,0,-2.0181289293715166
62821,0,0,-1.7542736482451387
62823,0,0,-2.39728600849321
62824,0,0,-2.1503430347386523
62830,0,0,-0.9099026411999379
62833,0,0,-1.128270701037767
62834,0,0,-2.7336718862333456
62840,0,0,-1.8304732324336321
62845,0,0,-2.208643660444859
62853,0,0,-2.1390398103078514
62855,0,0,-4.053888884355813
62857,0,0,-1.4426170466117185
62861,0,0,-1.5797333937673923
62862,0,0,-1.918874352608391
62864,0,0,-2.0335805720093854
62869,1,1,0.46502393707061995
62870,0,0,-2.7526617127331727
62884,0,0,-0.6539999072773272
62885,0,0,-1.4053017165115058
62893,0,0,-2.3343415382816692
62897,0,0,-1.1706545936544621
62898,0,0,-0.727530196284523
62909,0,0,-0.8038057464095718
62911,0,0,-1.0697096281675091
62913,0,0,-1.8806764780249974
62916,0,0,-0.9822048208948866
62918,0,0,-0.7548182557089017
62920,0,0,-3.077474366200658
62921,0,0,-1.8762196017439303
62923,0,0,-1.0734483599930913
62926,0,0,-1.517882924454466
62930,0,0,-0.833909004362337
62932,0,0,-0.8746610596187309
62933,0,0,-1.2092650524482558
62948,0,0,-0.8224265797861008
62953,0,0,-2.3509597179673047
62955,1,1,1.0089726524840867
62957,0,0,-2.66215094934606
62967,0,0,-1.9617891082156915
62973,0,0,-1.2524523863877817
62990,0,0,-2.757208777334883
62992,0,0,-1.3670171863390996
62995,0,0,-1.237701366405659
62996,0,0,-2.310494839083551
63003,0,0,-3.4855905346032285
63013,0,0,-3.341589083384023
63015,0,0,-1.2512288232402788
63016,0,0,-1.9620405367780678
63018,0,0,-1.941500353495332
63019,0,0,-0.4277513082204141
63022,0,0,-1.238227266803295
63034,0,0,-3.0503752462891196
63044,0,0,-3.0170388421708267
63051,1,1,0.43929355914946155
63059,0,0,-1.834958151707948
63061,0,0,-1.1043531417489967
63067,0,0,-0.24219194021699197
63069,0,0,-3.0150562658430013
63071,0,0,-0.9128886143446413
63088,0,0,-2.2728069247873837
63089,0,0,-1.933031860107037
63095,0,0,-2.390763908575517
63097,0,0,-1.3898016696275706
63113,0,0,-2.037344268005177
63130,0,0,-3.0972463468256475
63135,0,0,-2.4819936024900113
63137,0,0,-2.6496217350594318
63144,0,1,0.1678489217122635
63149,0,0,-1.3186297751474916
63158,0,0,-4.139858379684542
63163,0,0,-2.9120610859684115
63169,0,0,-1.5550467727998227
63174,0,0,-1.508570290257011
63180,0,0,-0.3951124494047013
63189,0,0,-1.7564394585997025
63197,0,0,-0.9888934558664586
63207,0,0,-1.1841218968509253
63208,0,0,-3.319384778472509
63211,0,0,-1.5145338824387338
63215,0,0,-1.514133492100485
63216,0,0,-1.2269208533711413
63218,1,1,0.1528389006836528
63226,0,0,-0.5882036715286183
63239,0,0,-2.8069358554522577
63241,0,0,-1.6103317163078403
63242,1,0,-0.9901259101596187
63243,0,0,-0.8680906521138354
63252,0,0,-1.0763616658201018
63254,1,1,1.1554328442728818
63265,0,0,-1.4282856938845412
63266,0,0,-1.2364426296497826
63267,0,0,-0.6683846376452582
63273,0,0,-0.7447737082047332
63276,0,0,-1.457329875360435
63278,0,0,-1.5837477664331634
63279,0,0,-2.442588798783727
63283,0,0,-3.2262159161986395
63287,0,0,-0.5640053724550194
63288,0,0,-1.7003922472538728
63291,0,0,-1.5671342380933067
63298,0,0,-2.2407587073490998
63304,0,0,-1.1604205023009997
63312,0,0,-0.9336662584812105
63314,0,0,-3.0355594834965673
63316,0,0,-0.9881931073736725
63318,0,0,-2.400896842253732
63319,0,0,-0.586473142779619
63324,0,0,-0.9103777652561456
63337,0,0,-2.741001325160208
63340,0,0,-1.534179838575362
63352,0,0,-1.8830054219991654
63355,0,0,-0.9579575678623694
63369,0,0,-1.6815859194626133
63375,0,0,-1.5346601388121566
63381,0,0,-1.845090357721192
63382,0,0,-0.31330122055374177
63383,0,0,-1.4894525140483301
63384,0,0,-0.7463251381706524
63387,0,0,-1.236648379229002
63391,0,0,-2.3199529485443335
63393,0,0,-0.9255761944813572
63396,1,0,-0.4645289023603147
63402,0,0,-1.587356985034318
63404,0,0,-2.0035334863584913
63405,0,0,-3.837409666232004
63406,0,0,-3.0039505745694433
63422,0,0,-1.2323097512340433
63431,0,0,-1.4490946443272805
63433,0,0,-3.004599338623863
63436,0,0,-3.971419687772764
63451,0,0,-2.4505210837049836
63452,1,0,-0.4927853658690041
63461,0,0,-0.8091253931483626
63470,0,0,-1.1194416949351373
63471,0,0,-1.105383309945093
63472,0,0,-2.937069461362648
63474,0,0,-1.4468063325101095
63478,0,0,-0.8797684808567706
63482,0,0,-3.258533112924421
63484,0,0,-3.4410604136462286
63486,0,0,-4.069217718296147
63487,1,1,0.3648432852934038
63491,0,0,-0.8553760665410084
63492,0,0,-1.120594897446911
63498,0,0,-2.239027385656172
63499,0,0,-0.4217752234309105
63512,0,0,-3.1668810999561376
63526,0,0,-2.4336155289865684
63528,1,0,-1.40489439088619
63529,0,0,-1.0446884154037304
63531,0,0,-2.894155848366518
63534,0,0,-1.5222725350914295
63536,0,0,-1.9991502624780726
63546,0,0,-1.0749398883643915
63550,0,0,-2.3730007184589605
63551,0,0,-2.404960294263702
63554,0,0,-2.4633173426824193
63562,0,0,-3.0818245793597114
63564,0,0,-0.7897874834607567
63568,0,0,-0.8086059045017051
63572,0,0,-1.8541497107967748
63573,0,0,-0.6116941850344179
63574,0,0,-1.9240547600784914
63582,0,0,-0.7903487479887193
63584,0,0,-1.9568590998302213
63587,0,0,-0.7658378045273369
63590,0,0,-0.7455799536093195
63592,0,0,-1.9195265627795908
63600,0,0,-1.3477107996417315
63619,0,0,-2.0783084550878343
63622,0,0,-2.0760164499857465
63623,0,0,-2.537722520892685
63629,0,0,-2.2383289104061808
63630,0,0,-0.46773817796894523
63644,1,1,0.9873702088947927
63649,0,0,-1.962966686156959
63674,0,0,-1.7939724874319054
63682,0,0,-0.7282268350925066
63686,0,0,-3.6287494029075384
63687,0,0,-0.3677464571259885
63689,1,1,0.5516887784791145
63690,0,0,-1.8047455649799165
63697,1,1,1.4855795377135992
63703,0,0,-1.3870095123429245
63719,0,0,-1.1754019172964534
63726,0,0,-1.8656219789228943
63728,0,0,-2.9594555301071255
63731,0,0,-1.7720491030708934
63736,0,0,-0.6678544843320475
63737,0,0,-0.6266677897804984
63744,0,0,-2.6922095533348234
63746,0,0,-2.0475166785934578
63755,0,0,-1.492644424486032
63756,0,0,-2.370032855379674
63757,0,0,-1.3016965358979606
63758,0,0,-1.2012218796967975
63767,0,0,-0.7048463476412803
63773,0,0,-1.7426427081270757
63775,0,0,-1.6355356149605529
63777,0,0,-1.7404962995049351
63781,1,0,-1.1285256289296015
63783,0,0,-3.069724636847816
63786,0,0,-0.9519077524211004
63787,0,0,-0.5073110785215997
63788,0,0,-2.0976318605768087
63789,0,0,-0.35396071097783366
63793,0,0,-0.0398435213006747
63799,0,0,-1.512313637559282
63802,0,0,-1.062427603138394
63804,0,0,-2.428307029962725
63817,1,1,0.04957382286972967
63819,0,0,-2.621763399019295
63830,1,1,1.1000254141998624
63840,1,0,-0.1341427279449563
63841,0,0,-2.127056350589247
63850,0,0,-1.9380099613510269
63852,0,0,-1.7415495884334775
63853,0,0,-2.9608349987196627
63855,0,0,-2.5391512728409156
63858,0,0,-2.725619762916665
63862,0,0,-1.4036265432388415
63864,0,0,-1.761758968734134
63867,0,0,-1.4056665027590696
63883,0,0,-0.849423219157745
63887,0,0,-0.837396013360838
63893,0,0,-1.6034341336341487
63910,0,0,-0.6069556356040049
63916,0,0,-0.91084125026371
63919,0,0,-1.4137961600546634
63926,0,0,-0.9904711749504067
63933,0,0,-0.8782632740149215
63935,0,0,-1.3019483010123443
63936,0,0,-3.0780094524804227
63942,0,0,-2.3768227505925075
63963,1,0,-0.15831666169350733
63973,0,0,-1.470574258468528
63975,0,0,-1.0770266416624261
63980,0,0,-2.118132321155607
63990,0,0,-1.1662077185946904
63991,0,0,-0.7054725062363864
63995,0,0,-2.6166425840761
63998,0,0,-0.9079358122875206
64003,0,0,-1.2970723810009133
64007,1,0,-0.21758059239636485
64015,0,0,-1.1206281462819665
64032,0,0,-0.749296008860816
64043,0,0,-1.3367097617407198
64045,0,1,0.13219788209215189
64046,0,0,-1.2899040408366487
64048,0,0,-0.8400768817648137
64052,0,0,-1.3613847306416518
64053,1,0,-0.7028500248043653
64055,0,0,-2.28978897592839
64060,0,0,-2.8543801586594117
64064,0,0,-1.8377436578451012
64070,0,0,-1.1585023967881058
64075,0,0,-0.9912075218314901
64084,0,0,-2.1279358019078574
64087,0,0,-1.1041304057182848
64088,0,0,-2.8772659090824115
64092,0,0,-1.2976723051884966
64105,0,0,-0.9575354896318917
64109,0,0,-1.7205937356016658
64111,0,0,-4.133206847580452
64122,0,0,-0.39891640411038887
64126,0,0,-0.8601137202786477
64129,0,0,-1.8567083607551778
64130,1,1,2.07196697443457
64142,0,0,-2.533329983221109
64143,0,0,-2.125585707968016
64144,0,0,-0.8362035174938429
64146,0,0,-2.417336493749459
64150,0,0,-1.2213259328189894
64152,0,0,-1.015472898817704
64153,0,0,-2.295722036830613
64156,0,0,-1.6390176425713419
64157,0,0,-1.3284744802801403
64169,0,0,-0.8881214495500713
64177,0,0,-1.165843525349771
64180,0,0,-0.5583496194505535
64187,0,0,-0.25996129633067644
64190,0,0,-0.8242046455188701
64191,0,0,-2.2104861886250156
64192,0,0,-1.6241807360519638
64213,0,0,-2.0683778621836524
64219,0,0,-1.5190584103431348
64222,0,0,-2.2433171866126873
64227,0,0,-2.329273985740354
64230,0,0,-0.6413876945478297
64231,0,0,-2.0361443144015707
64237,0,0,-1.3879139524193373
64238,0,0,-1.5621296970190397
64240,0,0,-1.9076867128711057
64247,0,0,-1.315788783938482
64250,0,0,-1.7113649746881279
64252,0,0,-2.260073983956457
64255,1,1,1.3875636850661592
64256,0,0,-0.7876023503360616
64258,0,0,-1.3468390452016878
64259,0,0,-0.9264259157561677
64262,0,0,-2.102418887603598
64273,0,0,-2.002002059405055
64279,0,0,-0.7389632487547657
64285,0,0,-0.9968119161090782
64289,0,0,-1.9331736443076124
64290,1,1,1.558002985803317
64291,0,0,-3.314972721674371
64293,0,0,-2.394481761601271
64298,0,0,-1.7113273111871867
64299,0,0,-1.2483543336313554
64303,0,0,-1.5532804196140377
64309,0,0,-1.8227201810565583
64310,0,0,-1.781814778796927
64319,0,0,-0.8269996617490167
64320,0,0,-0.8646256417237463
64336,0,0,-0.9496665181774637
64338,0,0,-1.497793140239947
64343,1,1,0.07737904534988083
64345,0,0,-0.7719930388177794
64348,0,0,-1.5588232335013843
64355,0,0,-3.3825993155228984
64373,0,0,-2.478514689988378
64375,0,0,-1.3877387396925784
64388,0,0,-1.7183335275829754
64389,0,0,-1.6159832935725134
64393,0,0,-2.6441564180604398
64401,0,0,-3.238925539056024
64412,0,0,-3.739415959119208
64422,0,0,-1.1168440109530282
64424,0,0,-1.182819987079309
64425,0,0,-2.830455555572696
64430,0,0,-0.29496704615990793
64433,0,0,-1.526190833506381
64437,1,1,0.21422464361445637
64443,0,0,-1.59066414007819
64447,0,0,-0.6845711693275238
64448,0,0,-1.1119498999030846
64452,1,1,1.2504719340723682
64468,0,0,-2.7240929747861777
64473,0,0,-1.3428079086427016
64474,0,0,-1.7335450489032986
64482,0,0,-0.5804500613643745
64483,0,0,-2.217416943847169
64489,0,0,-0.5744171114528128
64496,0,0,-1.6111613474826054
64499,0,0,-0.4463485534035563
64506,0,0,-1.8653025413234798
64507,0,0,-2.662215046612463
64509,0,0,-1.53209049602696
64511,1,0,-0.4474094120640013
64520,1,1,0.3476700665256951
64526,0,0,-2.195262569337011
64530,0,0,-1.1137165796936186
64533,1,1,0.2946579950303059
64535,1,0,-0.7647733522369102
64536,0,0,-3.264158267941027
64538,0,0,-1.6368885990175703
64542,0,0,-3.200626035037164
64544,1,1,1.2939820800145891
64552,0,0,-1.1767363210381645
64568,0,0,-1.458461369640796
64569,0,0,-1.571272207417446
64577,0,0,-1.6678037321695371
64579,0,0,-2.7489684433481134
64580,0,0,-0.9511719000523734
64582,0,0,-0.7864865419845716
64590,0,0,-1.4695609940321284
64592,0,0,-1.9751910631799765
64604,0,0,-3.128960907763709
64607,0,0,-1.3749125922948937
64612,0,0,-1.1341529065816343
64615,0,0,-3.3252198380905424
64617,0,0,-3.0326850600547957
64639,0,0,-1.1451419044563678
64643,0,0,-1.0122542382671444
64645,0,0,-3.234433579289944
64650,1,1,0.19014884291959577
64651,0,0,-2.4202912164154804
64653,0,0,-2.0191388866472817
64668,0,0,-1.8517362283284555
64676,0,0,-1.43191031059978
64694,0,0,-2.6458397650898124
64695,0,0,-0.7967315575403748
64698,1,0,-0.21129786943406126
64704,0,0,-4.182035534510073
64705,1,1,0.644945751765774
64712,0,0,-1.75851787123159
64716,0,0,-1.3994625353793717
64717,0,0,-0.7079115054993796
64720,0,0,-1.5405352570643345
64724,0,0,-2.186216983484873
64725,0,0,-1.151103209180817
64740,0,0,-4.2075245440938165
64745,0,0,-2.015990445528054
64747,0,0,-1.1820149062232868
64748,0,0,-2.068280095763172
64757,0,0,-2.741960761990389
64759,0,0,-3.0353007810212347
64766,0,0,-0.6057509369174052
64768,0,0,-1.664828998538446
64772,0,0,-1.9435343355043608
64776,0,0,-1.2880253215472615
64777,0,0,-1.6237805657188777
64785,0,0,-2.342438194046876
64794,0,0,-2.2933669945214645
64804,0,0,-1.566457305079994
64810,0,0,-2.323361023372182
64818,0,0,-2.2999289128476326
64832,0,0,-2.23219426880938
64841,0,0,-2.918667792706821
64846,0,0,-2.622970635401077
64857,0,0,-1.637889263538617
64863,0,0,-2.529768327731401
64873,0,0,-1.0909092199852133
64878,0,0,-1.2436872936640502
64888,0,0,-3.6649295903123367
64901,0,0,-0.48461684218307244
64904,0,0,-1.812850863449261
64907,0,0,-1.3805120795030352
64917,1,0,-0.47383441756325684
64919,1,0,-0.9892291458163598
64920,0,0,-1.0582256364644786
64939,0,0,-1.1968581331036363
64952,0,0,-0.9664760707634322
64954,0,0,-2.428624334432376
64960,0,0,-0.657868815197176
64961,0,0,-1.310701754663166
64967,0,0,-2.0133094255936586
64969,0,0,-1.38498328688231
64972,0,0,-3.102444070362224
64973,0,0,-1.0577484001211894
64976,0,0,-0.43142792665750773
64987,1,0,-0.27583190149309855
64988,0,0,-2.23456073743647
65001,0,0,-1.1986186340966647
65006,0,0,-2.3455128507053704
65012,0,0,-3.6165742062483845
65014,0,0,-1.4218730797979453
65018,0,0,-3.159344385016375
65037,0,0,-1.5210504170082826
65039,1,1,0.9605048897306061
65041,0,0,-1.939137672030036
65055,0,0,-0.5318204305143084
65056,0,0,-2.2685896705587645
65066,0,0,-1.3516435156535724
65069,0,0,-1.0057351011209297
65078,0,0,-1.0101996424929343
65079,0,0,-2.35099027500151
65082,0,0,-1.7485170408275899
65091,0,0,-3.864935962627672
65094,0,0,-2.535054543980879
65097,0,0,-2.112956903736343
65099,0,0,-1.9247848669385696
65104,0,0,-0.9336061987510453
65114,0,0,-0.6028656657057028
65117,0,0,-1.9576235860813085
65125,0,0,-2.4997898403933805
65127,0,0,-0.6058569346165157
65133,0,0,-0.9223794410838878
65140,0,0,-0.977224124654849
65142,0,0,-0.6217946005935295
65144,0,0,-2.032397438699081
65145,0,0,-0.49190936596572954
65149,0,0,-0.7014824101881805
65159,0,0,-2.006134574951804
65161,0,0,-1.7452929603814749
65163,0,0,-0.4077212263745559
65175,0,0,-1.7021182903068717
65176,0,0,-0.18139081181505767
65178,0,0,-1.5647327650721379
65181,0,0,-1.2851100214642144
65182,0,0,-1.2421382250921855
65183,0,0,-1.4399647509974602
65184,0,0,-1.844586503926063
65186,0,0,-1.6538813937930485
65192,0,0,-1.5414064459334538
65193,1,1,1.935445922537942
65196,0,0,-1.1663119982617924
65203,0,0,-3.1740581959867518
65207,0,0,-1.2784543813902136
65212,0,0,-1.0065006361472553
65221,0,0,-1.7836601508637362
65238,0,0,-2.3849195166242096
65240,0,0,-1.0927855195876663
65242,0,0,-2.3288034868538285
65243,0,0,-2.5690602300233154
65246,0,0,-1.2686143407591948
65256,0,0,-0.16423961770056494
65257,0,0,-1.0327701848522841
65265,0,0,-2.480960886718405
65270,0,0,-2.0425703774010517
65280,0,0,-2.20471545545844
65281,0,0,-0.5155885154379551
65284,1,1,1.015384549813571
65287,0,0,-1.2637860868203452
65288,0,0,-1.8439650930223273
65295,1,1,1.6785447369739346
65296,1,1,0.8189684068974137
65303,0,0,-0.3966443044811645
65308,0,0,-2.2662519422561624
65310,0,0,-3.4305574163769785
65319,0,0,-1.4731576413763663
65322,0,0,-2.441946013565196
65325,0,0,-3.025862892725412
65331,0,0,-2.87784425847338
65334,0,0,-0.29166416891933533
65338,0,0,-1.1989260843512253
65340,0,0,-0.7894890481224707
65346,0,1,0.0747010813599791
65359,0,0,-0.22982506154695592
65361,0,0,-1.8827169143605025
65376,0,0,-0.8035527204256387
65387,1,1,0.12193728023176009
65392,0,0,-0.6321133052304304
65393,0,0,-1.0634732804191536
65398,0,0,-0.7266410942422834
65399,0,0,-0.45987654876310036
65400,0,0,-1.1393773009908266
65405,0,0,-1.2122556057712557
65407,0,0,-2.0192778441820023
65415,0,0,-1.6986401164211116
65416,0,0,-0.6126003793110782
65419,0,0,-2.6727184201275986
65422,0,0,-2.6202669647833052
65428,0,0,-0.9200547680200045
65433,0,0,-2.4398281735436758
65443,0,0,-1.515331484942048
65444,0,0,-2.7346808144601225
65448,1,0,-0.3881131510431536
65451,0,0,-0.6880393263322568
65452,0,0,-0.786852786641937
65467,0,0,-3.2278676309676966
65468,0,0,-2.5155702539734115
65471,0,0,-1.4392512939911128
65473,0,0,-1.0229751024495273
65477,0,0,-1.5081474882474297
65486,1,0,-1.167664887533307
65490,0,0,-1.4756448037721361
65491,0,0,-2.211145319913637
65492,0,0,-1.6985195878545416
65495,0,0,-1.155319796130831
65498,0,0,-0.4469042423169858
65525,0,0,-1.3272988877323666
65527,0,0,-2.6678323585586674
65536,0,0,-1.7899568793500416
65557,1,1,1.1651716450879614
65559,0,0,-2.6681302437550274
65560,0,0,-1.5310121307792808
65567,1,1,0.24195755203557145
65577,0,0,-1.6734088860477985
65579,0,0,-3.3271565547939943
65582,0,0,-1.0343650967074927
65588,0,0,-0.9579357154881836
65598,0,0,-2.2635105350751425
65599,0,0,-1.9335683573085454
65610,0,0,-1.4108102599746657
65614,0,0,-3.2202077767888264
65619,0,0,-1.7228242852962845
65620,0,0,-0.9069288996863746
65626,0,0,-1.345052084703008
65629,0,0,-1.1582701412894987
65630,0,0,-3.60661613689921
65633,0,0,-3.3577896329587604
65640,0,0,-2.6933288291822635
65651,0,0,-2.638514631256486
65656,0,0,-1.3114188555039865
65662,0,0,-0.5552191242195537
65666,0,0,-0.3711174959531074
65673,0,0,-1.5272079441107982
65676,0,0,-1.977007247555221
65680,0,0,-1.795637600226405
65683,0,0,-1.2771178169004442
65689,0,0,-1.340425818593097
65692,0,0,-1.4900698169297848
65698,0,0,-0.9863457744379426
65700,0,0,-1.8864825821823694
65704,0,0,-1.8286334488806537
65709,0,0,-2.2055897970366134
65720,0,0,-1.0523871654490855
65724,1,0,-0.35792316238723254
65725,0,0,-3.025026792435793
65732,0,0,-3.325991656365108
65736,0,0,-1.6654853736713209
65737,0,0,-1.0710033038471671
65783,0,0,-1.4855002120597651
65785,0,0,-2.500218845656815
65792,0,0,-0.6629902418684666
65793,0,0,-1.8790153280890074
65801,0,0,-1.8552960273382166
65807,0,0,-0.3300012674011674
65822,0,0,-2.7263444402759873
65850,0,0,-2.742361107602761
65859,0,0,-0.3310120201427449
65860,0,0,-1.4503722074057643
65864,0,0,-1.2398636896729542
65867,0,0,-2.9151467275679543
65869,1,1,0.5955919375727592
65880,0,0,-2.9492529223131774
65887,0,0,-0.9113662551400816
65891,0,0,-1.6405940423610896
65892,1,0,-0.35002407950604186
65894,0,0,-2.3585962806003096
65908,0,0,-1.7632976742152366
65910,0,0,-0.006958299451753636
65920,0,0,-1.1003863621909273
65921,0,0,-1.5493197711580302
65925,1,0,-0.23592690221966905
65931,0,0,-2.8553070631362445
65943,0,0,-1.9419885149582798
65944,0,0,-2.2144512555250397
65954,0,0,-1.7210499671101802
65959,0,0,-2.101087675417534
65960,0,0,-2.4362684889132002
65961,0,0,-1.202543026138634
65962,0,0,-3.4149706828240944
65980,0,0,-0.7976871193515306
65983,0,0,-0.047855941000898516
65995,1,0,-0.05516931041594142
65996,0,0,-1.7901687650287619
66013,0,1,0.0011284313555102177
66017,0,0,-0.8535809499403042
66022,0,0,-0.9120434316447746
66026,1,1,0.8291661752671702
66032,0,0,-2.0295077733784668
66039,0,0,-2.7391618324275875
66044,0,0,-0.9832270662510392
66049,0,0,-1.714901755814737
66052,0,0,-1.4412467289199942
66057,0,0,-1.2902816963364698
66067,0,0,-2.3706787002055556
66069,0,0,-1.7489055319731408
66073,0,0,-1.3130419106451086
66075,0,0,-3.1867344104474293
66076,0,0,-1.5089518967611195
66078,0,0,-1.6380598252204184
66079,0,0,-1.6025240054119596
66090,0,0,-1.2839618223298177
66091,0,0,-1.6799627458518585
66092,0,1,0.12288730118905855
66096,0,0,-2.5828024214938035
66098,0,0,-1.8578953034770513
66104,0,0,-1.9434514718801388
66106,0,0,-1.2728727311467132
66107,0,0,-1.3353521589397626
66117,0,0,-2.8022546239339405
66119,0,0,-3.5132233776619968
66128,0,0,-1.1188997160572132
66131,0,0,-1.1775451185894865
66136,1,0,-0.08377114860130563
66146,0,0,-0.16052221533418454
66148,0,0,-2.2591201425003
66153,0,0,-0.9009996596867409
66156,0,0,-0.5198669424408093
66159,0,0,-0.376063755355065
66160,0,0,-1.2573137141810924
66178,0,0,-2.364120479914728
66201,0,0,-2.481554666860591
66210,0,0,-1.1083519682265568
66212,0,0,-0.4108097976085182
66213,0,0,-2.3174748623130004
66215,0,0,-1.0696329066925228
66223,0,0,-1.7713912265840501
66227,0,0,-2.7974834178887873
66238,0,0,-1.2658577117731709
66243,0,0,-0.5746890103197043
66248,0,0,-0.4349912438745822
66249,0,0,-1.9041534511614362
66253,0,0,-1.5945765868182507
66255,0,0,-1.4121990496811436
66259,0,0,-0.17930424287810742
66270,0,0,-2.898333837044645
66271,0,0,-1.4296508813527766
66275,0,0,-1.461927972387912
66276,0,0,-1.5259878295187053
66278,0,0,-0.7893753015405487
66280,0,0,-1.4211997609717533
66281,0,0,-1.7495728540589708
66286,0,0,-0.9955531454862825
66289,0,0,-2.020079603394726
66300,0,0,-2.716585840160325
66302,0,0,-1.214166384066114
66307,0,0,-1.0027453847982528
66308,0,0,-0.5207075300731584
66314,0,0,-0.858831575858676
66315,0,0,-1.1272926003956663
66322,1,1,1.4326863177556037
66323,0,0,-1.8271468996273417
66327,0,0,-0.6090886491844995
66330,1,1,0.6460198602221645
66332,0,0,-1.637737301359689
66336,0,0,-1.6389483505276772
66338,0,0,-1.4538943132802795
66343,1,0,-1.1600182608874552
66350,0,0,-0.6043092840473865
66352,0,0,-1.8383366329722726
66366,0,0,-2.054208857072232
66372,0,0,-1.8338356831875713
66374,0,0,-0.7903433191253707
66383,0,0,-2.4745386180360125
66388,0,0,-0.72935145829923
66389,0,0,-1.2279921049941644
66393,0,0,-0.9878525577629866
66394,0,0,-2.2404841686925803
66398,0,0,-2.2599301851852283
66399,0,0,-1.4804135059729058
66404,1,1,0.9460852136597453
66406,0,0,-2.1902824261022946
66435,0,0,-2.031669110141774
66437,0,0,-0.8026436147336062
66438,0,0,-2.463853422397352
66442,0,0,-1.1734629141268036
66443,0,0,-2.8489045296393005
66452,0,0,-1.247194776908834
66453,0,0,-0.7791721688691895
66458,0,0,-2.2032451831810262
66469,0,0,-2.465935881867144
66472,1,1,1.6493965587098833
66482,0,0,-1.7348099952979221
66484,0,0,-0.662729939266286
66488,0,0,-2.0004886391752477
66489,1,1,0.23638562581292466
66497,0,0,-2.657469895286617
66501,0,0,-1.0540746663322107
66506,0,0,-1.9625655508789446
66520,0,0,-2.9259898740862305
66522,0,0,-0.28526892267058024
66531,0,0,-3.4813623249563914
66536,1,0,-1.1220660356345056
66537,0,0,-1.9907068295929664
66548,1,0,-0.32535793003272073
66561,0,0,-1.1642126808878595
66562,0,1,0.06647876371005257
66568,0,0,-1.5448715559514834
66577,0,0,-0.8149190115899264
66579,0,0,-2.149896321512948
66583,0,0,-1.6583441912582457
66589,0,0,-1.5886304913654024
66590,0,0,-0.5271078381715073
66600,0,0,-1.5767814384558458
66603,0,0,-1.5854664361241986
66611,0,0,-0.923111283818762
66613,0,0,-1.166842484210513
66614,0,0,-2.0998045395220535
66617,0,0,-1.4162112646952396
66618,0,0,-1.2364150214147467
66627,0,0,-3.1883959146234764
66630,0,0,-0.6550129792934317
66637,0,0,-2.8928697288490266
66641,0,0,-1.481034634733497
66660,0,0,-1.7053359541859343
66667,0,0,-1.0883124918826934
66673,1,1,1.1837814923306444
66675,0,0,-1.270541966243098
66677,0,0,-0.638376402929343
66696,0,0,-1.1644250113491996
66698,0,0,-2.25024651580816
66702,0,0,-2.7788517820289576
66708,0,0,-1.4462399304247557
66717,0,0,-2.4656029398124444
66727,0,0,-2.1845092576868366
66732,0,0,-1.5217429438535175
66738,0,0,-1.0929983045176774
66739,0,0,-1.272416645777741
66746,0,0,-0.3725855994390749
66747,0,0,-0.8047176739782635
66748,0,0,-2.9052019015767065
66753,0,0,-0.4449858326790488
66758,0,0,-1.6611537524937305
66765,0,0,-2.6849767072130515
66767,0,0,-2.5792740722219714
66768,0,0,-3.427064186985593
66769,0,0,-0.8153997600241363
66770,0,0,-1.4903649625044655
66774,0,0,-0.8703368014455647
66780,0,0,-0.5789558272270857
66785,0,0,-1.5814715941927728
66786,0,0,-0.36542766719560277
66789,0,0,-1.426488415604204
66791,0,0,-3.215874401021469
66794,0,0,-0.19777375823360044
66798,0,0,-1.337314552235209
66805,0,0,-0.812000385614557
66812,0,0,-0.9410017230616567
66814,0,0,-1.70137486131853
66817,0,0,-1.3188071166727273
66821,0,0,-1.5805602526909035
66824,0,0,-0.9616057965544917
66825,0,0,-2.7127725529981888
66828,0,0,-1.1722355663720392
66833,0,0,-1.3271663425846827
66837,0,0,-2.1608796290774066
66848,0,0,-2.2957981057091708
66849,0,0,-1.7672244883791888
66851,0,0,-2.3763567945018673
66856,0,0,-1.789182275477123
66859,0,0,-1.0096532575958124
66860,0,0,-1.6990297339142326
66861,0,0,-2.2262665512914834
66865,0,0,-1.8235290828356574
66874,0,0,-1.3999276084231524
66875,0,0,-3.0659166085230707
66888,0,0,-2.065355491359977
66903,0,0,-1.7404099079756499
66906,0,0,-0.4462304290791987
66909,0,0,-2.610145515491439
66918,0,0,-2.3486260599452145
66919,0,0,-2.45104419464952
66921,0,0,-2.3787236536082825
66927,0,0,-2.8055877582369257
66937,0,0,-2.2524707029958346
66938,0,0,-2.151236578028468
66939,0,0,-0.8043680329319972
66950,0,0,-2.7494181186732716
66962,0,0,-2.602839524790527
66973,1,0,-0.947503620134441
66982,1,1,0.8547141952159452
66987,0,0,-0.4842179056824787
66997,0,0,-3.239012148811047
67003,0,0,-3.027872161854436
67015,0,0,-2.4053124771458934
67020,0,0,-2.503863896602705
67023,1,1,1.1328059437434135
67025,0,0,-1.935122577197199
67029,0,0,-1.6968717075958724
67037,0,0,-3.493382544685492
67040,0,0,-0.914754764662214
67054,0,0,-2.639882037925105
67060,0,0,-3.720492596488169
67087,0,0,-1.7996119117332705
67096,1,1,1.6827331396756782
67106,0,0,-0.9343621863757084
67109,1,0,-1.5935747939904399
67110,0,0,-3.1793524043451136
67111,0,0,-0.37505477060784226
67115,0,0,-1.4986627707153355
67126,0,0,-2.287408345400285
67128,0,0,-1.5466751352368724
67135,0,0,-1.8298357986841918
67136,1,0,-0.47813210472731443
67142,0,0,-2.6913706669082678
67149,0,0,-2.0859746321935857
67162,0,0,-1.1760680684910993
67171,0,0,-0.30669337224412757
67182,0,0,-3.0238400317236414
67188,0,0,-2.6518178539925437
67198,0,0,-3.7687466857207266
67199,0,0,-0.31654433645464064
67202,0,0,-2.404314045633273
67208,0,1,0.12561719937751437
67209,0,0,-2.712418646484288
67212,0,0,-2.8431246018538276
67219,0,0,-0.5131908984089171
67230,0,0,-2.1719797696887078
67264,0,0,-0.6397076889485835
67270,0,0,-0.7369434305117093
67271,0,0,-1.2641791841703305
67277,0,0,-3.08503177407807
67282,0,0,-2.1206516768449863
67285,0,0,-0.5487069759357808
67290,0,0,-1.4836733471613777
67291,0,0,-1.7779609002573844
67295,0,0,-1.4754504626577511
67296,0,0,-1.4791653070245194
67300,0,0,-1.2762005687116709
67305,0,0,-1.9263862757740668
67310,0,0,-0.8483290282073296
67318,1,0,-1.0363353347481705
67323,0,0,-1.0860765816679292
67324,0,0,-2.3354468315908163
67325,0,0,-1.021200342179067
67331,0,0,-3.0807410011740686
67337,1,1,0.07021933360844157
67340,0,0,-1.1069077524962398
67343,1,1,1.3189838221084795
67346,0,0,-0.9903933650068322
67348,0,0,-2.208344940925557
67350,0,0,-0.9218069905767765
67356,0,0,-0.790011816591139
67357,0,0,-3.3880142265427518
67358,1,0,-0.04093964394528693
67374,0,0,-0.7974413080583365
67376,0,0,-2.090308114041407
67392,0,0,-2.9485184400040483
67400,0,0,-1.4112377765860329
67401,0,0,-1.6358641573774957
67403,0,0,-0.10707356309096983
67416,0,0,-1.0885286189668961
67421,0,0,-3.1584453171240803
67437,0,0,-1.0624388029061875
67442,0,0,-1.0311677547786529
67445,0,0,-1.3870089683058855
67454,0,0,-1.1691789793467224
67455,0,0,-1.5717849850711387
67457,0,0,-2.845931945473736
67469,0,0,-2.52797933295109
67475,0,0,-0.9419131307894735
67480,0,0,-3.8806235616658427
67481,0,0,-1.3551327418935855
67483,0,0,-0.5138376016755037
67488,0,0,-1.024173505164668
67492,0,0,-2.8438452346676257
67503,0,0,-2.2126690620462144
67506,0,0,-1.6818339623714968
67509,0,0,-2.2159232662282404
67515,0,0,-0.9668014132118417
67518,0,0,-3.1014085494746384
67520,0,0,-1.1306389802334782
67535,0,0,-2.2920449834294794
67539,0,0,-1.6485226156989126
67542,0,0,-2.6436723360235295
67551,0,0,-1.984369167035213
67553,0,0,-1.6107234068634912
67565,0,0,-1.0151820490080956
67567,0,0,-1.9351272023333828
67583,0,0,-2.3139260862454023
67585,0,0,-1.3093457824755013
67588,0,0,-2.7974922148916166
67599,0,0,-1.2953762836536025
67602,0,0,-1.023819045154756
67605,0,0,-1.8728959918703896
67610,0,0,-1.5448347141974814
67612,0,0,-2.704704328549708
67620,0,0,-0.7450355672897937
67622,0,0,-1.9974674750317927
67648,0,0,-3.001637761084935
67667,0,0,-1.5315986649384823
67672,0,0,-0.7033497096291819
67677,0,0,-1.3870644031448291
67678,0,0,-1.3282435444857725
67681,0,0,-0.5939303696803607
67686,0,0,-1.1148678834090586
67688,1,1,0.8782197497588651
67700,0,0,-1.483546215599792
67702,0,0,-0.8767752177763315
67714,1,1,1.304847215963105
67715,1,0,-0.005093324449242598
67718,0,0,-0.8458124289192903
67719,0,0,-1.5157882650676848
67735,0,0,-2.121844483717326
67741,0,0,-3.2892297633874383
67747,0,0,-3.1244756457195866
67749,0,0,-3.6837209671865105
67754,0,0,-1.2996002552254111
67755,0,0,-1.410601198059854
67756,0,0,-1.3625261721619448
67765,0,0,-0.7576590713611613
67766,0,0,-0.7015914014351345
67774,0,0,-1.6981252936830191
67776,0,0,-3.1958194335928107
67784,0,0,-1.513482493589645
67786,0,0,-1.7548521248639695
67790,0,0,-1.4985965987445404
67792,0,0,-0.40843030105080513
67805,0,0,-2.9060633238238367
67809,0,0,-1.1040907378859264
67814,0,0,-3.1583196002001257
67818,0,0,-1.434573957634249
67825,0,0,-1.1935354567719059
67842,0,0,-0.18333726685495555
67848,0,0,-1.6901728923484567
67850,0,0,-1.6988504027533082
67853,0,0,-1.6600866476214835
67854,0,0,-3.2434902502074223
67855,0,0,-2.2495789822216112
67856,0,0,-2.1593940147222828
67860,0,0,-1.057577569611611
67863,0,0,-2.5213740026435145
67865,0,0,-1.5713312333068332
67873,0,0,-0.10078229384409554
67878,0,0,-1.571145900454336
67884,0,0,-3.1927811484103
67891,0,0,-1.5458861832684483
67897,0,1,0.14715877222053986
67901,0,0,-1.7394759862403348
67907,0,0,-3.3787774851764745
67914,0,0,-0.5705570563867424
67916,0,0,-1.1891479082296024
67920,0,0,-2.625761753309179
67922,0,0,-0.166542829423591
67928,0,0,-1.86125505912369
67941,0,0,-0.6889506848428657
67945,0,0,-3.4669320898609532
67947,0,0,-1.7527084916416973
67956,0,0,-1.6805546241622988
67959,0,0,-1.1992417701871674
67962,0,0,-1.8444860391023377
67966,0,0,-1.2514225710118412
67975,0,0,-1.6678485970391117
67995,0,0,-0.14779283023020695
67998,0,0,-3.9818217348730007
68007,0,0,-0.6907601107928805
68019,0,0,-1.6749664360672496
68029,0,0,-4.327567296026653
68030,0,0,-2.968684554923601
68031,0,0,-3.28451572363545
68042,0,0,-1.6928251975638788
68047,0,0,-2.143682630255945
68049,0,0,-2.1670090914181594
68052,0,0,-2.736650385195376
68053,0,0,-3.6297427788083203
68056,0,0,-2.2668577016118663
68058,0,0,-0.42874247203296806
68061,0,0,-1.588177677322577
68066,0,0,-2.155890784815087
68073,0,0,-2.435810365589149
68075,0,0,-2.165719992963287
68076,0,0,-0.04616924790874144
68082,0,0,-3.952495323087959
68084,0,0,-0.0999492858081874
68088,0,0,-2.223079654589636
68089,0,0,-0.8861812672934865
68091,0,0,-1.1302409405944942
68121,0,0,-2.4588920408415955
68128,0,0,-2.3371422957991044
68134,0,0,-3.312958544462899
68137,0,0,-3.0574978780430557
68142,0,0,-1.5117679014480752
68151,0,0,-0.6536738343753284
68154,0,0,-2.856677028077999
68164,0,0,-3.346705085268022
68176,0,0,-1.1151042661878203
68192,0,0,-2.8404762379443245
68193,1,1,1.4520146329712873
68198,0,0,-1.938227794685037
68200,0,0,-2.9166133405983903
68214,0,0,-3.2946885465464666
68221,0,0,-1.6650003334726153
68224,0,0,-1.227134371809358
68226,1,1,1.4854586823255793
68233,0,0,-2.4996540677995798
68258,0,0,-3.212399861086359
68259,1,1,1.3519738793223703
68264,0,0,-0.7799665646876358
68281,0,0,-3.5641135507680053
68282,0,0,-1.2593285128871317
68285,1,0,-1.3019366720882783
68300,0,0,-1.526162214222842
68304,0,0,-1.111476186875928
68309,0,0,-2.129158607359467
68313,1,1,1.2222357923919882
68328,0,0,-0.8690289404780068
68329,0,0,-3.215986937677693
68330,0,0,-1.0451628112765485
68331,0,0,-3.9481825992475486
68335,0,0,-0.7284139271284524
68338,0,0,-1.040574458806589
68343,0,0,-1.230881182680517
68349,0,0,-1.2722833229817099
68360,0,0,-0.7382076629744008
68373,0,0,-1.4296937569355792
68376,0,0,-1.1730822104254888
68377,0,0,-2.4649748629443393
68382,0,0,-3.4186816117129135
68393,0,0,-1.9233259387019987
68401,0,0,-1.3916302073544122
68405,1,1,0.6901058565360765
68409,0,0,-1.6270625501570781
68416,0,0,-1.1187438568374561
68422,0,0,-2.2280835906033802
68427,0,0,-2.0250948567423888
68434,0,0,-0.9794265624399076
68435,0,0,-3.2032314607741785
68438,0,0,-0.5760185482716577
68440,0,0,-1.7015221566435308
68450,0,0,-0.9626542869826828
68459,0,0,-0.669141399209658
68464,0,0,-0.6880784161149847
68477,0,0,-2.0157214714173772
68478,0,0,-1.2940247353863978
68487,0,0,-3.309548067654495
68488,0,0,-0.8251991992927095
68489,0,0,-1.4748813738260895
68493,0,0,-1.814030966295951
68498,0,0,-1.685921427924512
68499,0,0,-1.476380011286949
68501,0,0,-1.0735183981776673
68504,0,0,-1.5302639944191756
68518,0,0,-1.361799697612404
68519,0,0,-2.7168923398872025
68521,0,0,-0.7356305564196658
68529,0,0,-1.633007409608668
68532,0,0,-1.5360513028614884
68540,0,0,-1.721528799987813
68546,0,0,-1.8443794812439003
68549,0,0,-2.8002992377404867
68554,0,0,-3.058566227497881
68562,0,0,-1.5151920967764507
68564,0,0,-3.909395952158869
68569,0,0,-1.9548654919089394
68570,0,0,-0.5407568592105582
68582,0,0,-3.4281507561972377
68583,0,0,-1.6777771946106816
68590,0,0,-1.7169051959830335
68596,0,0,-2.33321309739879
68602,0,0,-1.8722856282019864
68604,0,0,-0.9118105618494632
68620,0,0,-1.5400242916662865
68622,0,0,-2.4890598575768186
68631,0,0,-1.4552709977053941
68643,1,0,-0.1659535423925551
68649,0,0,-1.7444329395341809
68658,0,0,-2.2823960534959453
68668,0,0,-1.4906856360438874
68670,0,0,-1.3701763313393536
68674,0,0,-3.2358612387051604
68678,0,0,-0.4648360858158822
68696,0,0,-1.4727931984449811
68697,0,0,-0.641383434056888
68705,0,0,-0.5015818754305789
68715,0,0,-2.171374813935616
68747,0,0,-0.9886669184969478
68751,0,0,-1.316122192915926
68753,0,0,-1.5276956408417037
68756,0,0,-1.8817463065649378
68764,1,0,-0.3750443030010484
68783,1,0,-0.6723938000430358
68784,0,0,-0.7651045389517136
68785,0,0,-1.8645947097218363
68788,0,0,-3.3020108699414843
68790,0,0,-1.0207527279054536
68794,1,1,1.0421249908233248
68796,0,0,-1.5613090231602507
68801,0,0,-1.2111917052598524
68809,0,0,-1.583637067899222
68812,0,0,-1.1870507263049177
68813,0,0,-3.748131087419109
68815,0,0,-0.522617355128054
68823,0,0,-1.2531146285408732
68825,0,0,-2.463100715502232
68833,0,0,-1.8949080578666435
68834,0,0,-2.389247663777362
68844,0,0,-1.643301037684866
68845,0,0,-1.1395904721588315
68857,0,0,-0.9996533164672701
68861,1,1,0.9460850584797882
68874,0,0,-1.4404162231637403
68877,0,0,-2.7326914648936365
68887,0,0,-0.8677066334768718
68910,0,0,-1.0104886506583712
68914,0,0,-1.201940341079914
68918,0,0,-1.1420495301835056
68923,0,0,-1.7228851939991587
68933,0,0,-2.1713840662754027
68934,0,0,-1.1493448634281367
68950,0,0,-0.7038750380087415
68951,0,0,-1.1917608987077712
68959,0,0,-2.5226170887644592
68962,0,0,-1.106768750289219
68966,0,0,-1.2990211602841042
68970,0,0,-1.6077569070259878
68972,0,0,-2.9804754260968798
68974,0,0,-0.8862354274496895
68975,0,0,-0.6402904983300594
68992,0,0,-1.302589321760364
68994,0,0,-0.6160801028224738
68998,0,0,-1.3160739251510103
68999,0,0,-2.111543098447331
69005,0,0,-2.4448177498397783
69011,0,0,-0.9734469705007692
69026,0,0,-1.738873216363174
69027,0,0,-1.603951356734901
69035,0,0,-1.7029460184121838
69052,0,0,-0.08768049560368618
69055,0,0,-1.6050518707240038
69056,0,0,-2.244730966695152
69065,0,0,-1.213743560961177
69075,0,0,-1.0172735069422152
69081,1,0,-0.002880188292803454
69090,1,0,-1.142715604286966
69091,0,0,-1.824361846165262
69094,0,0,-1.3808549006910846
69098,0,0,-0.792075008463822
69103,0,0,-1.1579766938752136
69104,0,0,-0.4410922328732474
69117,0,0,-0.4802331662260019
69120,0,0,-1.6843264962720639
69122,0,0,-2.019990509142288
69137,0,0,-1.8775647457485367
69150,0,0,-1.303273766846258
69155,0,0,-1.3275642771565037
69156,0,0,-2.4303156051889814
69157,0,0,-0.5710283539703405
69158,0,0,-0.5385491212716167
69160,0,0,-2.7585264682557655
69167,0,0,-1.9451804803630794
69171,0,0,-1.9991575152248462
69175,0,0,-0.6895972448325927
69178,0,0,-2.3166687186918278
69179,0,0,-1.050735912669
69180,0,0,-2.8924346884300736
69183,0,0,-0.9665684713006707
69185,0,0,-3.28108878858633
69188,0,0,-1.8959300240242065
69208,1,0,-0.3712508638319264
69209,0,0,-0.769460143393716
69210,0,0,-2.2055935852896247
69221,0,0,-0.5195175069791218
69222,0,0,-0.6410901434656048
69230,0,0,-1.9629694045846082
69231,0,0,-1.4102571935637733
69235,1,1,1.1488463840410885
69246,1,1,1.6013889985593897
69252,0,0,-1.2323053454904618
69255,0,0,-0.11022445667417435
69257,0,0,-2.268710289116605
69261,0,0,-1.4845408775727813
69264,0,0,-1.2381238590131258
69265,0,0,-0.9524085561564595
69271,0,0,-1.6763909862784392
69277,0,0,-1.4511115277496467
69278,0,0,-0.9566318795444116
69285,0,0,-1.1868586852144936
69287,0,0,-2.274701752134548
69294,0,0,-3.35825653744575
69296,0,0,-1.7297464225873835
69303,0,0,-2.428269896602159
69311,0,0,-0.9776112700250832
69312,0,0,-2.1475349324854793
69317,0,0,-1.3000137158034744
69319,0,0,-0.8090121331925051
69322,0,0,-1.423317976562118
69327,0,0,-2.103850358087521
69329,0,1,0.35564908178106713
69335,0,0,-1.2650230714049744
69338,0,0,-2.942516732576421
69341,0,0,-0.9266230825142783
69344,0,0,-0.9160121964454834
69348,0,0,-2.512876871832699
69350,0,0,-1.2134130566408543
69351,0,0,-0.8249322471615699
69353,0,0,-0.7164750437345236
69369,1,0,-0.30137637070690004
69372,0,0,-2.347042535986252
69375,0,0,-0.692591065997531
69382,0,0,-1.366686692240161
69393,0,0,-1.0268862962734504
69397,0,0,-1.4971139170715029
69400,0,0,-2.0801706340862838
69408,0,0,-2.7933396454933446
69414,0,0,-1.9963580046245648
69420,0,0,-2.1079708361998626
69421,0,0,-0.6358862345733225
69425,0,0,-0.41111785301973613
69433,1,0,-0.7428397033702674
69444,0,0,-1.5529445752268747
69447,1,1,1.001823831266892
69449,0,0,-0.9597011690533614
69458,0,0,-0.7247617805394735
69459,0,0,-3.4901879507695543
69465,0,0,-1.0032240306932454
69467,0,0,-3.0651742080368845
69468,0,0,-1.542660701872938
69472,0,0,-1.8282250960685438
69477,0,0,-0.9034240976875574
69479,0,0,-1.5726740685908012
69481,0,0,-1.7434411742637075
69488,0,0,-3.2550350988722077
69494,1,0,-0.01623296462927626
69506,0,0,-1.4836972778386124
69512,0,0,-1.1156198767379415
69516,1,0,-1.339882045039209
69518,0,0,-1.0260978083961418
69522,0,0,-1.845078475394224
69526,1,1,0.79927542817843
69533,0,0,-0.5614358483290913
69538,0,0,-0.40317184202524925
69547,0,0,-2.710675733169902
69548,0,1,0.1269698371073792
69550,0,0,-1.1427817849262252
69551,0,0,-0.032050431172813254
69552,0,0,-2.0048533662177483
69559,0,0,-2.72913365118184
69560,0,0,-2.934870444869272
69563,0,0,-1.9802651401716787
69566,0,0,-0.6773154536225487
69570,0,0,-0.5415687290036156
69572,0,0,-0.9992563530810539
69573,0,0,-1.9636612866464473
69575,0,0,-0.931164953047744
69595,0,0,-0.7796848375874708
69597,0,0,-1.854686133165942
69611,0,0,-1.5729940411072367
69615,0,0,-1.1116380980101497
69635,0,0,-2.8687364094095154
69641,0,0,-2.2094467835702227
69651,0,0,-1.2093104237740984
69654,0,0,-0.8102004326864554
69660,0,0,-2.973579353416903
69664,0,0,-1.27582268979999
69666,0,0,-0.6709188807904686
69670,1,1,0.805892455012422
69675,1,0,-1.0552822458760984
69677,0,0,-1.3437311269392098
69685,0,0,-0.9499553005536234
69687,0,0,-2.0003638453724357
69688,0,0,-0.7914457045660421
69693,0,0,-0.35735099324355435
69694,0,0,-0.6783440416041793
69695,0,0,-2.0745180305369164
69698,0,0,-1.8682382012408558
69704,0,0,-1.557323733304324
69708,0,0,-1.5786533343008848
69709,1,1,1.4946830622412242
69716,0,0,-1.759047561829437
69730,0,0,-1.7298335150347444
69731,0,0,-1.667621997589138
69732,0,0,-2.635070293299053
69737,0,0,-1.726121389664255
69739,0,0,-1.8286884258998939
69742,0,0,-0.9724421264525062
69745,0,0,-1.4844747743382514
69752,0,0,-0.5676990954018738
69758,0,0,-0.9403160856441208
69762,0,0,-1.9273578823520063
69770,0,0,-2.9527369755030435
69780,0,0,-0.5517206640354134
69786,0,0,-3.1932908253250805
69792,0,0,-1.3597210126910286
69800,0,0,-1.9465521008043252
69806,1,0,-1.0878781739839096
69807,0,0,-1.2907476681033963
69810,0,0,-2.3473575402025313
69815,0,0,-2.701499041714878
69816,0,0,-1.6956672198548983
69819,0,0,-0.9225757225825968
69821,0,0,-1.3462476657395828
69824,0,0,-2.082121704624387
69831,1,1,0.778193204848932
69834,0,0,-0.5328532325758547
69843,1,1,1.2564325856400618
69844,0,0,-1.5380581742693964
69847,0,0,-2.840897222296772
69848,0,0,-2.573294358039009
69857,0,0,-1.3888139851931405
69861,0,0,-1.3648120561604253
69864,0,0,-2.036558270173991
69866,0,0,-1.2906747363798718
69867,0,0,-2.47605411658965
69875,0,0,-3.043550522185477
69876,0,0,-1.8074800964041688
69884,0,0,-0.5771324614403968
69894,0,0,-0.45650726859468926
69902,0,1,0.41706367396697774
69908,0,0,-0.6083373367346089
69910,0,0,-1.5589303032798134
69912,0,0,-1.5010585002153913
69913,0,0,-1.646191344684659
69926,0,0,-1.833860718567007
69927,0,0,-1.0629384613187924
69928,0,0,-2.0662501610559936
69930,0,0,-1.6850367634671046
69932,0,0,-2.0627353042532333
69934,0,0,-1.4937531160821413
69936,0,0,-1.5241233171377129
69939,1,0,-0.5501865976895485
69940,0,0,-3.8782464657909106
69944,0,0,-1.9577353110904725
69950,0,0,-0.6233723543056285
69960,0,0,-1.3782083080677734
69968,0,0,-0.8120805780236714
69974,0,0,-2.972800173825921
69977,0,0,-2.53749463128934
70003,1,0,-0.393230565895326
70015,0,0,-2.0442993534305556
70017,0,0,-1.4783328007167713
70021,0,0,-0.7529951754531921
70025,0,1,0.43517717814623014
70026,0,0,-0.8380925024862668
70028,0,0,-0.9506426262300219
70033,0,0,-4.130152853444622
70038,0,0,-1.605606411187322
70039,0,0,-0.9917704636948371
70046,0,0,-0.7327616390097678
70048,0,0,-1.926909011128259
70058,0,0,-2.5347711415157255
70063,0,0,-2.4804138463707788
70066,1,1,1.7158900575158513
70073,0,0,-1.5761157561103807
70079,0,0,-1.545983885452677
70080,0,0,-2.551723050002723
70093,0,0,-2.2850567579767977
70096,0,0,-2.65121678533487
70104,0,0,-1.716580015582798
70107,0,0,-1.3936829572105314
70108,0,0,-1.9314880977189999
70114,0,0,-0.4550545762024942
70121,1,1,0.010329028902707038
70123,0,0,-1.6579381781996472
70142,0,0,-1.2610480060620353
70146,0,0,-3.039341750229358
70151,0,0,-2.200978654182888
70159,0,0,-0.5341354013828996
70160,0,0,-1.4209958666106304
70168,0,0,-2.6170182899617176
70171,0,0,-2.1503557604321006
70181,0,0,-2.6580166143505544
70187,0,0,-2.710225398666405
70193,0,0,-1.486517975726719
70196,0,0,-1.5865220975654193
70197,0,0,-1.7377096077715728
70200,0,0,-1.0553135282916029
70203,0,0,-3.7994619193320407
70217,0,0,-2.7747816585861553
70220,0,0,-1.19180521062205
70226,0,1,0.012731669266118129
70234,0,0,-0.8170374645616457
70239,0,0,-1.0419709976394376
70241,0,0,-3.266981676075673
70242,0,0,-1.1668867956913798
70249,1,0,-0.583106689279247
70253,0,0,-0.7374760552150836
70270,0,0,-2.173226017408634
70276,0,0,-1.5435250448158604
70281,0,0,-2.42720912500475
70282,1,1,0.9626203093715968
70283,0,0,-1.707512331968395
70284,0,0,-2.0981671805828084
70294,0,0,-1.6797219507436165
70303,1,1,0.6478673350634918
70308,0,0,-1.9197511662177125
70309,0,0,-0.9356311282668208
70312,0,0,-1.0633564671021647
70321,0,0,-1.2837237641483144
70324,0,0,-2.496190435410128
70325,0,0,-1.3721976307382766
70344,0,0,-1.4785753935925396
70353,0,0,-2.034980526503662
70354,0,0,-1.3166910435051284
70360,0,0,-1.5675462195426295
70362,0,0,-0.32129702687745376
70363,1,0,-0.8423154351791357
70372,1,1,0.4454288671800788
70373,0,0,-2.323907377623163
70382,1,1,0.8133786273219987
70395,0,0,-1.609913515544613
70400,0,0,-0.7881539389832402
70425,0,0,-2.0866978102970712
70429,1,1,1.342330368929536
70430,0,0,-0.599710530093776
70438,0,0,-3.428913702238071
70448,0,0,-0.5241776025881244
70454,0,0,-1.057129225564432
70458,0,0,-0.7583720802837065
70482,0,0,-1.9015005980931992
70494,0,0,-1.3751550174672151
70495,0,0,-3.6957081332173285
70498,0,0,-1.4453913647250565
70499,0,0,-3.4989055738988704
70506,0,0,-2.243959114182807
70507,0,0,-2.241926648580904
70513,1,1,2.1191415712397887
70528,0,0,-1.1535018871307074
70529,0,0,-1.5886240812820502
70530,0,0,-3.7998011144432056
70540,0,0,-2.170425577147075
70542,0,0,-1.7049820183040678
70545,0,0,-2.4599655955944653
70550,0,1,0.013635143923364512
70552,0,0,-2.274383320140209
70559,0,0,-2.285615451957689
70565,0,0,-1.564936106024394
70569,0,0,-1.8410558443677714
70580,0,0,-2.496807807162389
70593,0,0,-0.5054783548908196
70602,0,0,-2.1364514943509216
70604,0,0,-1.0004972570047894
70606,0,0,-0.4619998388682059
70609,0,0,-2.213223689157063
70614,0,0,-1.9300063611010936
70615,0,0,-1.4478245105011314
70621,0,0,-1.1037787906494227
70622,0,0,-2.9357514160319926
70623,0,0,-1.588684107515633
70628,0,0,-1.2561329744716203
70629,0,0,-0.528302763795446
70630,0,0,-1.8844344685541121
70631,0,0,-0.833888405560349
70641,0,0,-2.040693116339815
70643,0,0,-1.9651610898095773
70656,0,0,-2.0707268540249038
70661,0,0,-1.446098043743759
70663,0,0,-0.5436868973367048
70668,0,0,-2.00923060415555
70676,1,1,0.7631948192148312
70677,0,0,-1.08403101615536
70678,0,0,-1.8776117084419417
70681,1,0,-0.1941666844385579
70687,0,0,-1.526196389835202
70705,0,0,-3.0087614121056445
70707,0,0,-2.2910993986295463
70712,0,0,-0.6876574265826267
70717,0,0,-0.602757442495262
70726,0,0,-1.4575552926241022
70733,0,0,-3.0000333016992826
70736,0,0,-1.4853729558767754
70749,0,0,-1.2464126641408768
70755,0,0,-0.15737675460835
70759,0,0,-0.43112928479317936
70760,0,0,-1.6441654387909674
70778,0,0,-0.471960522127147
70779,0,0,-0.6518182039225923
70785,0,0,-2.325589452226472
70788,0,0,-1.5511379965245622
70789,1,1,0.9643547047856289
70792,0,0,-0.6459166000822516
70796,0,0,-1.4110962016984585
70798,0,0,-0.5571002560630645
70811,0,0,-1.4551804716253858
70814,0,0,-1.0056046014842934
70816,0,0,-0.8250048130092766
70817,0,0,-0.2947902690842393
70818,0,0,-2.558019057639613
70826,0,0,-1.9889002459636727
70829,0,0,-1.578257475804785
70841,1,1,1.099796797660148
70842,0,0,-2.3081310163384785
70843,0,0,-2.5714719975462517
70847,0,0,-2.455745455698533
70856,0,0,-2.9975728729039766
70857,0,0,-1.1995023840377201
70860,0,0,-1.8362875820936362
70861,0,0,-2.6586423093575524
70864,0,0,-2.1676512973636735
70874,0,0,-1.168890513240871
70877,0,0,-0.3690056077657804
70896,0,0,-2.30295563676063
70904,0,0,-1.4581105047372012
70905,0,0,-1.1139156649013708
70912,0,0,-1.1085675207839198
70920,0,0,-2.3442295185867503
70921,0,0,-2.3494146260934583
70922,0,0,-0.7505446875890106
70925,0,0,-2.056559915525785
70935,0,0,-3.1614429867718092
70936,0,0,-3.4504266796940337
70939,0,0,-3.921202939938545
70941,0,0,-2.2439130744125055
70948,0,0,-0.7548551574890522
70954,0,0,-4.268684735782681
70956,0,0,-0.6511653819284551
70964,0,0,-0.4379717096943417
70976,0,0,-2.2090516965980083
70977,0,0,-1.2286760372576073
70978,0,0,-3.124068554503223
70985,0,0,-1.5939380336281699
70986,0,0,-2.115781987119643
70988,0,0,-1.1681479813759144
70989,0,0,-2.27161982230459
71018,0,0,-1.8531192288406821
71025,0,0,-0.7204522761589998
71032,0,0,-0.6411532046555201
71035,0,0,-0.5438528959421638
71042,0,0,-2.122928916906067
71043,0,0,-2.0006901780982354
71045,0,0,-0.6471071583088377
71048,0,0,-2.1455189880664585
71052,0,0,-0.2869023871237698
71059,0,0,-2.0577288005341874
71066,0,0,-1.2151459580008543
71072,0,0,-2.7263108353093193
71077,0,0,-1.210904066327153
71080,0,0,-1.4270348901660372
71082,0,0,-0.03020205055895031
71083,0,0,-1.6745770942652158
71089,0,0,-1.685760475253633
71097,0,0,-2.607642359496303
71113,0,0,-1.3103310904610073
71127,0,0,-3.0688050410986714
71130,0,0,-3.2154511198839897
71132,0,0,-3.1748854893269227
71139,0,0,-2.8897689012535803
71141,0,0,-1.767949989381844
71143,0,0,-1.4336951623114542
71148,0,0,-1.709123350427098
71155,0,0,-2.3306494888169365
71156,0,0,-1.6141099380310766
71166,0,0,-1.6994213666512923
71168,0,0,-1.6360526483007143
71169,0,0,-1.7644383398985557
71173,0,0,-1.1920390908065495
71175,0,0,-1.6769640470436373
71181,0,0,-1.5160513861265126
71186,0,0,-1.0149475360144782
71189,0,0,-1.480421670657635
71191,0,0,-2.6494448198248444
71193,1,1,0.1780189438206795
71206,0,0,-0.8641809041335773
71210,1,1,0.9437136022246777
71220,0,0,-0.613247102429671
71224,0,0,-3.225379359859022
71238,0,0,-1.3744472268710282
71239,0,0,-2.3420479096829308
71243,0,0,-3.735956525388638
71244,0,0,-1.587192252105403
71245,0,0,-2.719651067103544
71263,0,0,-3.658113612533425
71270,0,0,-0.9802617191498805
71273,1,1,0.8977511817702304
71276,0,0,-1.1647456789775654
71283,0,0,-1.752582888846275
71286,0,0,-1.5816180931718982
71287,0,0,-1.4876536306744352
71289,1,0,-0.8731895653389183
71290,0,0,-1.0870695813487001
71292,0,0,-1.4004608925362438
71296,0,0,-0.9303124618025411
71299,0,0,-2.0070401891757492
71303,0,0,-0.014085912338639983
71304,0,0,-2.884361716770239
71312,0,0,-1.2144291154569395
71317,0,0,-2.454343860179513
71324,0,0,-2.343989859988202
71325,0,0,-1.6701105551953503
71326,1,1,1.2426820789692858
71330,1,1,1.2480472352153191
71334,0,0,-1.660811653074699
71341,0,0,-0.9975878534193023
71344,0,0,-1.6441823611049986
71350,0,0,-0.5466973382300041
71352,0,0,-1.9305062984688262
71355,0,0,-3.4097769639266753
71358,0,0,-1.0100831844354587
71367,0,0,-2.8568830474577878
71373,1,0,-0.3263899629340049
71379,0,0,-2.832933421817134
71385,0,0,-2.897209186313738
71386,0,0,-1.5760300365309061
71390,0,0,-2.9621477319526344
71391,0,0,-1.9312334922818015
71394,0,0,-2.0983474261000996
71401,0,0,-0.4597790404625476
71406,0,0,-0.8084578202599937
71410,1,0,-0.31586787961061624
71414,0,0,-2.9828880312158956
71426,0,0,-1.7705203193357812
71427,0,0,-2.250146126769871
71430,0,0,-2.0019376677361675
71436,0,0,-1.0491454685654444
71439,0,0,-0.3381425761196867
71440,0,0,-2.250754224493389
71441,0,0,-1.1868769321429202
71447,0,0,-0.5845583571160675
71448,0,0,-1.4105763484567433
71451,0,0,-0.5007910816280452
71453,0,0,-0.23446072644313998
71461,0,0,-3.5386734241118587
71476,0,0,-2.326734547086229
71489,1,1,0.23475738192609152
71493,0,0,-2.2909493586900624
71497,0,0,-0.40337436460794096
71498,1,0,-0.1656826694926905
71514,0,0,-2.5096792578511233
71517,0,0,-0.5664887543279417
71528,0,0,-2.659375694376818
71531,0,0,-1.7424640856502995
71534,0,0,-1.4325447598189842
71535,0,0,-0.9860310969401791
71536,0,0,-2.242165892983811
71538,1,1,0.17449725970568009
71545,0,0,-0.7532820282921765
71550,0,0,-2.663790266091868
71552,0,0,-3.290322579007098
71557,0,0,-0.2068246503478124
71559,1,0,-0.8793371315208913
71565,0,0,-2.63628408673043
71571,0,0,-0.5774109157377403
71572,0,0,-1.8768329014813034
71578,0,0,-1.7737453463838044
71580,0,0,-0.5896478546643926
71582,0,0,-1.4282824137249575
71592,0,0,-1.7448129641496857
71599,0,0,-2.472352661295008
71602,0,0,-1.3791514873130728
71604,0,0,-2.5737380313351856
71616,0,0,-1.4047381652138715
71624,0,1,0.679737373407219
71628,0,0,-2.8421547687359405
71630,0,0,-1.5698617831823787
71636,0,0,-2.7653903282789907
71639,0,0,-1.2883316577901394
71656,0,0,-3.244123038332755
71659,0,0,-0.8073473814040678
71662,0,0,-0.5477967656518656
71663,0,0,-2.839141885889103
71673,0,0,-1.284711154884977
71674,0,0,-1.1456156289048924
71679,0,0,-1.30858910550263
71691,0,0,-1.8459033551132957
71697,1,0,-0.975672947258478
71702,0,0,-1.1804270566574937
71715,0,0,-1.4217697752642084
71722,0,0,-3.955950967665512
71739,0,0,-3.0359923682994703
71740,0,0,-2.922553062492055
71743,0,0,-2.318979696940972
71746,0,0,-1.1332290056408563
71752,0,0,-2.090488856426073
71775,1,1,0.6514084529165607
71803,0,0,-1.6330251244742584
71805,0,0,-1.238651365380527
71816,1,1,1.890748934869446
71824,0,0,-1.5060256691703238
71835,0,0,-2.0329634013418296
71841,0,0,-3.080044116891812
71856,0,0,-1.2855630955062658
71857,0,0,-0.5668109822785006
71861,0,0,-1.9452625520338231
71864,0,0,-1.236576153811685
71867,1,0,-0.7650257010529076
71872,0,0,-1.7312178275025538
71878,0,0,-1.6277250257650413
71880,0,0,-0.8202811623084711
71889,0,0,-1.036162573485255
71901,0,0,-0.3745324320058559
71911,0,0,-0.8700512238328963
71920,0,0,-2.612573048502253
71941,0,0,-0.8848793920298456
71942,0,0,-1.5465714873816454
71943,0,0,-1.6390472992909138
71949,0,0,-1.6373746470026052
71954,0,0,-1.5422965904177754
71967,0,0,-1.0503504997360944
71970,0,0,-2.547442178788574
71989,0,0,-2.0967308993859683
71991,0,0,-0.27740432530195525
72010,0,0,-1.697190774868261
72030,0,0,-0.19115791712200136
72031,0,0,-1.4600468760896148
72032,0,0,-1.2890938237123306
72041,0,0,-3.0137922749278987
72044,0,0,-2.188575327917591
72051,0,0,-1.905029399405549
72052,1,1,0.7256527915844131
72058,0,0,-0.9565736348267656
72062,0,0,-2.5925791985668827
72065,0,0,-1.2272830410072069
72066,0,0,-1.664153020338368
72069,0,0,-1.2647765376348874
72076,0,0,-1.7341515192511034
72078,0,0,-2.0883775611203346
72081,0,0,-1.9927349821307365
72082,0,0,-1.2006172874311738
72083,0,0,-2.7467465087552516
72084,0,0,-0.8742063289211912
72087,0,0,-2.044987253053093
72101,0,0,-1.7854383536956158
72107,0,0,-2.292842961272849
72116,1,1,0.2407072873452727
72119,0,0,-0.4198559664660577
72128,0,0,-0.6409291978879088
72137,0,0,-3.6526753607219513
72140,0,0,-1.7604518609912736
72141,0,0,-1.392310968721935
72149,0,0,-3.062589845742653
72153,0,0,-2.9639807512698093
72158,0,0,-0.7204750688009274
72160,0,0,-2.452161330169478
72182,0,0,-1.8953455245205268
72183,0,0,-3.560980693996836
72184,0,0,-1.9881931815213352
72196,0,0,-2.9438515819862063
72201,0,0,-1.157719850778164
72203,0,0,-0.9996353485782413
72204,0,0,-1.1867474736475738
72208,0,0,-2.6169088351731533
72212,0,0,-1.4327009379318798
72213,0,0,-2.1843739161520395
72222,0,0,-2.904500515313761
72227,0,0,-1.4121134344107462
72249,0,0,-3.0475013325015574
72250,0,0,-1.4414044116762668
72251,0,0,-2.6859604312676817
72259,0,0,-2.488066831343078
72263,0,0,-3.157431332270577
72265,0,0,-1.8953580324638855
72266,0,0,-1.9124802063098905
72268,0,0,-0.6531448106133926
72269,0,0,-1.586755304849547
72273,0,0,-2.3016741065460704
72277,0,0,-1.9489747933500001
72285,0,0,-0.729226292242835
72301,0,0,-1.40865446419568
72305,0,0,-2.914161959118384
72307,0,0,-1.7100542249733626
72309,0,0,-0.8924400739606618
72311,0,0,-1.170712896104516
72315,0,0,-2.825419526999535
72326,0,0,-2.8872347406191636
72328,0,0,-2.7815814019442
72350,0,0,-0.745598850203459
72351,0,0,-1.366286482319162
72359,0,0,-1.943865052235054
72361,1,0,-0.053953447425470036
72362,0,0,-1.1286094775807927
72365,1,1,0.08156371849164601
72372,0,0,-1.7497362716868554
72377,0,0,-2.849709609352394
72378,0,0,-0.47807624289692574
72383,0,0,-1.8966621827842747
72387,0,0,-1.7698042589011818
72391,0,0,-3.4065693598227655
72392,0,0,-1.4745393958900432
72396,0,0,-1.3813166171318099
72398,0,0,-1.5170178759720068
72399,0,0,-0.9041846368495633
72407,0,0,-3.102835185567603
72410,0,0,-2.7962353197272485
72423,0,0,-0.9406071820425568
72424,0,0,-1.7451267732025406
72432,0,0,-0.8251163358455547
72435,0,0,-0.18576285872639153
72436,1,1,0.3832366420582842
72439,0,0,-4.024295238852996
72445,0,0,-0.7734871494907971
72450,0,0,-1.1097370548290644
72454,0,0,-2.1080473554033965
72455,0,0,-1.0809488820603326
72470,0,0,-1.0217404105699601
72474,0,0,-1.7464510985362518
72508,0,0,-1.6593041577495684
72509,0,0,-0.9959688685009493
72517,0,0,-2.4542278331163585
72528,0,0,-0.6143726874681458
72536,0,0,-1.0007794899297897
72537,0,0,-2.644282798643955
72541,0,0,-2.712028781287771
72544,0,0,-1.7500381126582694
72545,0,0,-1.1342737924276591
72546,0,0,-3.135576495001139
72549,0,0,-0.9894660230428087
72555,0,0,-0.13282663255549831
72559,0,0,-2.3150058444019788
72572,0,0,-0.8143015754178542
72574,0,0,-1.7686538644588465
72579,0,0,-2.658688237224489
72587,0,0,-3.0808195179727687
72601,0,0,-2.4673724316870116
72606,0,0,-0.7645371993600931
72611,0,0,-1.0334518711621148
72615,1,1,0.14742608553992265
72618,0,0,-2.8572731870261148
72649,0,0,-1.4968980970262318
72655,0,0,-2.7814852888758415
72659,0,0,-1.3268901470391707
72665,0,0,-3.1268051306555744
72671,0,0,-2.3548061165547205
72673,0,0,-2.911064116397031
72674,0,0,-2.404346227690206
72676,0,0,-2.134749239284033
72688,0,0,-2.7529698947800973
72689,1,1,0.6641660994717784
72694,0,0,-1.5617197376694887
72697,0,0,-1.1961406553644018
72704,0,0,-2.0804630059975997
72709,0,0,-0.9426659068998018
72713,0,0,-0.7979496903786925
72714,0,0,-1.280536092396545
72715,0,0,-1.106895748973218
72721,0,0,-1.6061249096511931
72725,0,0,-2.4180065227913
72731,0,0,-3.050236819948763
72734,0,0,-1.8800152831301353
72747,0,0,-0.9334950576433781
72750,0,0,-0.3840317616157065
72754,0,0,-1.8185990101086569
72755,0,0,-1.0457884166964484
72761,0,0,-2.8759910040164547
72762,0,0,-1.3555288461092383
72769,0,0,-1.176107105483811
72773,0,0,-0.792240799207374
72775,0,0,-1.3817345064905826
72776,1,0,-0.3354257849398212
72781,0,0,-2.2920925485832697
72782,0,0,-0.5025013815915796
72783,0,0,-2.621170703158466
72784,1,0,-0.17240293531926087
72812,0,0,-2.2168536619117107
72822,0,0,-0.9799779275020317
72830,0,0,-0.08355667492318175
72832,0,0,-0.7938123849044103
72834,0,0,-2.7531981532859113
72840,0,0,-0.7586735685669229
72848,0,0,-2.2496642584607693
72856,0,0,-0.2719145805511136
72873,0,0,-2.0376595893977067
72877,0,0,-0.5796962386318973
72886,0,0,-0.9692740123034181
72888,1,1,1.0661660554667531
72890,0,0,-2.501834785903374
72892,0,0,-0.6836333018493529
72894,0,0,-0.5793975695889803
72914,1,1,1.6894311470012056
72915,0,0,-1.1883587920573924
72917,0,0,-0.390345665083072
72921,0,0,-1.1093469296597374
72922,0,0,-1.445782930312343
72925,0,0,-0.7726045925801839
72927,0,0,-3.675076331085715
72937,0,0,-1.3846783004652303
72956,0,0,-1.7185059526272721
72960,0,0,-1.7971018436087551
72963,0,0,-2.5661985901070943
72969,0,0,-2.8961808231057047
72970,0,0,-1.1632482527294756
72974,0,0,-0.3508724852923363
72975,1,0,-0.4730060867389314
72977,0,0,-1.0554606450825776
72979,0,0,-1.7448692938537964
72980,0,0,-1.7701862067609901
72998,0,0,-1.130771578266549
73014,0,0,-2.736712063872294
73017,1,1,1.2013423706942405
73019,0,0,-2.8008102990853754
73024,0,0,-2.314767128670166
73031,0,0,-0.8763671842509506
73038,0,0,-2.8489268262915175
73045,0,0,-2.853202203691331
73047,0,0,-1.8681173920398786
73057,0,0,-2.5426112305900403
73085,0,0,-1.351058623768233
73088,0,0,-2.743607974595147
73092,0,0,-2.122863245269839
73115,0,0,-1.6379684991993706
73123,0,0,-0.7558181746882309
73132,0,0,-3.771624402900975
73138,0,0,-1.181286216577763
73144,1,1,0.14140391529033458
73159,1,0,-1.1068559622231093
73161,0,0,-1.3519947891178994
73166,0,0,-3.9428006732250855
73171,0,0,-1.2288934820282804
73185,0,0,-1.6748712824976923
73193,0,0,-1.4606884597586713
73196,0,0,-2.0604020658915294
73217,0,0,-1.8589193743139625
73222,0,0,-2.999488410023953
73225,0,0,-1.250901831110403
73240,0,0,-1.27451231959597
73241,0,0,-2.143080032329544
73258,0,0,-1.391956507505662
73260,0,0,-0.9842065338863459
73265,0,0,-1.9149059572645906
73271,0,0,-3.856805737512115
73276,0,0,-3.102271639743395
73279,0,0,-0.92474824540438
73285,0,0,-1.2991509546541795
73289,0,0,-0.48962986850739976
73290,0,0,-2.376201885320863
73292,0,0,-2.2634673434007286
73297,0,0,-2.350445891810283
73302,0,0,-1.8455742865583646
73312,0,0,-1.165102372456881
73328,0,0,-1.6170729321313855
73331,0,0,-2.3846590964435403
73334,0,0,-0.5977322421765313
73349,0,0,-1.33046489992159
73350,0,0,-1.1863110555098408
73360,0,0,-2.0810138582608744
73366,0,0,-1.7670701107415834
73368,0,0,-2.425350280691064
73369,1,0,-0.15230735122681094
73372,0,0,-3.7489344458507725
73377,0,0,-0.6638594926811077
73393,0,0,-0.9196010172608523
73396,0,0,-0.4761320406942471
73399,1,1,1.5764101703166038
73404,0,0,-3.461138120128913
73407,0,0,-1.4476894880221636
73410,0,0,-0.6586763257377808
73411,0,0,-1.2417688027359224
73415,0,0,-0.9106054760143043
73416,0,0,-2.2764475304007554
73422,0,0,-0.495881612983606
73435,0,0,-2.010574931515259
73436,0,0,-1.7466919553601519
73441,0,0,-1.8422439867943194
73454,1,1,0.9952418124179179
73458,0,0,-0.8209458412334659
73460,0,0,-2.4612877561128075
73466,0,0,-1.5679554087332779
73470,0,0,-1.5544660674525372
73489,0,0,-1.0983536386400414
73496,1,1,0.16039454986679336
73504,0,0,-2.416288726284294
73518,0,0,-2.910557149772231
73520,0,0,-0.720387387825774
73529,0,0,-2.4542512246076726
73530,0,0,-0.6461965310171885
73532,0,0,-2.775952621362803
73536,0,0,-1.3020340420198542
73540,0,0,-1.6405794573002068
73551,0,0,-2.5098788462367025
73552,0,0,-2.5551617176505843
73558,0,0,-1.452208894303198
73567,0,0,-1.974424780686119
73569,0,0,-3.4990574189184542
73570,0,0,-3.448438110481936
73572,0,0,-3.459134197209808
73582,0,0,-2.265698320756969
73585,0,0,-1.9558390712782765
73587,0,0,-1.096463893222013
73591,0,0,-0.9799029647709732
73597,0,0,-2.209985864867118
73602,0,0,-2.208971053916015
73605,0,0,-3.1274136526072356
73614,0,0,-1.683168901580852
73622,0,0,-2.4378574969715148
73644,0,0,-0.8038424281088938
73647,0,0,-4.564608755237918
73648,0,0,-1.8904524698879632
73651,0,0,-0.44557730802938167
73654,0,0,-1.4872525722937833
73655,1,0,-0.0035746212796158305
73661,0,0,-1.1904384127978267
73663,0,1,0.32506704048444934
73673,0,0,-0.5222215224159623
73679,0,0,-1.3569358341018587
73682,0,0,-1.7317008185138825
73685,0,0,-1.7937924828060445
73690,1,1,0.6171427698874747
73697,0,0,-1.5768739770684252
73699,0,0,-1.87862645539614
73708,0,0,-1.5979476386780342
73712,0,0,-1.4996137130960783
73713,0,0,-0.47683939955844107
73725,0,0,-1.9619787436664713
73728,0,0,-1.021239521878794
73737,0,0,-0.10413268006143395
73742,0,0,-0.7356418681980408
73743,0,0,-2.884298775829097
73745,0,0,-0.9426538475800208
73746,0,0,-2.050148482959786
73752,0,0,-1.4988273519649393
73755,0,0,-2.941751657941211
73759,0,0,-4.1683692982506635
73760,0,0,-0.7956663432244253
73761,0,0,-1.4846006836824617
73765,0,0,-0.7034272748370167
73778,0,0,-2.825827832276474
73787,0,0,-1.2130295267450149
73789,0,0,-1.6772315930674606
73805,0,0,-4.399697122429715
73809,0,0,-1.434299333762905
73820,0,0,-1.4118359229856146
73825,0,0,-0.8578469714567949
73826,0,0,-1.8795830762800056
73830,0,0,-2.672121366816489
73841,0,0,-1.7182220862673576
73843,0,0,-0.6259220879305739
73850,0,0,-3.1902788081518327
73852,0,0,-4.023072904945413
73855,0,0,-0.7746688849977263
73857,0,0,-0.01613100579122273
73858,0,0,-1.6320931886140295
73868,0,0,-1.6170574034647658
73885,0,0,-2.3057558031438417
73898,0,0,-1.69263880561662
73899,1,0,-0.07759157050869758
73908,0,1,0.07188496883589757
73913,1,1,0.5260439381486126
73914,0,0,-1.4045500064141239
73922,0,0,-1.992662386974308
73923,0,0,-1.5159990225605764
73924,0,0,-2.8563939108496967
73934,1,1,0.07859920683056143
73945,1,0,-0.24384313978196004
73947,0,0,-1.4329769171445466
73956,0,0,-0.2237941753838142
73968,0,0,-1.1635208249520597
73973,0,0,-0.8248099538306726
73983,0,0,-1.4671347632815945
73988,0,0,-0.7947631257264802
73991,0,0,-3.364016858172856
73992,0,0,-1.5784440618331885
73995,0,0,-1.7081010728549164
73996,0,0,-1.8672395118184346
73998,0,0,-1.9527197505214529
74002,0,0,-2.0074414664530527
74006,0,0,-1.761033481696507
74008,0,0,-1.2789541707400374
74017,0,0,-1.3846560637684546
74018,0,0,-2.206286671494012
74019,0,0,-1.1916290492471842
74021,0,0,-0.968587914373628
74024,0,0,-3.027255709493332
74028,0,0,-0.4761162378811854
74036,0,0,-2.774763351246124
74042,0,0,-0.5886749926885666
74043,0,0,-1.885520491046429
74044,0,0,-0.9944357129374601
74052,0,0,-0.46384695595879655
74053,0,0,-2.0462255227166737
74054,1,0,-0.21492153950050197
74062,0,0,-2.9183857930306347
74072,0,0,-1.9415934021944576
74074,0,0,-2.449775170629527
74087,0,0,-3.410778641946111
74094,0,0,-0.8180527764181216
74101,0,0,-0.8180752627111725
74103,0,0,-0.9768047658084306
74107,0,0,-2.36570603004221
74114,0,0,-2.8049629600275168
74129,0,0,-2.940244891300142
74130,0,0,-1.5824131141351008
74134,0,0,-2.1780878961598384
74138,0,0,-3.110820849883024
74141,0,0,-3.492764005696623
74144,0,0,-1.7167246146360602
74147,0,0,-0.7706505040930237
74150,0,0,-2.98041698277229
74165,1,1,0.47945918930184694
74175,0,0,-2.6652812284037743
74178,0,0,-1.0867560052659344
74184,0,0,-1.8600560951437675
74194,0,0,-2.4817570906670046
74195,0,0,-1.434145305988467
74196,0,0,-2.228294266011852
74204,0,0,-2.0193781938057738
74208,1,0,-0.8440441604517861
74210,0,0,-1.4219507231716364
74216,0,0,-2.036978034705487
74221,0,0,-1.4480044002952122
74227,0,0,-0.9570143328742416
74231,0,0,-1.4813770215107698
74240,0,0,-0.642992378303705
74241,0,0,-1.1159496181984034
74262,0,0,-0.3635565790975138
74268,0,0,-1.04068184202574
74283,0,0,-2.145641670614566
74287,0,0,-2.213402577476754
74290,0,0,-0.9387201044234356
74297,0,0,-1.890069355642901
74308,0,0,-1.2549462655370658
74309,0,0,-0.6730607441429932
74312,0,0,-3.2998943927072855
74330,0,0,-3.334314006857821
74331,0,0,-1.1656103425518187
74343,0,0,-0.5027134679075126
74344,0,0,-2.2967969771303656
74345,0,0,-1.5829781969893622
74351,0,0,-1.3856812137672474
74354,1,0,-0.6784883233842007
74371,0,0,-1.5753396969303184
74380,0,0,-0.6472500448478491
74399,0,0,-1.2276784357337933
74402,0,0,-1.4741578463317637
74405,0,0,-1.2027914281805863
74409,0,0,-2.8684967278077504
74411,0,0,-0.4609079259185873
74414,0,0,-1.9154936163580365
74421,0,0,-0.6966884740657003
74423,0,0,-0.7085702333892587
74437,0,0,-1.7762789698267334
74461,1,0,-0.5223977971675838
74473,0,0,-1.992439371076593
74475,0,0,-1.6708465644945223
74476,0,0,-3.1196709267074976
74478,0,0,-1.1057516124242164
74479,0,0,-2.009526848996093
74480,0,0,-1.9398480127456033
74505,0,0,-0.9009866135452482
74508,0,0,-1.2170534415958394
74515,0,0,-1.581547905568864
74517,0,0,-1.6425999115476313
74519,1,0,-0.63844933501985
74528,0,0,-2.484990665574252
74532,0,0,-1.8128970365343344
74534,0,0,-1.2469603445121913
74541,1,0,-0.910228312426867
74546,0,0,-1.043138529788776
74551,0,0,-2.392301216635687
74558,0,0,-3.4308418901400906
74559,0,0,-1.090429619765666
74562,0,0,-2.9723473767357884
74586,0,0,-0.47972818339625434
74593,0,0,-1.027080297872989
74595,0,0,-1.3811731595080288
74598,0,0,-0.15728065143070336
74599,0,0,-1.9735346857999476
74607,0,0,-1.1934955444222526
74610,1,1,0.9000022643794596
74611,0,0,-3.2827882732805493
74618,0,0,-1.2824593504669946
74622,0,0,-1.3337787410562907
74640,1,1,1.2121453112106984
74648,0,0,-1.1063457078657062
74651,0,0,-3.0692374574721564
74660,0,0,-1.7211389111851598
74669,0,0,-3.76720989984966
74675,0,0,-1.1263463302502528
74680,0,0,-1.567010110281847
74684,0,0,-1.3136570071252929
74692,0,0,-2.2533415278283897
74693,0,0,-1.5183686186071812
74697,1,1,1.1684425121473487
74702,0,0,-2.0648568632579103
74711,0,0,-1.1085161498226492
74718,0,0,-1.7167288101787785
74725,1,0,-0.18398919889868093
74732,0,0,-2.1580708290317094
74738,0,0,-0.54227208834348
74739,0,0,-2.255939796301727
74740,0,0,-1.6457452531889767
74741,0,0,-0.23868523991687018
74757,0,0,-1.4093452727389544
74762,0,0,-2.021234121763878
74765,0,0,-1.7296174790579448
74768,0,0,-1.0983988334030323
74774,0,0,-0.6018862135775656
74776,0,0,-3.212471110233518
74779,0,0,-1.523832714323928
74782,0,0,-1.098895442944158
74784,1,1,1.3706905538544183
74786,0,0,-1.5340667631594527
74787,1,0,-0.2237408816550801
74789,0,0,-1.0741072515331722
74797,0,0,-3.464117828426973
74803,0,0,-1.5860661468696091
74810,0,0,-2.320883360086687
74811,0,0,-1.557180492220397
74818,0,0,-3.052085228767611
74819,0,0,-2.0909925968195067
74830,0,0,-2.9218789735502257
74839,0,0,-2.4913108214733057
74840,0,0,-1.2582503018845754
74845,0,0,-2.461054119936627
74853,0,0,-0.7292944934415951
74858,0,0,-1.965932077938994
74859,0,0,-0.7149736142056845
74867,0,0,-1.8468410688339343
74868,0,0,-2.1456817105368646
74879,0,0,-1.377303265050688
74880,0,0,-0.8917551384904774
74885,0,0,-1.114590257080787
74888,0,0,-3.1623490528162517
74889,0,0,-0.7801379187391577
74890,1,1,0.12488241990297233
74891,0,0,-1.0562667964588557
74893,0,0,-2.746636959270859
74894,0,1,0.12788713027215537
74895,0,0,-0.9101724831698104
74897,0,0,-2.1973242561189803
74909,0,0,-0.7235415863701611
74910,1,1,0.6582202208800239
74912,0,0,-3.1668485585133084
74922,0,0,-1.4043345780709415
74930,0,0,-1.4397303393874796
74931,0,0,-2.23431393506403
74932,0,0,-0.6347185262194226
74944,1,1,0.5833760296531805
74949,0,0,-1.480276494019865
74954,0,0,-2.832162283830992
74955,0,0,-2.357270415231177
74957,0,0,-2.2497909985058357
74961,0,0,-0.9009345473630135
74965,0,0,-0.5436145330851031
74969,0,0,-1.9765776659012397
74970,0,0,-0.6321808415845782
74973,1,1,0.64201879355073
74978,0,0,-2.4828686653268255
74981,0,0,-0.3056114236744175
75011,0,0,-0.8879688234238825
75027,0,0,-2.0967576564021844
75028,0,0,-0.9731622561162714
75034,0,0,-2.627756484026561
75035,0,0,-1.7885282994889733
75038,0,0,-1.3589197700719575
75039,0,0,-0.4893763605269191
75046,0,0,-2.0336686658375775
75049,0,0,-1.2219341847795877
75050,0,0,-1.5298983017089385
75064,0,0,-1.4860082341800473
75073,0,0,-3.6405544113515322
75076,0,0,-2.220625912915633
75080,0,0,-0.16706771468470982
75106,0,0,-1.1751887768461513
75109,1,1,0.48981234239428795
75113,0,0,-1.3906544052098369
75120,0,0,-0.327400859444845
75121,0,0,-0.7262568691315006
75127,0,0,-3.4561783903396837
75128,0,0,-1.3808851192237848
75132,0,0,-2.840866874717525
75135,0,0,-2.9871215407687846
75143,0,0,-1.4966810496150045
75149,0,0,-2.7358720190164894
75153,0,0,-1.3316854578545483
75157,0,0,-1.108565412293998
75166,0,0,-2.672192942292697
75168,0,0,-3.166113166507201
75180,0,0,-1.5020112901789964
75193,0,0,-0.915135534101817
75195,0,0,-2.0517646914992547
75205,0,0,-1.57696017390036
75208,0,0,-3.572508109460708
75210,0,0,-2.026672454807197
75219,0,0,-1.2840692366286168
75223,0,0,-0.7054809095059438
75231,0,0,-2.216392063938248
75248,0,0,-0.8542886623658387
75281,0,0,-3.7716931987811755
75283,0,0,-2.365572203390471
75284,0,0,-2.6989935541788332
75286,0,0,-1.3362643715665834
75289,0,0,-1.7772882126805907
75297,0,0,-1.3492248707586048
75302,0,0,-1.9878588059731337
75303,0,0,-1.0208294929697337
75306,0,0,-1.5245109237033443
75307,0,0,-2.096002960608619
75316,0,0,-1.240902674854255
75328,1,1,1.7962220492428214
75329,0,0,-1.3984880225133831
75331,0,0,-1.4504864016051617
75356,0,0,-1.8375696388609226
75363,0,0,-1.412450948337315
75371,0,0,-2.831277285225913
75374,0,0,-0.831728700431267
75376,0,0,-3.621584450720942
75377,1,0,-0.9801957738216065
75386,0,0,-1.4035863919334133
75389,0,0,-3.9552593498828292
75392,0,0,-0.5107789694836635
75393,0,0,-0.26529939426245863
75398,0,0,-1.5446692975510206
75399,0,0,-1.4785057409297915
75404,0,0,-0.6294536918206134
75405,0,0,-1.3549750299688847
75417,0,0,-1.0835342607453813
75422,0,0,-1.5337510620973611
75435,0,0,-1.4805828351545987
75437,0,0,-2.3593377924883585
75440,0,0,-0.9447489681694494
75441,0,0,-1.0659709504795778
75446,0,0,-2.545804281631426
75456,0,0,-0.539365904394832
75460,0,0,-1.0779703705249735
75461,0,1,0.6164785606286163
75467,0,0,-0.10138020412571702
75473,0,0,-2.801521703868624
75474,0,0,-0.20541187895500101
75477,0,0,-1.4165133462011679
75478,0,0,-1.5244939323553472
75480,0,0,-0.4784919417373656
75488,0,1,0.02622265198385587
75494,0,0,-1.8368999748667396
75502,0,0,-1.2303475136984157
75504,0,0,-2.758764355613393
75507,0,0,-3.0052153124480157
75508,1,1,0.6507082042404868
75511,0,0,-1.445200363068249
75512,0,0,-2.580113899795883
75523,0,0,-1.832628987349043
75531,0,0,-1.7556146672401434
75537,0,0,-1.5818201638574128
75548,0,0,-2.7059927092403253
75552,0,0,-2.231287608669251
75558,0,0,-1.645035337663892
75560,0,0,-2.161583989693797
75561,0,0,-1.076143197610003
75563,0,0,-2.7998069740903517
75571,0,0,-1.2254938312948602
75573,0,0,-3.2973082871225783
75581,0,0,-1.444294168791589
75582,0,0,-1.5568112932700264
75586,0,0,-3.3544363087992473
75588,0,0,-2.302211916973362
75593,0,0,-2.589474955287221
75599,0,0,-1.2253791579955227
75625,0,0,-0.09663397400801954
75632,0,0,-2.6547117078150455
75640,0,0,-1.7746477648053667
75642,0,0,-1.322849982579945
75644,0,0,-1.2439402381614475
75650,0,0,-1.064382025642712
75660,0,0,-1.5472960773686684
75663,0,0,-1.8776331659363044
75666,1,1,1.544458187815953
75692,0,0,-3.1355687594991766
75699,0,0,-2.8964505976649297
75700,0,0,-3.437953414308388
75702,0,0,-2.3709400715281603
75703,0,0,-2.2670068429562686
75709,0,0,-2.892272967252598
75714,0,0,-2.6279633343184843
75717,0,0,-2.7954959783815676
75719,0,0,-2.2254434900728484
75722,0,0,-0.6733640548591618
75723,0,0,-2.510095303487062
75726,0,0,-0.9661194414497627
75728,0,0,-1.5123989346206577
75746,0,0,-1.8237264690620871
75752,0,0,-1.8039317548620055
75758,0,0,-2.995487860437838
75766,0,0,-2.6969761625325206
75769,0,0,-0.9725555551639133
75770,0,0,-3.1296946064194673
75777,0,0,-2.7593644829144655
75781,0,0,-1.9522137155958292
75790,0,0,-1.9674414464591452
75792,0,0,-1.8102257268964321
75794,0,0,-2.5400087591147784
75816,0,0,-2.8944473624620493
75820,0,0,-2.578759520106166
75823,1,1,0.3638726715931486
75833,0,0,-2.672425255660876
75840,0,0,-1.1209592150276864
75848,0,0,-0.526174384034335
75851,0,0,-1.65523316145443
75856,0,0,-2.992158308415176
75870,0,0,-2.322945218929
75871,0,0,-0.7241329727483525
75878,1,1,1.4422831092889277
75880,0,0,-0.6327786153059594
75885,0,0,-1.5951422449526067
75887,0,0,-1.4146408328065896
75893,1,1,0.8548750787509851
75900,0,0,-2.4905029802948544
75903,0,0,-1.2123251013870067
75906,0,0,-1.0443128117401288
75910,0,0,-2.6798031230131194
75915,0,0,-1.2010613862145085
75920,1,1,0.5467735526652013
75941,0,0,-2.6108278973618426
75944,0,0,-0.5915480906645891
75951,0,0,-1.1612913751694993
75957,1,0,-0.4448614946269952
75971,0,0,-1.909513593135813
75979,0,0,-2.3187318921291826
75991,0,0,-2.2524364658526634
75992,0,0,-1.9255272594932547
75994,0,0,-1.0939872840053817
75997,0,0,-1.1051388813332326
76000,0,0,-1.172320850150745
76002,0,0,-1.9368324168606557
76007,0,0,-0.7671811000652559
76008,0,0,-1.5304806048141106
76010,0,0,-1.1820057684584613
76011,0,0,-2.2477814502692244
76021,0,0,-1.6560117782197623
76037,0,0,-3.719245519810306
76046,0,0,-1.6610195498460854
76059,0,0,-0.5200664525795039
76060,0,0,-1.884282320413329
76066,0,0,-0.8337396989339847
76075,0,0,-1.734068523159352
76079,0,0,-2.071455651850605
76088,0,0,-1.9915336161432176
76113,0,0,-0.1305770314565886
76114,0,0,-1.8045571095829995
76115,0,0,-1.9828661588935712
76116,0,0,-2.294448114942858
76117,0,0,-3.9100078503458153
76122,1,1,1.3313814393032704
76125,0,0,-0.7745700730684328
76127,0,0,-3.220131924765168
76135,0,0,-2.022053276443101
76147,0,0,-0.6715996273567095
76155,0,0,-1.1333654254137069
76161,0,0,-1.0432709659415003
76163,0,0,-1.923733703025031
76166,1,1,0.2249727710967948
76170,1,1,1.2904882868484993
76171,0,0,-0.21504646773217706
76172,1,0,-1.0497492230143783
76175,0,0,-1.7909657852055039
76176,0,0,-0.5856729358742352
76179,0,0,-1.1859124466922997
76187,0,0,-1.2670695272454386
76202,0,0,-0.8771604279471592
76211,0,0,-0.6975691080161498
76215,0,0,-1.8518375480751335
76226,0,0,-1.4767731084109577
76229,0,0,-1.494625862893355
76235,0,0,-0.976717269414056
76254,0,0,-1.2273192526974868
76258,0,0,-2.17320701850519
76264,0,0,-1.4179160559782147
76266,0,0,-1.709491962730164
76267,0,0,-2.5796520666957434
76268,1,0,-1.1732533767612934
76273,0,0,-2.7164278343254633
76291,0,0,-2.706302671602743
76302,0,0,-1.8857165257360589
76309,0,0,-3.665669419588019
76316,0,0,-1.6550242477184038
76319,0,0,-1.1625309903856844
76320,0,0,-1.7207458888805514
76321,1,0,-0.5280889065785789
76324,0,0,-1.9968269453893972
76325,0,0,-1.7930092098713042
76326,0,0,-0.8866857533408559
76327,0,0,-1.0695049738275435
76328,0,0,-1.4550991081375333
76332,0,0,-1.5993073554090587
76333,0,0,-1.9512158058459657
76353,0,0,-0.7123615153136089
76355,0,0,-1.6653590586502052
76356,0,0,-1.1942701206649524
76359,0,0,-1.6705637647267675
76374,1,1,1.2285988657389695
76382,0,0,-3.3968390571538105
76384,0,0,-2.1146702984101027
76389,0,0,-3.441884110661775
76391,1,0,-0.725987208141452
76395,0,0,-1.671282075598417
76396,0,0,-0.7586017998026983
76398,0,0,-2.1694470701902624
76408,0,0,-2.8835886098547387
76415,0,0,-0.8557125444189317
76416,0,0,-2.5784278628120516
76425,0,0,-2.5855582255444265
76430,0,0,-1.7639639995933678
76438,0,0,-1.7652881169532801
76443,0,0,-2.5109198596534545
76453,0,0,-1.030355857915679
76455,0,0,-0.16172318349747028
76457,0,0,-1.3944206412542635
76464,0,0,-3.691098345539194
76465,1,1,0.08401696321055407
76468,0,0,-2.7949453110271145
76473,0,0,-3.3821603455225606
76476,0,0,-0.018450763935701886
76480,0,0,-2.9783239096390703
76485,1,1,1.8967792550631717
76486,0,0,-2.5373150147936063
76497,0,0,-2.0224749847287438
76498,0,0,-0.7515810936627931
76499,0,1,0.09999477441243843
76503,0,0,-1.2612014444760162
76505,0,0,-1.8528941529878964
76507,0,0,-1.2727820495569442
76508,0,0,-1.4245624952186569
76516,0,0,-0.9928329363175176
76519,0,0,-3.3811813801740866
76520,0,0,-0.8237759425139566
76522,1,1,0.34727265980209543
76524,0,0,-0.7292841256942043
76527,0,0,-1.2518483886766147
76536,1,0,-0.07150498553154472
76537,0,0,-3.201873069418964
76550,0,0,-1.4227073730084034
76553,0,0,-1.3028341058204869
76555,0,0,-0.9187576265384954
76556,0,0,-1.861252692887241
76562,0,0,-0.9868568953281809
76564,0,0,-0.9449839928285015
76572,0,0,-1.0005661101324284
76576,0,0,-1.7723871966085825
76579,0,0,-0.8879021067310292
76594,0,0,-1.1794251517143102
76604,0,0,-1.4268206060203887
76610,0,0,-2.7945725843159517
76611,0,0,-0.7678343032304573
76615,0,0,-1.7051821448243256
76616,0,0,-1.4487819689117982
76619,0,0,-1.688858995186131
76630,0,0,-1.345753755553528
76635,0,0,-2.054551096681876
76636,0,0,-1.0472736731798795
76651,1,1,0.7560596417462875
76656,0,0,-0.2554124110215663
76682,0,0,-0.6156481620159985
76688,0,0,-1.2784719616309443
76694,0,1,0.19845405946007033
76696,0,0,-1.6106670521792086
76701,0,0,-2.163005813650522
76710,0,0,-3.8628534668569188
76714,0,0,-0.962013730316524
76716,0,0,-0.7080073410335986
76717,1,0,-0.9488188044298814
76721,0,0,-2.258810058091406
76724,0,0,-0.6399231985863776
76727,1,0,-0.08369043419124356
76737,0,0,-1.9559768891734157
76742,0,0,-0.14706095726258972
76746,0,0,-2.828092903546926
76747,0,0,-0.6708491745710106
76759,0,0,-2.161731457929979
76761,0,0,-2.7319348511100525
76783,0,0,-1.472701120348554
76786,0,0,-2.2206404135392273
76790,0,0,-1.8789865812479252
76794,0,0,-2.022633820633742
76797,0,0,-1.3209774054958752
76800,0,0,-1.1344294253884635
76805,0,0,-1.8121217939953367
76810,1,1,1.6827885349289093
76812,0,0,-0.8808200430226987
76814,0,0,-0.4060410701753445
76825,0,0,-1.7511812767180301
76841,0,0,-1.471301094323832
76848,0,0,-3.4012008670863887
76858,0,0,-1.9485513357558053
76860,0,0,-0.41605304151971645
76862,0,0,-2.8810848849165556
76870,0,0,-2.535323788012243
76871,0,0,-1.4810015831926115
76874,0,0,-2.5473372542589674
76894,0,0,-1.4779775132913797
76896,0,0,-2.282547044019706
76904,0,0,-3.3761932309951233
76906,0,0,-1.1378993994767888
76911,0,0,-1.9503278371827357
76912,0,0,-1.8593270264762762
76914,1,1,1.6680782195669368
76918,0,0,-2.8244332131073966
76923,1,1,1.0844687368245107
76925,0,0,-1.465488609134621
76928,0,0,-1.696373064807327
76932,0,0,-0.902285043219577
76939,0,0,-0.7976442628394076
76947,0,0,-0.8032659846664164
76955,0,0,-0.821617764466436
76962,0,0,-0.8785851536116343
76964,1,0,-0.06494160835507445
76978,0,0,-1.1521678408042018
76982,0,0,-1.014698910498091
76991,0,0,-1.7257626191801598
76992,0,0,-2.090192936810057
76998,0,0,-0.8500589437392458
76999,0,0,-2.0118060446221975
77012,0,0,-1.9677661730413782
77014,0,0,-1.3660610004156482
77020,0,0,-2.0358093304754705
77022,0,0,-1.4422770655602575
77024,0,0,-2.437601579279506
77034,0,0,-2.9436587776229883
77047,1,1,0.825517700562596
77059,0,0,-0.7914251354834174
77060,0,0,-1.2722278694159925
77061,1,1,0.2333365351949832
77073,0,0,-1.4758333600570066
77083,0,0,-1.094365688812482
77089,0,0,-1.439365770213865
77097,0,0,-2.5276936528704637
77099,0,0,-2.3898849444790335
77103,0,0,-1.0487608365025953
77104,0,0,-1.8723611411266443
77110,0,0,-1.865356409512007
77115,0,0,-3.819787773883699
77127,0,0,-2.343439788184388
77134,0,0,-1.3433643142238523
77139,0,0,-2.419152944844079
77140,0,0,-1.878346085789869
77141,0,0,-1.9179766757166399
77146,0,0,-2.055065373761541
77151,0,0,-1.7372030627643615
77157,0,0,-2.584344808758244
77164,0,0,-2.033610289380279
77165,0,0,-1.376846200841473
77171,1,1,0.0904719833657247
77173,0,0,-1.904268199672436
77180,0,0,-2.1194609214133537
77184,0,0,-1.645373934646944
77197,0,0,-2.1808999462869423
77202,1,1,0.07646576560449314
77205,0,0,-1.1608272145084708
77206,0,0,-3.14647114939545
77210,0,0,-0.6926767235979233
77224,0,0,-1.2281403055628852
77227,0,0,-1.5037559407431749
77228,0,0,-1.8004013547730973
77234,1,1,1.4016995666546548
77236,0,0,-1.627968180770647
77239,0,0,-1.1870528460130683
77246,1,0,-0.8497519216760965
77247,1,0,-0.7762559076630906
77251,0,0,-0.8707154301521925
77254,0,0,-1.034030102088956
77255,0,0,-3.0720127402351904
77266,0,0,-3.071037370903629
77267,0,0,-0.7716398114176957
77275,0,0,-2.726340812358981
77287,0,0,-1.6155167252897338
77299,0,0,-2.0086021273926913
77304,0,0,-2.1934144137045575
77312,1,1,1.5590700271250555
77313,0,0,-1.2533743801163761
77324,0,0,-1.891241632522386
77326,0,0,-1.0829108551076578
77330,0,0,-2.89945065141609
77333,0,0,-2.3981830804851625
77336,0,0,-1.8403122658985633
77340,0,0,-0.9324303772564739
77342,0,0,-1.0969743224374653
77343,0,0,-0.8213106452045844
77344,0,0,-4.148268566081599
77359,0,0,-2.626518196333812
77365,0,0,-2.817441527292641
77369,0,0,-1.4277579606501993
77381,0,0,-0.9594142617577109
77386,0,0,-1.823368825715549
77387,0,0,-2.3802719637605665
77395,0,0,-1.7298968269286745
77400,1,0,-0.38828457628161905
77404,0,0,-0.8346500400523285
77406,0,0,-1.2179663975978907
77407,0,0,-3.028427652212767
77409,0,0,-1.7035862698783615
77414,0,0,-0.8829661940719203
77417,0,0,-1.4639511081023833
77420,0,0,-2.9184754020835273
77423,0,0,-1.0769012186122107
77427,0,0,-0.38405722362856765
77449,0,0,-1.166554189246817
77457,0,0,-3.238943026243626
77465,0,0,-1.003367028846075
77477,0,0,-1.5898200926130883
77491,1,1,0.4804146673264196
77494,0,0,-1.8173552885429345
77496,0,0,-2.7217434511590906
77497,0,0,-1.1004402867164362
77504,0,0,-0.46492197207766217
77506,0,0,-2.4362372259489318
77512,0,0,-0.9878547017751768
77517,0,0,-0.5966574740786084
77518,0,0,-1.8531057881837731
77520,0,0,-2.389933817297176
77523,0,0,-0.6373113026061037
77524,0,0,-1.58683182855873
77525,0,0,-1.1985446574046508
77529,0,0,-2.9462787683120713
77538,0,0,-1.9379534022091016
77548,0,0,-0.7109882200381612
77549,0,0,-0.6798407415612231
77565,0,0,-4.155401218529223
77567,0,0,-2.2283926425887675
77571,0,0,-1.5954749779959194
77585,0,0,-3.079153095202357
77589,0,0,-0.7251959791147882
77603,0,0,-2.314794923657218
77612,1,1,0.8920502463195641
77618,0,0,-1.7792536342063765
77638,0,0,-2.171299760263574
77640,0,0,-1.134011396146469
77641,0,0,-0.7458995281766015
77643,0,0,-1.902900095986796
77646,0,0,-1.6018715941653263
77655,0,0,-3.211105715242118
77657,0,0,-1.4622638643002512
77667,0,0,-3.2999659146058526
77673,0,0,-1.4678163832478646
77683,0,0,-2.205795849004063
77685,0,0,-0.46416472823566535
77690,0,0,-2.207519808286487
77692,0,0,-2.222600988813073
77719,0,0,-2.69165578273467
77723,0,0,-0.9575202117441873
77726,0,0,-0.9017149105836776
77733,0,0,-0.946594780628915
77741,0,0,-1.688646896277529
77742,0,0,-2.256057439493399
77746,0,0,-3.884196428008061
77749,0,0,-1.9577791201744335
77757,0,0,-2.0389467083954216
77758,0,0,-0.9757363183209219
77760,0,0,-1.5231097200575312
77762,0,0,-2.526718577941949
77767,0,0,-0.7661670071996913
77772,0,0,-2.762013829780339
77785,0,0,-0.8721931018795583
77788,0,0,-1.7893522772011485
77794,0,0,-2.66808509389946
77820,0,0,-4.503558175871588
77837,0,0,-0.5967449004404998
77840,0,0,-1.671090571361119
77844,0,0,-2.2846896796131917
77847,0,0,-1.1581490037228241
77856,0,0,-2.04353964426198
77867,0,0,-0.8031218609167098
77868,0,0,-1.327038102988233
77870,0,0,-1.4594586201383115
77871,0,0,-0.9199029814895698
77879,0,0,-1.195403948324063
77882,0,0,-1.2895302647653542
77884,0,0,-0.5253012290139816
77894,0,0,-0.05683420863843425
77897,0,0,-2.24913255907975
77903,0,0,-0.2703002672646312
77911,0,0,-1.0957817166665853
77912,0,0,-1.4949423199003076
77914,0,0,-1.6387197512636686
77916,0,0,-0.7810590780201824
77921,0,0,-1.8791696280721162
77929,0,0,-0.6986730220094369
77930,0,0,-1.7697151194790177
77937,0,0,-2.463891559788398
77938,0,0,-2.8490124099284992
77943,0,0,-1.9715296365809922
77945,1,0,-0.6960689910129706
77947,0,0,-1.6546452004710637
77948,0,0,-1.1553834614815823
77952,0,0,-0.22802681691074744
77966,0,0,-1.998196110075495
77967,0,0,-1.4180827331335832
77972,1,0,-0.2662788799226191
77973,0,0,-1.3622471045552629
77975,0,0,-1.3738052932335252
77985,0,0,-2.785948135557952
77987,0,0,-2.918910989990909
77988,0,0,-2.6222314258769366
78004,0,0,-1.4545124816394768
78005,0,0,-3.6221863475604588
78007,0,0,-0.6302801676274666
78010,0,0,-1.575617477986012
78015,0,0,-0.6087102133967006
78017,0,0,-1.038484021479415
78020,0,0,-1.10699244841659
78023,0,0,-0.9599214467973949
78026,1,0,-0.8900128147043179
78030,0,0,-3.5164499010202714
78034,0,0,-0.8578880783830595
78035,0,0,-2.648002502050848
78040,0,0,-1.8334854354747958
78045,0,0,-0.4355556921406919
78051,0,0,-2.0633784655131437
78059,0,0,-3.0217802371054887
78061,0,0,-0.995128835100471
78066,0,0,-2.7438975422419665
78078,0,0,-0.6123185106468372
78080,1,1,0.37153140013694785
78089,0,0,-1.5242462373963395
78096,0,0,-0.8695040364132223
78116,0,0,-0.6855907010516745
78123,0,0,-1.7535794732794767
78125,0,0,-0.1592759370743897
78126,0,0,-1.3183237275344588
78141,0,0,-0.6554804144295769
78164,0,0,-2.781093393693663
78171,0,0,-3.665108791467122
78180,0,0,-3.313950871243117
78182,0,0,-2.0881415166127684
78188,0,0,-2.6479072865994624
78203,0,0,-1.5526501059712265
78205,0,0,-1.5210954668980963
78207,0,0,-0.9194478808586874
78214,0,0,-1.8427858376444461
78216,0,0,-0.703425014044214
78222,0,0,-1.010129004285764
78229,0,1,0.13134351615694806
78230,0,0,-2.8407031129262954
78239,0,0,-1.2632472332205091
78241,0,0,-2.9865915657587383
78247,0,0,-2.3082440764487853
78248,0,0,-1.3679070833687499
78249,0,0,-1.2926251202804817
78261,0,0,-2.3578618111934473
78264,0,0,-1.4562997101612771
78265,0,0,-0.5372209086048801
78278,0,0,-1.1882749529826229
78283,0,0,-2.3969478880641217
78303,0,0,-1.312351295643745
78309,0,0,-1.6165228049118312
78311,0,0,-2.2857405974270835
78312,0,0,-2.0627530162138497
78319,0,0,-3.234733874075223
78327,0,0,-0.5264073940263603
78332,0,0,-2.343710337346505
78336,0,0,-0.7550695018828525
78342,0,0,-1.5822006914051872
78352,0,0,-0.0358682862510582
78354,0,0,-2.3350067508224077
78357,0,0,-2.503287587714673
78358,0,0,-2.2079076954494763
78360,0,0,-2.4070421134279476
78363,0,0,-1.955013861279045
78365,0,0,-4.104966658014016
78370,0,0,-2.2894472685126326
78379,0,0,-1.1242740324322513
78407,0,0,-1.5141928642595928
78412,0,0,-0.9141890675467037
78414,1,1,0.45794107350636915
78425,0,0,-1.584322495769721
78430,0,0,-1.3895858105866874
78436,1,1,0.86548970283821
78439,0,0,-3.4279007877697074
78442,1,1,0.46471372216738716
78444,0,0,-1.0113837012467009
78446,0,0,-0.6593544614786702
78449,0,0,-1.5760682391121794
78450,0,0,-1.42203692818947
78451,0,0,-2.4920944435923618
78452,0,0,-0.6254679778173085
78456,0,0,-1.3859226958263497
78464,0,0,-4.048133811002338
78465,1,1,1.0513347427779403
78467,0,0,-2.359217679426296
78472,1,1,0.09252649989014239
78475,0,0,-0.5391289149194679
78480,0,0,-0.6401153332952438
78492,0,0,-2.0857020327380047
78498,0,1,0.29702729781106885
78500,0,0,-1.8137612195284902
78508,0,1,0.11151475910529052
78511,0,0,-0.340065667129933
78514,0,0,-0.47474563311460594
78518,0,0,-1.1673424487281763
78519,1,0,-0.9633548310253041
78520,0,0,-1.8620100483719086
78525,0,0,-2.35716382917017
78526,0,0,-1.8095952180016626
78530,0,0,-2.1886928840004973
78535,0,0,-1.3306332196193988
78558,0,0,-1.1300025913999094
78561,0,0,-0.824420910183038
78569,0,0,-1.8705624595120642
78574,0,0,-1.0943107614871677
78580,0,0,-2.908778059330605
78582,0,0,-0.2800990168720495
78583,1,0,-0.8594677164844573
78584,0,0,-2.575657990114647
78601,0,0,-0.620340097363608
78604,0,0,-1.7461657022254766
78617,1,1,1.6323618331516958
78629,0,0,-1.7471965286760143
78635,1,1,0.9717597232163369
78637,0,0,-2.368869131977246
78649,0,0,-2.4659728111631214
78650,0,0,-1.3397689621436137
78651,0,0,-1.6096148597940285
78656,0,0,-0.9514501597028713
78661,0,0,-2.46141744031664
78668,0,0,-1.012679579365639
78671,1,1,1.3165414474141308
78672,0,0,-1.3008760798832444
78677,0,0,-0.8170700035922706
78688,0,0,-1.4112073486709449
78692,0,0,-3.508558568838062
78696,0,0,-0.9607823734850723
78709,0,0,-1.1745282860576605
78712,1,1,0.8143797933637056
78719,0,0,-1.1111779958540091
78721,0,0,-2.6050532690822923
78734,0,0,-0.8449045444137314
78735,0,0,-2.1504813318240528
78736,0,0,-1.4536373106928098
78738,0,0,-3.0261263598804673
78743,0,0,-2.56427989151649
78749,0,0,-3.512449780105557
78752,0,0,-0.7778410448299532
78754,1,1,0.96605126806795
78755,0,0,-1.141935453470802
78760,0,0,-1.117618546253392
78769,0,0,-2.0362160656436936
78782,0,0,-3.4187825299240178
78790,0,0,-0.5154499953586735
78811,0,0,-1.7589507648680938
78812,0,0,-0.5163618616801933
78816,0,0,-2.0100028744284297
78818,1,0,-1.0437145636595333
78826,0,0,-1.4725319671340664
78830,0,0,-0.9345733784589021
78836,1,0,-0.6484880019208173
78838,0,0,-0.5981036741733539
78844,0,0,-0.5675142248953464
78846,0,0,-3.359196298777108
78848,0,0,-1.1410130795417
78853,0,0,-2.2512891945954463
78854,0,0,-3.0744032382235424
78855,0,0,-1.2887646926935195
78866,0,0,-2.294241974082993
78871,0,0,-2.2588868078222206
78885,0,0,-1.3861636491252798
78909,0,0,-0.7394884042712716
78912,0,0,-3.5647781062342645
78920,0,0,-1.058921549866601
78924,0,0,-2.471651727375078
78931,0,0,-2.908797188735048
78934,0,0,-0.9691839345628924
78939,0,0,-0.7344239250177887
78948,0,0,-1.7185079571961372
78959,0,0,-1.8519132187741756
78963,0,0,-1.6701147294492904
78973,0,0,-1.4056320464618755
78975,0,0,-2.4889766031592035
78993,1,0,-0.22574293195344053
79009,0,0,-2.3314402808548005
79025,0,0,-0.9086796355145828
79026,0,0,-2.2662009183906444
79028,0,0,-3.0222265515609585
79037,0,0,-1.604890874591164
79043,0,0,-0.6701102672660315
79045,0,0,-2.51957269880132
79046,0,0,-1.0461134227998992
79058,0,0,-0.4880416204116509
79067,0,0,-1.040550931660652
79072,0,0,-0.45628452387904544
79076,0,0,-3.1231640796922093
79078,0,0,-1.3889485947397235
79081,0,0,-4.058024268862371
79100,0,0,-1.4546697219118632
79105,0,0,-1.1679182992459367
79106,0,0,-2.890407952813958
79107,0,0,-1.7422058201462889
79108,0,0,-1.4734383968866966
79120,0,0,-2.215659823472916
79125,0,0,-1.70603653940357
79127,0,0,-0.8590773919110737
79128,1,0,-1.3707561246491946
79131,0,0,-1.1484545623717644
79140,0,0,-1.3246614552768243
79147,0,0,-0.20579963960751368
79149,1,0,-0.6258722559801911
79158,0,0,-0.7581440727113439
79176,0,0,-0.9678222831804597
79179,0,0,-0.5808759957634733
79185,0,0,-1.5159598376509758
79186,0,0,-1.1614815616945784
79187,1,1,1.0093309552168335
79189,0,0,-1.443079556500409
79191,0,0,-1.8073618240096263
79195,0,0,-2.2645843243858774
79204,0,0,-1.0080825307325285
79208,0,0,-0.7210826375689765
79211,0,0,-3.135002586113907
79212,0,0,-3.5908622273345046
79214,0,0,-3.6948089083548545
79216,0,0,-0.628386978285677
79225,0,0,-1.9325685864853552
79240,0,0,-1.3791929964493606
79251,0,0,-3.666960041690653
79255,0,0,-2.716423627409366
79259,0,0,-1.0964853466973015
79289,0,0,-2.1449473354560884
79291,0,0,-1.4784811951608958
79305,0,0,-1.4796453983041018
79310,0,0,-1.1999597082013318
79314,0,0,-2.666471149857056
79320,0,0,-0.7394868414384077
79321,0,0,-1.7076012882526703
79326,0,0,-2.2570585643397885
79327,0,0,-0.5291054420919885
79330,0,0,-2.233559583434089
79334,0,0,-2.8839715867368634
79344,0,0,-1.3455451398255405
79347,1,0,-0.19592960174836127
79349,0,0,-0.6324782361741964
79354,0,0,-1.832550572195445
79356,0,0,-1.3570700291316573
79366,0,0,-2.901097061962295
79370,0,0,-0.8884548672430045
79372,0,0,-1.7650496261526332
79375,0,0,-2.223611252269827
79381,0,0,-1.4630916430495806
79385,0,0,-1.6619427505955993
79397,0,0,-2.2213900980305823
79399,0,0,-3.1812666055199195
79401,0,0,-1.7134799728898011
79407,0,0,-1.5560797528448445
79412,0,0,-1.3853726230193857
79421,0,0,-3.457020115904867
79422,0,0,-1.963719203186083
79424,0,0,-0.9729868630544746
79430,0,0,-0.7412219577127219
79433,0,0,-1.1534164362358186
79441,0,0,-3.2829830565767004
79447,0,0,-3.7263614734766835
79448,0,0,-4.239917201457365
79466,0,0,-1.016790561355099
79467,0,0,-0.584583711991792
79476,0,0,-1.4623382404949086
79482,0,0,-1.4930159690134346
79488,0,0,-1.1556844105471689
79495,0,0,-1.3093732385544823
79502,1,0,-0.5815936501684477
79506,0,0,-1.67320277143576
79510,0,0,-0.4594385890431387
79511,1,1,0.9613263223585014
79513,0,0,-2.3839930308818396
79515,0,0,-1.6572944976350579
79519,0,0,-2.429990214362584
79521,0,0,-0.6817548763047402
79524,0,0,-1.8221364062527858
79526,0,0,-0.7727922673863556
79529,0,0,-1.0866794718637955
79533,0,0,-2.7832956993956754
79534,0,0,-0.9318117164520285
79541,0,0,-1.2754025201388224
79542,0,0,-1.759826820635467
79550,0,0,-0.5594043260878567
79552,0,0,-2.543769352316016
79557,0,0,-3.705627685589609
79571,0,0,-3.2798994888985895
79572,0,0,-2.261918339607548
79573,0,0,-1.7817590165958528
79584,0,0,-3.554498711008093
79589,0,0,-2.31571954782674
79594,0,0,-1.7671665866573085
79595,0,0,-0.7841789104832357
79598,0,0,-1.5550744480165895
79612,0,0,-3.0119296926829398
79620,0,0,-2.2506349877693745
79623,0,0,-0.9211688237148734
79625,1,1,1.095352341664385
79638,0,0,-1.648493405385698
79642,0,0,-1.1421754069216963
79646,0,0,-1.3237441664692737
79650,0,0,-1.9095208368999186
79654,0,0,-1.724378268362811
79659,0,0,-3.496358398107952
79662,0,0,-1.3312204696433516
79667,0,0,-2.690117929237826
79669,0,0,-1.8055228147793012
79678,1,1,0.5468724729301997
79679,0,0,-1.5439406170767123
79681,0,0,-2.324478742162561
79693,0,0,-3.789378552131523
79709,0,0,-2.5261470688653187
79719,0,0,-3.3796397748708635
79727,0,0,-0.9259144370384396
79730,0,0,-1.205538645603061
79735,0,0,-1.422052434768839
79739,0,0,-2.3115262216398005
79740,0,0,-1.25011881697524
79742,0,0,-2.260307493672337
79749,0,0,-2.2851292880159644
79752,0,0,-3.5093858436984506
79754,0,0,-0.7473056291043365
79761,0,0,-2.1482329095696056
79763,0,0,-1.774637189981412
79764,0,0,-3.2028003366846862
79777,0,0,-3.259655322661497
79781,0,0,-1.072491922601204
79783,0,0,-2.632753613409542
79790,0,0,-1.1192786884859256
79799,0,0,-2.333754907822044
79800,0,0,-1.4758882104766944
79807,0,0,-1.556681691393244
79809,1,1,1.646630319759151
79811,1,0,-0.2978028001131683
79814,0,0,-3.207462623066064
79818,0,0,-2.496383909930955
79821,0,0,-1.8698029566688394
79823,0,0,-0.3786124918316369
79825,0,0,-1.1389791627477128
79830,0,0,-3.391873368531897
79833,0,0,-0.8358475287808809
79838,1,1,0.6236591703271299
79839,0,0,-0.8703229265157599
79841,0,0,-2.7188778372143676
79843,0,0,-2.0866382729657187
79847,0,0,-3.8294043004628993
79850,0,0,-0.6135830642347988
79864,1,1,0.8086698936084995
79866,0,0,-1.8340411377110926
79869,0,0,-0.9025992744503302
79878,0,0,-1.4475128546310025
79879,0,0,-2.5961250501956776
79889,0,0,-3.6487107406820387
79911,0,0,-1.0120176792789946
79912,0,0,-1.0092762358482013
79919,0,0,-2.3786770571721325
79924,0,0,-1.2795456691636042
79934,0,0,-1.7510504552884398
79940,0,0,-1.9838645404028004
79941,0,0,-1.19163557583337
79954,0,0,-3.1520598043581547
79967,1,0,-0.7009120984331982
79968,0,0,-1.4187853810686881
79970,0,0,-0.8031442858232037
79971,0,0,-0.8893193475370371
79975,0,0,-0.7892869356607162
79983,0,0,-0.9355416440072849
79986,0,0,-0.70021852267547
79989,0,0,-0.3428632896786539
79992,0,0,-1.190391103991679
79995,1,1,1.6027595797379026
80000,0,0,-1.4422831886545833
80016,0,0,-1.8412065938919226
80021,1,0,-1.1625253952779213
80022,0,0,-0.9344651055971952
80026,0,0,-2.7061136581054352
80035,0,0,-2.493168447617567
80036,0,0,-0.7305487370487235
80042,0,0,-2.530032431402656
80043,0,0,-1.8667752332222638
80044,0,0,-0.8927372924666348
80054,0,0,-1.4445103899585043
80059,1,1,1.1530674244677928
80065,0,0,-1.1924809790354836
80084,0,0,-1.149867513019902
80086,1,0,-0.2238937255426693
80091,0,0,-1.4049480948519792
80097,0,0,-0.7161686743493584
80100,0,0,-2.3667770676879396
80108,0,0,-0.7437427519446822
80127,0,0,-0.6844420891255268
80134,0,0,-2.483236338152503
80141,0,0,-2.1773420779754216
80144,0,0,-3.393165315938499
80154,0,0,-2.257872213848156
80155,0,0,-0.4101969853755234
80160,0,0,-1.999333570979667
80167,1,1,0.3528582356027403
80185,0,0,-1.4778340810502086
80186,0,0,-1.9602378334255284
80203,0,0,-2.8690990549412367
80209,1,1,0.5598856609197838
80217,0,0,-1.1609650396082931
80219,0,0,-1.7087611203063977
80225,0,0,-0.39988968704337136
80238,0,0,-1.6250562542601323
80243,0,0,-1.651352776676684
80247,0,0,-0.5127593342455801
80249,0,0,-2.3910095756873897
80254,0,0,-0.5377321314217949
80261,0,0,-1.7424372675010784
80262,0,0,-0.07065674071822203
80265,0,0,-1.4265740976959567
80273,0,0,-2.672999510856704
80286,0,0,-0.8215422531757781
80296,0,0,-0.3383835541037714
80303,0,0,-2.472219977256481
80315,0,0,-2.7941837642970855
80321,0,0,-3.330517522536261
80335,0,0,-1.9282385436415777
80340,0,0,-2.817847805255158
80349,0,0,-1.6398814236827326
80351,0,0,-3.0267768590333004
80357,0,0,-1.0759483630387012
80359,1,1,0.530328651420428
80376,0,0,-0.7561341896079402
80377,0,0,-1.0889061817154968
80394,0,0,-1.0643987197348719
80406,0,0,-2.5463290344387257
80414,0,0,-1.7462221235930036
80417,0,0,-0.7793216070750559
80418,0,0,-2.4810551869782747
80420,0,0,-3.321538246599192
80428,0,0,-2.697595387987889
80430,0,0,-3.7477504541537376
80432,0,0,-1.8539664523503987
80435,0,0,-1.0044579887602503
80442,0,0,-1.5486779066853225
80446,0,0,-2.0230786117721875
80449,0,0,-0.413918647517568
80462,0,0,-1.5011415244694546
80466,0,0,-0.9736171359965106
80472,0,0,-1.5062496276578994
80475,1,0,-0.9401936099255659
80484,0,0,-1.724829108008089
80487,0,0,-1.3523690186126043
80489,0,0,-2.036548866336844
80491,0,0,-2.5449255243747695
80499,0,0,-1.5549443854166092
80502,0,0,-2.1205682427480914
80509,0,0,-1.660510788284066
80512,0,0,-1.5907721738902494
80513,0,0,-0.4846654356717577
80521,0,0,-0.6460079103085152
80534,0,0,-2.690937485173565
80550,0,0,-1.7393717807771034
80553,0,0,-1.04806352814794
80556,0,0,-1.8425998630984417
80563,0,0,-1.170748732462036
80578,0,0,-2.1289698546320768
80579,0,0,-0.7087535849179518
80584,0,0,-1.742501917356536
80589,0,0,-1.174141796260304
80590,0,0,-3.4744796701389085
80591,0,0,-2.3924792609503234
80601,0,0,-2.0841283140651896
80602,0,0,-1.430872829062646
80606,1,0,-0.5050928481716327
80612,0,0,-0.6185098267201996
80617,0,0,-2.201545911153204
80619,0,0,-1.4415833439507204
80620,0,0,-1.2909564956579342
80623,0,0,-0.9347127169047834
80625,0,0,-3.5161309307055397
80631,1,1,0.22093932459102406
80647,0,0,-1.7676566590009561
80650,1,1,0.10126182544475026
80653,0,0,-3.510335610708532
80655,0,0,-2.214318379426178
80656,0,0,-1.7480205662094823
80665,0,0,-3.4400080698740902
80672,0,0,-1.503697837991816
80679,0,0,-2.2068564550346705
80681,1,1,1.3587245990914296
80686,1,1,0.6891172187916328
80687,0,0,-1.131368974322442
80693,0,0,-1.4698072174860868
80695,0,0,-2.313583854296243
80706,0,0,-2.254583222045024
80710,0,0,-3.473569962697489
80718,0,0,-1.356275572394316
80724,0,0,-2.364343969460153
80739,0,0,-0.7092258656748411
80742,1,0,-0.4070367789764627
80757,0,0,-1.1151130228763124
80761,1,1,0.0703763977389209
80777,0,0,-2.3723881255055366
80780,0,0,-0.4024459720115494
80784,0,0,-2.620007262083813
80791,0,0,-1.6488633702273947
80794,0,0,-2.1283858079294937
80802,0,0,-1.4854570339775468
80803,0,0,-1.6827149651159623
80804,0,0,-0.9149478642538794
80806,0,0,-1.8826975720626444
80809,0,0,-1.5752443788265993
80812,1,1,0.1577536566731803
80814,0,0,-1.1567797106172932
80815,0,0,-1.5706630378338073
80820,0,0,-3.0944073179104503
80821,0,0,-0.3029317506369028
80822,0,0,-1.163531065642966
80823,0,0,-1.6012918584268752
80834,0,0,-3.91175025940351
80845,0,0,-1.350096878676462
80850,1,1,1.7102688057335127
80856,0,0,-1.6591873430921211
80858,0,0,-3.104927759489682
80866,0,0,-0.39842597561253246
80873,0,0,-2.238978509001629
80874,0,0,-0.7196938029413386
80882,0,0,-1.688947996927548
80893,0,0,-1.971433836764725
80894,0,0,-0.29573948671243855
80895,0,0,-1.8123082494270988
80922,1,1,1.3421705851189347
80932,0,0,-0.4983441887043776
80935,1,0,-0.34622051891118555
80936,1,0,-0.12728611681888735
80938,0,0,-1.299297772308908
80940,0,0,-3.222814696070442
80942,0,0,-2.5177198261573333
80945,0,0,-1.4800106802768593
80952,0,0,-1.0377101260148978
80958,0,0,-1.8460366160332469
80965,0,0,-1.9424814529527819
80969,1,0,-0.4402636327736007
80973,0,1,0.26858483424756807
80975,1,0,-0.3012712237013444
80977,0,0,-1.2810326899578277
80987,0,0,-0.3351204009482963
80990,0,0,-2.457812367236034
80991,0,0,-3.2238029608673235
80996,0,0,-0.7849799458413826
81008,0,0,-0.8316986183785078
81015,0,0,-0.393937210492171
81018,0,0,-1.8348085102075955
81046,0,0,-1.3164798096977053
81048,0,0,-1.0266517228295258
81053,0,0,-1.3828487781593501
81060,1,1,2.1279708457257573
81063,1,0,-0.7608513610315488
81071,0,0,-2.4447903720970823
81074,0,0,-1.4736498057567964
81077,0,0,-1.185621685126995
81079,0,0,-0.6257767489726914
81082,0,0,-1.5148117337915443
81092,0,0,-2.445131108160277
81103,0,0,-0.575562305889287
81108,0,0,-2.2790729438581763
81110,0,0,-2.217605068575015
81127,0,0,-0.7637136156136262
81132,0,0,-2.6586602350905615
81147,1,1,1.023939617902575
81148,0,0,-2.5013685886679173
81151,0,0,-0.5333426727521389
81160,0,0,-0.14140514626718947
81161,0,0,-1.3055735309487662
81166,0,0,-1.1620973286312293
81169,0,0,-0.0396434101011609
81175,0,0,-1.3505688089724126
81176,0,0,-1.0871727855588782
81183,1,1,1.612815896149992
81184,0,0,-1.799007741410623
81185,0,0,-1.4062952818697927
81186,0,0,-2.7300547189858424
81190,1,0,-0.510555279491144
81197,0,0,-1.6868931548961852
81213,1,0,-0.3144234359735152
81214,0,0,-0.35253754904204715
81222,0,0,-1.545000721922341
81225,0,0,-1.441967526120656
81231,0,0,-0.5551970951385027
81236,0,0,-0.7314972907139554
81243,0,0,-1.3481771676526586
81244,0,0,-3.1253647620399976
81245,1,1,1.126576808223101
81246,0,0,-2.0589166313917078
81252,0,0,-2.4897195137326342
81257,0,0,-0.2996783205416409
81258,0,0,-2.7157858810736126
81264,0,0,-2.416474512294778
81267,1,1,0.48136956633399275
81270,0,0,-1.8680294582836363
81271,0,0,-0.8981089647312338
81277,0,0,-1.1935786918213012
81278,0,0,-0.658192927181309
81288,0,0,-1.6727497904752766
81295,0,0,-1.1037585913738819
81296,1,1,0.035506133103362036
81298,0,0,-2.9997544043747926
81302,0,0,-3.368571950581856
81307,0,0,-1.368587582850184
81316,0,0,-1.1034283817807187
81320,0,0,-2.3182593474260833
81329,1,1,1.3861897838284378
81330,0,0,-1.340682076629638
81332,0,0,-1.72933960913767
81333,0,0,-1.9848588441486001
81334,0,0,-0.1260713570435198
81335,0,0,-4.164773409823099
81346,1,1,0.41595857690312554
81351,0,0,-2.368681525818417
81364,0,0,-0.9331796034722946
81371,1,1,0.31689966889412147
81385,0,0,-1.5725858856147648
81387,0,0,-1.6083666887449015
81397,1,1,0.28777116547538606
81401,0,0,-2.6338173158623146
81402,0,0,-1.746650463099493
81403,0,0,-0.34829785845198613
81405,0,0,-0.8192418419351648
81407,1,1,0.15348879822133488
81408,0,0,-1.4137802147756413
81411,0,0,-0.11668981194309791
81419,0,0,-0.5607696176370291
81422,0,0,-1.8597951068765066
81423,0,0,-2.64178540363346
81426,0,0,-2.4298404067552473
81427,0,0,-1.0749897818805376
81430,0,0,-1.0031390839120164
81450,0,0,-1.2623582934485278
81459,0,0,-1.8180039253863405
81469,0,0,-1.5033073579487883
81481,0,0,-1.6610851496650318
81482,0,0,-3.1803732320928377
81494,0,0,-0.32410583565305967
81495,0,0,-0.8635667543547774
81501,0,0,-1.4170333902219652
81507,1,0,-1.5349414196134714
81509,0,0,-1.200119431022936
81511,0,0,-1.428874140604683
81517,0,0,-2.371764460577643
81521,0,0,-1.5650463779948591
81528,0,0,-1.5605708933027114
81530,0,0,-1.1093336598425996
81535,0,0,-0.9166056555628048
81538,0,0,-3.6624412045727945
81545,0,0,-1.2701143987923498
81565,0,0,-1.113857328682951
81573,0,0,-1.2389236306183902
81574,1,0,-0.16692451864010438
81579,0,0,-2.0654603135448584
81583,0,0,-1.4156527348211267
81590,0,0,-1.2484176671588372
81602,0,0,-1.5082249888738979
81614,1,1,1.1828597479854426
81615,0,0,-0.7917705035534612
81616,0,0,-1.394570334819167
81617,0,0,-1.7787814820079197
81619,0,0,-3.5417391153321
81620,0,0,-0.9335477852595327
81622,0,0,-0.6324513590406192
81626,0,0,-2.852552019247196
81631,1,1,1.2228792321173112
81638,1,0,-0.8695680877436917
81646,0,0,-0.7762752592759685
81647,1,0,-0.8231820851953947
81648,0,0,-0.2835920618053155
81655,0,0,-4.192244769660353
81658,0,0,-1.2154927327992702
81661,0,0,-2.4901821815989207
81669,0,0,-2.6329014817900513
81684,0,0,-1.3213649180801188
81691,0,0,-2.5354338364174147
81701,0,0,-2.150063935159075
81702,1,0,-0.17301788234545012
81704,0,0,-0.8758755262181509
81709,0,0,-1.360699400801086
81710,0,0,-2.23611700450103
81716,0,0,-1.1252232800184547
81720,0,0,-0.330426728143834
81722,0,1,0.06359103635677055
81723,0,0,-1.0871779747748231
81725,0,0,-2.98936099815079
81727,0,0,-2.39185032558401
81729,0,0,-0.1096782184011299
81731,0,0,-3.030225767731592
81739,0,0,-0.8972723531561617
81741,1,1,1.1209443471148084
81743,0,0,-1.2034184443861977
81744,0,0,-2.55066798103184
81750,0,0,-2.706972926626464
81751,0,0,-0.40325567030540743
81752,0,0,-1.5930888273769743
81754,0,0,-1.4384064352668848
81755,0,0,-1.0040579901510012
81761,0,0,-1.8315635865675404
81762,0,0,-3.6711348340024728
81773,0,0,-1.514266154609024
81775,0,0,-2.3414180416694323
81782,0,0,-3.559939353059958
81783,0,0,-1.023631977826647
81784,0,0,-0.9877601959676272
81785,1,1,0.292559045873898
81813,0,0,-1.1149783624009297
81832,0,0,-1.9040023096914898
81836,0,0,-2.376111732387939
81839,0,0,-2.1357715369225927
81851,0,0,-1.3423991941411515
81854,0,0,-1.7312443858111963
81863,0,0,-2.045308443857195
81868,0,0,-1.0897105788124866
81869,0,0,-1.0990565313839193
81870,0,0,-2.1773165833341244
81874,0,0,-0.793746292484319
81875,0,0,-0.9340363721255808
81878,0,0,-1.9684032311642132
81890,1,1,1.509702358894691
81895,0,0,-1.6228288161424849
81896,0,0,-1.8676292304842328
81900,0,0,-2.061543868748804
81910,0,0,-0.4236716463467749
81918,0,0,-0.44780010222285205
81943,0,0,-2.5355801357273604
81947,1,1,0.9114744515655098
81948,0,0,-0.7817497630559348
81949,0,0,-0.5379905330529162
81953,0,0,-0.9601177547472646
81955,0,0,-1.2540533194001129
81967,0,0,-2.6625990133607322
81969,0,0,-0.5408142517087039
81970,0,0,-1.2643180782218668
81973,0,0,-1.552777391353926
81975,0,0,-1.583825820779997
82002,0,0,-1.5232424526514887
82003,0,0,-1.5250422513528459
82004,0,0,-0.21315242107341703
82006,0,0,-2.0204807008777013
82009,0,0,-1.8017819622388205
82012,0,0,-2.1925787049282732
82019,0,0,-2.4838306537933965
82023,0,0,-1.7626954744409937
82024,0,0,-1.836729607138656
82027,0,0,-1.3015008584584735
82029,0,0,-1.473187421392717
82039,0,0,-0.9587440325845713
82041,0,0,-1.4466052529963616
82042,0,0,-0.9075295521443956
82043,0,0,-4.151334329133968
82045,0,0,-0.8311953839096127
82051,0,0,-1.6594681398711784
82053,0,0,-2.346865109575493
82054,0,0,-2.364893932399214
82058,0,0,-2.185964846373165
82062,0,0,-1.7200949076533782
82067,0,1,0.0616843588287872
82075,0,0,-2.6755156272896716
82085,0,0,-1.270470315086344
82091,0,0,-0.9975320146763107
82095,0,0,-1.0867712193062993
82099,0,0,-2.0733917163436244
82101,1,0,-0.5485007752936464
82109,0,0,-0.6782622905849589
82119,0,0,-1.5512241293285918
82126,0,0,-1.5365862655434288
82135,0,0,-1.9983019826378243
82150,0,0,-1.1611499174143145
82159,0,0,-1.7861557192204212
82161,0,0,-3.8432369535732995
82162,0,0,-1.1646974789489732
82165,0,0,-0.38603458004889546
82181,0,0,-1.970666633738058
82183,0,0,-2.061142962715027
82187,1,1,2.0375539224585273
82191,0,0,-1.74899487643815
82200,0,0,-1.5268128699161356
82204,0,0,-2.662947765116093
82207,0,0,-1.3540904945787173
82210,1,0,-0.45035115789114144
82212,0,0,-2.719407503055642
82219,0,0,-3.20499696388731
82221,0,0,-1.7047204801913174
82224,0,0,-2.987741565207502
82231,0,0,-1.6539593395563525
82237,0,0,-0.8345084513877529
82241,0,0,-2.6916717184815995
82242,0,0,-1.549062932917113
82243,0,0,-2.2300687544479434
82248,0,0,-1.9481383653862296
82249,0,0,-2.1574495816966266
82250,0,0,-2.4999091217857448
82255,0,0,-0.17347317861489753
82261,0,0,-2.3882129368317084
82263,0,0,-2.964356671389589
82266,0,0,-2.0189663499608104
82268,0,0,-1.1743374693394593
82269,0,0,-1.4564363506109095
82271,0,0,-0.7558847868083794
82278,0,0,-0.7054187156047692
82291,0,0,-1.7253994279631377
82293,0,0,-3.478306124367914
82295,0,1,0.14364352089270227
82308,0,0,-1.9485325164156186
82314,0,0,-2.351785296842479
82332,0,0,-1.2734311429835026
82337,0,0,-0.7210478311316284
82338,0,0,-1.3734804965961478
82347,0,0,-2.739508401702391
82365,0,0,-2.9438809351509274
82366,0,0,-0.8313419717232633
82367,0,0,-1.154454163091884
82373,1,1,0.2596942783480456
82377,0,0,-0.09627223598009338
82379,0,0,-0.9058382357819158
82388,0,0,-1.9623829167404085
82403,0,0,-0.8196297337012772
82405,0,0,-0.6246648104426922
82408,0,0,-2.091644029911961
82414,0,0,-1.7454432575432843
82416,0,0,-2.5699129314481235
82420,1,1,0.3685598182382226
82421,0,0,-0.727113021102172
82422,0,0,-3.5214514896457976
82432,0,0,-2.8280910085547957
82436,0,0,-1.032274277493415
82437,0,0,-1.365979422748374
82440,1,1,1.109442364609238
82441,0,0,-2.4225613711214296
82445,0,0,-1.0535129523324216
82458,1,1,1.349284934887719
82460,0,0,-2.133159758059866
82464,1,1,0.6268981127079625
82465,0,0,-0.750312870895307
82476,0,0,-1.8673202665145539
82479,0,0,-2.5232968316389988
82480,0,0,-0.6878764089300229
82481,0,0,-2.7396606356821995
82482,0,0,-2.064003366929545
82483,0,0,-1.5230540133219326
82491,0,0,-1.2594802381305996
82492,0,0,-3.014900260804432
82493,0,0,-2.866419343695905
82496,0,0,-1.9290685686291629
82500,0,0,-2.606912732498575
82502,1,0,-0.5840251708789583
82508,1,1,0.7459436568273008
82513,0,0,-2.3946902712004485
82520,0,0,-1.3037112466670222
82536,0,0,-1.6593511438988031
82537,0,0,-2.44970069993286
82543,0,0,-1.6376321519085568
82551,0,0,-2.7696894646090544
82553,0,0,-1.8486710262951407
82555,0,0,-0.9161720405196888
82558,0,0,-1.863687778062063
82561,0,0,-2.4636095088873624
82579,0,0,-1.4468470217181206
82581,0,0,-1.7206170366710873
82582,0,0,-2.4581990243753697
82599,0,0,-1.6800974044714008
82602,1,1,1.0467513565300035
82608,0,0,-2.4507728681544774
82617,0,0,-2.4460907735712762
82618,0,0,-0.32708539604278364
82623,0,0,-2.315548551397815
82624,1,1,0.4186510367242309
82625,0,0,-1.7281293895325323
82630,0,0,-1.7507196140480472
82635,0,0,-2.3049671480826994
82637,0,0,-1.6440419667656518
82645,1,1,1.9603713513658134
82649,0,0,-0.23087588237724532
82650,0,0,-1.2632344401250926
82652,0,0,-2.7568969166670816
82655,1,0,-1.1438634615427818
82658,0,0,-1.5227129975345104
82665,0,0,-1.5443458345814938
82669,1,1,1.9513332056328474
82671,0,0,-1.021510142863962
82679,0,0,-1.3174799080445507
82680,1,1,1.6362442815102993
82683,0,0,-0.8889188971795746
82685,0,0,-1.6527592098252217
82697,0,0,-1.4880131865410209
82702,1,0,-0.543086987990748
82705,0,1,0.10548833152578063
82709,0,0,-2.0366775014960026
82711,0,0,-1.2050271620535433
82716,1,0,-0.774461715273931
82720,0,0,-0.87009278623195
82721,0,0,-3.3510235416227543
82731,0,0,-1.8661082344658815
82754,0,0,-1.0611667362275847
82770,0,0,-1.377133261179865
82771,0,0,-1.6205004825429816
82775,1,1,0.2910105896741151
82776,0,0,-2.334083085873671
82779,1,0,-0.03964434158392427
82790,0,0,-0.914411650452666
82793,0,0,-3.186505209128475
82804,0,0,-2.1592824321182436
82805,0,0,-1.2017035500628819
82809,0,0,-2.6536289381891995
82812,0,0,-3.6950082991762994
82815,0,0,-2.6029974187874183
82821,0,0,-0.6869962249660744
82830,0,0,-3.7332061786222717
82846,1,1,2.0265379163437007
82862,0,0,-1.9479614630337907
82873,0,0,-0.9881644098897927
82878,0,0,-2.2342549780366427
82879,1,0,-0.3962630542744296
82887,0,0,-0.8707451367953322
82899,0,0,-1.1298920921342606
82910,0,0,-2.182731693723543
82917,0,0,-1.4485538025054705
82930,0,0,-0.38159311289926334
82931,0,0,-0.101257237684381
82932,0,0,-1.4838303232084935
82935,0,0,-1.1217600226736777
82936,0,0,-1.2710150132543012
82940,0,0,-2.20254986090273
82944,0,0,-1.2176661111441156
82951,0,0,-2.347659021799622
82964,0,0,-1.3025003133303572
82965,0,0,-1.630371282250214
82976,0,0,-1.3322557053863382
82978,0,1,0.0012498585114474325
83003,0,0,-1.3551330857945125
83006,0,0,-2.4065552629048375
83007,0,0,-1.4325831994979294
83008,0,0,-2.1597468619115556
83011,0,0,-0.8449698354389452
83031,0,0,-1.6930622684901555
83038,0,0,-1.6388348590340163
83039,0,0,-0.8292363426427787
83046,0,0,-0.02360518135722156
83054,0,0,-0.8323447535807288
83057,0,0,-1.942756263480037
83061,0,0,-0.3389917419814271
83066,0,0,-2.890804324088718
83067,0,0,-1.6232432937089085
83068,0,0,-1.6827045439190071
83078,0,0,-1.8284983232710936
83080,1,1,1.005865421622234
83084,0,0,-1.036446483846023
83087,1,0,-0.8386343584727526
83088,0,0,-0.8388771638798309
83090,1,1,1.4377281865191474
83092,0,0,-0.35267405617776454
83096,0,0,-3.5077202749235443
83105,0,0,-2.2225617619317477
83109,0,0,-2.906865220634714
83116,0,0,-2.4632929221987365
83121,0,0,-1.4313717236997325
83125,1,0,-0.8831210764574554
83138,0,0,-1.4282638172219837
83139,0,0,-1.639462586795846
83145,0,0,-1.3006638792085243
83151,0,0,-0.9539653761094631
83155,0,0,-1.5070085712441574
83165,0,0,-2.6438060968669097
83168,0,0,-1.1745241292193789
83172,0,0,-1.1341019794237548
83174,0,0,-2.5507662840101784
83180,0,0,-0.8918505499377489
83184,0,0,-0.6727705395793004
83185,0,0,-2.8633884919026267
83186,0,0,-0.6730725850326278
83193,0,0,-1.5460748076360056
83199,0,0,-1.3865758332900961
83205,0,0,-1.767584106151401
83206,0,0,-2.166379171114171
83218,0,0,-1.2481530358306936
83237,0,0,-1.0971527314053158
83242,0,0,-0.9343071037640646
83244,0,0,-1.3337301416322291
83254,0,0,-2.4612053618655656
83256,0,0,-1.633635799685129
83258,0,0,-1.1545361576072612
83270,1,0,-0.2364902954016539
83276,1,1,1.5617804874484278
83277,0,0,-1.1905082449327644
83284,0,0,-0.9011350151064488
83289,0,0,-1.8986962512204273
83290,1,0,-0.40345336500468226
83293,0,0,-0.845147107740739
83295,0,0,-2.282292473735776
83306,0,0,-1.2784662873650654
83309,0,0,-0.7710772652491835
83310,0,0,-2.330543333613683
83311,0,0,-3.03470528770196
83312,0,0,-1.6117091821958742
83318,0,0,-1.5425733848138055
83324,0,0,-1.7041163484253439
83329,0,0,-3.7029315627558814
83331,0,0,-1.5673607215964045
83333,0,0,-2.388388209045959
83335,0,0,-2.2691933330186944
83347,0,0,-2.7233151066866554
83352,0,0,-2.718251439068531
83353,0,0,-3.714058218409079
83355,0,0,-2.649401878787244
83357,0,0,-2.9196595402329537
83361,0,0,-1.9413845241832908
83366,0,0,-1.1376966803442117
83372,0,0,-1.0566887821113857
83374,0,0,-0.6500362811248643
83378,0,0,-2.244076312996464
83381,0,0,-2.795135807156514
83383,0,0,-1.3204507358022401
83391,0,0,-3.2115562338196115
83396,0,0,-2.3934437771738786
83400,0,0,-0.6845251583416635
83404,0,0,-1.2224943251252522
83406,1,1,0.4379099926186423
83417,0,0,-0.6514675779638508
83424,0,0,-2.489108204321516
83425,0,0,-2.8985075113655583
83429,0,0,-2.393898568412771
83434,0,0,-2.1583929126910704
83436,0,0,-1.6566757249881645
83439,0,0,-0.6002099799914834
83444,0,0,-0.1902415251297067
83450,0,0,-2.6351628956450286
83460,0,0,-2.1657590533085873
83464,0,0,-2.744215532091707
83477,0,0,-0.9732629184691299
83479,0,0,-1.9864064141401283
83491,0,0,-1.036675874437816
83496,0,0,-0.785512531038227
83500,0,0,-2.7732150130812716
83502,0,0,-3.2645403765975294
83504,0,0,-0.8567301563400538
83514,0,0,-0.9059842644104261
83516,0,0,-2.850727966468961
83517,0,0,-2.4701364063404547
83530,0,0,-1.4992899363845522
83538,0,0,-1.2642683230212617
83541,0,0,-1.4788520154993103
83543,0,0,-3.447175165601079
83549,0,0,-3.4671972458855347
83552,0,0,-2.4089820022780604
83558,0,0,-0.7075653300979264
83559,0,0,-2.341937613594114
83565,1,1,0.7096964819522216
83566,1,0,-0.7728301379464579
83573,0,0,-3.378717617204006
83576,0,0,-1.1738702148181939
83584,0,0,-1.9429332043181804
83594,0,0,-3.0890165890973726
83598,0,0,-0.11468364468950054
83600,0,0,-2.2178134427755385
83603,0,0,-1.3338011321347656
83604,0,0,-0.9535208986802521
83605,0,0,-0.8913989275079329
83608,0,0,-2.8811814388949273
83613,1,0,-1.09249668724635
83614,0,0,-1.8380012334186207
83621,0,0,-1.347428016493108
83623,0,0,-3.011086065416192
83629,0,0,-0.3514442562979847
83640,0,0,-1.3695158293126095
83643,0,0,-3.377939658823726
83644,1,1,1.1313266252122354
83648,0,0,-2.7088258688967506
83651,0,0,-1.9560065373432836
83653,0,0,-2.7126974464089626
83656,1,1,1.556503418944484
83659,0,0,-1.6643758175808139
83662,0,0,-2.386328201429987
83666,0,0,-2.4408358375468953
83669,0,0,-0.46420912636541
83673,0,0,-2.4936936046432443
83676,0,0,-0.7027340417097948
83678,0,0,-2.0345046334582606
83682,0,0,-1.2164273949700635
83684,1,1,0.210678674734313
83686,0,0,-1.6642106690330505
83687,0,0,-2.9403731988525754
83699,0,0,-2.4354866289925106
83702,0,0,-1.6674379146571137
83721,0,0,-1.4082727054940907
83727,0,0,-2.029789071176644
83728,0,0,-1.4835720681179678
83731,0,0,-2.8626011477878865
83735,0,0,-1.400338141565625
83736,0,0,-0.4776566634769661
83737,0,0,-0.8318815213240525
83747,0,0,-0.6178383106252769
83748,1,1,0.14455772200614125
83756,0,0,-1.1392692591938973
83757,0,0,-0.8105144727177265
83772,0,0,-1.8137105525132369
83774,0,0,-2.4524843602108426
83777,0,0,-0.8051635834629979
83791,0,0,-0.8729546331450173
83793,0,0,-0.9764611033979556
83803,0,0,-2.408047714149494
83806,0,0,-2.426481143999558
83810,0,0,-1.9053825779698235
83814,0,0,-2.590864327499923
83816,0,0,-1.2833698746450946
83819,0,0,-0.9947729775249914
83826,0,0,-2.969545149459943
83832,0,0,-3.862388540363245
83844,0,0,-2.3369054959950497
83851,0,0,-0.7410450123042046
83858,0,0,-1.3960936991367046
83861,1,0,-0.924597643167506
83863,0,0,-1.601284945516557
83866,0,0,-1.0971092746682696
83870,0,0,-0.3615641949105952
83871,0,0,-1.798142779846717
83873,0,0,-1.2638446524656364
83875,0,0,-0.902784085380545
83882,1,1,1.311235941272897
83888,0,0,-2.81482921610806
83902,0,0,-3.430361589880632
83906,0,0,-2.5761660469556684
83918,0,0,-1.6749186422966291
83924,1,1,1.0461570387553296
83926,0,0,-2.630368367534202
83933,1,1,0.14422888313458615
83939,0,0,-1.3298890064585316
83940,0,0,-2.1053650016351426
83943,0,0,-1.297240479636002
83946,1,1,0.7531778601389663
83952,0,0,-0.5735725303080833
83956,0,0,-2.81007741078609
83971,0,0,-2.141545421729419
83975,0,0,-2.9755904442328385
83979,0,0,-3.043227642073753
83983,0,0,-0.6503068856801156
83988,1,0,-0.4149559056799945
83989,0,0,-1.7686536610505574
83996,0,0,-2.291751750973879
83998,0,0,-0.6902866971661279
84009,0,0,-0.7188941067194357
84011,0,0,-0.9669109746198142
84015,0,0,-3.2982715057622505
84020,0,0,-1.3670526501095657
84022,0,0,-1.3111338055940436
84024,0,0,-1.9957025937742714
84025,0,0,-1.929610665245467
84028,0,0,-2.2568809946116914
84029,0,0,-0.9297033482061379
84032,0,0,-0.662635792151209
84033,0,0,-1.1103395828592544
84044,0,0,-1.3661024944518376
84048,1,1,0.1783618165464551
84055,0,0,-1.4971268016476629
84063,0,0,-2.0658411872692755
84068,0,0,-1.4270373957776403
84071,0,0,-1.9247514081419252
84076,0,0,-1.3627963531299032
84078,0,0,-0.7938131591494524
84091,0,0,-2.6911976935541886
84093,0,0,-1.1689619577947001
84097,0,0,-1.393679987374309
84098,1,0,-0.39264399433836955
84102,0,0,-1.087765249495862
84112,0,0,-2.401360025112089
84116,0,0,-0.44494366188402995
84123,0,0,-1.7665299512901318
84125,0,0,-1.0847326212209214
84128,0,0,-1.4543269995913224
84132,0,0,-0.5578820579346442
84135,0,0,-1.3920107030589006
84147,0,0,-1.764910914521343
84149,0,0,-3.0557436307543417
84161,0,0,-2.960761220395847
84162,0,0,-1.3551705942854353
84175,0,0,-0.6463653921194203
84177,0,0,-0.6088901539130064
84179,0,0,-3.469815352156071
84180,0,0,-1.9522208547979631
84183,0,0,-1.8039458001718809
84189,1,1,1.1063871883823884
84198,0,0,-1.7862861305207145
84206,0,0,-1.2797939455306706
84208,1,1,0.8100296674515668
84210,0,0,-2.367508750856609
84213,0,0,-1.243343448036125
84219,0,0,-2.4534920794739925
84224,0,0,-2.0236597424160925
84236,0,0,-2.5178263664465295
84242,0,0,-1.6283907308027585
84245,1,1,1.116372531498643
84246,0,0,-1.4453939998104406
84247,0,0,-1.4832128403789362
84248,0,0,-1.8727781728627724
84250,0,0,-1.8717669897504867
84251,0,0,-0.5634546961410895
84253,0,0,-0.2464169422681607
84256,0,0,-0.8679738917916392
84258,0,0,-2.4948366724524034
84269,0,0,-1.509987377424375
84272,0,0,-3.52063674510088
84273,0,0,-0.751192094889185
84283,0,0,-2.289565874477632
84284,0,0,-0.9643489115949127
84291,0,0,-0.4861582264853345
84293,0,0,-0.757656130970218
84295,0,0,-2.137176260803241
84296,0,0,-2.6108658188104608
84297,0,0,-3.7366723451642727
84307,0,0,-3.4274806299430125
84324,0,0,-0.8542174801790717
84353,0,0,-1.4550148291599136
84356,1,0,-0.14570571930622878
84364,0,0,-1.2216678630160702
84369,0,0,-1.6821460542638997
84381,0,0,-1.1431812061910804
84389,0,0,-1.323983765661552
84397,0,0,-1.7750111977961398
84401,0,0,-1.2814725093584178
84404,0,0,-0.16016430249732128
84406,0,0,-2.2102456822088303
84424,0,0,-2.5911158204970413
84426,0,0,-3.3636627843345384
84427,0,0,-0.992359453214157
84428,0,0,-0.9409307510424274
84440,0,0,-1.8016503114853257
84448,0,0,-2.899670228022181
84449,0,0,-3.803223729042366
84451,0,0,-2.486695684917211
84455,0,0,-0.6255945237624818
84458,0,0,-0.7912428986140603
84463,0,0,-0.8427084812332853
84468,0,0,-1.7495873681979117
84479,0,0,-1.8028923097435003
84481,0,0,-0.7169156584235746
84482,0,0,-1.4326275932574872
84488,0,0,-3.2169465807994095
84493,0,0,-2.47145182188851
84499,0,0,-0.9575876835952708
84506,0,0,-1.0638404161184514
84516,0,0,-0.7156902831239207
84517,0,0,-1.4130783453195785
84523,1,0,-0.544715839973592
84525,0,0,-3.4027760544462335
84530,0,0,-2.395643691554321
84531,0,0,-1.6661215220859802
84533,0,0,-1.6092133142564717
84537,1,1,0.44299959228307717
84543,1,1,0.9430404810425947
84544,0,0,-1.4539421015742873
84556,0,0,-0.6882680774577379
84557,0,0,-0.8659609679042123
84572,0,0,-2.211879135534221
84596,0,0,-1.5976387602939934
84606,0,0,-2.3634617192065166
84608,0,0,-1.2967049744961439
84610,0,0,-1.7314058027991321
84612,1,1,0.005362932814259369
84623,0,0,-2.084323836623513
84629,0,0,-2.4747738554668475
84644,0,0,-1.5641908545798278
84647,0,0,-1.1859285588251443
84649,0,0,-4.023020044667458
84652,0,0,-2.1512655571077524
84660,0,0,-1.454866840128558
84673,0,0,-1.5897090315599478
84675,0,0,-1.2894067796909814
84680,0,0,-0.7372939009400303
84683,0,0,-1.3097829569099053
84684,0,0,-1.7650062462183014
84689,0,0,-3.3646597785539356
84704,0,0,-2.0563276289191537
84714,0,0,-2.2998295498781616
84718,0,0,-1.3410320138506973
84721,0,0,-1.4481099758121698
84725,0,0,-2.3557774728952694
84728,0,0,-0.8797470260268824
84729,0,0,-0.6301684592726442
84730,0,0,-2.2998813721673503
84733,0,0,-1.4028995545029004
84736,0,0,-2.5138626157979895
84737,0,0,-2.2251868463857813
84739,0,0,-0.5654036565641021
84742,0,0,-1.3909121677433653
84743,0,0,-1.3992517524320491
84746,1,0,-0.5544239059326933
84752,0,0,-3.001683341518042
84756,0,0,-0.8465555970658195
84757,0,0,-1.5893264438994232
84773,0,0,-0.6478705772339806
84777,0,0,-0.5657774173961161
84782,1,0,-0.7183902851109307
84793,0,0,-2.234531058721883
84797,0,0,-2.2617233230028067
84802,0,0,-1.3587372939377365
84818,0,0,-1.9011206023639706
84820,0,0,-1.217332469038389
84822,0,0,-1.4174994070379165
84826,0,0,-0.5323366718264811
84835,0,0,-2.315877525498249
84839,0,0,-3.0033916552237176
84840,0,0,-1.3293035883392341
84842,0,0,-0.44174536219847577
84846,1,1,1.863864333174574
84853,0,0,-1.6711661320376328
84857,0,0,-0.9436725670369874
84863,0,1,0.1690776375673303
84866,1,1,0.34347831569227094
84868,0,0,-0.3849828265721705
84869,0,0,-0.9222359388985524
84874,0,0,-1.2669413018832025
84883,0,0,-0.49097522729339654
84888,0,0,-1.3190607421605753
84894,0,0,-0.10238046292890823
84897,0,0,-1.000874476064042
84899,0,0,-0.775569362566188
84908,0,0,-1.2190718505811913
84911,0,0,-2.714004281209709
84918,0,0,-1.3148881885426031
84927,0,0,-0.8296082225998755
84937,0,0,-2.3193238377096
84938,0,0,-1.6712067229213396
84939,0,0,-2.544779261783691
84953,0,0,-1.3731644499947324
84957,0,0,-0.49071824224915483
84971,0,0,-1.529053244695962
84973,0,0,-1.647669218480984
84976,0,0,-1.233782238365597
84979,0,0,-2.0601906847877887
84990,0,0,-0.8138995855963228
85004,0,0,-1.6135177993593175
85021,0,0,-0.6499527233730943
85029,0,0,-1.6068544684032968
85030,0,0,-1.4083654745648282
85033,0,0,-1.5349341844309703
85035,0,0,-2.4292535743541492
85039,0,0,-2.5025475520912663
85040,0,0,-3.5604526097504587
85042,0,0,-1.43212025685019
85044,0,0,-0.7289978692300796
85047,0,0,-1.0407740092220823
85063,1,0,-0.7700379723958105
85070,0,0,-1.7813277913824002
85088,0,0,-3.259104863591755
85090,0,0,-0.9190313409628346
85092,0,0,-0.9863912397359678
85097,0,0,-1.7483934512306945
85100,0,0,-2.4049482948428658
85103,0,0,-0.9250578747065255
85105,0,0,-1.3462952350902118
85110,0,0,-1.5732333407346895
85114,0,0,-2.2856300239113523
85115,0,0,-0.813491812088704
85124,0,0,-2.303423139295872
85131,0,0,-0.897611275853605
85134,0,0,-1.0909679191604726
85139,0,0,-2.0973720205251443
85142,0,0,-1.49964876839229
85145,0,0,-2.1504911682682764
85155,0,0,-1.7206449136856687
85171,0,0,-1.4882437184297457
85178,0,0,-1.6477108862279861
85181,1,1,0.7912861547734711
85183,1,1,0.34331218147123255
85185,0,0,-1.467461593908404
85212,0,0,-0.15644263677200354
85213,1,0,-0.8524800403931031
85214,0,0,-1.287899966510226
85219,0,0,-2.35516795466474
85221,0,0,-1.1196207158907021
85231,0,0,-1.7918041918993914
85233,0,0,-2.6317807960228343
85238,0,0,-3.1259065143086913
85245,0,0,-0.9754841035383686
85248,0,0,-1.5653639210122672
85249,0,0,-1.7785354630889314
85254,0,0,-1.7647382064155321
85256,0,0,-2.5406266352881857
85257,0,0,-1.5360756127112143
85263,0,0,-1.923223254946776
85266,0,0,-1.586531688415926
85268,0,0,-0.5629161867651391
85270,0,0,-0.5733349208008265
85287,0,0,-1.901068232372481
85289,0,0,-1.7551909678372177
85294,0,0,-2.481548947336093
85309,0,0,-1.6351601337654351
85320,0,0,-2.440189286941391
85343,0,0,-2.037263339555637
85347,0,0,-1.5281543733102472
85348,0,0,-1.7786352866920974
85350,0,0,-3.374790961275826
85355,0,0,-1.0229774832238496
85365,0,0,-2.673441600196612
85372,0,0,-1.0363876282605768
85376,0,0,-0.73598758955107
85382,0,0,-2.7172343651627022
85383,0,0,-0.6175589847401177
85391,0,0,-2.4354889390808685
85396,0,0,-1.3223293946231918
85399,0,0,-0.5438158860041704
85403,0,0,-1.6904828453911236
85405,0,0,-1.7924939866255487
85412,0,0,-1.231224299795863
85414,0,0,-2.7578511463392608
85417,0,0,-2.245458063613505
85429,0,0,-3.318021397564321
85434,0,0,-1.3409343853137823
85439,0,0,-1.5359171731375376
85443,0,0,-2.526889459932443
85447,0,0,-1.1257017481602964
85451,0,0,-2.096683435588087
85453,1,1,0.8369231947466838
85455,0,0,-3.0155360293042204
85456,0,0,-0.7931756855286581
85457,0,0,-1.7112208401741418
85459,0,0,-1.7108072909274266
85460,1,0,-0.18854948327516863
85462,0,0,-0.8353872690296766
85468,0,0,-0.6257751265007727
85480,0,0,-2.785325980083816
85487,0,0,-1.8023395646264015
85492,0,0,-2.8121439852819146
85497,0,0,-2.119391076438532
85498,0,0,-1.317136564621669
85500,0,0,-0.3069237160958237
85504,0,0,-1.2793775560912422
85505,1,1,1.0528473185092904
85509,0,0,-1.9708361264012337
85524,0,0,-0.7670413731762814
85525,0,0,-1.2125211497534234
85532,0,0,-0.4698660245752487
85536,0,0,-3.1561502911353845
85537,0,0,-1.030263699129847
85539,0,0,-1.224108732326743
85541,0,0,-2.4627983090380594
85542,0,0,-1.497716796535084
85547,0,0,-0.3856945199857995
85556,0,0,-1.31276976029377
85568,0,0,-1.7088260212855864
85569,0,0,-0.8058400660461027
85572,0,0,-0.576831430892079
85582,0,0,-2.250515490659068
85588,0,0,-1.246718560352361
85589,0,0,-2.076938952467164
85590,0,0,-2.22280502785014
85611,0,0,-2.0674928393816465
85612,0,0,-0.8520216714920208
85613,0,0,-1.5460408108319497
85617,1,0,-1.4136494586364166
85625,0,0,-2.8166760979766137
85627,0,0,-2.745558902505488
85641,1,1,0.4177237950241015
85643,0,0,-1.2237678364682631
85650,0,0,-2.361339511574237
85653,0,1,0.026361069589604047
85656,0,0,-0.37989335679945424
85658,0,0,-0.7667783341568531
85662,0,0,-2.3478570445005964
85679,0,0,-3.1709725926492753
85691,0,0,-1.8123941055806765
85696,0,0,-0.9983909593026564
85702,0,0,-1.3628561584202812
85708,0,0,-2.9695377493028525
85709,0,0,-0.9340647803086835
85713,0,0,-2.5816120305289094
85719,0,0,-2.6621057925140885
85742,0,0,-2.0424146306862987
85747,0,0,-1.3181313711192315
85762,0,0,-2.716576804996146
85767,0,0,-0.4796814784803881
85771,0,0,-0.23203339480149132
85775,0,0,-2.410424590898778
85777,1,0,-0.7422212858903832
85783,0,0,-2.202744740407881
85784,0,1,0.03003541190786574
85791,0,0,-2.038734934250981
85806,0,0,-2.111556240268423
85814,0,0,-1.8955047089117916
85833,0,0,-0.5963617837137295
85841,0,0,-1.0268787440862326
85857,0,0,-0.7218550602907258
85862,0,0,-1.9581865998003305
85865,0,0,-1.3728435806846084
85867,0,0,-1.4761880251769934
85869,1,1,0.4508605752204835
85871,0,0,-1.4306159894719839
85874,0,0,-2.7635536848843545
85887,0,0,-2.715712446522235
85894,0,0,-1.4745944536112854
85897,0,0,-2.314267885685486
85898,0,0,-2.9319981029815647
85900,0,0,-1.4819885689737446
85904,0,0,-3.931500803806883
85914,0,0,-1.637544624312367
85917,0,0,-1.0158319644348466
85919,0,0,-1.7591422379348836
85923,0,0,-2.2701670153628335
85924,0,0,-1.812610141285692
85931,0,0,-1.8447342025159659
85932,0,0,-1.1495103275221275
85937,0,0,-1.5258726390058666
85940,1,1,2.1346013091236804
85954,0,0,-1.1997619054255946
85958,0,0,-1.9625255730870308
85968,0,0,-1.1054898968301599
85973,0,0,-1.3119451566183793
85979,0,0,-0.9768946945335016
85980,1,0,-0.6393566122585773
85983,0,0,-1.346826019819974
85988,0,0,-1.1326806204971067
86000,0,0,-0.9915388427180472
86005,0,0,-0.7888211642478834
86009,0,0,-2.7148613001092494
86036,0,0,-2.2814335469448936
86040,0,0,-3.589392892286612
86050,0,0,-1.9968601864038114
86053,0,0,-2.4642412118031194
86054,0,0,-1.7264402302046573
86055,0,0,-3.1653945020365235
86056,0,0,-0.6431384917101445
86057,0,0,-2.456060253344759
86064,0,0,-2.018783576249257
86065,0,0,-1.6804149467927296
86079,0,0,-1.5986365426098188
86088,0,0,-2.1756839120657094
86091,0,0,-1.0930846363203623
86094,0,0,-1.4399934486375885
86096,0,0,-2.5012141281805382
86103,0,0,-2.9692257894035476
86110,0,0,-3.1172306748931673
86116,0,0,-1.3840542502313893
86129,0,0,-3.3779051443800467
86131,0,0,-2.281300265298687
86132,0,0,-2.3150569628853086
86142,0,0,-2.7236023483320837
86145,0,0,-0.9240704529913178
86152,0,0,-1.3862976080660043
86170,0,0,-1.1506080831860026
86172,0,0,-1.794807721505787
86174,0,0,-1.0552063965689482
86181,0,0,-1.4439597443539882
86187,0,0,-2.4143644145871352
86191,0,0,-0.8945130561630914
86193,0,0,-1.7503332238518394
86200,0,0,-1.1574962784116165
86203,0,0,-2.4408248552402423
86213,1,1,1.4844643581885666
86215,0,0,-1.1432350637486235
86233,0,0,-1.7207188320066311
86241,0,0,-1.7351370679174574
86242,0,0,-1.0245005732406476
86244,0,0,-2.9378858332942723
86250,0,0,-0.6465855678662344
86257,0,0,-1.8193742615505553
86266,0,0,-1.9457746321234335
86269,0,0,-1.7592441440042839
86272,0,0,-0.600236739895776
86278,0,0,-2.8095732204931068
86279,0,1,0.018620596064833905
86283,0,0,-1.1943370210544864
86302,0,0,-1.02912057248557
86305,0,0,-1.5848067410583893
86307,0,0,-0.9030596584856965
86316,0,0,-0.791548860674216
86318,0,0,-2.334882131509379
86325,0,0,-1.1982960864404248
86326,0,0,-1.3809209427750955
86337,0,0,-2.0371550288499014
86339,0,0,-3.2051945811449203
86346,0,0,-0.8165690909334675
86350,0,0,-2.2402863513884967
86355,0,0,-2.290377204658685
86363,0,0,-0.5854557255540125
86367,0,0,-1.5502222868889142
86373,0,0,-0.7683914093310613
86379,0,0,-2.9864641664161935
86381,0,0,-1.90032164307352
86382,0,0,-1.152568936037433
86386,0,0,-0.5991992195562507
86404,0,0,-2.785464263329618
86418,0,0,-0.9660612802261954
86419,0,0,-1.7417032864751447
86427,1,1,1.253625323752151
86430,0,0,-2.6180787028430546
86437,0,0,-1.4893540613642613
86441,0,0,-1.6932257990968105
86442,0,0,-0.983975036923894
86449,1,1,1.2806152595303735
86451,0,0,-1.3908065468226833
86470,0,0,-2.0182072778039624
86472,0,0,-1.6093350215880222
86478,0,0,-2.0176274364776248
86483,0,0,-1.3018296892450323
86485,0,0,-0.8505012804652635
86490,0,0,-1.8642647470097895
86492,0,0,-2.3619042805544614
86493,0,0,-3.0495952259370442
86495,0,0,-2.9392173535171233
86499,0,0,-2.153411087986644
86509,0,0,-1.0601691704775402
86510,0,0,-1.8167714442122536
86513,0,0,-1.3988210232323506
86514,0,0,-2.76391267853667
86522,0,0,-3.4862847388056526
86524,0,0,-1.1709243937457479
86533,0,0,-1.4426107537095643
86535,1,0,-0.73865071601732
86536,0,0,-1.7368619865112682
86539,0,0,-0.6275102551880755
86544,0,0,-0.6813201250402736
86557,0,0,-1.0886625699828985
86560,0,0,-1.4772649795495276
86562,0,0,-1.3675277440421598
86566,0,0,-2.135479664401796
86567,0,1,0.3151961754576371
86573,1,1,0.630482579352764
86575,0,0,-1.144536440670451
86578,0,0,-0.6984313280813502
86581,0,0,-1.4373977849439603
86586,0,0,-3.5776897679568167
86589,0,0,-1.2609390300943786
86595,0,0,-1.2673448888132792
86604,0,0,-2.054605848284921
86605,0,0,-1.2303263313702657
86617,0,0,-2.5779063749442512
86619,0,0,-1.9946612001033133
86622,0,0,-2.1350609449645273
86623,0,0,-2.054628680404278
86626,0,0,-1.2501490740476142
86629,0,0,-3.138293755759432
86631,1,0,-1.1378669197834366
86639,0,0,-1.3247964633843063
86647,0,0,-0.14578118276771979
86651,0,0,-1.5649780964056368
86660,0,0,-4.51460486373528
86666,0,0,-0.7978312134529635
86667,0,0,-2.4747132814977806
86669,0,0,-1.9248309351324675
86673,0,0,-2.2970500042367687
86683,0,0,-1.3342638176702555
86685,0,0,-0.768023105522013
86687,0,0,-2.8554753660600767
86697,0,0,-3.029446436491665
86699,0,0,-1.3848060436119318
86701,0,0,-0.7662225192358171
86710,0,0,-1.6007270700014193
86714,0,0,-1.2266571109169262
86716,0,0,-1.1383592057947611
86722,0,0,-1.8929228605353743
86724,0,0,-1.0948785771251242
86729,0,0,-0.6528438792361797
86730,0,0,-1.1296442261610795
86732,0,0,-2.1210867162205895
86733,0,0,-1.2808174860478587
86734,0,0,-2.392703677965377
86742,0,0,-2.1868336334938103
86748,0,0,-2.1813449702498557
86754,0,0,-0.5896025039594373
86755,0,0,-1.4881301033724528
86757,0,0,-1.7578945022546055
86760,0,0,-2.3554129813412086
86775,0,0,-1.6831019823810793
86786,0,0,-2.1650499144805195
86787,0,0,-2.0098427756453776
86792,0,0,-0.9193886430023479
86801,1,0,-0.8026098125320112
86821,0,0,-1.320460664164939
86826,0,0,-0.9811208200836926
86828,0,0,-3.689786375942356
86829,0,0,-0.6603500302371963
86835,0,0,-3.6322884857032296
86842,1,0,-0.5831755061810135
86849,0,0,-1.4251474971057578
86857,0,0,-0.1516556782620363
86859,0,0,-0.5911349618337628
86860,0,0,-1.5207862012441604
86863,0,0,-1.6183736457507907
86866,0,0,-1.494003982836468
86869,1,1,1.3138821901660418
86870,0,0,-3.566475286536159
86873,0,0,-2.196673225852381
86880,0,0,-1.445722181120264
86883,0,0,-2.869444372219516
86884,0,0,-0.9228743766342965
86885,1,1,2.418970383174342
86889,0,0,-1.3842867437907538
86890,0,0,-0.539501944107769
86906,0,0,-1.360405313256405
86908,0,0,-1.893908225263848
86922,0,0,-0.787118649978294
86924,0,0,-1.329772078631116
86926,0,0,-1.4132711022680948
86933,0,0,-2.29054059311536
86937,0,0,-2.659120958741757
86946,0,0,-0.8153842085141507
86948,0,0,-3.0382128586192634
86954,0,0,-1.2933723042798526
86956,0,0,-2.466680057924349
86957,1,1,0.3149734482475097
86959,0,0,-1.5251249753150926
86962,0,0,-1.5036407996131027
86971,0,0,-0.5254238111397798
86973,0,0,-2.036609154991467
86977,0,0,-4.096912284235309
86981,0,0,-2.6660095624648696
86984,0,0,-1.3363553568537092
86986,0,0,-0.4724201507176806
86993,1,1,1.8379450924599097
87000,0,0,-1.6046973289590447
87011,0,0,-3.211193247299077
87015,0,0,-0.5403619799185866
87019,0,0,-2.392016030599825
87020,0,0,-1.837628269566064
87021,0,0,-2.191197073298415
87041,0,0,-2.114571929749493
87043,0,0,-1.1088886221196534
87049,0,0,-1.995254552115146
87056,0,0,-0.6947862747366923
87057,0,0,-1.062697592095358
87058,0,0,-2.6265752724229303
87066,0,0,-1.2323829820363421
87070,0,0,-1.2875403422250318
87084,0,0,-1.1114867561361026
87094,1,1,1.4064597660542406
87095,0,0,-1.9254723736654524
87098,0,0,-1.4733090650913088
87099,0,0,-2.4990505112684263
87114,0,0,-2.567400138190603
87115,0,0,-1.314117767834533
87121,0,0,-3.593323672503118
87122,0,0,-2.301219580588755
87127,0,0,-1.4104689474109886
87131,1,1,0.3008014355120463
87132,0,0,-1.0391311366745244
87138,0,0,-1.0524677713575579
87147,0,0,-0.5989599675428767
87154,0,0,-2.580218988431838
87157,0,0,-1.2881456149163695
87161,0,0,-2.046666518797778
87173,0,0,-1.083703422830561
87174,0,0,-1.4742445186114879
87175,0,0,-0.5362287882306502
87182,0,0,-2.343705775837373
87186,0,0,-0.7243803893092498
87187,0,0,-3.2702488933026492
87191,0,0,-1.0570368880618266
87214,0,0,-1.7593884302349998
87220,0,0,-1.6911844439683539
87221,1,1,1.879717546151851
87223,0,0,-1.4106013688907095
87225,1,0,-0.7487452865399041
87227,0,0,-1.9438539010227562
87229,0,0,-3.3410712084766
87235,0,0,-2.3293184454111975
87240,0,0,-1.6499199896636678
87245,0,0,-1.0852251419673593
87247,0,0,-3.342387968493866
87248,0,0,-3.6146829675681014
87257,0,0,-1.1243728352987206
87270,0,0,-1.0230927422731502
87272,0,0,-1.328606546616831
87274,0,0,-0.07661743324969883
87276,0,0,-2.558534009095
87282,0,0,-0.5091497410123782
87288,0,0,-3.9824771051012258
87289,0,0,-0.9383461453818078
87298,0,0,-2.0617396219441915
87301,0,0,-1.7166430646005617
87302,0,0,-2.49225930206158
87303,0,0,-2.5399017286081333
87308,1,1,0.28164719643107206
87312,0,0,-0.4805665209561255
87313,0,0,-0.5592670756112892
87315,0,0,-2.9801665308959047
87326,1,1,0.5302162785075286
87333,0,0,-3.5866050169133654
87334,0,0,-2.504816660953378
87336,0,0,-2.0110965360420145
87339,0,0,-1.9551611688641855
87351,0,0,-2.6799636314141253
87352,0,0,-1.5540023916265786
87353,0,0,-1.2513691195256789
87355,0,0,-1.7927839013695241
87366,0,0,-2.098924853431991
87371,0,0,-0.8746213702737782
87372,0,0,-1.4055106649946452
87375,0,0,-1.6077295614180738
87378,0,0,-2.7321968581857856
87394,0,0,-2.130474489533904
87397,0,0,-1.606076144444566
87401,1,1,0.665814684228911
87406,0,0,-0.8610661056244732
87407,0,0,-1.0883637372532418
87411,1,0,-0.7338882346250184
87414,0,0,-1.2506598436842158
87432,0,0,-1.0824898549085624
87435,0,0,-1.2148155817587682
87441,0,0,-1.600435703916221
87462,1,1,0.7134574803808991
87464,0,0,-1.914232334342979
87476,0,0,-3.7703185035917457
87479,0,0,-1.3314697087431666
87480,0,0,-1.2114708301008665
87481,0,0,-1.0305691715583614
87483,0,0,-1.3079997658232845
87497,1,1,0.987212623475507
87499,0,0,-3.4407550846299344
87510,0,0,-1.4391657903498705
87518,0,0,-1.5800927609295035
87521,0,0,-1.0244956565747256
87525,0,0,-3.5473138381295133
87536,0,0,-0.47963756093136145
87544,0,0,-1.3063814001389271
87545,0,0,-0.725998369636411
87552,1,1,1.5460083878795168
87559,0,0,-1.7611287635894133
87564,0,0,-2.571128536803938
87579,0,0,-1.0093602061422409
87580,0,0,-1.6664431614345312
87583,0,0,-1.327457530418378
87585,0,0,-2.670692647018187
87593,0,0,-2.518489021436641
87596,0,0,-1.674707809512268
87598,0,0,-0.8402166530371185
87600,0,0,-2.7881645909618937
87609,0,0,-3.1504925150668335
87618,0,0,-2.14507747359688
87621,0,0,-2.1567369932541034
87624,0,0,-1.9113098027321735
87633,0,0,-1.3694759050183691
87635,0,0,-2.0364698818794924
87636,0,0,-2.417982966770137
87648,0,0,-1.537406783545042
87650,1,0,-0.7249026007714461
87653,1,0,-0.8465595913000435
87655,0,0,-3.4164994961607773
87658,0,0,-0.38262797002087856
87661,0,0,-2.249392152593054
87667,0,0,-3.0293852903219998
87669,0,0,-2.1654029649026567
87671,0,0,-1.3024471486270468
87676,0,0,-1.4014147411551328
87683,0,0,-0.7656775144721558
87684,0,0,-2.5669064786627214
87686,0,0,-1.1179661194681452
87687,0,0,-2.5076057664905074
87688,1,0,-0.3662975458514154
87689,0,0,-2.2445468882974655
87690,0,0,-1.4464544258965863
87691,0,0,-1.8926101703837361
87694,0,0,-1.188576404168114
87699,1,0,-0.31273228676388487
87706,0,0,-0.4179129205181795
87707,0,0,-1.8583305987553536
87708,0,0,-1.607148120587327
87710,0,0,-1.4423024360996708
87713,0,0,-2.6989791025314824
87714,0,0,-1.59877915443315
87728,0,0,-1.0819004812155308
87730,0,0,-1.5309869243103464
87732,0,0,-1.330343775471042
87740,0,0,-2.906587394383319
87752,0,0,-2.5207502833459206
87761,0,0,-2.550833763473625
87763,0,0,-1.1233841751997826
87770,0,0,-2.8149449521238026
87780,0,0,-2.4574784132302083
87787,1,1,0.6670750457144046
87807,0,0,-0.5199389919766526
87809,0,0,-2.413198444222272
87813,0,0,-1.2915237868593792
87820,1,0,-0.31577490504777095
87823,0,0,-1.3689028702445656
87829,0,0,-1.6307103732811217
87834,0,0,-3.3630627982113497
87839,0,0,-1.7371674347448534
87843,0,0,-1.217973048928814
87846,0,0,-4.145422335614865
87850,0,0,-1.7299844568228702
87853,0,0,-2.274279605380065
87857,0,0,-0.43041870642093627
87870,0,0,-1.5917028728247022
87871,0,0,-2.1032493856690935
87876,0,0,-1.6423916442913864
87889,0,0,-0.8372831595890101
87891,0,0,-0.5758758552174414
87892,0,0,-1.4724676389314983
87915,0,0,-0.6848811416787559
87917,0,0,-1.6365638431091303
87931,0,0,-0.8324051201515109
87937,0,0,-3.23234477695555
87942,0,0,-2.070248162771848
87944,0,0,-1.493361252844348
87948,0,0,-2.166092635984235
87950,0,0,-2.834486660575661
87960,0,0,-2.878903791901582
87961,0,0,-1.1008821562553304
87963,0,0,-2.001095904787232
87966,0,0,-1.3456948355959721
87968,0,0,-0.6031921152881392
87973,0,0,-1.1683804832475977
87983,0,0,-0.7912013527049457
87985,0,0,-2.291085191054507
87989,0,0,-2.5000724725644154
88002,0,0,-1.5235559581639744
88007,0,0,-1.6097780718120558
88008,0,0,-1.2765941550008622
88013,0,0,-1.6679526860330476
88018,0,0,-2.1039803408799935
88021,0,0,-2.9732128889467484
88023,0,0,-2.258750867874781
88033,0,0,-1.1885536242618584
88035,0,0,-3.6371441867579692
88037,0,0,-1.2955256095921495
88042,0,0,-0.12453990449744068
88043,0,0,-1.783611990405114
88046,0,0,-1.8537041691944953
88048,0,0,-2.928663547586682
88049,1,1,1.1698168221985121
88056,0,0,-1.9097834355113457
88065,0,0,-0.9281228952943509
88066,0,0,-0.9858712961557734
88076,0,0,-4.064225030359394
88083,0,0,-2.1858000312363455
88087,1,1,0.4678402875301866
88092,0,0,-1.2722660462899047
88093,0,0,-2.5614727093475116
88095,0,0,-2.1902469761688614
88100,0,0,-0.7073647315111123
88105,0,0,-2.30756652297201
88116,0,0,-1.2657724604875158
88123,0,0,-0.921175933974275
88126,0,0,-1.0543192263919268
88127,0,0,-2.2331015439520865
88142,0,0,-2.201355351479669
88149,0,0,-2.528412672033274
88156,0,0,-1.2110761792613909
88173,0,0,-4.202339433343535
88184,0,0,-1.7585933560437623
88188,0,0,-1.140769810002367
88189,1,1,0.7763009459265755
88197,0,0,-1.80615620891368
88202,0,0,-3.2865335599477303
88203,1,1,0.1476197683053332
88210,0,0,-1.13753686495397
88215,0,0,-0.6839496554045562
88224,0,0,-2.022425448986782
88230,0,0,-2.666804183013946
88232,1,1,1.0625997712908364
88239,0,0,-1.6336338317035763
88244,0,0,-3.334538665017435
88246,0,0,-1.1727337811703573
88248,0,0,-0.7733283373945068
88250,0,0,-2.416794382882242
88251,0,0,-2.0244460483714573
88253,1,1,2.0113095761952957
88264,1,0,-0.21322147509883593
88276,0,0,-3.4351532137490883
88278,0,0,-2.5012346036393316
88294,0,0,-2.5758123830597386
88306,0,0,-1.5059300769891637
88309,1,1,0.5047781921018732
88314,0,0,-3.073348611975062
88329,0,0,-0.7860985865318617
88336,1,1,0.4362141343657757
88338,0,0,-1.0193656033920186
88341,0,0,-1.827315562868395
88350,0,0,-0.6800324775511997
88358,0,0,-0.9660829079719728
88363,0,0,-0.9432519467478324
88370,0,0,-1.593075085127356
88371,0,0,-2.5553607520558255
88373,0,0,-0.8657887127824211
88378,0,0,-1.311866924079016
88381,1,1,1.3765827919896771
88386,1,1,1.4089447659926126
88399,0,0,-1.3055912419423992
88401,0,0,-1.496695419594463
88407,0,0,-2.896034615258003
88408,0,0,-0.6044386649749098
88419,0,0,-0.5499723563363713
88420,0,0,-0.861637362999054
88421,1,1,0.8589383903563934
88422,0,0,-0.985877566165557
88426,0,0,-1.6535170458481625
88428,0,0,-1.5490495544085587
88436,0,0,-1.4315730344564637
88442,0,1,1.8166598708457826e-05
88444,0,0,-2.0781767677755063
88449,0,0,-3.2032502133870517
88450,0,0,-3.4172870872535723
88460,0,0,-2.164069021367779
88462,0,0,-1.6352174847676182
88483,0,0,-0.9723500288629562
88492,0,0,-3.083996739074264
88497,0,0,-0.7753568119255893
88499,1,0,-0.33212254925894
88501,0,0,-3.1604420924722305
88504,0,0,-1.04720822593064
88506,0,0,-0.8835667652256733
88522,0,0,-1.4779850334978089
88525,0,0,-1.0591062560405913
88527,0,0,-0.5895417670542372
88531,0,0,-1.3819140127704919
88536,0,0,-3.0333265865516674
88539,0,0,-0.6301995164363956
88542,0,0,-1.212152911800869
88547,1,0,-0.044400639277328846
88554,0,0,-0.7606954170870253
88558,0,0,-2.05319070891138
88567,0,0,-3.503352419431602
88570,0,0,-3.2182677102167245
88572,0,0,-1.4008881534852757
88574,0,0,-1.906855587650935
88575,0,0,-0.8357816088447909
88578,0,0,-2.5314290775937422
88588,0,0,-0.8502745306330445
88591,0,0,-0.33293678250361447
88592,0,0,-0.5500130766884658
88599,0,0,-0.9171683587345792
88600,0,0,-2.1202514960138688
88601,0,0,-2.1335930153105442
88602,0,0,-2.8368232179797044
88604,0,0,-1.1836238198585958
88608,0,0,-2.3407504369537326
88612,0,0,-0.5318038550211883
88616,0,0,-1.0040754732358828
88619,0,0,-1.1580860289154313
88621,0,0,-1.1279388835489317
88623,0,0,-1.8530431245840087
88624,0,0,-2.7146773465270595
88631,0,0,-1.3089643682867251
88637,0,0,-1.334810508452621
88643,0,0,-3.1482620729723507
88661,0,0,-1.7225602564811353
88672,1,1,0.1179961316969298
88674,0,0,-1.663311969977305
88680,0,0,-1.0562566387425913
88683,0,0,-1.531114917982303
88692,0,0,-1.6235363453671252
88696,0,0,-2.937507049855184
88704,0,0,-0.9356651659016082
88709,1,0,-0.06913670805467709
88711,0,0,-0.7889237353479674
88714,0,0,-2.989154507633301
88716,0,0,-1.119926817439226
88719,0,0,-0.9105583257515222
88720,0,0,-0.4951577457049187
88721,1,0,-0.7959488762744968
88726,0,0,-2.7373338723944984
88727,1,0,-0.6207804817238147
88739,0,0,-0.7985404942344
88740,0,0,-2.2189900792733255
88744,0,0,-1.412420449665181
88746,0,0,-1.3200043486348858
88749,0,0,-2.6027564761489907
88754,0,0,-0.3361684241066828
88765,0,0,-1.98891684106839
88790,0,0,-1.2392717974356595
88796,0,0,-2.5283682874788163
88799,0,0,-2.786034763194653
88803,0,0,-0.17664733740089567
88810,0,0,-1.022486313642844
88812,0,0,-2.1987789958632344
88817,0,0,-2.7217886600754273
88818,0,0,-2.137399562387071
88827,0,0,-1.9614311023580209
88830,1,0,-0.08012065432259419
88832,0,0,-1.1869962697710834
88837,0,0,-1.3912499246292303
88838,0,0,-1.2352598412122706
88842,0,0,-0.48240282692993564
88843,0,0,-2.936871924439715
88846,0,0,-0.9683091537745825
88849,0,0,-2.769477671636512
88853,0,0,-2.4332090730606897
88854,0,0,-2.501275134635401
88859,1,1,0.2013737773222274
88874,0,0,-2.6236411976280927
88878,0,0,-1.5824196108154136
88881,0,0,-1.9419417996012163
88884,0,0,-2.334134865028557
88885,0,0,-1.3628273612022062
88889,0,0,-0.8789388882151962
88898,0,0,-0.2694385001304346
88907,0,0,-2.988464721356312
88908,0,0,-2.542987335883126
88910,0,0,-0.7463042207408588
88912,0,0,-1.6274340315470672
88914,0,0,-0.35842658138168354
88917,0,0,-1.5383951695164746
88918,0,0,-0.7671857520158154
88922,0,1,0.0267875151596334
88925,0,0,-1.460188610009224
88935,0,0,-1.7694812062233192
88951,0,0,-1.255772972471251
88959,0,0,-1.5676640201319243
88962,0,0,-1.4344190538819368
88971,0,0,-1.3383311418473138
88975,0,0,-1.3789042744903754
88978,0,0,-1.2138413818925882
88980,0,0,-1.8971856245640895
88985,0,0,-2.7269903359079084
88986,0,0,-1.7208919937173086
88994,0,0,-2.5221384273660403
88997,0,0,-1.3942389997921836
89004,1,1,0.17039119161978356
89014,0,0,-0.5139175183430563
89020,0,0,-1.098369660569904
89031,0,0,-3.2889732178140836
89032,1,1,0.6723091407142119
89036,0,0,-0.9339237063661487
89037,0,0,-1.4911055876947066
89045,0,0,-1.9467650862944643
89049,0,0,-1.251159318134496
89054,0,0,-3.378857280185546
89059,0,0,-2.438785253984644
89060,0,0,-1.019910723087906
89061,0,0,-1.2262856027343085
89065,0,0,-4.397787646058315
89074,0,0,-1.8642884691513102
89075,0,0,-0.6682392595864228
89080,0,0,-2.5939566794992106
89081,0,0,-1.6881777547478658
89084,1,0,-0.5310967050313748
89085,0,0,-1.058228050087465
89101,0,0,-0.880468477158718
89111,0,0,-3.558170702371915
89116,0,0,-1.5702950512598817
89120,0,0,-1.8810744193372462
89131,0,0,-0.5481733284247136
89138,0,0,-2.2610293844514286
89148,0,0,-2.035380211075015
89149,0,0,-0.5085849823314292
89153,1,0,-0.3374331003115294
89169,0,0,-2.431965578908023
89178,1,0,-0.4709812584403277
89183,0,0,-1.964842059319203
89188,0,0,-3.669124648244642
89196,0,0,-1.5304833761824987
89198,0,0,-1.6421057655566798
89203,0,0,-3.0057793494034604
89204,0,0,-2.8813852857039466
89206,0,0,-2.023015625286111
89208,0,0,-2.0023245017087703
89213,0,0,-0.9319760428455564
89214,0,0,-2.262588963354231
89216,0,0,-1.8656284589378942
89236,0,0,-1.217120998587641
89244,0,0,-2.513005541758022
89245,0,0,-3.284975252234097
89255,0,0,-0.8058605203494273
89261,0,0,-1.4595408044410256
89262,0,0,-2.3126442558447566
89279,0,0,-1.4322364137095205
89283,0,0,-2.840056236106596
89288,0,0,-0.5749134044878164
89290,0,0,-1.3802736980984807
89292,0,0,-2.6651380826722963
89298,0,0,-1.335065283131268
89304,0,0,-3.0849832002913242
89305,0,0,-2.552490882950151
89318,0,0,-2.9375458807497754
89325,0,0,-1.7458685430629917
89332,0,0,-3.1312184999139285
89336,0,0,-1.8989271949028597
89337,0,0,-1.0711978426685944
89341,0,0,-1.031564061698946
89345,0,0,-2.165370123098442
89346,0,0,-1.7517796003967387
89347,0,0,-1.5512939468932991
89354,1,1,0.023463233892127455
89355,0,0,-2.262761280475095
89356,1,1,1.542520873932731
89365,0,0,-2.661926084456736
89373,1,0,-1.166892387760476
89375,0,0,-1.6384943156830372
89378,0,0,-2.0216553123373053
89379,0,0,-1.4386112258792134
89382,1,0,-1.101746739855271
89387,0,0,-1.9828036781907523
89390,0,0,-0.9770076462368166
89394,0,0,-1.5480367970202176
89395,1,0,-0.9606541015226393
89397,0,0,-3.6661472989991593
89403,1,1,1.1042777386590137
89413,0,0,-1.2595393232718781
89423,0,0,-0.5760645019748956
89424,0,0,-4.146145786675859
89442,0,0,-0.005955274294216384
89446,1,0,-1.1568137852017237
89450,0,0,-0.22344916385752134
89456,0,0,-1.6612636768609403
89462,0,0,-2.660287526956859
89463,0,0,-1.4069958657046366
89468,0,0,-2.3953289819566774
89470,0,0,-1.5996892536309328
89473,0,0,-2.0851738181143924
89474,0,0,-2.543614249612352
89487,1,1,0.9199986980438142
89489,0,0,-1.4868001887759135
89491,1,1,0.24844462651135735
89492,0,0,-3.9556668012480625
89506,0,0,-0.6512109235755734
89519,0,0,-0.880267352057613
89520,1,0,-0.6047581210302939
89526,0,0,-1.8309636910607188
89540,0,0,-2.534047083274466
89543,0,0,-1.4875791732632297
89546,0,0,-0.9972210112837347
89547,0,0,-1.6363343540485769
89557,0,0,-2.727280218255596
89560,0,0,-0.875410666095225
89561,0,0,-2.8188620090209078
89563,0,0,-2.839229155507569
89567,0,0,-1.3895757486909335
89568,0,0,-0.9240290494273031
89575,0,0,-2.1293212127765444
89577,0,0,-2.4534640048417824
89584,0,0,-3.005180417351238
89590,0,0,-2.1503527305696295
89593,0,0,-0.6757676838788838
89594,0,0,-0.632773275176058
89595,0,0,-1.2290032107441837
89596,0,0,-2.1237074682188846
89598,0,0,-2.1906981494977256
89600,0,0,-0.9484607798133351
89607,0,0,-2.460717490206769
89612,1,1,0.665012420618178
89617,0,0,-1.6043861053211383
89618,0,0,-3.2433934262272937
89620,0,0,-2.085129713163604
89621,1,1,0.45346078587121497
89622,0,0,-2.8001398532930724
89635,0,0,-2.9325311839237456
89636,0,0,-1.2863265138039188
89660,0,0,-3.303276986087548
89661,0,0,-2.1189893046531365
89673,0,0,-1.8661812128500461
89674,0,0,-3.2579042791268824
89676,0,0,-0.7082691732004626
89678,0,0,-2.6343248034333753
89684,1,0,-1.4253439842763498
89695,0,0,-0.47277662674820525
89698,0,0,-3.4004265951744905
89704,0,0,-2.4741220400835164
89710,0,0,-1.7491648703147065
89712,0,0,-1.7832891013310794
89717,0,0,-1.7355427249781938
89718,0,0,-1.3670334595605635
89723,0,0,-2.031571460022146
89724,0,0,-0.5373820256580459
89725,0,0,-0.8747506967684383
89729,0,0,-2.5719697319886556
89730,0,0,-1.7062155965703263
89755,1,0,-0.3356391075216443
89761,0,0,-2.477747561025369
89783,0,0,-2.9914076679342836
89784,0,0,-3.834529436057524
89785,0,0,-2.9285026966830587
89805,0,0,-2.6113102896366334
89813,0,0,-1.315673994658521
89814,0,0,-1.7444617338740522
89819,0,0,-1.6720505029693673
89826,0,0,-2.381490917849503
89843,0,0,-1.196910816380767
89845,1,1,0.6999370551427988
89849,0,0,-3.6390512231676766
89858,0,0,-1.0263531970105184
89865,0,0,-0.44376426122119683
89874,0,0,-3.15795583891118
89882,0,0,-2.20298102539163
89901,0,0,-1.0763182823155817
89908,0,0,-1.3252514495344918
89912,0,0,-3.9632666572253576
89916,0,0,-0.794836214829669
89919,0,0,-1.2761405345101848
89923,0,0,-1.0218230590440722
89928,0,0,-0.6386254891442955
89929,0,0,-1.5380092449684226
89933,0,0,-2.227837230589085
89947,0,0,-0.9394879560609868
89973,0,0,-0.8393192157704096
89980,0,0,-2.333185909530046
89992,0,0,-2.7854829188106445
90005,0,0,-1.31047589449719
90007,0,0,-0.6396847310309063
90020,0,0,-1.436385585278852
90024,0,0,-1.6266171207434663
90030,0,0,-1.1461566675157433
90036,0,0,-0.2545696760296281
90040,0,0,-2.1208573344290063
90044,0,0,-3.6243759328382357
90046,1,1,0.7444535868362274
90052,0,0,-2.5164154498926585
90054,0,0,-2.3415870747248873
90056,0,0,-2.316342021576316
90057,0,0,-2.136333918562462
90071,0,0,-2.270607784520927
90073,1,0,-0.011487575774909331
90074,0,0,-0.721329706107509
90080,0,0,-2.640463241459045
90082,1,1,0.8502702045117909
90092,0,0,-2.3975602342253914
90093,0,0,-0.47647071399507246
90094,0,0,-2.7173546801907005
90095,1,1,0.41792113593954583
90096,0,0,-2.323173626512596
90097,0,0,-0.3171680210140534
90113,0,0,-1.392953482834527
90116,0,0,-1.0759944570420492
90119,0,0,-1.450121847149116
90120,0,0,-3.8895115398651665
90128,0,0,-2.3646424164323916
90143,0,0,-0.8796174243800867
90152,0,0,-2.973199448297499
90166,0,0,-3.925380040106665
90169,0,0,-1.5847434464067245
90173,0,0,-2.5997089092852086
90177,0,0,-0.5105799891926738
90179,0,0,-2.4744133459237476
90181,0,0,-1.8167654130987272
90186,0,0,-0.03884524283208857
90191,0,0,-2.584215651557418
90199,0,0,-2.060763881525933
90203,0,0,-1.0510371841751196
90216,1,1,0.4586917660547456
90232,0,1,0.43912402524555083
90240,1,1,1.2201015258274597
90251,0,0,-0.8576333130546524
90257,0,0,-1.5717917754659365
90258,0,0,-0.8542867774522005
90259,0,0,-2.1280362439906124
90261,0,0,-3.004728579274115
90263,0,0,-1.8780248767006917
90264,1,0,-0.5626373718967286
90277,0,0,-2.145077979049163
90282,0,0,-0.6553462295178998
90288,0,0,-1.3649370627538007
90292,0,0,-1.306321518327639
90302,0,0,-2.236500954632848
90307,0,0,-1.2251944657005924
90314,0,0,-0.7878743588146371
90323,0,0,-1.5820281571971229
90332,0,0,-1.4918262466838317
90343,0,0,-1.2086109491602777
90358,1,1,0.1478088535416393
90365,0,0,-0.968763738614329
90372,0,0,-2.4006195960375094
90386,0,0,-2.566719763545324
90390,0,0,-0.8413499277494101
90391,1,1,0.7365464985092547
90395,0,0,-2.8876128455180945
90399,0,0,-3.3671137751816076
90403,0,0,-1.7236841018154334
90417,0,0,-1.1257251538982946
90421,0,0,-3.6953889202409984
90422,0,0,-0.43293793153076826
90423,0,0,-2.488088514640096
90425,0,0,-0.892992428423211
90427,0,0,-1.2076149133673184
90435,0,0,-1.207960748062407
90437,0,0,-1.9751217281029911
90443,0,0,-2.516601281033446
90447,1,1,0.6319002845883348
90448,0,0,-0.936761711710399
90449,0,0,-2.1933770846735055
90451,0,0,-2.5804558138204996
90452,0,0,-2.3482885362617383
90455,0,0,-2.0179180422304928
90462,0,0,-0.7296627965327596
90477,0,0,-1.2874388601252662
90481,0,0,-1.2584527859758052
90487,0,0,-1.9925473280174073
90488,0,0,-1.9560440810735298
90489,1,1,0.35151176725296573
90493,0,0,-2.6012902144323564
90499,0,0,-0.807213818652992
90500,0,0,-1.1522039094135816
90504,0,0,-1.1125577918272858
90505,0,0,-1.139860062221545
90506,0,0,-2.51145456826111
90512,0,0,-1.1889381804440056
90515,1,0,-1.0976227623421364
90530,0,0,-4.110661172922508
90532,0,0,-0.9848828396750868
90537,0,0,-0.006175547151599847
90542,1,1,0.028518518071312338
90557,0,0,-2.0673617687347545
90560,0,0,-1.4691118514087522
90562,0,0,-3.0753079678289525
90563,0,0,-1.5892152048217598
90564,0,0,-1.6860760439894826
90567,1,1,1.345818095170212
90568,0,0,-1.6109172466526178
90570,0,0,-0.5716520466442232
90572,0,0,-0.8253672819265626
90582,0,0,-1.4667464411119926
90583,0,0,-3.984317280713971
90587,0,0,-0.7315316439064742
90589,0,0,-1.1803834439883902
90591,0,0,-1.8342352964820452
90608,0,0,-2.4162041744035925
90612,0,0,-1.7614720183219006
90615,1,1,0.5677822011073306
90625,0,0,-2.5629747469957973
90627,0,0,-1.9231297394897602
90633,0,0,-1.1344264014603906
90634,0,0,-1.9560045478739445
90638,0,0,-1.7988552861473777
90646,0,0,-1.1058152411172977
90651,0,0,-2.1191263000060196
90652,1,0,-0.7611258082864882
90653,0,0,-1.1097215440825048
90657,0,0,-0.5904177717341405
90658,1,0,-0.7410233795429864
90670,0,0,-1.364650845384897
90677,0,0,-0.3541340526477631
90678,0,0,-0.4088883287098085
90699,0,0,-1.276971923729206
90702,0,0,-1.138632278645745
90703,0,0,-0.13373232548027492
90704,0,0,-2.9056840664897
90707,0,0,-1.735455032364216
90709,0,0,-2.0429285683290574
90715,0,0,-2.7138393822703923
90725,0,0,-0.9530201040109972
90736,0,0,-4.268346311169292
90738,0,0,-1.2288480231343428
90741,0,0,-1.228148420681572
90751,0,0,-0.9452048081201612
90764,0,0,-1.4257446090604817
90767,0,0,-2.945920975546536
90768,0,0,-0.7925359981680414
90769,0,0,-3.1288378587996277
90770,0,0,-0.9883911456872677
90774,0,0,-3.740076713640402
90777,0,0,-2.940255411744041
90790,0,0,-0.7629538286953489
90796,0,0,-3.0272585264648466
90800,0,0,-0.957506887051823
90803,1,1,1.1455546685210602
90804,0,0,-0.2866161040830326
90808,0,0,-1.4015153611195759
90810,0,0,-2.090300588788275
90816,0,0,-1.073361335679221
90817,0,0,-0.3517742818277606
90821,0,0,-2.820468487524531
90835,0,0,-2.6810371465216485
90839,0,0,-1.319693487993527
90840,0,0,-2.0396869095618286
90842,0,0,-1.686604254140624
90844,0,0,-1.3827226060792888
90852,0,0,-3.111401773379183
90854,0,0,-3.2065567972211646
90861,0,0,-0.9989704909337331
90866,0,0,-3.402480082592061
90880,0,0,-0.4368762437434103
90896,0,0,-1.5516220359049944
90900,0,0,-1.5906334008597942
90901,0,0,-3.9834736534472235
90902,0,0,-1.2129172765475715
90903,0,0,-2.085608141244636
90919,0,0,-2.0101696757026977
90923,0,0,-1.6530157399606034
90924,0,0,-2.0473365166334068
90925,0,0,-2.1964797374414315
90926,0,0,-1.3602792748254875
90928,0,0,-1.4307435652409475
90933,0,0,-2.105311489297958
90937,0,0,-2.0284772765306087
90966,0,0,-1.8767203786100988
90967,0,0,-2.6781481674701477
90969,0,0,-1.2000720481610885
90986,0,0,-1.259163335915825
90989,0,0,-3.5016648511096493
90991,0,0,-2.5270217791105436
90993,0,0,-1.8373982179921675
91005,0,0,-1.0314981331847743
91008,0,0,-1.9983177504884966
91011,0,0,-1.960129311190425
91012,0,0,-1.0895436516060446
91014,1,1,0.7320243976432244
91015,0,0,-2.2946193152773358
91021,0,0,-0.9281518483211016
91024,0,0,-3.473039521768351
91025,0,0,-2.9192273320401334
91026,0,0,-0.5729012148147544
91027,0,0,-2.457495342238695
91032,0,0,-1.2181412102879667
91057,0,0,-1.8745671153324746
91058,0,0,-1.5429233193595686
91063,0,0,-0.4764731294464757
91065,0,0,-1.124751181868582
91072,1,1,0.5756087378696042
91074,0,0,-0.9695372301675781
91083,0,0,-1.3792729596397715
91084,0,0,-1.961878607942627
91090,0,0,-0.6856426818814482
91091,0,0,-0.9084544742662158
91096,0,0,-2.7604114913836257
91098,0,0,-1.862355978733258
91118,0,0,-1.4207020265990842
91120,0,0,-1.1122342528241203
91121,1,1,1.8335195557845487
91126,0,0,-1.4227274597798714
91127,1,0,-0.11760022742800913
91131,0,0,-1.7125398187242546
91135,0,0,-1.512227359556862
91142,0,0,-1.2542678902854791
91154,0,0,-1.78187389608114
91169,0,0,-1.9885857276470627
91174,0,0,-1.8468182942782283
91176,0,0,-1.574721932974498
91177,1,0,-0.034738834873944024
91179,1,1,1.1397657710074973
91183,0,0,-1.2790707754780875
91199,0,0,-0.9387162304547582
91201,0,0,-0.7682464573955937
91216,0,0,-0.5243189766467058
91230,0,0,-1.5793929443736707
91241,0,0,-1.4199439559184883
91244,0,0,-2.012927145119336
91265,0,0,-1.3813844731187563
91268,0,0,-0.9594339244000465
91269,0,0,-2.488111039171044
91275,1,1,1.2273522452980947
91285,0,0,-1.0412952962663151
91287,0,0,-3.0726384550361265
91288,0,0,-0.06850151545688499
91296,0,0,-0.1800060388044895
91302,0,0,-1.0402534447173806
91309,0,0,-2.7182494172663354
91314,0,0,-4.5283143123054606
91317,0,0,-2.623411906253609
91325,0,0,-1.9108304422633242
91332,0,0,-2.5289924010582174
91344,0,0,-2.0523784471635502
91346,0,0,-1.206266162014252
91352,0,0,-1.9332640977917752
91353,0,0,-2.4320849881594704
91354,0,0,-0.7470525584768106
91355,0,0,-3.7178866088562144
91358,0,0,-2.4872032116835845
91363,0,0,-0.9213086572800067
91367,0,0,-1.8232541567498382
91370,0,0,-0.6893695676831405
91380,1,0,-0.723932362878341
91382,0,0,-2.7961102184213917
91390,0,0,-2.215796067392533
91393,0,0,-3.4787817961493994
91396,0,0,-3.752841648129504
91398,0,0,-1.003807670552726
91408,0,0,-1.6941485809152168
91413,0,0,-2.0237943439634964
91418,0,0,-0.6586008149290321
91434,0,0,-1.4556226472320046
91440,0,0,-2.4203576900309822
91441,0,0,-1.2659362291242695
91443,0,0,-2.4324529534791095
91447,0,0,-0.4958872293223119
91452,0,0,-1.665523540093854
91455,0,0,-1.4004431920337244
91459,1,1,0.5671611749804781
91460,0,0,-2.3140442942699853
91466,0,0,-1.0850117826256294
91471,1,1,0.9981432469960039
91498,1,1,0.2057908787940811
91503,0,0,-0.9058593591583226
91506,0,0,-1.3388579714141418
91516,0,0,-2.3307181836833175
91525,0,0,-2.364708222628921
91547,0,0,-2.222965243189421
91553,0,0,-2.2501805027990747
91570,0,0,-1.3810144549981929
91573,0,0,-0.9976824317079429
91578,0,0,-0.774681034651152
91587,0,0,-1.8907164560091676
91589,0,0,-3.4974199069214817
91596,0,0,-0.8674730863556256
91603,0,0,-3.1467562698792824
91608,0,0,-2.10940683576542
91613,0,0,-2.0612085776427707
91624,1,1,0.936154922141776
91627,0,0,-0.6003166524393332
91636,0,0,-1.2386792625809595
91642,1,1,0.9354786218055191
91644,0,0,-1.5906074272185629
91652,1,0,-1.4319895237722573
91659,0,0,-1.1686300801117135
91669,0,0,-1.0011935249269346
91671,0,0,-0.6099841448788592
91672,0,0,-1.7044360153243239
91677,0,0,-2.479171022953609
91678,0,0,-0.9418434659880716
91680,0,0,-1.0746955234698188
91685,0,0,-3.401793487941407
91688,0,0,-1.4011902437394819
91689,0,0,-0.7279075257294736
91691,1,1,0.8727867596019769
91695,0,0,-0.597534836501461
91707,0,0,-2.930554905552941
91709,0,0,-3.0468236720514312
91715,0,0,-0.7037808636479927
91716,0,0,-0.3728888313143913
91717,0,0,-2.244914734132105
91719,0,0,-1.8064936914801606
91730,1,1,0.46441736724550675
91731,0,0,-0.47872826810335134
91734,0,0,-2.148516799544942
91737,0,0,-1.22693429354401
91744,1,1,1.4474977324245952
91751,1,1,1.1394835817975562
91752,0,0,-2.1130433926734566
91761,0,0,-0.9859973424796034
91773,0,0,-3.4037030332076945
91784,0,0,-1.1488353773787967
91793,0,0,-1.2718430524379962
91794,0,1,0.3230322372434036
91798,0,0,-1.3478352523973114
91801,0,0,-1.8511098903397025
91804,0,0,-2.731416308088634
91818,0,0,-0.9136933786202175
91825,0,0,-3.0110560680620315
91827,0,0,-1.0556542684462946
91831,0,0,-0.9343376014671629
91833,0,1,0.017296058303856165
91835,0,0,-1.2088744786723316
91837,0,0,-2.8275485531017894
91838,0,0,-1.4380924200212948
91841,0,0,-3.0919503440137914
91850,0,0,-1.174380859542534
91861,0,0,-0.6759741294424645
91873,0,0,-1.5972048545474633
91874,0,0,-2.182859705847095
91877,0,0,-1.0987329427972479
91879,0,0,-1.479834468974845
91885,0,0,-3.0155992173466446
91888,0,0,-2.7263175062754645
91896,0,0,-1.1845560078983937
91906,1,1,0.5271402108699614
91918,0,0,-2.4642336439639854
91924,0,0,-1.4210945268898567
91927,0,0,-0.7457164728292927
91932,0,0,-1.8221879612617589
91933,0,0,-1.5057774523374772
91936,0,0,-0.828106709259072
91939,0,0,-2.0723018068182224
91943,0,0,-0.9530908236566882
91948,0,0,-2.351331783055201
91950,0,0,-1.4862650146760303
91951,0,0,-1.0873065647427762
91952,0,0,-1.7176248062207207
91953,0,0,-0.7341148279696998
91954,0,0,-3.3275942725592245
91955,0,0,-1.6230119647283048
91957,0,0,-1.3159791764304885
91964,0,0,-0.9850128393599372
91971,1,1,1.265067164872945
91977,0,0,-1.7695542294012874
91980,0,0,-3.500844871240986
91987,0,0,-1.146098633000816
91991,0,0,-2.081480490188183
91992,0,0,-2.7527806442611684
91993,0,0,-1.7467759168265056
91994,0,0,-1.9975229434405721
91999,0,0,-1.5511614848632482
92001,0,0,-0.9201891582151367
92004,0,0,-1.148480672231023
92007,0,0,-0.8037069580811508
92008,0,0,-1.2674172734543871
92015,0,0,-1.7489890454501795
92024,0,0,-0.9547607562849623
92027,0,0,-2.9016101736671676
92032,0,0,-1.34619201540436
92041,0,0,-1.2601239918221803
92043,0,0,-3.591578939340983
92048,0,0,-2.076503786412183
92052,0,0,-2.7525829445362033
92056,1,1,0.4102392777124282
92061,0,0,-1.4411092775151437
92069,0,0,-1.5600962549123902
92076,0,0,-2.6253770467126376
92087,1,1,0.8138907063969438
92090,0,0,-2.6301153946236333
92096,0,0,-2.365329466408481
92106,0,0,-1.5312364847084925
92110,0,0,-0.8647720384436826
92125,0,0,-1.1842080220938227
92131,0,0,-4.281816896607671
92132,0,0,-1.7554996403650551
92137,1,0,-0.6028954093955473
92139,0,0,-1.0650235639256878
92140,0,0,-1.8574664697282806
92147,0,0,-0.467481881734111
92153,0,0,-0.964799242196119
92154,0,0,-1.600304080741441
92155,1,1,2.1306619620418044
92157,0,0,-0.7008280162095368
92158,0,0,-1.4072366394713098
92159,0,0,-1.598173653439923
92160,0,0,-1.5669193560756791
92164,0,0,-1.2501308957864137
92173,0,0,-0.7442587530773336
92180,0,0,-2.3127086792307217
92181,1,1,0.7810157409103544
92183,0,0,-1.5442848254788166
92188,1,1,0.20668172644849803
92189,0,0,-1.5383895613132967
92209,0,0,-2.4314994204086164
92214,1,1,0.7551089603528465
92239,0,0,-1.6373014681771068
92242,0,0,-2.7111590929184843
92251,0,0,-1.892747710787134
92252,0,0,-1.0974562294233943
92265,0,0,-1.3383271436926831
92269,0,0,-0.8880656292760842
92270,0,0,-0.7468403509471998
92272,0,0,-0.625181163112706
92274,1,1,1.5833952374302445
92288,0,0,-0.5735713154840979
92294,0,0,-1.1395589536972603
92298,0,0,-1.6061445834569534
92303,0,0,-1.3606280347402415
92309,0,0,-1.8764797865090477
92313,0,0,-1.3884905694293648
92314,0,0,-2.9001677907951544
92318,0,0,-1.8578606136802394
92326,0,0,-2.2312574522831965
92355,0,0,-0.2410494326692395
92362,1,1,0.21245594380762967
92364,0,0,-0.05707473451536882
92368,0,0,-1.954702155543823
92377,0,0,-2.331780994461497
92389,1,1,0.9586124532356186
92395,0,0,-0.6830869900070335
92398,0,0,-1.5361316968430292
92407,1,1,1.6898742799925122
92409,0,0,-1.5348456489514926
92412,1,1,0.9348185719659035
92414,0,0,-2.149044918437612
92425,0,0,-1.2085077038632706
92434,0,0,-1.5056185944437241
92456,0,0,-1.209457961912454
92480,1,1,1.4735311492282996
92486,0,0,-2.426049759554541
92494,0,0,-1.7563270060415062
92495,0,0,-1.9823923708337927
92499,0,0,-3.255129258580558
92500,0,0,-1.367709302288496
92507,0,0,-0.309208599676294
92508,0,0,-0.15013497049329316
92520,0,0,-2.858245297672812
92523,0,0,-1.2830972481070237
92551,0,0,-2.5638097712376635
92552,0,0,-2.769718413752049
92561,0,0,-1.1729221272861858
92571,0,0,-1.2781361403707905
92572,0,0,-2.123395803995023
92573,1,1,0.19464119839481908
92577,0,0,-0.211305030366568
92578,0,0,-3.9840809195391618
92585,0,0,-0.8380885944311607
92588,0,0,-1.261756243128934
92595,0,0,-2.8899665752726946
92600,0,0,-3.7998803462731914
92601,0,0,-1.3370753897164964
92606,0,0,-1.2923661602976124
92607,0,0,-1.2776307640115303
92609,1,1,0.06380470246477776
92614,0,0,-3.6977413576523137
92615,0,0,-1.7902693069813302
92624,0,0,-2.3056769468924836
92628,0,0,-3.2131986782015565
92629,0,0,-1.5870688755352054
92637,0,0,-1.3707033699604725
92653,0,0,-1.9719942313097332
92659,0,0,-1.792929990676658
92661,0,0,-1.4226124625139587
92662,0,0,-2.6685178667015848
92663,1,0,-0.4707715795374442
92666,0,0,-2.313177358530506
92668,0,0,-1.0098367538246902
92669,0,0,-1.43056054349097
92672,1,1,0.4815283189205295
92678,0,0,-1.4228063210543316
92679,0,0,-2.357796124582664
92696,0,0,-1.6629815458532882
92699,0,0,-1.9737625049073262
92707,1,0,-1.0385470021611685
92711,0,0,-1.877079906153268
92729,0,0,-2.1414711442671464
92730,0,0,-1.7211350627850044
92731,0,0,-0.4583738294574128
92735,0,0,-3.152057275440738
92742,0,0,-1.5007954443846905
92751,0,0,-0.7544867227353556
92752,0,0,-2.497367002788945
92758,0,1,0.5192716833456377
92761,0,0,-2.3111789141965557
92770,1,1,0.9529663721260824
92779,0,0,-3.8347841214063036
92781,0,0,-2.0056913621316474
92782,0,0,-1.814850407706254
92785,0,0,-1.5585245559105112
92787,0,0,-2.1193747163882133
92790,0,0,-2.31447953752149
92799,0,0,-1.2287913663247378
92814,0,0,-1.6764503093970118
92823,0,0,-1.0576327830631904
92828,0,0,-1.6091325813887407
92834,0,0,-1.942703758065514
92839,0,0,-4.086940313571348
92841,0,0,-1.2777594772761467
92842,0,0,-2.3968275958500818
92845,0,0,-1.0472921055771667
92846,0,0,-1.76629308871513
92851,0,0,-0.9832787696727312
92858,0,0,-1.051987406068064
92859,0,0,-1.0243727549747166
92862,0,0,-2.216202796340117
92867,0,0,-1.085665662232429
92875,0,0,-2.5572223291060965
92876,0,0,-0.9149782996819924
92878,1,0,-0.3998162271499599
92891,0,0,-1.407895721551278
92892,0,0,-3.0617763064345196
92893,0,0,-0.49071215273554625
92894,0,0,-1.8897899170321084
92917,0,0,-1.7616752986828903
92920,0,0,-1.1928287895693943
92937,0,0,-3.095428137032311
92940,0,0,-2.5004315073686536
92947,0,0,-1.5412662303141573
92949,0,0,-2.124936299421572
92950,0,0,-1.3911217128363256
92954,1,1,1.5298751622679096
92955,0,0,-2.408707400235505
92958,0,0,-0.8516932533059527
92961,0,0,-0.4563781755107018
92965,0,0,-1.540555311635386
92970,0,1,0.13715989960492125
92975,1,0,-0.1991649951314507
92976,0,0,-1.3152861659996733
92981,1,0,-0.7800176440051719
92988,1,1,1.1826649988039761
92996,1,1,1.3177920942911754
93004,0,0,-0.6695654366051266
93010,0,0,-2.293136595358493
93019,0,0,-1.7429640898504177
93024,0,0,-1.5579062628253924
93033,0,0,-1.011883639216622
93042,0,0,-1.4078239527567573
93047,0,0,-2.6584217623895094
93059,0,0,-1.7478462196838551
93062,0,0,-1.651654429480578
93066,0,0,-1.3654580296701546
93068,0,0,-2.738022993622469
93072,1,0,-0.37520630602061095
93075,0,0,-3.870778598129669
93080,0,0,-0.5384359272475852
93082,0,0,-1.3911959839173762
93090,0,0,-0.37900577946493724
93097,0,0,-1.5640542551584262
93102,0,0,-1.1549015292498968
93117,0,0,-2.6148437042119554
93124,0,0,-1.1529909039711153
93128,0,0,-0.6246664711760752
93129,0,0,-2.645140920424267
93134,0,0,-3.060399795599703
93135,0,0,-1.0535736019852324
93138,0,0,-1.9069036317373471
93140,0,0,-0.5945723199131547
93143,0,0,-1.2218871167078176
93146,0,0,-1.919605431104863
93148,0,0,-1.8518218101541992
93157,0,0,-0.7608093988789297
93161,0,0,-0.9853622690338967
93177,0,0,-0.9214106178630433
93178,1,1,0.6288297245233472
93179,0,0,-0.6154908802286745
93182,0,0,-1.1980489436567978
93183,0,0,-3.032463589291247
93185,0,0,-2.996749042764163
93189,0,0,-1.9647744074997513
93191,0,0,-1.6757860383639076
93194,0,0,-4.268257085666418
93196,0,0,-2.1979813058747837
93202,0,0,-1.469682164694594
93205,0,0,-2.3543710645627565
93208,0,0,-1.345098266554449
93211,0,0,-2.438566504889123
93218,0,0,-2.152367321717472
93221,0,0,-1.2741268993404455
93222,0,0,-2.4742974437824876
93240,0,0,-2.5546837214005698
93243,0,0,-1.8165648549821667
93250,1,0,-0.05310982015872234
93259,0,0,-0.5923831510359013
93261,0,0,-1.272897143498681
93269,0,0,-0.7882026629034194
93270,0,0,-1.7025280216763958
93283,0,0,-2.045268684710198
93293,0,0,-0.7017516655510392
93300,0,0,-1.3227175421602402
93303,0,0,-1.2734038893475241
93304,0,0,-1.198824113364008
93306,0,0,-2.286500962370426
93309,0,0,-0.8928383315849386
93313,0,0,-0.028649653723504365
93330,0,0,-1.8434840204386607
93332,0,0,-2.3761754419672427
93335,0,0,-2.8153927205999576
93337,0,0,-1.5555243270462176
93340,0,0,-1.7115055669296133
93342,0,0,-3.597383510520685
93343,0,0,-0.4652852177716168
93349,0,0,-2.5190033503844393
93351,0,0,-2.7003604715958294
93368,0,0,-1.5198106263153561
93369,0,0,-1.2093739056784605
93377,0,0,-1.0895946525743627
93380,0,0,-0.7974093784768667
93388,0,0,-0.7482832253726818
93389,0,0,-2.043353763661923
93398,0,0,-4.473355154041016
93406,0,0,-1.0050288935897547
93410,0,0,-1.6295832200705944
93413,0,0,-1.7771825014087725
93416,0,0,-2.139417880596538
93426,0,0,-1.3358354477022205
93449,0,0,-0.8796128297040299
93451,0,0,-2.7194424461536575
93453,0,0,-2.033669006919297
93458,0,0,-1.7109070778431912
93461,0,0,-1.5614619267775565
93470,0,0,-2.9916153418260647
93471,0,0,-3.1115904666702887
93472,0,0,-1.636781565800924
93480,0,0,-2.0007919878727765
93482,0,0,-1.0610942752809125
93483,0,0,-1.8784582097578697
93484,0,0,-0.7865433888965758
93494,0,0,-1.0875987028150556
93496,0,0,-2.3316664770491418
93501,0,0,-1.3796437381112527
93505,0,0,-2.4560902446900865
93506,0,0,-1.1890297731061625
93509,0,0,-1.6523605072079988
93516,0,0,-2.616287949882734
93517,0,0,-2.656182895930789
93518,0,0,-1.1356244802427435
93525,0,0,-3.7741800628497284
93535,0,0,-3.217194924768119
93537,0,0,-2.1947434989137253
93541,0,0,-1.8085168999306953
93546,0,0,-1.2455470062594687
93547,0,0,-2.3963153907314982
93557,0,0,-0.8991330166227993
93563,0,0,-0.08483543696288232
93577,0,0,-2.395655413432327
93579,0,0,-1.2520478337979444
93590,0,0,-2.070269442687726
93600,0,0,-1.8093715058766295
93613,0,0,-1.4199240711060956
93614,0,0,-1.5750164639489483
93615,0,0,-2.041532981574235
93623,0,0,-0.5600588460311018
93625,0,0,-0.6824171230762838
93631,1,1,0.41998567806289877
93636,0,0,-0.8752316026912254
93650,0,0,-2.8806848015075524
93655,0,0,-2.565450220790021
93659,0,0,-2.771175643266636
93668,0,0,-0.809178532651667
93669,0,0,-2.2357217914186798
93675,0,0,-1.856980244898465
93676,0,0,-1.4013294104287501
93681,0,0,-1.3752678668423908
93691,0,0,-0.8732519816976352
93695,0,0,-1.321159640298441
93699,0,0,-2.106903659490241
93702,0,0,-2.0690460450128665
93707,0,0,-1.1637954918036824
93708,0,0,-1.1458956386107202
93718,0,0,-1.3012620406403361
93720,0,0,-2.575949782389546
93721,0,0,-1.2118132110397757
93724,0,0,-1.5791729843256204
93727,0,0,-0.7547697953311091
93738,0,0,-1.3735139703416417
93744,0,0,-1.9458365921134897
93748,0,0,-2.2754538507296687
93754,0,0,-1.1467350379528365
93756,0,0,-0.6679674024513418
93761,0,0,-2.5198016429941172
93768,0,0,-2.6532913298393135
93769,0,0,-1.828414193094308
93770,0,0,-3.8582868014817207
93771,0,0,-1.6955983939367312
93778,0,0,-0.28018042882434224
93779,0,0,-2.9153659489128545
93786,0,0,-1.2847793987933018
93789,1,1,1.4307130575978497
93804,0,0,-2.6095527441978845
93842,0,0,-2.007566175370441
93845,0,0,-0.2962771265177121
93847,0,0,-3.682130121846898
93854,0,0,-2.6993606327852078
93861,0,0,-1.0914449096671217
93866,0,0,-2.106816912719218
93870,0,0,-2.753949099305225
93874,0,0,-2.8965194107068584
93881,0,0,-2.822262308306473
93886,0,0,-0.8796083736380279
93887,0,0,-2.239306267868724
93892,0,0,-1.2560611050070374
93895,0,0,-2.9899804017857585
93902,0,0,-2.6947166481198686
93906,0,0,-1.9630871076151573
93909,0,0,-1.8611301689098934
93910,0,0,-1.1050845271445813
93925,0,0,-0.5875029894429427
93931,0,0,-1.3175806871964975
93935,0,0,-2.5456443372455313
93943,0,0,-2.0071216107620726
93944,0,0,-0.8813658415830159
93948,0,0,-1.948611693526373
93949,0,0,-1.388120434841322
93953,0,0,-1.0850857063451125
93956,1,1,1.301483336716749
93974,0,0,-0.6063503761308376
93981,0,0,-1.1612409258596805
93998,0,0,-2.315705232920945
93999,0,0,-1.7910336405527738
94003,0,0,-0.83690302335066
94009,0,0,-3.517247501449239
94014,0,0,-3.2365366591483697
94030,0,0,-3.3601287309706596
94034,0,0,-3.206853102854369
94050,1,1,1.2302068162527597
94052,0,0,-2.8119214414308606
94059,0,0,-2.3475102613683543
94061,1,0,-1.2640106096910357
94067,0,0,-1.420167086341344
94076,0,0,-1.6216794719228949
94077,1,0,-1.053631885878949
94104,0,0,-1.140349971666076
94111,0,0,-1.6347610650949032
94115,0,0,-3.531610725743164
94122,0,0,-1.695879255283896
94124,0,0,-0.5169333207144969
94129,0,0,-0.456588144565938
94136,0,0,-0.5352585291597912
94137,0,0,-1.1478736837163503
94144,0,0,-1.0790839678615112
94150,0,0,-1.0708265261911027
94151,0,0,-0.8224213084395504
94152,0,0,-1.4230192406271969
94153,0,0,-0.10457292265132634
94154,0,0,-2.941048601931497
94162,0,0,-1.9582943542447668
94163,0,0,-2.6495761829670186
94168,0,0,-3.3934139352396233
94174,0,0,-2.058588866809891
94175,0,0,-2.197649936767575
94181,0,0,-2.2192829434145365
94188,0,0,-1.1762109642397292
94191,0,0,-2.0040977369689195
94208,0,0,-2.3298880863461413
94220,0,0,-1.274680540772923
94222,0,0,-1.5382594184631486
94226,0,0,-2.790384787248853
94229,0,0,-0.37174975475377575
94235,0,0,-1.348566665859228
94236,0,0,-0.7216036793622489
94247,0,0,-1.081027473525087
94253,0,0,-1.3983425691560787
94256,0,0,-1.2225598959545003
94270,0,0,-1.003061503937389
94277,0,0,-4.134625847252891
94281,0,0,-1.1751963684697677
94290,0,0,-1.1259056798351883
94300,1,0,-0.24162679023308353
94301,0,0,-2.3657370980009773
94303,0,0,-1.3101045562062659
94307,0,0,-0.6772026234118347
94313,0,0,-1.2321049559032735
94318,0,0,-2.156724992636981
94320,0,0,-3.467219553755239
94324,0,0,-2.1175126256612256
94329,0,0,-2.6054917542644613
94334,1,1,0.5433051965463096
94339,0,0,-0.928261843994328
94343,0,0,-1.4569088996147417
94344,0,0,-1.7250902884213173
94347,0,0,-1.7874198353176178
94353,0,0,-2.4340058887456624
94357,0,0,-1.8196360623415786
94360,0,0,-2.0353306034465093
94361,0,0,-1.369475201644847
94365,0,0,-3.1074901322483957
94367,1,1,0.6543689761110703
94372,0,0,-1.4219092621934553
94373,1,1,1.4368357554426827
94375,0,0,-3.0882585138021854
94380,1,1,0.7485570104174615
94388,0,0,-3.1095561565009175
94402,0,0,-2.7486298074312105
94404,0,0,-1.0811915625509005
94410,0,0,-2.666852712014142
94411,0,0,-3.2267663650301417
94413,0,0,-1.3128667677539447
94419,0,0,-0.7631425679250139
94426,0,0,-1.9034736035073836
94431,0,0,-0.40349776507626256
94433,0,0,-3.4839077246455368
94442,0,0,-2.2859139230743963
94443,0,0,-1.5616508939440354
94448,0,0,-1.4738134124128823
94451,0,0,-1.5065057336262986
94453,0,1,0.1136289640072794
94457,0,0,-0.8637098285850234
94464,0,0,-2.638770652510755
94471,0,0,-2.6442515076595114
94477,0,0,-2.591896575946116
94479,0,0,-0.9481876543778909
94482,1,0,-0.36879846978331243
94485,1,1,0.6669637709766951
94498,0,0,-2.30360895935518
94500,0,0,-2.311423638479063
94507,0,0,-1.718222668029219
94512,0,0,-0.8555349536296474
94516,0,0,-1.5717076726114407
94521,0,0,-1.736998623332768
94525,0,0,-2.2802496620847705
94526,0,0,-1.628958050859235
94535,0,0,-0.9990617879450931
94544,0,0,-0.6534244585979889
94545,0,0,-2.060279527159488
94547,0,0,-0.5213082999973847
94549,0,0,-1.1108820789781757
94564,0,0,-0.6064937609111483
94570,1,1,0.29100632006065275
94571,1,1,0.9887126358200096
94588,0,0,-1.385334039494911
94597,0,0,-2.589061809181037
94600,0,0,-0.9745195487352644
94603,0,0,-1.6364050912549983
94607,1,1,0.648593278227461
94609,0,0,-2.3544371317623574
94610,0,0,-3.2438848819138952
94612,0,0,-0.5170811105480222
94616,0,0,-1.3223848843985764
94624,0,0,-2.85541004840983
94628,0,0,-1.4594281136254645
94631,1,0,-0.7469918170357696
94632,0,0,-2.231709676164317
94633,0,0,-1.7773977970474433
94635,0,0,-0.8830782645396744
94645,0,0,-0.8441673641081371
94661,0,0,-1.4917102080616802
94663,0,0,-0.7488511104866727
94670,0,0,-3.002284493143538
94673,0,0,-1.352081783759267
94676,0,0,-1.5829162123589666
94681,0,0,-1.8833312546609753
94688,0,0,-2.3117861946977367
94691,0,0,-1.7216608786553937
94697,0,0,-2.676829414334202
94701,0,0,-1.533338077579346
94705,0,0,-1.1242666510933654
94712,0,0,-1.979828196796535
94720,0,0,-1.0652824677049506
94722,1,1,0.0434152721669383
94723,0,0,-0.09931053621748342
94733,0,0,-0.8203625379915196
94737,0,0,-1.179817743019849
94740,0,0,-0.8958798395791728
94742,0,0,-1.6059093463070706
94753,0,0,-2.155831337340521
94758,0,0,-1.0209732686959765
94769,0,0,-2.5203993418439605
94777,1,1,0.8304202213027638
94778,0,0,-1.0167109413965951
94779,0,0,-3.5065067539606494
94782,0,0,-2.111910780557187
94797,0,0,-0.5594129745032974
94800,0,0,-1.1885365988184837
94808,0,0,-3.0555050926949985
94811,0,0,-3.054540922122924
94817,0,0,-0.3174844309999638
94821,0,0,-1.2010511677503748
94822,0,0,-0.7871296007209394
94823,0,0,-1.7853882266584122
94824,0,0,-1.3677707757491915
94825,0,0,-0.8722468097532214
94826,1,0,-0.7675048237526432
94830,0,0,-2.474504992351986
94836,0,0,-0.724073571858984
94837,0,0,-2.077620392286873
94843,0,0,-2.6756254203751175
94845,0,0,-1.2210001596107918
94846,0,0,-3.276590592896337
94853,0,0,-3.412924771116275
94864,0,0,-1.6797833481345392
94888,0,0,-1.6364635708401871
94890,0,0,-1.5251766515938514
94895,0,0,-0.7410986778088166
94896,0,0,-1.8833924688742534
94897,0,0,-2.2378924757580947
94898,0,0,-3.1086041982833725
94899,0,0,-1.4617439730220183
94904,0,0,-1.221482280398341
94905,0,0,-1.1146125115893175
94906,0,0,-1.67226056495254
94914,0,0,-3.338606714357268
94916,0,0,-1.878045286844127
94937,0,0,-0.9907990439790371
94949,0,0,-2.021415103096781
94953,0,0,-2.346720012785309
94966,0,0,-1.5594071483878456
94970,0,0,-0.9361397249498133
94975,0,0,-0.5456730288099987
94978,0,0,-2.3938466519741013
94984,0,0,-2.1645541849003935
94985,0,0,-1.6667008026669285
94996,0,0,-2.5070300320538292
95004,0,0,-1.5707214590175325
95005,0,0,-2.208506392919332
95008,0,0,-2.0217687771975696
95028,1,1,1.1609262398776077
95037,0,0,-0.9048733192169242
95038,0,0,-1.063374649584835
95041,1,1,1.3057757996222283
95045,0,0,-1.5348085964897131
95046,0,0,-0.7426009847171475
95049,0,0,-1.762763877691067
95050,0,0,-1.1013010554828533
95051,0,0,-0.22518158398407928
95052,0,0,-0.2687000204161957
95058,0,0,-1.5436045982582476
95069,1,1,1.68164923532727
95070,1,1,0.9674151397106503
95086,0,0,-1.6192400844202153
95087,0,0,-0.5045357600515947
95089,0,0,-2.94625536877379
95095,1,0,-0.4835236237339169
95099,0,0,-2.294487165089893
95105,0,0,-0.8979626474673357
95108,0,0,-1.4548944477136487
95113,0,0,-2.3390115206644646
95118,0,0,-1.42326765150241
95121,0,0,-1.4622671443384592
95122,0,0,-1.6773297396209454
95126,0,0,-2.0313287214786744
95127,0,0,-0.8950933254745314
95149,1,1,1.4572526692813172
95151,0,0,-2.0574666356494618
95160,0,0,-3.115795999296102
95161,0,0,-2.233796946680949
95162,0,0,-1.547033983312685
95167,0,0,-0.6821887059136369
95170,0,0,-2.680400355645749
95171,0,0,-2.0312796328722422
95172,0,0,-1.6018107648518392
95174,0,0,-1.4296853820096265
95175,0,0,-0.6893281724448392
95179,0,0,-1.287830317884694
95181,1,1,1.4563048906246794
95191,0,0,-1.1772927956639485
95193,0,0,-0.7006948013271962
95199,0,0,-0.9446204061767864
95202,0,0,-2.4587059725144096
95205,0,0,-1.8797067353204748
95207,0,0,-1.1843377956082837
95218,0,0,-1.0327798172322094
95219,0,0,-1.1139469295678976
95243,0,0,-2.1685802893793182
95268,0,0,-1.9579400120474528
95288,0,0,-1.64276150285587
95289,0,0,-2.305106595643373
95290,0,0,-0.8490689796230848
95297,0,0,-2.397101206444722
95319,0,0,-0.9883264774064952
95324,0,0,-1.1405839162909712
95362,0,0,-2.1376788065048613
95373,1,0,-0.6752523424006303
95377,0,0,-2.044791608967768
95379,0,0,-1.167512743980995
95380,0,0,-1.2730034780139998
95382,0,0,-2.3711400191007743
95386,0,0,-0.8521018389172941
95387,0,0,-1.3304407327008223
95389,1,1,1.1346780940750265
95390,0,0,-1.7635246679310477
95397,0,0,-0.984638719325586
95398,0,0,-1.9767272795016784
95409,1,1,1.470080263729834
95412,0,0,-1.1736741990557742
95414,0,0,-3.0760986183916126
95422,0,0,-1.1989755231031152
95426,0,0,-1.9465087982747478
95436,0,0,-0.084425014124619
95450,0,0,-1.665945684089787
95455,0,0,-1.7046746181166976
95460,0,0,-1.5568282784659129
95461,0,0,-1.4191988490789464
95472,0,0,-2.732827482696371
95479,0,0,-1.9118082494484
95480,0,0,-3.22164338359822
95482,0,0,-0.892376023516054
95491,0,0,-1.5344767950346212
95494,0,0,-1.394958046750459
95498,0,0,-1.3212630438071389
95501,0,0,-1.0227065035908995
95506,0,0,-2.534692705656024
95515,1,0,-0.9883427818886954
95517,1,0,-0.3004945108964686
95518,0,0,-1.5861149266585801
95520,0,0,-0.5800035281769074
95527,0,0,-1.5948680416027545
95541,0,0,-3.071707438365821
95545,0,0,-1.9851067811799514
95546,0,0,-2.9295065240411295
95571,0,0,-0.7408616590472797
95572,0,0,-2.5255562299527954
95576,0,0,-1.8409682031318548
95579,0,0,-2.9633341869584093
95580,0,0,-1.3298489935587456
95590,0,0,-0.3254823610450731
95609,0,0,-2.2259969951569776
95610,0,0,-2.563282450073369
95619,0,0,-2.135241487950269
95634,0,0,-2.3947990100733882
95648,0,0,-2.0168752172188693
95661,0,0,-2.515070117481714
95676,1,0,-0.6853206137209034
95686,0,0,-3.5711677033352096
95689,0,0,-0.5524250237652628
95707,0,0,-0.6677486384435466
95711,0,0,-1.308713752190521
95716,0,0,-2.808091596056695
95722,0,0,-1.3507566785053977
95725,1,1,0.03229744233946441
95727,0,0,-1.3029965068088711
95729,0,0,-0.12412933709511276
95732,0,0,-2.3812635237792277
95735,0,0,-3.0235094973535697
95741,0,0,-0.6449868796101688
95750,0,0,-1.6260714784184604
95753,0,0,-1.147537718927376
95758,0,0,-0.8397652089034766
95760,0,0,-2.898137639209783
95765,0,0,-1.6747011376736802
95772,0,0,-3.2453355363255554
95780,0,0,-1.804065869468684
95789,0,0,-0.7797433703970169
95795,0,0,-1.451851291865362
95804,0,0,-2.0232730778878443
95811,0,0,-1.6028915210377068
95814,0,0,-2.9697959925202335
95826,0,0,-2.7861113350678695
95829,0,0,-2.301771582835101
95834,0,0,-2.3993278414402726
95836,1,1,1.1938906154061153
95838,0,0,-1.311493344240243
95851,0,1,0.05148350877627583
95856,0,0,-2.936999533002
95863,0,0,-1.5549136676274236
95874,0,0,-1.472972239881012
95876,0,0,-1.383262686084857
95886,0,0,-1.143313252480355
95898,1,0,-0.49222186572682414
95899,0,0,-0.9104967417583211
95902,0,0,-3.27102959749171
95911,0,0,-2.1631233189373154
95916,0,0,-2.50288410797074
95918,1,1,0.5040124768981782
95919,0,0,-1.8249059027624093
95932,0,0,-1.2174976034846035
95940,0,0,-1.6003857735236742
95950,0,0,-1.3890511683631608
95954,0,0,-0.9628665115645467
95955,0,0,-1.850430127826879
95964,0,0,-0.4410935918600708
95982,0,0,-0.6766651538729386
95987,0,0,-3.6992517344292013
95989,0,0,-1.3851250926340475
95990,0,0,-1.7083513579879808
95995,0,0,-1.068064264161837
95999,0,0,-1.1110064506906427
96003,0,0,-1.407013459629045
96008,0,0,-1.9128633811007643
96009,0,0,-1.8136791563423191
96021,0,0,-1.5587034971847302
96044,0,0,-1.9640032033920833
96051,0,0,-1.1760028945660492
96061,0,0,-3.297677393728004
96064,0,0,-2.648788714650215
96066,0,0,-0.20294864631716947
96071,0,0,-2.766323273813279
96088,0,0,-1.675482517441641
96097,0,0,-2.6109020975315227
96099,0,0,-2.204957494618213
96100,0,0,-2.144591450275094
96102,0,0,-1.1131983451039444
96103,0,0,-1.6317168774365678
96105,0,0,-1.835306373319555
96114,0,0,-0.9030737927175347
96120,0,0,-1.3108477760325352
96123,0,0,-0.18171753448912087
96138,0,0,-1.6068282406609455
96142,0,0,-2.6722665920429867
96143,0,0,-1.1778719884371465
96146,0,0,-3.1616032079018277
96147,0,0,-0.754215358563148
96159,0,0,-0.4281819271855556
96170,0,0,-1.7178855591693183
96172,1,1,0.36255134532079714
96174,0,0,-1.926260761375923
96176,0,0,-3.128114449290586
96182,1,1,0.4967742923719556
96190,0,0,-1.3152860340974977
96192,0,0,-2.180784262986765
96193,0,0,-1.3119819816804734
96194,0,0,-1.0134261810577114
96200,0,0,-0.6148003418314946
96202,0,0,-0.5932509014006464
96214,0,0,-0.7299842767673383
96216,0,0,-1.5381457900989164
96218,0,0,-0.9735107064111201
96222,0,0,-1.8013979452377795
96224,0,0,-0.05699086772663964
96231,0,0,-1.5921973690475717
96240,0,0,-2.3096369821411886
96241,0,0,-1.3138291059475695
96243,0,0,-1.802138627304825
96251,0,0,-1.6586057203609066
96256,0,0,-1.0800642889574434
96257,0,0,-2.5852864136993006
96259,0,0,-2.7485425351273385
96269,0,0,-1.132935723303408
96270,1,1,0.33067344936845156
96271,0,0,-2.1133587363745625
96286,1,1,0.5381378417255185
96302,0,0,-1.193967277699814
96305,0,0,-2.6208322338695345
96314,0,0,-2.541981654514701
96316,0,0,-0.7325304382146227
96317,0,0,-0.33213644494081807
96320,0,0,-2.4966319989618
96321,0,0,-1.3762332937314576
96326,0,0,-1.1490952861695405
96328,0,0,-0.5346483199197998
96332,0,0,-1.4581852614636859
96359,0,0,-3.8338459469783857
96363,0,0,-0.5152550113735836
96364,0,0,-2.7788560012778505
96365,0,0,-0.19913568894190203
96370,0,0,-1.6610795305303527
96375,0,0,-2.1940371733898263
96386,0,0,-1.3938349016394782
96387,1,0,-0.5377374280665564
96396,0,0,-0.503636432416112
96407,0,0,-1.505708680793346
96417,0,0,-1.0004087696378956
96445,0,0,-0.7557887180847745
96450,0,0,-2.6055956595889054
96454,0,0,-2.6052886771539425
96460,0,0,-1.4080131959288442
96464,0,0,-1.4544854815749741
96465,0,0,-1.3568211082845845
96466,0,0,-2.3338708292498946
96469,1,1,0.1485169414053895
96470,0,0,-4.202432354842664
96473,0,0,-1.9293461939520269
96495,0,0,-2.3662676840108094
96496,0,0,-1.2406732224428296
96498,0,0,-0.6701854101169882
96500,0,0,-2.05027843609325
96501,0,0,-0.5257185469385555
96507,0,0,-0.9403142609897557
96515,0,0,-1.6814141849100661
96522,1,0,-0.5608524740301639
96523,0,0,-0.83728368393229
96527,0,0,-2.663286775692657
96528,0,0,-0.4942121513411284
96529,0,0,-3.061001074435284
96535,0,0,-0.20238856807436223
96538,0,0,-1.291263633207266
96541,0,0,-1.9183246657088178
96545,0,0,-2.195781480282678
96549,0,0,-1.425364280810444
96552,0,0,-3.7427624208536656
96553,0,0,-0.827718257951958
96554,0,0,-2.785088567101294
96568,0,0,-1.015022574524021
96571,0,0,-2.3387865415550793
96572,0,0,-2.245566484156943
96575,0,0,-1.6541047974699707
96579,0,0,-4.193158148098772
96588,0,0,-1.3854028961517635
96600,0,0,-1.4030376674944232
96608,0,0,-0.8271696832378149
96619,0,0,-1.3052003007070936
96629,0,0,-2.035020696258806
96632,0,0,-2.744170052713663
96637,0,0,-2.651391267263329
96670,0,0,-2.824947005443298
96674,0,0,-0.36951716775622057
96676,0,0,-1.901622361160124
96677,0,0,-2.2685413186346493
96682,1,0,-0.8111271382050682
96683,0,0,-2.290734355776295
96685,0,0,-1.354899556391021
96691,0,0,-2.390183822480367
96694,0,0,-1.1339105330005068
96697,0,0,-2.252062595063229
96705,0,0,-0.7743953836503732
96707,0,0,-2.329548680489819
96708,0,0,-1.627567051527837
96714,1,1,1.793466634546445
96715,0,0,-2.2167811890855997
96738,0,0,-0.3434011135129984
96741,0,0,-0.5422468612412636
96744,0,0,-1.3767807647725243
96752,0,0,-1.7099232078315407
96756,0,0,-0.8639423561861028
96760,0,0,-3.0352330556258513
96773,0,0,-1.1792153215305472
96774,0,0,-1.4070177632090581
96782,0,0,-0.9164386468422174
96783,1,0,-0.4570738404811764
96789,0,0,-2.1518609627485636
96791,1,0,-0.2189620226043404
96794,0,0,-3.00675468396141
96801,1,1,0.5719166731853558
96802,0,0,-0.8276373726310773
96810,0,0,-2.0530499812489396
96812,0,0,-1.4792958393545206
96822,0,0,-1.8994617116644077
96830,0,0,-2.704374381719777
96832,0,0,-2.048451654330046
96843,0,0,-0.67493843707725
96845,0,1,0.00522487653476067
96848,0,0,-1.8504943729946777
96856,0,0,-0.8677600278090316
96857,1,0,-0.8053738340515753
96862,0,0,-1.8288737256629373
96867,0,0,-0.5446266316553948
96868,0,0,-2.3019288143707923
96877,0,0,-2.3738186847665044
96887,0,0,-0.9621807655685405
96894,0,0,-0.9020307939618845
96906,1,1,0.5677121676116352
96923,0,0,-1.0906104324157395
96924,0,0,-1.9179136194338267
96926,0,0,-1.4624418835556476
96930,0,0,-1.291216922869636
96931,0,0,-1.9172811673260917
96937,0,0,-2.270361001711122
96941,0,0,-1.0740613832358468
96943,0,0,-2.011753777943653
96946,0,0,-1.9974361601201933
96948,0,0,-2.7433883319758974
96949,0,0,-0.1506533243608429
96963,0,0,-0.5177573608917556
96976,0,0,-0.594045662161054
96982,0,0,-2.7775861108538593
96983,0,0,-1.5199122246038825
96986,0,0,-0.511843591523294
96996,0,0,-2.694934677429213
97013,0,0,-1.1704244970002469
97015,0,0,-1.6118196668808722
97018,0,0,-0.9146979422834693
97026,0,0,-0.918821867967657
97027,0,0,-3.1273057256945833
97038,0,0,-1.9495273793972197
97041,0,0,-1.8593386541656
97046,0,0,-2.4973886529432763
97048,0,0,-1.929537299264954
97049,0,0,-1.5023857677808792
97051,0,0,-1.2472625863034332
97052,0,0,-2.696654308697645
97058,0,0,-1.1665841116999245
97065,0,0,-2.200744786203064
97081,0,0,-2.525512565819924
97089,0,0,-2.714178971268054
97094,0,0,-0.8208313756296359
97096,0,0,-3.5908938558015526
97098,0,0,-1.5481422984542146
97099,0,0,-1.5194594676141508
97102,1,1,0.8093578441396567
97111,0,0,-1.578817205745524
97117,0,0,-1.800742593202358
97119,0,0,-3.5362268746514314
97120,1,1,1.344180585004772
97127,0,0,-0.859407079837838
97131,0,0,-1.4860776389936143
97135,0,0,-1.3473254358955142
97141,1,0,-1.269262828921975
97148,0,0,-0.8747340853843609
97153,1,1,0.2348626073573714
97156,1,1,0.3265309275505197
97159,0,0,-1.9517818913712814
97160,0,0,-1.3093683820320328
97165,0,0,-1.268301862244736
97168,0,0,-1.441863171388679
97183,0,0,-1.4810838435101772
97204,0,0,-1.726449749902841
97205,0,0,-2.7695269995310046
97215,0,0,-1.3436955663531764
97222,0,0,-1.252383824109148
97229,0,0,-1.767967686147954
97233,0,0,-1.1141807076276995
97234,0,0,-2.980732708180886
97240,1,1,0.30657711429411294
97259,0,0,-0.38557374007438394
97264,0,0,-2.6082948968849893
97267,1,1,1.5026525868849332
97270,0,0,-0.4326401976461851
97276,0,0,-1.2714101970091554
97278,0,0,-2.490802392137785
97279,0,0,-1.268405441763469
97280,0,0,-1.7170444966490368
97284,0,0,-2.1016334148692453
97285,0,0,-0.5584170402892613
97288,0,0,-1.1005754607278373
97301,0,0,-2.7152886559381786
97302,0,0,-1.9177030702425804
97314,0,0,-2.299955280944836
97320,0,0,-1.9038289936194304
97331,0,0,-1.1304074893560068
97339,0,0,-0.7332856671391982
97351,0,0,-1.7402213261197579
97358,0,0,-2.4463092898294754
97364,1,1,0.7489953428809502
97365,0,0,-3.081475401313445
97366,0,0,-1.4735328109077366
97378,0,0,-0.7010325406711969
97380,0,0,-3.245328851496865
97395,0,0,-0.6676102546699285
97397,1,1,0.6267236091716972
97408,0,0,-1.3421225800048555
97409,0,0,-3.0962308838510504
97412,1,1,0.8422883237579519
97429,1,1,1.5201028576979188
97443,0,0,-1.2580818788926482
97446,0,0,-1.5033657567794585
97449,0,0,-2.829144035988331
97452,1,1,0.5353991139073637
97467,0,0,-1.3001394046098085
97470,0,0,-1.5151293987052035
97473,0,0,-1.7773129522014435
97479,0,0,-2.2477998359576867
97481,0,0,-1.5551650790262452
97487,0,0,-1.7845580884674985
97501,0,0,-1.3912748077335682
97512,0,0,-1.4286404300890798
97513,0,0,-0.6065805185354936
97514,0,0,-2.1651765744252716
97525,0,0,-3.19771474155037
97543,1,1,0.5283003561403863
97545,0,0,-1.6125067538199818
97546,0,0,-1.592441392195669
97557,0,0,-1.640966187086411
97561,0,0,-1.8747116122602963
97568,0,0,-0.5251427842947551
97570,1,1,1.1488465009860274
97571,0,0,-0.6837786584982762
97573,0,0,-3.1551633979230447
97581,0,0,-1.6195604144900853
97583,0,0,-2.8014236446738883
97585,0,0,-1.0741446549452878
97593,0,0,-1.2027510541285336
97598,0,0,-2.196317098869616
97603,0,0,-1.7961651454481031
97615,0,0,-3.4340555912871658
97619,0,0,-2.447406507969905
97621,0,0,-0.9333902559919734
97622,0,0,-1.8827814476095417
97626,0,0,-3.6281247723483023
97628,0,0,-1.3654269158691457
97632,0,0,-4.022083003457889
97633,0,0,-1.1108979888861508
97641,0,0,-1.0913799120219876
97642,0,0,-0.9220748407444315
97643,0,0,-2.3370189418140095
97657,0,0,-0.9565119299598035
97661,0,0,-0.5416712706354098
97670,1,1,0.7558191104121155
97679,0,0,-2.105140128001821
97688,1,1,1.5297794468832902
97689,0,0,-2.621479946283466
97696,0,0,-0.6599301614087179
97697,0,0,-0.9681340255711868
97698,0,0,-0.4041017590631598
97704,0,0,-3.804897473941888
97705,0,0,-2.2007864927228176
97715,0,0,-1.6325303055789404
97717,0,0,-1.776381065334558
97718,0,0,-1.1821172272381402
97720,0,0,-1.208199354495248
97723,0,0,-1.7043454336382964
97724,0,0,-2.5518767378519795
97733,0,0,-0.5025781111686998
97736,0,0,-1.7261517864987965
97741,0,0,-4.2966989517785885
97745,0,0,-1.778776687721152
97748,0,0,-4.006716121981077
97753,0,0,-1.1333393852585352
97754,0,0,-1.4189917214618153
97762,0,0,-2.997984305559279
97763,0,0,-0.6656417743287504
97769,0,0,-1.787945676676254
97770,0,0,-1.3667073705628026
97777,0,0,-2.2322693011751316
97785,0,0,-2.041335204683575
97786,0,0,-2.2252317951288987
97810,0,0,-0.5877893859830063
97813,0,0,-2.9287171914888903
97817,0,0,-0.9511770271672245
97819,0,0,-1.6921425392117664
97823,0,0,-1.6440980894199904
97839,0,0,-2.3694211540139563
97840,0,0,-2.2815371078284024
97849,0,0,-2.113886159878875
97853,0,0,-2.03970773165359
97854,1,1,1.0607580883209788
97855,0,0,-1.0302558225915246
97869,0,0,-1.0257359021174506
97873,0,0,-3.4366036456158593
97874,1,0,-0.1346618891963003
97883,0,0,-1.358937304907553
97886,0,0,-1.4549037858062022
97893,0,0,-2.7352652835643676
97901,0,0,-1.8995607086029318
97903,0,0,-2.3001301998603028
97904,0,0,-0.8720616965048311
97910,0,0,-1.2082414518499078
97911,0,0,-1.825319988834334
97914,0,0,-2.6516293597024614
97915,0,0,-2.3500376978907744
97916,0,0,-1.2683583860820076
97929,0,0,-1.1362334974961565
97934,0,0,-2.5559745906792246
97940,0,0,-1.9812736151956818
97944,0,0,-2.2967984135472426
97952,1,0,-0.5303630117249318
97959,0,0,-0.630888306685258
97966,0,0,-0.4635785711865955
97968,1,1,1.3374385894348586
97972,0,0,-0.3182484597673646
97973,0,0,-0.7254924442435849
97975,0,0,-1.4293821662272141
97978,0,0,-2.4493521663385165
97983,0,0,-2.0936786442530497
97984,0,0,-1.4588611511261709
97999,0,0,-0.2720070922765565
98012,0,0,-1.8574792237873414
98013,0,0,-2.1917105460491393
98020,0,0,-1.5214917331337239
98026,0,0,-0.7762782132255869
98034,1,0,-0.6213931440462304
98035,0,0,-1.6908432584610444
98040,0,0,-1.7150577042145234
98042,0,0,-0.8868986005665664
98043,0,0,-1.8991226428150927
98049,0,0,-0.8740035408403436
98052,0,0,-1.1935909864245464
98053,0,0,-1.4511496034339237
98055,0,0,-2.722471620126158
98056,0,0,-3.6646898595056223
98058,0,0,-2.181418074675319
98068,0,0,-1.3675779319857035
98076,0,0,-0.6486473118090572
98082,0,0,-2.096264322581831
98083,0,0,-0.6043316506189825
98093,0,0,-0.18406196552861476
98096,0,0,-1.6712254507208695
98098,0,0,-1.2462534617015084
98100,0,0,-1.6506373655478042
98102,0,0,-2.6892960244295434
98111,1,1,0.7594399351914836
98115,0,0,-2.105724342449232
98116,1,1,0.6807746868176758
98123,0,0,-1.582504269638681
98134,0,0,-2.4512648404920894
98136,0,0,-3.216487399035606
98139,0,0,-1.3347150182134317
98144,0,0,-3.7268602198651095
98146,0,0,-0.9886019146171608
98149,0,0,-1.0212708690730454
98165,0,0,-0.9641302717871387
98168,0,0,-2.471352403203964
98173,0,0,-2.1529472924044164
98179,0,0,-1.9687609828320063
98183,0,0,-1.3759185143483323
98189,0,0,-1.1208951819095367
98197,0,0,-0.39872421207373665
98200,0,0,-0.680408224770374
98205,0,0,-2.23636782336991
98206,0,0,-0.9142944371356448
98208,0,0,-0.5457015198599857
98227,0,0,-1.1395488804549725
98241,0,0,-0.7643255016394623
98242,0,0,-0.9098827537640265
98247,0,0,-3.1559594908763016
98252,0,0,-0.5855886212597006
98254,0,0,-1.0397858993402052
98255,0,0,-0.5269085745384985
98257,0,0,-1.2391547277630288
98260,0,0,-0.6220473271982444
98272,0,0,-1.312026886306612
98281,0,0,-0.5126940543870114
98284,0,0,-0.7606582343654729
98286,0,0,-2.2871836600997986
98291,0,0,-1.8113647760521252
98309,0,0,-1.9870745312031102
98310,0,0,-0.3860160538686298
98320,0,0,-3.3903723392950917
98324,0,0,-3.682322192478675
98336,0,0,-0.5989828723266901
98349,0,0,-2.131915489194623
98359,0,0,-2.5507773331942767
98364,0,0,-1.3849252764817814
98370,0,0,-2.741159126486549
98380,0,0,-1.8752151778944286
98381,0,0,-2.7955245492141767
98382,1,0,-0.18609877169490452
98384,0,0,-1.1049865821138791
98386,0,0,-2.964880661314562
98396,0,0,-3.5939602767170644
98400,0,0,-2.8638583109026543
98413,0,0,-2.5223085786800894
98422,0,0,-0.25463790664630837
98423,0,0,-2.860812964834704
98425,1,0,-0.18442939733980845
98426,1,0,-1.020675849313138
98427,0,0,-1.3797946677866095
98431,0,0,-2.3742469192055617
98433,0,0,-3.035308685192759
98439,0,0,-1.1615715769074217
98446,0,0,-1.3104477308849063
98447,0,0,-1.500874654297295
98459,0,0,-0.19322599597078627
98466,0,0,-1.7823015156929571
98471,0,0,-1.3695457156756483
98477,1,1,0.962425545700283
98479,0,0,-1.1827154269040467
98487,0,0,-1.8737677157242523
98496,0,0,-1.5908384888308873
98505,0,0,-0.807398283043729
98506,0,0,-1.6664627285690936
98507,0,0,-2.079385758485758
98517,0,0,-2.339352160274026
98521,0,0,-0.8801280556041138
98523,0,0,-3.2644998982134696
98525,0,0,-1.5491042929879892
98526,0,0,-2.9527050940781843
98527,1,0,-0.4020759271775513
98534,0,0,-1.616809779805235
98539,0,0,-1.3258361331847683
98541,0,0,-1.1282491819759604
98550,1,0,-0.5791810765799907
98557,0,0,-1.0936922321468754
98559,0,0,-1.1034617496112924
98562,0,0,-0.9432765221798795
98566,0,0,-2.7545096728702765
98570,0,0,-1.784808474474815
98571,0,0,-0.333764443131005
98574,0,0,-0.8805278954691527
98577,0,0,-1.2232102984616129
98583,0,0,-1.4998627727412364
98589,0,0,-1.723891418454902
98590,0,0,-1.0376443821855459
98608,0,0,-0.9789866428191948
98609,0,0,-0.8629927529353394
98615,0,0,-1.746225665743464
98616,0,0,-2.11234585118752
98617,0,0,-1.7243313178759754
98619,0,0,-0.6469585795654794
98620,0,0,-3.1610741623237537
98622,0,0,-0.8173400149012865
98623,0,0,-1.3153215136463563
98624,0,0,-2.9265384693753234
98639,0,0,-1.2166682436458718
98653,0,0,-1.7291263597265498
98658,0,0,-0.6803958355533645
98659,0,0,-1.8544596905048687
98666,0,0,-2.56131734662055
98678,0,0,-1.710197747229459
98683,0,0,-1.6180432960596607
98685,0,0,-0.748515856499082
98689,0,0,-0.5807932235121117
98696,1,1,0.6909628918536097
98703,0,0,-1.986501194112088
98704,0,0,-1.588537957084335
98707,0,0,-1.505761009025401
98711,0,0,-3.7965844968524625
98716,0,0,-1.110016456713798
98718,0,0,-2.2582426472216515
98721,0,0,-1.111652910356804
98726,0,0,-3.034706726931786
98733,0,0,-0.9402982848893501
98734,0,0,-2.53781549257252
98738,0,1,0.04165655697558701
98752,0,0,-1.65957450694865
98757,0,0,-2.479570130399921
98780,1,0,-0.5348362285907009
98781,0,0,-2.6886042644916657
98789,0,0,-0.9735995036365299
98794,0,0,-1.8836347700302292
98796,0,0,-2.260238916837541
98798,0,0,-2.1150296391862287
98799,0,0,-1.2528842213883964
98807,0,0,-0.1590561643943107
98810,1,1,2.162278126842197
98813,0,0,-2.0853633227824675
98817,0,0,-1.556681483731089
98821,0,0,-2.0266547756632143
98830,0,0,-4.116005891593673
98835,0,0,-0.8080551469140622
98839,0,0,-0.7249927404075056
98841,0,0,-1.6293387369462458
98845,0,0,-1.7956756224863102
98852,0,0,-2.3433728854943388
98863,0,0,-1.3405063100140922
98865,0,0,-2.7110539449356525
98868,0,0,-1.137617042640835
98872,0,0,-2.405364652951341
98873,0,0,-0.18442213105141736
98874,0,0,-1.6886224235197085
98878,0,0,-0.6096252499037864
98887,0,0,-1.4361866319355325
98892,0,0,-1.5937426254298606
98895,0,0,-2.2809158933015077
98899,0,0,-1.3624478367377817
98903,0,0,-0.7826063178102989
98910,0,0,-1.580191229549103
98916,0,0,-0.9999304790540382
98919,0,0,-1.024876356323353
98922,0,0,-1.2364528576545324
98925,0,0,-2.2134635993927247
98927,0,0,-0.3925982605446725
98928,0,1,0.6271877641435375
98931,1,1,2.2759290399914054
98942,1,0,-1.2375028666931052
98943,0,0,-2.2133839988407313
98947,0,0,-1.8091097012954034
98957,1,0,-0.6851211168493188
98958,0,0,-1.2599627074708155
98959,0,0,-3.7500957202360965
98962,0,0,-1.53210590803925
98969,0,0,-1.055590744171441
98978,0,0,-2.450089102678395
98983,0,0,-2.20157424137422
98986,0,0,-3.7147417906277314
98987,0,0,-0.7330268603072211
98988,0,0,-0.15412881281515212
98997,0,0,-0.9060871789876364
99006,0,0,-1.2744778082622499
99007,0,0,-1.505892736073032
99011,0,0,-1.3046925811619612
99012,0,0,-0.9960144202547121
99014,0,0,-0.4032376815597464
99016,0,0,-0.9772956519052878
99018,0,0,-2.0354676170410593
99020,0,0,-2.5101604698569586
99023,0,0,-0.845822723816887
99049,0,0,-0.5011494997390216
99052,0,0,-1.9381007382456181
99060,0,0,-0.8446938204958007
99061,0,0,-2.523091711462401
99062,0,0,-1.3202863660514625
99074,1,1,1.895264765149992
99082,0,0,-1.7195902167635033
99087,0,0,-2.1927561981583166
99090,0,0,-1.7141430623642995
99093,0,0,-1.665625070437525
99095,0,0,-3.1333459903827796
99096,0,0,-1.8965541997454032
99100,0,0,-3.3515984517296227
99106,0,0,-1.8491575592953216
99116,1,0,-0.05656773328875864
99121,0,0,-1.4551824925879564
99133,0,0,-2.0607187165043905
99134,0,0,-1.9002890047484229
99136,0,0,-1.916445138688818
99152,0,0,-2.5485320883258336
99158,0,0,-3.3269337924661917
99159,0,0,-3.14606630419184
99166,0,0,-1.4934316663489522
99167,1,0,-0.5317808757706074
99179,0,0,-1.2008915423536624
99186,0,0,-0.6775654466496819
99188,0,0,-1.6012446269576872
99200,0,0,-1.2918116014110237
99201,0,0,-2.5821827986148795
99210,0,0,-0.9785441553665747
99213,0,0,-1.9272985667111104
99223,1,0,-0.6582466686361577
99224,0,0,-1.0725120591802564
99228,1,1,0.8278464025218619
99234,0,0,-0.40757214197668135
99235,0,0,-1.9444157345456625
99242,0,0,-2.656893062009646
99261,0,0,-1.1036845157393755
99265,0,0,-1.2568673643216246
99269,0,0,-3.2127861874632044
99272,0,0,-2.810653834151932
99284,0,0,-1.696615607609921
99293,0,0,-1.5196347103347692
99294,0,0,-2.86026282449781
99296,1,0,-0.23882290579276155
99302,0,0,-1.9565262999005657
99307,0,0,-2.472791682700115
99310,0,0,-1.0184853919291337
99313,0,0,-1.0063527598447444
99317,0,0,-1.6770878625850294
99318,0,0,-2.3715652804749876
99320,0,0,-2.604617964518202
99326,0,0,-2.6665108383273206
99337,0,0,-2.1675350531412674
99342,0,0,-3.5942491926028017
99352,1,0,-0.9913985554448673
99358,0,0,-1.047656967102162
99365,0,1,0.10321187662068776
99366,0,0,-0.5071386417426924
99370,0,0,-0.9374961865221221
99379,0,0,-0.9570418595637631
99380,0,0,-1.8307222049122458
99383,0,0,-1.0644425347812267
99391,0,0,-2.335975306533901
99393,0,0,-1.067149221419855
99394,0,0,-0.8009252859584943
99395,1,1,0.1904427642484724
99400,0,0,-2.832137307689109
99402,0,0,-0.6911964504407895
99405,0,0,-2.029295187931871
99407,0,0,-1.0047064280221787
99421,0,0,-3.0642532812864633
99423,0,0,-1.0836108903332728
99424,0,0,-1.6725659960260923
99425,0,0,-1.3728288162612416
99451,0,0,-1.8676962452713484
99459,0,0,-2.19394169185368
99471,0,0,-1.019319120505788
99472,0,0,-1.110103851472354
99479,0,0,-1.7099226809643162
99481,0,0,-0.1420397009371509
99484,0,1,0.20595899348683178
99486,0,0,-1.8410926454189596
99491,0,0,-1.3943640966842508
99495,0,0,-1.545240596010029
99498,0,0,-0.5199563549283058
99499,0,0,-1.4776270292905702
99504,0,0,-0.4120113109039377
99505,0,0,-2.3696598278113017
99507,0,0,-1.2744744858466976
99512,1,1,1.737026516206831
99516,0,0,-0.774505741746615
99518,1,1,0.5028184080904756
99523,1,1,1.6661973629008522
99524,0,0,-1.9521974780612656
99531,0,0,-0.87291369922657
99535,0,0,-2.2335541534869248
99541,0,0,-1.638951711712051
99542,0,0,-1.4876411433799108
99551,0,0,-1.9470844520526527
99553,0,0,-0.7977119494690107
99557,1,1,1.798987052687962
99558,0,0,-2.3958906218626903
99560,0,0,-0.8779781752682226
99565,0,0,-2.6007287672589436
99568,0,0,-2.0687260399747194
99573,0,0,-1.3097964186968372
99577,0,0,-1.1818517567592557
99578,0,0,-2.447644216216026
99583,0,0,-0.9464903225485719
99591,0,0,-2.7262530552290984
99605,1,1,0.0553301653703826
99609,0,0,-3.34413467423854
99611,0,0,-2.2737082504698978
99615,0,0,-2.4667149691119343
99622,0,0,-1.4808090118791248
99624,0,0,-0.9086161680096279
99630,1,1,0.11104783640236171
99638,0,0,-1.9007201495921364
99641,0,0,-2.163998216446201
99645,0,0,-1.1040112245004066
99647,0,0,-1.5898579812337947
99653,0,0,-2.077290410005501
99655,0,0,-2.6469248466354225
99663,1,1,2.0910876275672328
99664,0,0,-1.5600328451826146
99666,0,0,-1.4338353727590214
99667,0,0,-0.9200148263676501
99684,0,0,-1.332919504228666
99687,0,0,-1.5016089642607797
99697,0,0,-2.1194186359291782
99700,0,0,-1.1957750427271785
99705,0,0,-1.1122712130223604
99712,0,0,-0.6654780733571006
99713,0,0,-2.1147874307180476
99715,1,1,0.8420738838891622
99725,0,0,-0.40055705484342413
99727,0,0,-0.6580211388921703
99734,0,0,-0.5153175541535582
99741,0,0,-1.9460773713714279
99745,0,0,-0.5561397248648594
99748,0,0,-0.5726734070464999
99751,0,0,-1.519304727081893
99756,0,0,-1.0216310253662646
99765,0,0,-1.7777237246983297
99769,0,0,-1.2868261067081983
99770,0,0,-1.4931333874413402
99771,0,0,-0.6474636837878465
99775,0,0,-2.996043500426672
99780,0,0,-3.587665954549803
99797,0,0,-2.5308260950469625
99800,0,0,-2.238451425928778
99801,0,0,-1.49000398310984
99812,0,0,-1.9646535596034314
99816,0,0,-1.316917567618664
99819,1,1,0.5256844733931023
99821,0,0,-1.3274129410768682
99823,0,0,-2.4480542342514626
99828,0,0,-1.420728442400676
99829,1,0,-0.2410369198832496
99838,0,0,-0.6417241901363939
99840,0,0,-1.2576389924734568
99847,0,0,-1.7566743208784685
99849,0,0,-2.946188591400764
99857,0,0,-1.752398465487091
99859,0,0,-0.3726611943325067
99866,0,0,-2.1572720995687624
99869,0,0,-1.485430371260071
99878,0,0,-0.8924356529342019
99880,0,0,-0.9830533106271385
99883,0,0,-1.510464913429909
99899,0,0,-3.6937526822384603
99916,0,0,-2.738162672389699
99932,0,0,-1.875038762569354
99939,0,0,-2.9575991867070988
99941,0,0,-1.260237239669277
99942,0,0,-0.4202827251740295
99948,0,0,-1.682095076846842
99950,0,0,-1.9658389921131192
99951,0,0,-0.2597877476265319
99971,0,0,-1.7992563764228329
99974,0,0,-0.6054546491772286
99976,0,0,-2.380755219573298
99979,1,1,0.24054632465471193
99981,0,0,-2.2293744882736783
99987,0,0,-2.1493854187125256
99994,0,0,-2.2911055070864137
99997,0,0,-0.8900229771477686
