raw_row_id,actual,predicted,score
2,0,0,0.013221843475881989
5,0,0,0.005681040512917071
16,0,0,0.029659801856199635
19,0,0,0.00700412849529706
21,0,0,0.0009377791958239049
23,0,0,0.22339605859344633
28,0,0,0.011851644158913448
30,0,0,0.011947371928670663
38,1,1,0.9827272727272728
39,0,0,0.13823033548064909
41,0,0,0.006763725978413609
46,0,0,0.001991056967407084
49,0,0,0.001716821273071343
52,0,0,0.0014700021764684967
53,1,1,0.9370578986177314
56,0,0,0.009302918725474316
57,0,0,0.0030365774246053846
62,0,0,0.008723240274466889
63,0,0,0.059736883330225414
65,0,0,0.18689864395560768
67,0,0,0.00046850699107396366
71,0,0,0.0009189752934026879
73,0,0,0.004428009200509965
82,0,0,0.011132270773759485
85,0,0,0.09550447811600735
88,0,0,0.0034582907075589907
106,0,0,0.0028372295427498443
123,0,0,0.028174011659979237
124,0,0,0.003108828672702331
130,0,0,0.0015906168813508924
140,0,0,0.4656464564104915
141,0,0,0.017113506575274617
145,0,0,0.07547994193654406
149,0,0,0.004744510738394908
153,0,0,0.0020629564536569106
155,0,0,0.0034063192526181275
165,0,0,0.0025625006257192096
171,0,0,0.004555071175959043
173,0,0,0.0072565077650159635
178,0,0,0.0031978595560506733
181,0,0,0.02378394476329139
182,0,0,0.003371846372835125
188,0,0,0.008498102896254547
193,0,0,0.04280466939055737
197,0,0,0.12283187087173726
203,0,0,0.003055212290096323
204,0,0,0.00039391293828758034
212,0,0,0.12273174046856504
213,0,0,0.22608164488769908
223,0,0,0.027310214582421454
225,0,0,0.19828481200680323
226,0,0,0.001966897025576082
227,0,0,0.012296305286933186
229,0,0,0.008703256276352482
231,0,0,0.004233177367185359
235,0,0,0.009562148428203044
250,0,0,0.033326203867329866
251,0,0,0.012373990323167399
253,1,0,0.0725486277372572
259,0,0,0.09963252382466216
262,1,0,0.14115013189337894
263,0,0,0.0005287471015823038
270,0,0,0.016255316158298366
272,0,0,0.07969491487847759
281,0,0,0.017340495891798577
286,0,0,0.007942414775650114
304,0,0,0.016291690696577835
309,0,0,0.004840469889751568
310,0,0,0.0032422978453434193
315,0,0,0.0006697182128216611
323,0,0,0.005313728273700029
325,0,0,0.010482794625120353
330,0,0,0.007185253378844797
331,0,0,0.0012748650945980675
335,0,0,0.013581624095119607
336,0,0,0.10229068718102782
348,0,0,0.0020647901610244706
349,0,0,0.004464559712119415
350,1,0,0.2737300014291281
360,0,0,0.003055535213611771
368,0,0,0.010655438156373185
371,0,0,0.010191971452702349
373,0,0,0.11220651956641105
391,0,0,0.15338722729611842
392,1,0,0.01610586062021495
397,0,0,0.0011714094853500201
398,0,0,0.003716370346920508
400,0,0,0.08948044806929557
402,0,0,0.004176208745657011
404,0,0,0.004357080996696093
420,0,0,0.2756037210108147
422,0,0,0.005376091380279802
425,0,0,0.0013210816659310156
426,0,0,0.08185601280999619
432,0,0,0.013076352367176388
441,0,0,0.007344520027040046
450,0,0,0.0033363766773506207
453,0,0,0.011871346323276627
467,0,0,0.0837804125754893
473,0,0,0.002783325374423667
475,0,0,0.0006850227530172452
481,0,0,0.029994998668142855
483,0,0,0.0018044666692379363
484,0,0,0.002080146485429563
486,0,0,0.002803554854693835
494,0,0,0.08395589350881576
505,0,0,0.08681676362444721
529,0,0,0.010184798534798534
535,0,0,0.0734377095419673
537,0,0,0.004772700358264686
538,0,0,0.00811523058646835
541,0,0,0.027078375677177823
542,0,0,0.12006589387545462
546,0,0,0.00338958564015607
554,0,0,0.0007352714431715751
558,0,0,0.0028906279238179165
563,0,0,0.006933646467938419
567,1,0,0.22741570227736915
568,0,0,0.15753612134916276
577,0,0,0.0006905294310688377
578,0,0,0.0029663753345365923
579,0,0,0.007920823822828769
585,0,0,0.009885641535332095
586,0,0,0.0032679897947209607
590,1,1,0.9407480212192934
605,0,0,0.0009589891776902369
608,0,0,0.015013295044773313
611,0,0,0.18222309126319508
613,0,0,0.0027074647598259198
614,0,0,0.10065783454268022
620,0,0,0.0034477130004345958
622,0,0,0.14681578422172284
624,0,0,0.012849978810969546
625,0,0,0.037864264773171195
643,0,0,0.0004346620450606586
645,0,0,0.016184887081278784
647,0,0,0.03195513756584627
651,0,0,0.003612343232508421
652,0,0,0.01174952753474067
654,0,0,0.003544523652159909
667,0,0,0.02608424480953526
673,0,0,0.009995090356141127
678,0,0,0.004734645802679703
694,0,0,0.005017738902295835
696,0,0,0.17902800806961522
697,0,0,0.14758953062728344
699,1,0,0.032208869518556366
701,0,0,0.0024725624443670004
708,0,0,0.047497122398694344
717,0,0,0.0070472937025654716
723,0,0,0.0011621582501337756
724,0,0,0.0011482720379910947
726,0,0,0.03407443797428341
734,0,0,0.00999729961053025
735,0,0,0.00793926653226038
750,0,0,0.02730621461239951
758,0,0,0.0011714094853500201
759,0,0,0.000468160647871244
761,0,0,0.0004731908289577631
762,0,0,0.0013589178951809427
763,1,0,0.21310924562560576
773,0,0,0.21024112387568547
775,0,0,0.02151621079908908
787,0,0,0.01171261004510318
789,0,0,0.005844801002973942
797,0,0,0.06890651745041236
798,0,0,0.006036378058440307
801,0,0,0.0018273978941147195
809,0,0,0.006890953333450042
827,0,0,0.007446376794188157
829,0,0,0.14240730866141132
832,0,0,0.0010492040665992112
837,0,0,0.025595518658104298
839,0,0,0.0014918142290821711
841,0,0,0.006273390244950979
853,0,0,0.0007277768223889576
858,0,0,0.006210459436149347
864,0,0,0.004534046046761165
870,0,0,0.005057049275228952
871,0,0,0.027887290634669465
873,0,0,0.027515566839718023
878,0,0,0.023777191881573994
887,0,0,0.007597382457750851
895,1,1,0.9545780797024551
898,0,0,0.004605612702052095
899,0,0,0.027116706104994375
905,1,0,0.014568941665709682
910,0,0,0.006029681793635946
911,0,0,0.1170308336430216
916,0,0,0.00503971742344086
923,0,0,0.007943432799452137
932,0,0,0.0006696581070833406
937,0,0,0.11798568880840103
939,0,0,0.0036584165446956235
942,0,0,0.005875739793573895
943,0,0,0.0033733487916424946
945,0,0,0.00634692877216067
948,0,0,0.0031712108843769725
949,0,0,0.02975033915711632
957,0,0,0.0020230271303094834
962,0,0,0.018517013306647356
967,0,0,0.04438916276752936
968,0,0,0.00012903296351260058
971,0,0,0.0052882700103793175
973,0,0,0.0007235309539455583
982,0,0,0.014578466984620876
984,0,0,0.001640589394882748
989,0,0,0.0012813433374358194
990,0,0,0.167376545154597
997,0,0,0.009365025472115382
998,0,0,0.23317231029919572
999,1,0,0.022790307413483677
1004,0,0,0.001251700950985018
1007,0,0,0.0007848806471970921
1012,0,0,0.0027264304606746514
1022,1,1,0.9666783945221443
1029,0,0,0.011016286227755296
1031,0,0,0.0005779276985543763
1032,0,0,0.0009714492294939385
1041,0,0,0.018863636363636364
1043,0,0,0.005595521287791365
1054,0,0,0.00478957358236545
1059,0,0,2.6857654431512983e-05
1067,0,0,0.004542468960751459
1068,0,0,0.003045115559037782
1073,0,0,0.0208150031176032
1078,0,0,0.04534915794728695
1084,0,0,0.04362800920204842
1094,0,0,0.00891542633981644
1097,0,0,0.016711329876050302
1101,0,0,0.009387170065656474
1102,0,0,0.006818046095977356
1103,0,0,0.0790844510527374
1134,0,0,0.014550103152298176
1142,0,0,0.10867287338346467
1144,0,0,0.0060276226501596595
1148,0,0,0.05256500823823391
1151,0,0,0.011077694931559192
1155,0,0,0.005605589746999501
1161,0,0,0.007315370094248462
1163,0,0,0.06933918318456016
1165,0,0,0.030046167150194467
1168,0,0,0.05134321185996188
1169,0,0,0.03435360989547573
1175,0,0,0.011915186943247676
1176,0,0,0.011986189543825741
1178,0,0,0.005369615417980375
1186,0,0,0.007946671442149259
1191,0,0,0.002604552755418367
1192,0,0,0.02836863279513858
1200,0,0,0.0004944663026426867
1203,0,0,0.028203477816481956
1208,0,0,0.0034889580115855232
1212,0,0,0.05867346242810341
1215,0,0,0.002085653288306245
1227,0,0,0.003085271569653481
1230,0,0,0.02918766706237431
1231,1,1,0.9356400912529927
1232,0,0,0.018660505284528017
1233,0,0,0.056539194309076786
1235,0,0,0.010881595957843075
1237,0,0,0.03632066146884526
1243,0,0,0.0018948920396073402
1254,0,0,0.10616591419247345
1255,0,0,0.002775058345115389
1264,0,0,0.00337829927852392
1265,0,0,0.002969567757202529
1266,0,0,0.06089511711633496
1273,0,0,0.09544630371850164
1286,0,0,0.05575435981866833
1293,0,0,0.004792687740114873
1304,0,0,0.014493521283581884
1316,0,0,0.00029057461537150173
1320,0,0,0.025186694324502476
1321,0,0,0.0024275778952158582
1323,0,0,0.012917536535202032
1327,0,0,0.014224985823202047
1332,1,1,1.0
1333,0,0,0.05451694096380232
1335,0,0,0.02134683615026251
1350,0,0,0.0002880211926018695
1351,0,0,0.045428936767303106
1354,0,0,0.004650616185364117
1356,0,0,0.06656771995647422
1357,0,0,0.08126883893492151
1367,0,0,0.02592857981546074
1369,1,1,0.943967390939978
1379,0,0,0.04584450828283005
1385,0,0,0.1870736667502867
1389,1,1,0.9578003941776336
1400,0,0,0.026366605521070143
1405,0,0,0.17773752209801022
1408,0,0,0.010550964527100463
1416,0,0,0.1805138901937671
1423,0,0,0.009110490498265534
1425,0,0,0.03667773735889434
1430,0,0,0.14019313749161946
1431,0,0,0.002919536686263562
1434,0,0,0.006407945590697428
1436,0,0,0.0025451296573935378
1437,0,0,0.013567951031080848
1440,0,0,0.03702721303510245
1444,0,0,0.005777741084430679
1448,0,0,0.09443155865347219
1456,1,1,0.9602980485612064
1459,0,0,0.05591912773499104
1467,0,0,0.021527928918992183
1468,0,0,0.024118686944326707
1481,0,0,0.005069743186960165
1482,0,0,0.07557728562440556
1486,0,0,0.0030746798093303747
1487,0,0,0.005060263614972893
1495,0,0,0.0018218286294288389
1503,0,0,0.08189978365286134
1506,0,0,0.006546620900368395
1507,0,0,0.010764529015808148
1509,0,0,0.010795252722120188
1520,0,0,0.06639191009686823
1532,0,0,0.0006913160431869485
1534,0,0,0.0024356452660395937
1538,0,0,0.012341330725794752
1539,0,0,0.003347777797423314
1563,0,0,0.0012485626081384688
1567,0,0,0.01305115540973216
1568,0,0,0.0363341322997331
1571,1,1,0.9518495488773815
1572,0,0,0.017964085794313082
1589,0,0,0.003989741371277745
1595,0,0,0.0010787621977798414
1596,0,0,0.012223065856410548
1597,0,0,0.0046736216427016065
1602,0,0,0.0030057363956498572
1604,0,0,0.0875350183111836
1613,0,0,0.006348795009648574
1619,0,0,0.03586021857014002
1642,0,0,0.0017533955596876663
1645,0,0,0.14591765092288655
1650,0,0,0.03881998318677757
1652,0,0,0.009592490724522392
1655,1,1,0.9739317623461082
1657,0,0,0.0012862739467540162
1667,0,0,0.0048314503657348445
1671,0,0,0.0018767208550202533
1676,0,0,0.012494293500983873
1681,0,0,0.14517549514609893
1682,0,0,0.11696963895147233
1683,0,0,0.0008896841215006953
1686,0,0,0.0042254142895536756
1688,0,0,0.04520098173134143
1698,0,0,0.020589107029930043
1706,0,0,0.0021131774097002186
1707,0,0,0.0009817436993498976
1709,0,0,0.012461939646639617
1716,0,0,0.0030400557190705686
1723,1,1,0.9909824175824176
1728,0,0,0.36510201935674047
1734,0,0,0.0041063827419278295
1736,1,0,0.013818874558704793
1741,0,0,0.023420987814247392
1743,0,0,0.010233182112206092
1745,0,0,0.007481812332498717
1751,0,0,0.0020794521333526456
1752,1,1,0.952037387177093
1755,0,0,0.00016318401165437492
1761,0,0,0.0011218849019449446
1763,0,0,0.0006409516861393737
1766,0,0,0.1642530026204029
1771,0,0,0.0026580980667178043
1774,0,0,0.27245722022141927
1777,0,0,0.03727314069699988
1779,0,0,0.0009189752934026879
1784,0,0,0.023138581000145715
1787,0,0,0.005224841824841825
1788,0,0,0.010567550348961802
1794,1,1,0.9357454785954786
1805,0,0,0.011911629244845522
1807,0,0,0.00903984183259478
1810,0,0,0.005039690342214631
1813,0,0,0.015944730659711116
1814,0,0,0.018999831964420497
1819,0,0,0.012015440009162619
1820,0,0,0.021476408877240914
1821,0,0,0.002553573892459502
1826,0,0,0.0004208006574358114
1832,0,0,0.020214486021865544
1837,0,0,0.0020922456205687613
1840,1,0,0.1813306343651634
1859,0,0,0.07262053138781194
1860,0,0,0.0005757311201057621
1867,0,0,0.005519920061583505
1868,0,0,0.016592628382751887
1876,0,0,0.010717971263154205
1880,0,0,0.07662530681845948
1895,0,0,0.0031506317464224253
1903,1,1,0.9513437397209792
1910,0,0,0.0479216754386301
1913,0,0,0.00573848702761981
1919,0,0,0.0004894361215561676
1923,0,0,0.028559602208378953
1925,1,0,0.06705725509170074
1927,0,0,0.0025361918288994358
1928,0,0,0.001150610838601763
1930,0,0,0.004924039175728168
1934,0,0,0.00403309235142883
1937,1,1,0.9853003003003004
1944,0,0,0.016240864712125137
1947,0,0,0.10889406686121031
1955,0,0,0.025525935157859118
1958,0,0,0.003192647061061292
1959,0,0,0.014189937509234385
1960,0,0,0.008043849363207985
1961,1,0,0.03775120182376139
1964,0,0,0.023782584428889062
1970,0,0,0.001640589394882748
1980,0,0,0.03119199506773969
1983,0,0,0.18279407795320893
1994,0,0,0.0004216000057818251
1995,0,0,0.0730518919067199
1997,0,0,0.017076001455861054
2002,0,0,0.049992940236753096
2010,0,0,0.003586931251622355
2013,0,0,0.030459930381785225
2014,0,0,0.03873292637011244
2025,0,0,0.004676704018381341
2027,0,0,0.004912871563687207
2031,0,0,0.17030606417474214
2047,0,0,0.0011849475048113672
2050,0,0,0.05109272878788232
2057,0,0,0.013595988270062531
2064,0,0,0.0004588545248436012
2066,0,0,0.007874319923591451
2068,0,0,0.025907370195633862
2077,0,0,0.08700215575162616
2078,0,0,0.01933669106290942
2082,0,0,0.050768334117678025
2090,0,0,0.021358208721955534
2092,0,0,0.0009226890542853673
2093,0,0,0.013946578956338482
2102,0,0,0.0022014493374030637
2105,0,0,0.0011523108264704267
2106,0,0,0.005753160317339914
2108,0,0,0.004018390643841538
2110,0,0,0.014509705463811563
2111,0,0,0.025617742368085242
2113,1,0,0.3094503145534364
2120,0,0,0.008709831237408556
2121,0,0,0.0007512305947132285
2124,0,0,0.0034614088226502045
2130,0,0,0.0009695241373579943
2138,0,0,0.0019006622571235894
2139,0,0,0.015371388673502708
2140,0,0,0.023689498891568316
2152,0,0,0.22249840964253853
2154,0,0,0.06881863540875698
2160,0,0,0.0018382948636417563
2172,0,0,0.004195700195156957
2173,0,0,0.04162024020310914
2175,0,0,0.005475303478198242
2180,0,0,0.028209442273522966
2182,0,0,0.08008534625565203
2183,0,0,0.0019030800390858376
2190,0,0,0.028902532171308688
2191,0,0,0.0011915384362308876
2194,0,0,0.0033977850805223934
2206,0,0,0.0014753214223273774
2208,0,0,0.16650157511227934
2210,0,0,0.004238943922316695
2211,0,0,0.02413334952588571
2212,0,0,0.022615538139839582
2215,0,0,0.009580971659919028
2219,0,0,0.02977843255678589
2220,0,0,0.005092500332040922
2231,0,0,0.002521431825478179
2233,0,0,0.011119911875475777
2240,0,0,0.0010508615662749208
2247,0,0,0.0007389063210477009
2251,0,0,0.01666675845212201
2257,0,0,0.005543351692896908
2265,0,0,0.20671599832737533
2278,0,0,0.0005785399160382047
2281,0,0,0.014621979443560626
2296,0,0,0.09029873639187519
2299,0,0,0.0014642867776423942
2303,0,0,0.0011212643199743758
2305,1,1,1.0
2307,0,0,0.03661916319939336
2309,0,0,0.01119521743539496
2310,0,0,0.020244262213995303
2312,0,0,0.035994997624014265
2325,0,0,0.02844627599034395
2330,0,0,0.0171974419198544
2331,0,0,0.10480656299250421
2350,1,1,0.9486915810766507
2356,0,0,0.000468160647871244
2360,1,1,0.9441371138440104
2366,0,0,0.011274546920737889
2370,0,0,0.0007246126038583304
2376,0,0,0.02808861236821917
2381,0,0,0.0009226890542853673
2388,0,0,0.003267444063590607
2389,0,0,0.025122267870801726
2392,0,0,0.0012410255512188071
2400,0,0,0.1549972984752279
2409,0,0,0.028642641366594557
2411,0,0,0.2604305836131001
2412,0,0,0.0030455218645240134
2414,0,0,0.00713367950627168
2417,0,0,0.001864912259127017
2418,0,0,0.0007303384787357769
2434,0,0,0.09111028424601533
2440,0,0,0.0032311654072140067
2460,0,0,0.00987998643427518
2461,0,0,0.054808742260114444
2462,1,1,0.9161776509205082
2464,0,0,0.005622100386783073
2469,0,0,0.003737925487066862
2475,0,0,0.018748138607680293
2478,0,0,0.008309334822148726
2479,0,0,0.039444184231069476
2482,0,0,0.01030460281387118
2493,0,0,0.00471143279784373
2503,0,0,0.00390338696930269
2513,0,0,0.003366145464750509
2520,1,1,1.0
2541,1,1,1.0
2544,1,1,0.9919402985074628
2546,0,0,0.015425319615872755
2569,0,0,0.008131094696553761
2570,0,0,0.06332152650735226
2574,0,0,0.00310913233489132
2581,0,0,0.07672039669012108
2586,0,0,0.003182178219048128
2590,0,0,0.159256723607718
2600,0,0,0.01258759940717473
2601,0,0,0.0020480495410685477
2603,0,0,0.00042918574957667986
2604,0,0,0.009475365631987021
2614,1,1,0.9909824175824176
2615,0,0,0.003061863925942228
2619,0,0,0.005016850726538465
2620,1,0,0.19388605678946536
2623,0,0,0.0030211970392792055
2624,1,1,0.9365708263516704
2628,0,0,0.008796920948360895
2630,0,0,0.008268964598342542
2636,0,0,0.0945504800256194
2637,0,0,0.13702100576526163
2643,0,0,0.021296809885689796
2649,0,0,0.006806606824170366
2655,0,0,0.0013122444901029436
2662,0,0,0.0016315766072588721
2669,0,0,0.0039034707708175058
2672,0,0,0.0027315197187222184
2674,0,0,0.001163251471178299
2682,0,0,0.023180136004810285
2688,0,0,0.0007269252625384807
2697,0,0,0.021690362506285296
2698,0,0,0.012915636775294257
2700,0,0,0.004033026381906114
2705,0,0,0.007269099851788407
2706,0,0,0.10454269467992101
2707,0,0,0.002670383400910648
2709,0,0,0.06685359384171283
2713,0,0,0.0009319309434048487
2716,0,0,0.01957211278362569
2717,0,0,0.02620010448720808
2721,0,0,0.0022352573297038042
2731,0,0,0.0008195231147108021
2733,1,1,1.0
2736,0,0,0.001520286300223225
2758,0,0,0.1988645609317249
2775,0,0,0.03954105453221383
2778,0,0,0.004927367583723765
2786,1,0,0.13457747740551246
2790,0,0,0.06429577953542377
2792,0,0,0.006748084727857294
2804,0,0,0.002727934821320719
2805,0,0,0.021470482855250484
2808,0,0,0.0013391280558832665
2810,0,0,0.04454438642538484
2817,1,0,0.23846267035912727
2819,0,0,0.0018280100250029944
2821,0,0,0.028399870313369466
2822,0,0,0.004440841647574675
2824,1,1,0.9746192696192698
2828,0,0,0.11722630532539942
2835,0,0,0.0017794957406150186
2836,0,0,0.015107185116400182
2844,0,0,0.00467232451984044
2846,0,0,0.1311468269814065
2852,0,0,0.004306981925562012
2853,0,0,0.009825551309955915
2855,0,0,0.0031574729433732594
2856,0,0,0.03638469699130148
2863,0,0,0.0021007291250010173
2867,0,0,0.0035715663838265916
2879,0,0,0.013870730972555955
2890,0,0,0.0027417755362817973
2897,0,0,0.019059186922050383
2904,0,0,0.1296182314900237
2905,0,0,0.010985102323491846
2916,0,0,0.02515696469494222
2921,0,0,0.0005366014258238524
2924,1,1,0.9820682503770739
2928,0,0,0.0014859475467350535
2934,0,0,0.0034561597584273924
2935,0,0,0.004530513109932494
2938,0,0,0.07507870041779703
2940,0,0,0.010308894895732007
2948,0,0,0.04740263561363142
2959,0,0,0.006752010848359136
2961,0,0,0.0015961333359046032
2962,0,0,0.03959343813308427
2975,0,0,0.0009641061953487104
2979,0,0,0.07293480962521837
2984,0,0,0.0038596529334416784
2985,1,0,0.25248050921678655
2986,0,0,0.0004894361215561676
2988,0,0,0.0012002890132700294
3002,1,1,0.877415569787312
3010,0,0,0.02182217419440305
3016,0,0,0.0029473233284158995
3018,0,0,0.0007210185254398437
3036,0,0,0.015763912276919378
3038,0,0,0.01733352084459843
3048,0,0,0.3815380024535882
3050,1,1,0.9577350427350427
3054,0,0,0.03130145909076538
3061,0,0,0.06607320732436057
3071,0,0,0.056070436168891506
3078,0,0,0.11689434555391955
3079,0,0,0.006636938084333552
3080,0,0,0.008961684750653414
3088,0,0,0.04121207240675421
3089,0,0,0.0024011046383187766
3090,0,0,0.08263144804675097
3100,1,1,0.9458549324478205
3104,0,0,0.024868852377731142
3121,0,0,0.021512278885168556
3123,0,0,0.003329580126172728
3125,0,0,0.0008711133163072196
3134,0,0,0.11243825168145177
3137,0,0,0.007325872025273878
3145,0,0,0.0063701493334213845
3151,0,0,0.0008040190515213722
3156,0,0,0.004154633529978212
3158,0,0,0.004443331084752572
3168,0,0,0.007297036574108026
3169,0,0,0.004470468292658647
3174,0,0,0.0029677055432795257
3176,0,0,0.07419869232316083
3177,0,0,0.08992921576019781
3179,0,0,1.9569471624266145e-05
3182,0,0,0.006342388938623224
3198,0,0,0.002508343647100776
3207,0,0,0.002047157209548495
3208,0,0,0.09381631740614102
3209,0,0,0.0061552296597210164
3213,0,0,0.002984810138891447
3217,0,0,0.004656136234644304
3228,0,0,0.003086612337203312
3233,1,1,0.9442515095740902
3245,0,0,0.005958798991776129
3249,0,0,0.05703397100245909
3252,1,1,0.9841067226890756
3256,0,0,0.07711676321122303
3257,0,0,0.013222186769682736
3264,0,0,0.009159280319626708
3266,0,0,0.0012342465753424658
3273,0,0,0.1741462611658874
3279,0,0,0.0007727545185201548
3281,0,0,0.0018968224318324895
3284,0,0,0.006658972019016068
3290,0,0,0.0674690237658574
3302,0,0,0.012752161943145152
3306,0,0,0.0009565967159286723
3314,0,0,0.020835436627250577
3319,0,0,0.045277236546285134
3334,0,0,0.013907969728483871
3341,1,0,0.04693324958966935
3343,0,0,0.07708544741711441
3345,0,0,0.01620363503885878
3350,0,0,0.004025565467968893
3354,0,0,0.06262147269573655
3355,0,0,0.10962984727275098
3358,0,0,0.009021581575485276
3363,0,0,0.007858616726815112
3364,0,0,0.03582877959307269
3369,0,0,0.04673021459714059
3382,0,0,0.001190360533158111
3385,0,0,0.12942785785798033
3388,0,0,0.19343726098840297
3390,0,0,0.05855773575995246
3392,0,0,0.008394315124754248
3393,0,0,0.019377683357822084
3395,0,0,0.03175786046569946
3397,0,0,0.16325900480560185
3398,0,0,0.002611053847949069
3403,0,0,0.005504096751481767
3414,0,0,0.0006976531719252631
3422,0,0,0.0028535381979956616
3431,0,0,0.09595262699031691
3433,1,1,0.9076264234303707
3438,0,0,0.005418885943780474
3445,0,0,0.004161491132132547
3456,0,0,0.00046485732904492607
3458,0,0,0.0028698228374128536
3473,0,0,0.0039689529042422934
3479,0,0,0.10112647243996623
3480,1,1,0.9526135809908205
3490,0,0,0.08278462193478613
3494,0,0,0.01099626989748485
3495,1,1,0.8689499461882322
3506,0,0,0.015581378746767795
3508,0,0,0.004641907047679157
3509,0,0,0.006684497487484511
3510,0,0,0.0005380626131082878
3512,0,0,0.009738968611780044
3514,0,0,0.06602443327179643
3517,0,0,0.012044997952125467
3519,0,0,0.09714409271529839
3521,0,0,0.004925493692104168
3523,0,0,0.007715036427531553
3524,0,0,0.03129743791313869
3531,0,0,0.0013826738853302432
3535,0,0,0.0013924281959300801
3536,1,1,0.8775342056529791
3546,0,0,6.0821965418368233e-05
3549,0,0,0.0028265750638959445
3553,0,0,0.004140062886830047
3557,0,0,0.0010315819944999277
3561,0,0,0.002204330984715902
3562,0,0,0.002862405425648487
3578,0,0,0.006588063597657373
3581,0,0,0.06419990825589272
3583,0,0,0.2056825452479353
3585,0,0,0.14838348339508278
3590,0,0,0.009406026919253515
3594,0,0,0.003269345906482098
3596,0,0,0.0010794471330785765
3608,0,0,0.0495240969810235
3614,0,0,0.0025993911220050687
3616,0,0,0.011791647331142883
3632,0,0,0.022636836371544438
3637,0,0,0.0007112881534919081
3642,0,0,0.010215701459671099
3646,0,0,0.005831469848192939
3647,0,0,0.002139490727350292
3650,0,0,0.001980033030409875
3653,0,0,0.020670111896664768
3654,0,0,0.12207480230598383
3658,0,0,0.03279184491104489
3659,0,0,0.014543886308310175
3660,0,0,0.03248414487897255
3665,0,0,0.02000791812262738
3666,0,0,0.0003795774887688419
3670,0,0,0.09811042204645444
3675,0,0,0.00615902994122495
3688,0,0,0.003081962746935372
3694,0,0,0.01591843106160089
3703,0,0,0.012104637785295745
3706,0,0,0.00510755757063704
3717,0,0,0.01050727425765314
3721,0,0,0.0019379188280298388
3724,0,0,0.007496485774831518
3737,0,0,0.0022352573297038042
3738,0,0,0.019206999285960286
3740,0,0,0.056983179207366993
3745,0,0,0.0066402055510682316
3748,0,0,2.6857654431512983e-05
3753,0,0,0.0043412974512534895
3765,0,0,0.11676932714450032
3771,0,0,0.022231436056367522
3772,0,0,0.10040972796076303
3775,0,0,0.019305769132979878
3779,0,0,0.0019414210443201008
3781,1,1,1.0
3784,0,0,0.0014013233580818486
3786,0,0,0.0037179968560916697
3790,0,0,0.001590893366631562
3791,0,0,0.004012702982237598
3803,0,0,0.018803847189764446
3810,0,0,0.005446057401213733
3813,1,1,0.9608992952765347
3817,0,0,0.19445996829150464
3826,0,0,0.037927111675160025
3829,0,0,0.007129454383260564
3833,0,0,0.01919558799575576
3839,0,0,0.021839324141565565
3858,0,0,0.005475836797323838
3859,0,0,0.0015706917688210764
3861,0,0,0.004272035943344336
3862,0,0,0.0008962219283429484
3873,0,0,0.001738013745388086
3878,0,0,0.017494905094905096
3882,1,0,0.15517809696738818
3884,0,0,0.0028476728186564134
3892,1,1,0.9563334624610035
3893,0,0,0.00014099430895698394
3899,0,0,0.01923246143362015
3909,0,0,0.015871500942305453
3912,0,0,0.014497002837709883
3920,0,0,0.0007438498892122506
3922,1,1,0.9283664300597136
3926,0,0,0.000495018302302757
3928,0,0,0.01155596270311523
3929,0,0,0.008155881876692184
3945,0,0,0.008888689732858654
3951,0,0,0.005152463434258131
3953,0,0,0.007591982208961134
3954,0,0,0.001721371858578059
3962,0,0,0.0718579471115614
3978,0,0,0.21952749550872983
3982,0,0,0.009707622274133805
3984,0,0,0.0006825036145820368
3988,0,0,0.13505880053765534
3989,0,0,0.06627527810314027
3990,0,0,0.02138697485701522
3999,0,0,0.24181495705546444
4000,0,0,0.012780714202544561
4005,0,0,0.0154925499987564
4010,0,0,0.0009169898484408755
4014,0,0,0.05954412698972496
4018,0,0,0.002860999983332272
4020,0,0,0.0034190641851881997
4025,0,0,0.13046927662487748
4040,0,0,0.005885338455018076
4042,0,0,0.1919598915254171
4045,0,0,0.008291727953166045
4046,0,0,0.10080741861223562
4049,0,0,0.06997065751628462
4052,0,0,0.0007976197303489843
4053,0,0,0.005807584968520768
4057,0,0,0.020639042642891944
4072,0,0,0.07471087463949168
4075,0,0,0.0011966945028424227
4083,0,0,0.0008219623665735891
4085,0,0,0.008992372518454216
4090,0,0,0.0014067527909869604
4094,0,0,0.007475951249840843
4102,0,0,0.0012092078540748385
4110,1,0,0.15394634716553
4111,0,0,0.08539365577738195
4112,0,0,0.08071749080082677
4116,0,0,0.006972504158897644
4119,0,0,0.003894176475246014
4120,0,0,9.13126667173363e-05
4125,0,0,0.07684138050667624
4127,0,0,0.0005617566472607273
4132,0,0,0.0010315979102864348
4137,0,0,0.013741219738015946
4142,0,0,0.007538080576678794
4143,0,0,0.06213138158069059
4145,0,0,0.0012847450825742806
4147,0,0,0.008791898918730333
4154,0,0,0.008193596267382842
4155,0,0,0.0015906168813508924
4169,0,0,0.033757772251929434
4173,0,0,0.0034086060320751422
4182,0,0,0.003577842235239839
4183,0,0,0.054328038341165646
4184,0,0,0.0008728830488039317
4185,0,0,0.0033594250364627305
4196,1,1,0.9719248778998779
4198,0,0,0.06968483843558894
4199,0,0,0.00408073793364124
4202,1,1,0.9909824175824176
4204,0,0,0.002391423464938709
4206,0,0,0.04585754618078628
4208,0,0,0.30496959847016153
4217,0,0,0.07129431270646197
4221,0,0,0.04956909038433447
4227,0,0,0.0011165900706697105
4229,0,0,0.05830737968892927
4246,0,0,0.04690663937968085
4249,0,0,0.03586312582364861
4250,0,0,0.01305267178417358
4257,1,0,0.07500051473668169
4260,0,0,0.003327452911033769
4262,0,0,0.004542468960751459
4264,0,0,0.0004713729751961458
4266,0,0,0.042497747412534405
4272,0,0,0.0004894361215561676
4273,0,0,0.0034873674512468644
4274,1,0,0.09365512829320004
4279,0,0,0.02893020874707622
4287,0,0,0.05945716893261635
4311,0,0,0.010287245429429293
4319,0,0,0.025448222683408694
4321,0,0,0.007295113699581082
4323,0,0,0.001874540431609816
4324,0,0,0.05576269145590818
4340,0,0,0.0209322149237789
4344,0,0,0.04383724286650134
4347,0,0,0.19336166159941914
4357,0,0,0.005853478094474335
4358,0,0,0.2584970492959741
4360,0,0,0.0007722650037992787
4363,0,0,0.003317366147123286
4368,0,0,0.0005552500798766378
4369,0,0,0.0075890274407590195
4373,0,0,0.0012106933691538924
4375,0,0,0.024983075219398278
4380,0,0,0.004821149976607204
4388,0,0,0.0030828639543710925
4389,0,0,0.006448944232173386
4390,1,1,0.9909824175824176
4395,0,0,0.000495018302302757
4397,0,0,0.006869726937974119
4400,0,0,0.0020831261212605028
4403,0,0,0.17987781487763144
4407,0,0,0.009752128197365213
4408,0,0,0.00017453693410183176
4410,0,0,0.03403304792496615
4414,0,0,0.009025103992225557
4415,1,1,0.9662736062069395
4417,0,0,0.0007438228901593983
4419,0,0,0.001925761302582117
4422,0,0,0.002797367808482657
4435,0,0,0.00654291644142307
4448,0,0,0.023239992493347506
4466,0,0,0.009882023177837556
4470,0,0,0.014335580595333049
4472,0,0,0.0008473839373738135
4485,0,0,0.008294661246417043
4493,0,0,0.0026898068601506815
4502,0,0,0.0016143580706102934
4512,0,0,0.0030239604068462798
4513,0,0,0.0059220604269874175
4515,1,0,0.09475483596083914
4517,0,0,0.0025061329437744994
4520,0,0,0.01252703321864938
4528,0,0,0.0015879084849881298
4537,0,0,0.001284779112521126
4538,0,0,0.05957010449099474
4540,0,0,0.010313191322523167
4541,0,0,0.002039623467033418
4543,0,0,0.0002581659283575528
4544,0,0,0.003019655113106849
4545,0,0,0.07665555879310909
4548,0,0,0.012203467207195234
4558,0,0,0.0018375909678267368
4567,1,1,0.9278466135026358
4568,0,0,0.017047836996811828
4569,1,1,0.9530688157889946
4587,0,0,0.007783456089917045
4591,0,0,0.012134886477873029
4607,0,0,0.001868696831978349
4631,0,0,0.11508342045347833
4653,0,0,0.0011997517557731372
4658,0,0,0.021284482938726538
4676,0,0,0.0020788473466344564
4678,0,0,0.0012753894398168269
4681,0,0,0.0030808887975722734
4682,0,0,0.0307890504832835
4685,0,0,0.34895258066233287
4694,0,0,0.0013165968288403281
4711,0,0,0.010700848995163565
4722,0,0,0.03485226428275933
4723,0,0,0.005170999785919451
4725,0,0,0.0007547425040797805
4727,0,0,0.0030914182881261443
4736,0,0,0.040371108361901074
4739,0,0,0.000468160647871244
4743,0,0,0.06430705550360954
4746,0,0,0.049668544499180435
4749,0,0,0.02142764069486452
4754,0,0,0.0012688992547149227
4757,0,0,0.010006613728445923
4759,0,0,0.005303470502260214
4780,0,0,0.003251502816357947
4781,0,0,0.020634347275441386
4784,0,0,0.013632433756428905
4788,1,1,0.9471712363313448
4789,0,0,0.06493603684401593
4790,0,0,0.047900991006768125
4796,1,0,0.18369633032307756
4801,0,0,0.013381275479395455
4802,0,0,0.016165352580169733
4803,0,0,0.005201437332890979
4811,0,0,0.004674057283047939
4812,0,0,0.035554049195332095
4814,0,0,0.000495018302302757
4816,0,0,0.03525318126479738
4828,1,0,0.1427511576731361
4829,0,0,0.0011020655056982
4845,0,0,0.003350049525989381
4850,0,0,0.19362209643799544
4862,0,0,0.0030033813530345177
4863,0,0,0.024462392884239806
4866,0,0,0.010566790002386259
4868,1,1,0.8759098124098125
4870,0,0,0.007486334909255982
4872,0,0,0.0014735328629807498
4873,0,0,0.0028662468171831218
4875,0,0,0.015820664411158137
4879,0,0,0.10493124185431922
4892,0,0,0.003191913871217062
4896,0,0,0.1488982905576802
4908,0,0,0.18637235291950635
4912,0,0,0.03539845524319238
4915,0,0,0.05818351295283383
4916,0,0,9.13126667173363e-05
4920,0,0,0.03810233205131791
4926,0,0,0.0074585264920468
4933,0,0,0.0035768910415274685
4934,0,0,0.12332364127589444
4939,0,0,0.01706723592490321
4947,0,0,0.2553229413564179
4952,0,0,0.007627949837278637
4962,0,0,0.02258203298425613
4963,0,0,0.18270739314596618
4973,0,0,0.007586186354919785
4976,0,0,0.07010310770469227
4979,0,0,0.026632575718495047
4983,0,0,0.006955982935009451
4990,0,0,0.39449479976642915
4996,1,0,0.08473103623175827
4999,0,0,0.038269495470569244
5000,0,0,0.004702612990139981
5017,0,0,0.013789953608417886
5026,0,0,0.0005154226512158814
5031,0,0,0.0014159472337791504
5032,0,0,0.040296137934430584
5046,0,0,0.0026369893881175764
5048,0,0,0.0314477098878443
5051,0,0,0.27264692929410833
5052,0,0,0.015910881596306607
5054,0,0,0.0004894361215561676
5058,0,0,0.0010323462718725422
5063,0,0,0.026075806443302377
5073,0,0,0.008411481109695097
5080,0,0,0.009041910066640515
5082,0,0,0.004759321185678827
5085,0,0,0.0038130742545727115
5086,0,0,0.000599141568530374
5092,1,1,0.8209027179001354
5097,0,0,0.0017004279756555607
5102,0,0,0.09865021760552292
5104,0,0,0.26299092273268776
5112,0,0,0.008550348977685916
5132,1,1,0.8136125223034449
5133,0,0,0.10654766379409644
5134,0,0,0.005283871908421081
5135,0,0,0.04834602149845876
5140,0,0,0.3621691719313936
5145,0,0,0.0005041153536599972
5153,1,1,0.99
5155,0,0,0.18883357599158512
5156,0,0,0.03866989513200295
5163,0,0,0.011135049120715494
5166,0,0,0.0076963547173151525
5184,0,0,0.003091817358645441
5185,0,0,0.10491988137461206
5188,0,0,0.022145605585805424
5210,0,0,0.003840999967986487
5213,0,0,0.014450937192703739
5214,0,0,0.08016946320958666
5215,0,0,0.0004742826626551504
5220,0,0,0.001150610838601763
5225,0,0,0.00023158199449992763
5226,0,0,0.018494716312033102
5228,0,0,0.0391754646420971
5229,0,0,0.0013542245341839295
5231,0,0,0.10003829907702552
5233,0,0,0.004266727544272501
5236,1,1,1.0
5251,0,0,0.0010365174457212009
5252,0,0,0.001929574191120714
5259,0,0,0.015081593110371983
5261,0,0,0.04695460212928589
5263,1,1,0.9819015837104073
5264,0,0,0.008726963281950557
5265,0,0,0.002536398946499578
5272,0,0,0.03256533035232434
5273,0,0,0.0016689558503975078
5278,0,0,0.04548555309541508
5284,0,0,0.0054146881086163945
5297,0,0,0.004264874451129227
5300,0,0,0.00012658227848101267
5304,0,0,0.0026594384841056255
5307,0,0,0.0018280100250029944
5310,0,0,0.004608786243585377
5312,0,0,0.012325330359799434
5314,0,0,0.010447971805084168
5315,0,0,0.0081815797742481
5318,0,0,0.08845571406930491
5330,0,0,0.012039954289428912
5335,0,0,0.0028900703159226242
5337,0,0,0.001621419350197171
5338,0,0,0.0042308951246903875
5342,1,1,0.9656209069981465
5349,0,0,0.0730898820224245
5359,1,1,0.946385528813422
5367,0,0,0.032353196463921305
5371,0,0,0.03147576891795987
5378,0,0,0.009198851179443525
5380,0,0,0.0015737773034954106
5382,0,0,0.0012106933691538924
5384,1,0,0.1632706460710919
5385,0,0,0.006877197173458555
5404,0,0,0.013845656279201434
5406,0,0,0.0016003336753793501
5408,0,0,0.001644331195906843
5409,0,0,0.004884728072668023
5411,0,0,0.005316561844863732
5415,0,0,0.009761258398271702
5417,1,1,0.9815732272104263
5421,0,0,0.0005831478746821054
5429,0,0,0.0263867870843552
5431,1,1,0.9715286402345386
5432,0,0,0.0065810788363850755
5436,0,0,0.019748852530956124
5440,0,0,0.004337843891344452
5447,0,0,0.00958186868984208
5450,0,0,0.007358829514701974
5451,0,0,0.01656217649547362
5457,0,0,0.003662547478256648
5459,0,0,0.0027187164377241047
5476,0,0,0.0004742826626551504
5480,0,0,0.0005178686680767286
5486,0,0,0.0028841259780936625
5488,0,0,0.06735390478746592
5495,0,0,0.08787145002560028
5499,0,0,0.034076203609892455
5504,0,0,0.0009995136843750493
5512,0,0,0.001722852913581635
5518,0,0,0.003385984244974061
5521,1,1,0.9544155011655012
5525,0,0,0.01503055023235543
5527,0,0,0.005817166565833463
5533,0,0,0.0005154226512158814
5537,1,1,0.9854391891891892
5538,0,0,0.0027130595740273
5540,0,0,0.08178068749282978
5550,1,1,0.9453536819010537
5558,0,0,0.003223514471159451
5561,0,0,0.0005041153536599972
5564,1,1,0.9415357142857144
5565,0,0,0.0019005597693583154
5567,0,0,0.055954972497806975
5580,0,0,0.07924221134659484
5582,0,0,0.02657188140259267
5585,0,0,0.026800763265754476
5591,0,0,0.006626654668091112
5604,0,0,0.016833395152814436
5610,0,0,0.0027594571078960197
5612,0,0,0.002199389940112524
5616,0,0,0.0028372295427498443
5617,0,0,0.10148477343887334
5629,0,0,0.13358316897868008
5635,0,0,0.005747487413049772
5640,0,0,0.0018552616275524418
5652,0,0,0.0028451051977450396
5658,0,0,0.010699554527499771
5660,0,0,0.005187304630150725
5666,0,0,0.009260871174318019
5679,0,0,0.015027517206189207
5680,0,0,0.010399960049638564
5686,0,0,0.26711586279671135
5692,0,0,0.01427204939260513
5704,0,0,0.01462214875392573
5706,0,0,0.0030921917670125427
5708,0,0,0.003077566868929008
5713,0,0,0.0053351973960216155
5714,1,1,0.9845538461538461
5723,0,0,0.0166742203923175
5726,0,0,0.10040637475449103
5729,0,0,0.03292621689777378
5730,0,0,0.00807593582541087
5737,1,1,0.9577779537535637
5750,0,0,0.043869265323617464
5757,0,0,0.07233071988424335
5759,0,0,0.021071106328202912
5760,0,0,0.0011263738172635146
5761,0,0,0.000673992673992674
5767,0,0,0.004852661323721206
5769,0,0,0.009498833852895653
5770,0,0,0.24413962715063764
5775,0,0,0.0005154226512158814
5778,0,0,0.0013115372578093058
5787,0,0,0.0077742112256725115
5790,0,0,0.023322935717438886
5792,0,0,0.0031926723335329236
5793,0,0,0.0024356452660395937
5801,0,0,0.00810883971401661
5804,0,0,0.00042918574957667986
5806,0,0,0.10475132510624739
5808,0,0,0.009951796156534083
5816,0,0,0.007657471523056922
5823,0,0,0.0006910782415678665
5826,0,0,0.0006341037657410319
5831,0,0,0.0011915384362308876
5832,0,0,0.0025109765233974506
5834,0,0,0.001420546931347499
5837,0,0,0.05154504513742891
5838,0,0,0.0023773998011554936
5845,0,0,0.04790747467542875
5846,1,1,1.0
5871,0,0,0.02697947091105527
5873,0,0,0.0007657971966993143
5879,0,0,0.02145104507110586
5886,0,0,0.009189486791549063
5887,0,0,0.028727430212238704
5888,0,0,0.003811582354192048
5893,0,0,0.007880484921891782
5900,0,0,0.03547864860689177
5903,0,0,0.060953976362313346
5905,0,0,0.003782530012031667
5910,0,0,0.0019414210443201008
5912,0,0,0.023846295958423108
5918,0,0,0.0032338990321106476
5923,0,0,0.0003795774887688419
5924,1,1,0.9909824175824176
5927,0,0,0.015416523791115584
5936,0,0,0.024657047278366564
5937,0,0,0.0014273780990762559
5938,0,0,0.1551318214689685
5941,0,0,0.10274260506459505
5943,0,0,0.0030827897255851344
5948,0,0,0.001021344383380518
5953,0,0,0.006030971615919003
5955,1,1,0.9187534073809605
5964,0,0,0.0010290315979683052
5967,0,0,0.003147006992428819
5971,0,0,0.011123961796695754
5975,0,0,0.05907310123247409
5978,0,0,0.11870605421557964
5980,0,0,0.028109289879888234
5986,0,0,0.005171677089631811
5987,0,0,0.0032551175499329317
5989,0,0,0.036267900860056275
5998,0,0,0.03599972474755786
5999,0,0,0.0027433928583583058
6006,0,0,0.0011781886693279105
6008,0,0,0.043858724122678626
6020,0,0,0.0015359298205868841
6022,1,0,0.20991631042936107
6027,0,0,0.01534105938305147
6028,0,0,0.09802461693779627
6034,0,0,0.00042709532452726585
6038,0,0,0.012266791351273515
6042,0,0,0.03369540809609814
6043,0,0,0.07882978031831125
6050,0,0,0.004221927031305584
6059,0,0,0.0013961018334571465
6060,1,1,0.9713557297901159
6065,0,0,0.0018710679335802569
6075,0,0,0.014776987092131018
6076,0,0,0.0008956747637816559
6081,0,0,0.03451069545969132
6086,0,0,0.0008172611614855865
6090,0,0,0.008316920506394189
6091,0,0,0.006819702395242153
6092,0,0,0.0018155270333944128
6118,0,0,0.27575359269193694
6120,0,0,0.10153491498589082
6122,0,0,0.0016325107201306335
6123,0,0,0.01676932674704098
6126,1,1,0.8713779000525561
6128,0,0,0.0025221763058822
6131,0,0,0.0020335300464479796
6134,0,0,0.00456357126384191
6138,0,0,0.003808703692883581
6146,0,0,0.0024091812516666544
6148,0,0,0.01885167918074008
6152,0,0,0.002826359311156707
6158,0,0,0.0009226949008540206
6159,0,0,0.003619994151999416
6160,0,0,0.03318255147087114
6161,0,0,0.0024047670699020728
6167,0,0,0.0044654107796964935
6170,0,0,0.0015460616325089778
6172,0,0,0.0014505794299577376
6174,0,0,0.002507882044833991
6178,0,0,0.006731602364291163
6179,1,1,0.9332384853761976
6183,0,0,0.003282222334156478
6184,0,0,0.003696985135465768
6185,0,0,0.19216351517820565
6190,1,1,0.9909824175824176
6191,1,1,0.967276575292326
6192,0,0,0.0016546116671207667
6196,0,0,0.01065926378368506
6209,1,1,0.9913333333333333
6215,0,0,0.0006635635255494341
6216,0,0,0.0028355700120673345
6226,0,0,0.0001612815939410886
6227,1,0,0.05526599103323395
6229,0,0,0.005705220583452
6236,0,0,0.00943924150939874
6243,0,0,0.0015798330894596891
6253,0,0,0.022743756523730126
6257,0,0,0.021515391453674836
6260,0,0,0.00046095136603063226
6262,1,1,0.9559093038525874
6263,0,0,0.03603133706190903
6265,0,0,0.022456909658255836
6266,0,0,0.0050899262462903595
6267,0,0,8.626725803923338e-05
6279,0,0,0.0012106933691538924
6284,0,0,0.013055769731490408
6287,1,0,0.1829316016400708
6291,0,0,0.00044049304713256394
6297,0,0,0.07789908615808405
6300,0,0,0.010669487019013274
6307,1,1,0.9308247825747827
6310,0,0,0.003459007025647322
6313,0,0,0.002535363937606711
6320,0,0,0.0848658478986345
6322,0,0,0.01730363812549286
6327,0,0,0.005386236012339841
6329,0,0,0.0023447099255152586
6347,0,0,0.09451109563787692
6352,0,0,0.005388953297669204
6354,0,0,0.0019733707118433914
6356,1,0,0.13665155768270976
6362,0,0,0.000495018302302757
6365,1,0,0.24517500646787496
6374,0,0,0.0007163622383444422
6378,0,0,0.005235652148132398
6383,0,0,0.0023533641682241596
6388,0,0,0.006423340882332803
6394,0,0,0.01031713688667828
6395,0,0,0.02180246965749415
6401,0,0,0.01842554897727441
6404,1,1,0.9834411764705883
6414,0,0,0.11653131001891025
6415,0,0,0.011021164490270146
6418,0,0,0.0060098941876128124
6422,0,0,0.0047353963271918815
6425,0,0,0.0022716640282390553
6426,0,0,0.0004742826626551504
6428,0,0,0.0036027942615014276
6431,0,0,0.25468431332498764
6435,0,0,0.0545984438135332
6453,0,0,0.03157603075074599
6463,0,0,0.262339753044347
6464,1,1,0.9458461361333701
6484,0,0,0.024749878931925474
6485,1,0,0.037064755712596736
6488,0,0,0.04912282513916825
6489,0,0,0.1813871443766457
6490,0,0,0.00331693239593946
6491,0,0,0.009036185734677654
6492,0,0,0.0694477789685725
6497,0,0,0.0035406465591349178
6503,0,0,0.006398224742594549
6504,0,0,0.0011523108264704267
6505,0,0,0.017470064366015205
6521,0,0,0.04534405954365341
6523,1,1,1.0
6538,0,0,0.020541973699069693
6541,0,0,0.004035740953598853
6542,0,0,0.2138512014117913
6546,0,0,0.001615841912149375
6547,0,0,0.009242847051752682
6548,0,0,0.0010993997967910535
6549,0,0,0.0348846850126834
6550,0,0,0.01172948576312462
6562,0,0,0.12875676111924075
6567,0,0,0.00022683321368671723
6569,0,0,0.04215855173681282
6571,0,0,0.013016116393892276
6574,0,0,0.32631414347652815
6577,0,0,0.001405917544041335
6581,0,0,0.03010965050717177
6597,0,0,0.00928745574263623
6602,0,0,0.010862197012705766
6613,0,0,0.007560034743403471
6617,0,0,0.05682610265431023
6620,0,0,0.3128279335698119
6627,0,0,0.008305387733896158
6632,0,0,0.10185004277104166
6638,0,0,0.0018480237004038925
6640,0,0,0.004096211265599766
6648,0,0,0.009423427059861638
6651,0,0,0.001649361376993362
6652,1,1,0.8938623972454791
6655,0,0,0.05440711997988405
6658,0,0,0.0010559177213138706
6662,0,0,0.0703194744200126
6665,0,0,0.004063745869106051
6676,0,0,0.03000606240547549
6683,1,0,0.22552899517157776
6684,0,0,0.015664846083992254
6689,0,0,0.014806807662485552
6691,0,0,0.05047218895180201
6694,0,0,0.00252810486766093
6700,0,0,0.01071335269976053
6701,0,0,0.04491293048023191
6703,0,0,0.0018516832530716342
6705,0,0,0.0005287471015823038
6714,0,0,0.002766083401552808
6719,0,0,0.3562893193447218
6721,0,0,0.008857736464364819
6728,0,0,0.00048626191232677726
6732,1,1,0.995
6738,0,0,0.005380676748395774
6740,0,0,0.0008051725834109321
6745,0,0,0.014555607851282616
6750,0,0,0.001839470258445352
6757,0,0,0.00717695653387671
6766,0,0,0.12019205004854851
6771,0,0,0.06716810197936103
6773,0,0,0.018244419114680194
6781,0,0,0.001432902871459771
6788,0,0,0.0037923004301613646
6793,0,0,0.00100649259360173
6801,1,0,0.026091677976317184
6817,0,0,0.004542468960751459
6842,0,0,0.03260722559584125
6848,0,0,0.007160168599227006
6850,0,0,0.019291810189385365
6851,0,0,0.000822524104733545
6859,0,0,0.0016773809090723862
6886,0,0,0.03530888217589856
6888,0,0,0.00510609819759881
6892,0,0,0.033643696479941504
6898,0,0,0.015416523791115584
6901,1,1,0.9327640631660334
6908,0,0,0.06640977155003039
6911,0,0,0.0010594543071607294
6912,0,0,0.009796760912005547
6932,0,0,0.016220324337085132
6942,0,0,0.13412224213449198
6943,0,0,0.032998314146572116
6960,0,0,0.002791535860918406
6974,0,0,0.02183341779321042
6976,1,0,0.07365612664309443
6978,0,0,0.00023158199449992763
6980,0,0,0.24436542079504128
6986,0,0,0.1864099903450507
6990,1,0,0.3567106950754162
7006,0,0,0.008104826474316646
7010,0,0,0.009848613912348063
7014,0,0,0.08837840911469536
7017,0,0,0.03390030993319622
7018,0,0,0.016254451165432376
7022,0,0,0.00213100583636808
7024,0,0,0.0006659276907098979
7032,0,0,0.040479656875165304
7036,0,0,0.008892014446932703
7044,0,0,0.04504096097802635
7049,1,1,0.9174458117508422
7050,0,0,0.005332122874253372
7053,1,0,0.02735585557966673
7055,0,0,0.000822405391338078
7057,0,0,0.011515420239272232
7061,0,0,0.013038955345736424
7063,0,0,0.0010421946079852285
7065,0,0,0.020625958100717795
7074,1,1,1.0
7089,1,1,0.9606166314929098
7095,0,0,0.08114164917476276
7102,0,0,0.014217081977680275
7105,0,0,0.006844856664224238
7107,0,0,0.04174484977631485
7114,0,0,0.01345763733378032
7115,0,0,0.18977902618918893
7121,0,0,0.009492103609203318
7126,0,0,0.002219526643109954
7127,0,0,0.21844291546141192
7128,0,0,0.237484615472586
7129,0,0,0.008964837969787465
7130,0,0,0.002204330984715902
7134,0,0,0.008351042896497442
7135,0,0,0.00125
7148,0,0,0.0012026894321772192
7152,0,0,0.0017026000159369866
7176,0,0,0.019302941088520226
7183,0,0,0.001594838802590706
7188,0,0,0.31116172206641957
7189,1,1,0.9121429271138966
7196,0,0,0.013527104118998701
7200,0,0,0.000822524104733545
7207,0,0,0.10616334610447448
7211,0,0,0.007322543617998163
7216,0,0,0.004742778595513196
7222,0,0,0.03495044706842152
7230,0,0,0.014183792669149755
7233,0,0,0.08167440209622147
7235,0,0,0.001093188410294173
7236,0,0,0.0015961333359046032
7240,0,0,0.07594047247765981
7243,1,1,0.9468980239913966
7245,0,0,0.011779823168522203
7248,0,0,0.03409216889276911
7252,0,0,0.0010749000278133824
7256,0,0,0.002516426220903728
7259,0,0,0.006017316017316017
7260,0,0,0.004444376100105799
7261,0,0,0.000971773836894025
7262,0,0,0.0008127937327856097
7283,0,0,0.06348048511022411
7284,0,0,0.05644387260583192
7286,0,0,0.018425706514321114
7287,0,0,0.0032374995172608956
7288,0,0,0.03438411977496103
7303,0,0,0.005513949533893797
7304,0,0,0.04047468269644842
7312,0,0,0.03619837034036653
7314,0,0,0.07575354628195789
7315,0,0,0.0018740156397611249
7317,0,0,0.0015145195802483019
7318,0,0,0.030099767472297336
7319,0,0,0.15028082165310516
7321,0,0,0.02141920102456261
7328,0,0,0.0051879573486470175
7329,0,0,0.16250233734975517
7333,0,0,0.023325264531146882
7335,0,0,0.008790240512280986
7345,0,0,0.07323304254456527
7352,0,0,0.0031526806526806527
7357,0,0,0.01625220697236728
7387,0,0,0.0019768360492183447
7394,0,0,0.11322461081215504
7400,0,0,0.027536245458190736
7405,0,0,0.0006659276907098979
7411,0,0,0.06602093504920473
7416,0,0,0.051879210331757866
7418,0,0,0.07100868072599856
7421,0,0,0.18668857765419117
7426,1,1,0.9705835300288487
7430,0,0,0.008650111586687043
7436,0,0,0.1944917334924571
7451,0,0,0.0005287471015823038
7452,0,0,0.0007544898991434301
7456,1,1,0.9702857142857144
7460,0,0,0.0039011032436637037
7463,0,0,0.026951154729152566
7465,0,0,0.00481983280105518
7469,0,0,0.007019745426788155
7471,0,0,0.01183826118244771
7472,0,0,0.0024356452660395937
7478,0,0,0.004300344762021501
7481,0,0,0.00222351553985666
7484,0,0,0.0025207406555197626
7485,1,1,0.9941666666666668
7487,0,0,0.0008687561347116208
7489,0,0,0.00564124780300291
7492,0,0,0.003583333333333333
7493,0,0,0.0050051322379281804
7497,0,0,0.010299370644835326
7498,0,0,0.10005056793784048
7508,0,0,0.0007033516356360904
7512,0,0,0.24625427419262536
7515,0,0,0.010930363687250543
7519,0,0,0.035627159592817974
7520,0,0,0.12252131567186465
7521,0,0,0.0014540387515803088
7526,0,0,0.0010533097309688025
7532,0,0,0.00332319169366667
7538,0,0,0.002893396217346969
7542,0,0,0.028148181730453543
7545,0,0,0.018779650131199362
7546,0,0,0.008677756950872117
7551,0,0,0.008463530070246634
7552,0,0,0.015609174606581571
7554,0,0,0.007313658945540069
7555,0,0,0.061040429387576624
7562,0,0,0.02079893413601495
7587,0,0,0.003968680962777174
7589,0,0,0.04703350557375309
7596,0,0,0.015020308364597255
7602,0,0,0.003558643184610609
7603,0,0,0.0012132069086035853
7605,0,0,0.04213987149038558
7612,1,1,0.894687587226797
7619,0,0,0.003703507191124371
7626,0,0,0.18026857026363813
7627,0,0,0.004761252392188738
7635,0,0,6.631043962253947e-05
7638,0,0,0.09291599768425149
7639,0,0,0.017467300099715522
7649,0,0,0.061471789406069226
7651,1,0,0.10859128173207498
7657,0,0,0.009410201822138482
7662,0,0,0.003120560639175628
7666,1,1,0.9629868411658579
7670,0,0,0.020212883712688236
7671,0,0,0.015249249872426334
7673,0,0,0.021444669419798456
7674,0,0,0.0306987012752707
7682,0,0,0.0067629839798810645
7687,0,0,0.0011969838263267867
7701,0,0,0.03789717112547555
7711,0,0,0.01276566141096303
7713,0,0,0.003282222334156478
7720,0,0,0.08205911174503716
7722,0,0,0.0016216642507631343
7725,0,0,0.02627748487205702
7731,0,0,0.01686497338134789
7739,0,0,0.03282395559535333
7745,0,0,0.03399654173970024
7746,1,1,0.9932500000000001
7752,0,0,0.0036024541427696123
7753,0,0,0.0018226452615815187
7754,0,0,0.003102807365560306
7757,0,0,0.0009189752934026879
7763,1,1,0.9750223546944858
7776,0,0,0.000720150678785185
7777,0,0,0.005065830730224572
7780,0,0,0.001832220073591998
7785,0,0,0.0031672230308405847
7788,0,0,0.000622910951775009
7796,0,0,0.0014753214223273774
7797,0,0,0.006477213663374665
7799,0,0,0.039995960039023205
7800,0,0,0.003599049027661905
7812,0,0,0.01772641974198768
7813,1,0,0.02020337047150513
7815,0,0,0.02043405447540183
7827,0,0,0.004760287683566567
7830,0,0,0.013560613742363805
7837,1,1,1.0
7838,0,0,0.002151522183818082
7845,1,1,0.9270796198615437
7849,0,0,0.007020573897897442
7854,0,0,0.005928521739139614
7858,0,0,0.0349729698062352
7859,0,0,0.03240802088880875
7860,1,1,0.8985252273763935
7862,0,0,0.0008473556941087793
7866,0,0,0.002222817734616398
7874,0,0,0.26231617543600516
7885,0,0,0.016983409186164308
7886,0,0,0.007094703448076989
7889,0,0,0.002303286655650422
7895,0,0,0.0020864091251851635
7896,0,0,0.00820696974332189
7902,0,0,0.014912784946082386
7915,0,0,0.023019992978483853
7916,0,0,0.001800858679756468
7917,0,0,0.0010120903570065432
7921,0,0,0.005063685620736457
7934,0,0,0.0026598658296575913
7938,0,0,0.06754421321567132
7940,0,0,0.004581015287530724
7941,0,0,0.006530314464006296
7947,0,0,0.007070514539239431
7950,0,0,0.04537313628299833
7955,0,0,0.002588226229002928
7960,0,0,0.022880336579431844
7961,0,0,0.013769193017144766
7964,0,0,0.0594446163003811
7969,0,0,0.0029967899545964537
7970,0,0,0.0030283427634489437
7974,0,0,0.006065292401739747
7978,0,0,7.603798230036544e-05
7983,0,0,0.0007112881534919081
7994,0,0,0.009436461896261157
7996,0,0,0.002114754387084963
7998,1,1,0.9474824139019619
8005,0,0,0.03591407700112937
8006,0,0,0.29348882709944357
8014,0,0,0.0075690462544226525
8015,0,0,0.004494111291305622
8019,0,0,0.043881645845559134
8020,0,0,0.008755348656779703
8027,0,0,0.000452514382108716
8028,0,0,0.004824100179061798
8042,0,0,0.014885583317817865
8044,0,0,0.005192181689505748
8046,0,0,0.08853429127123565
8074,0,0,0.0024254016371442256
8079,1,0,0.2866045502284333
8082,0,0,0.07936413712573087
8084,0,0,0.16301866685737987
8087,0,0,0.0030836288921406935
8090,0,0,0.0014316267635991417
8092,0,0,0.008545499644868962
8095,0,0,0.041316960865926095
8106,0,0,0.0014588644928508936
8107,0,0,0.016829455449204174
8109,0,0,0.0007544898991434301
8110,0,0,0.006662365122044127
8113,0,0,0.0005287471015823038
8117,0,0,0.003306582270677683
8122,0,0,0.009753906880422153
8126,0,0,0.01010380527373076
8132,0,0,0.0010290315979683052
8133,0,0,0.00273832839272705
8134,0,0,0.011991416578168313
8138,0,0,0.010824061150891462
8139,0,0,0.010681873218274933
8140,0,0,0.010213364021233755
8147,0,0,0.005078895507688551
8149,1,1,0.9909824175824176
8152,0,0,0.0016313278892740668
8157,0,0,0.003028147208421055
8163,0,0,0.007888673365382712
8166,0,0,0.00993291890853404
8167,0,0,0.020794688352453572
8175,0,0,0.03386491898258372
8177,0,0,0.20735849129045872
8178,0,0,0.0007729637950382793
8179,0,0,0.00758820011568866
8186,0,0,0.006025993046975432
8189,0,0,0.0016063427596781088
8193,0,0,0.0034054749196793933
8195,0,0,0.07613724406071984
8204,0,0,0.009720572227960753
8207,0,0,0.014798718896279872
8208,0,0,0.001216045973036852
8209,0,0,0.0007269252625384807
8213,0,0,0.01692401698365937
8219,1,1,0.9902958579881657
8230,0,0,0.0006944231053718716
8235,0,0,0.05879563902300743
8236,0,0,0.021268742293609894
8237,0,0,0.000879661543868186
8239,0,0,0.009593745306406219
8246,0,0,0.008644864695637928
8250,0,0,0.0010485919622881174
8253,0,0,0.0006755096226977858
8256,0,0,0.011530820001445192
8266,1,0,0.07867662998275912
8271,1,1,0.9719395763302326
8274,0,0,0.012973114841228983
8276,0,0,0.0
8279,0,0,0.1693901830593157
8284,0,0,0.3180432699515899
8285,0,0,0.01926459788525063
8287,0,0,0.09555090579984388
8298,0,0,0.0841427789716991
8303,0,0,0.0004632769335004337
8304,0,0,0.0034053937173641998
8306,0,0,0.00606561302991477
8311,1,1,0.9429238903699312
8317,0,0,0.007576865575940723
8320,0,0,0.0011492982847837719
8322,0,0,0.10656678659139099
8352,0,0,0.018238553113553112
8356,0,0,0.0011471480530243455
8359,1,0,0.24650090125759846
8362,0,0,0.0016143580706102934
8371,0,0,0.02628566195875313
8373,1,1,0.960998349737694
8374,0,0,0.0007243583872986667
8380,1,1,0.9265282443583629
8383,0,0,0.000468160647871244
8384,1,0,0.15432370779778667
8400,0,0,0.04313970607022953
8403,0,0,0.0008022301814095745
8409,0,0,0.001142676817469803
8412,0,0,0.012230128102836822
8424,0,0,0.0033348892340047016
8426,0,0,0.003835677174874747
8427,0,0,0.005962459476556425
8431,0,0,0.003867325885468747
8437,0,0,0.009008888028634025
8441,0,0,0.010540445234648619
8445,1,0,0.09305898456654431
8453,0,0,0.0033867575926897963
8460,0,0,0.010612731140872382
8468,0,0,0.022454726558197153
8470,0,0,0.17241918167514325
8474,0,0,0.0028827066231202746
8476,0,0,0.1349363357304191
8482,0,0,0.0006457031211448021
8483,0,0,0.01263383848872211
8489,0,0,0.00044049304713256394
8510,0,0,0.035164271994197666
8519,1,1,0.9680917699321954
8525,0,0,0.003255433202889735
8526,0,0,0.012745512517396631
8534,0,0,0.02043249525913252
8547,0,0,0.029116790153675177
8564,0,0,0.0011148568826668708
8576,0,0,0.010888664499905241
8581,0,0,0.3068892815252613
8583,0,0,0.000468160647871244
8584,0,0,0.000692391061704823
8585,0,0,0.14461225177730866
8591,1,1,0.9179389685619863
8592,0,0,0.014252978113537958
8593,0,0,0.0033282636245239084
8594,0,0,0.010223998544389958
8613,0,0,0.015639235172008797
8614,0,0,0.007321176373230153
8616,0,0,0.10073758243384587
8619,0,0,0.010755024994591984
8620,0,0,0.013214991047375222
8628,0,0,0.0035138020887206084
8629,0,0,0.0018981255744756908
8630,0,0,0.02089627780123628
8633,0,0,0.005595049794367951
8636,0,0,0.014331755691810806
8639,0,0,0.0015906168813508924
8640,0,0,0.10737881291135874
8650,0,0,0.0011935262060137075
8651,0,0,0.0011915384362308876
8652,0,0,0.006534904204911696
8667,0,0,0.07516334845708986
8671,0,0,0.049282474129906106
8678,0,0,0.007260642266168527
8680,0,0,0.3296852629398398
8682,0,0,0.0034141187390308776
8684,0,0,0.11700300947240004
8688,0,0,0.00014086225941479662
8689,0,0,0.007567213991966114
8691,0,0,0.028549666533481677
8697,0,0,0.058441709905204385
8707,0,0,0.0051552255943393775
8713,0,0,0.016475328408337674
8715,0,0,0.003487394957983193
8716,0,0,0.024086590546032953
8721,0,0,0.00453559651671268
8727,1,1,1.0
8729,0,0,0.0040426037619426215
8732,0,0,0.010312002755624055
8736,0,0,0.08051425431776249
8741,0,0,0.0025382448671054545
8747,0,0,0.013503768746132567
8750,0,0,0.000495018302302757
8752,0,0,0.03249559580723448
8758,0,0,0.0025782908764993683
8761,0,0,0.03034319335116992
8762,0,0,0.0023471906245161518
8764,0,0,0.0035982082743262127
8778,0,0,0.0026092975026743826
8779,1,1,1.0
8787,0,0,0.020208176766517972
8792,0,0,0.0064690839651401315
8796,0,0,0.08702068744172788
8798,0,0,0.004799383529146801
8801,0,0,0.1459854311550547
8803,0,0,0.05084114793688963
8804,1,1,0.940049392768741
8811,0,0,0.002783967993923898
8819,0,0,0.005947685680546145
8821,0,0,0.0027886185838258875
8831,1,1,0.9493117174923853
8834,0,0,0.001940061376698592
8837,0,0,0.08056483574863041
8841,0,0,0.009317014686110346
8845,0,0,0.024030963317877796
8849,0,0,0.08174253483883667
8861,0,0,0.0009377791958239049
8868,0,0,0.05524339845501739
8870,0,0,0.0028845718674868313
8871,0,0,0.030138654959925505
8876,0,0,0.11433582843722233
8877,0,0,0.07441182796899198
8878,0,0,0.1112742724758924
8880,0,0,0.039927889696987184
8883,0,0,0.02819367515574938
8906,0,0,0.06783979152163759
8907,0,0,0.00017829404725644294
8910,1,1,1.0
8912,0,0,0.037940904840748434
8913,0,0,0.06932774424767268
8914,0,0,0.0076472238324862595
8915,1,0,0.28037106333530454
8924,0,0,0.018803847189764446
8926,0,0,0.008979736814584886
8929,1,0,0.08511024423120876
8930,0,0,0.04629412902744099
8932,0,0,0.0006668706704092286
8937,0,0,0.005097749539375902
8951,1,1,0.944253482479289
8959,0,0,0.010603754050866896
8966,0,0,0.2288704125969923
8974,0,0,0.002144295425606321
8979,0,0,0.003560907131326252
8984,0,0,0.0042574677765246545
8989,0,0,0.018797614477584615
8990,0,0,0.00042918574957667986
8993,0,0,0.03941674682055897
8996,1,1,0.9549113553113553
9011,0,0,0.0038401473201135176
9015,0,0,0.022286416983368227
9016,1,1,0.9909824175824176
9017,0,0,0.0028085156864673154
9029,0,0,0.0005787806760198379
9041,0,0,0.000495018302302757
9044,0,0,0.005126769697696494
9050,1,0,0.2819777791846857
9069,0,0,0.047333177726030636
9070,0,0,0.004369566739311078
9072,1,1,1.0
9078,0,0,0.002203845250884482
9080,0,0,0.00905719259454712
9081,0,0,0.008813138395584784
9082,0,0,0.0064309490457241485
9088,0,0,0.002553573892459502
9090,0,0,0.020066108777661653
9091,0,0,0.0708010985288985
9093,0,0,0.009049438239044106
9101,0,0,0.00023158199449992763
9102,0,0,0.0008028372960636484
9105,0,0,0.2565053288789341
9124,0,0,0.01909591640891027
9127,0,0,0.16270177104521877
9134,0,0,0.0015767557514956825
9135,0,0,0.19718830457056707
9136,0,0,0.0033279597208229084
9140,0,0,0.1751607426802054
9141,0,0,0.01720807670557929
9148,0,0,0.004864597954502558
9154,0,0,0.005982455381302336
9162,0,0,0.009496383358817704
9163,0,0,0.0008755473709493805
9164,0,0,0.0014103936920887216
9169,0,0,0.009219768880434515
9181,0,0,0.04495856644348475
9202,0,0,0.1207086424399216
9203,0,0,0.02598099126378247
9218,0,0,0.0053351973960216155
9219,0,0,0.0049225755732079605
9228,0,0,0.13932665131142416
9231,0,0,0.01372174105549717
9239,0,0,0.004143818953639772
9255,0,0,0.0027299222336254953
9258,0,0,0.01573072237236377
9260,0,0,0.010795721441417374
9261,0,0,0.2228203036458222
9276,0,0,0.010922882498295514
9282,0,0,0.012719694033882028
9288,0,0,0.008062410466131946
9290,0,0,0.014951604387105617
9308,1,1,0.9845538461538461
9310,0,0,0.08810725638277402
9316,0,0,0.004559886866114427
9319,0,0,0.012598484798869526
9332,0,0,0.0012691691781639798
9334,0,0,0.009802191586483539
9341,0,0,0.003343103191803716
9344,0,0,0.014234657277677958
9346,0,0,0.03295717562257616
9350,1,1,0.8907959069915593
9358,0,0,0.003108828672702331
9363,0,0,0.006086260609655304
9373,0,0,0.00568169877161655
9374,0,0,0.034370400742996556
9377,0,0,0.006675939024269872
9385,0,0,0.061308689180929195
9391,0,0,0.023805504256568636
9394,0,0,0.002715041920365287
9413,0,0,0.010643135822922605
9421,0,0,0.020063226407813925
9425,0,0,0.015509153175997577
9426,0,0,0.005504081001795989
9430,0,0,0.002059270058375321
9431,0,0,0.007183328284593915
9432,0,0,0.003374521239002844
9435,0,0,0.02515589555252681
9436,0,0,0.00859101747270015
9444,0,0,0.02363283336671691
9452,1,0,0.024371367087818677
9455,0,0,0.04691506827142602
9459,0,0,0.1475222035270272
9468,0,0,0.0011929131148060317
9472,0,0,0.04121574844413369
9474,1,1,0.9925
9475,0,0,0.06422131630283272
9489,0,0,0.03842566720279569
9495,0,0,0.014411778766180636
9496,0,0,0.13245505538077645
9500,1,0,0.12838854668036126
9501,0,0,0.0020831261212605028
9507,0,0,0.0028002418568462226
9514,0,0,0.005693155303204081
9524,0,0,0.0009189752934026879
9525,0,0,0.017562284550758426
9530,0,0,0.04130645276753686
9537,0,0,0.015999948129308293
9540,0,0,0.006194895832591332
9554,0,0,0.007403854036416081
9565,0,0,0.010106826863147957
9572,0,0,0.45046384823796204
9573,0,0,0.06840096463891901
9574,0,0,0.013870285168192715
9578,0,0,0.008308826481024984
9581,0,0,0.010062041053610726
9582,0,0,0.0027019563581269605
9585,0,0,0.0008992903037200225
9588,0,0,0.002892299230621178
9589,0,0,0.01517237644617215
9593,0,0,0.00895820478989698
9594,0,0,0.0068304078236660175
9597,0,0,0.0062900416851087385
9601,0,0,0.10872923932335862
9610,0,0,0.0005757311201057621
9611,0,0,0.008355303948098415
9615,0,0,0.22303037179688878
9621,0,0,0.054775419552370704
9626,0,0,0.002109943114657429
9628,1,0,0.20137512023092619
9630,0,0,0.00524570466244058
9636,0,0,0.14050996797046456
9646,0,0,0.002398607918963712
9649,0,0,0.4321937031678989
9668,0,0,0.01529407798035131
9670,0,0,0.003957415334483927
9673,0,0,0.0009377791958239049
9680,0,0,0.004926006227491906
9684,0,0,0.02406954392873831
9686,0,0,0.07015875980504642
9693,0,0,0.026098975434798766
9698,0,0,0.0032397329345483163
9703,0,0,0.017816428158024113
9715,0,0,0.0027216208242864183
9717,0,0,0.001721371858578059
9721,0,0,0.0038017791297603565
9734,0,0,0.0008420220809539716
9745,0,0,0.006101264806665695
9762,0,0,0.17002764867358255
9775,0,0,0.00033482229212925804
9781,0,0,0.0053853435218232625
9794,0,0,0.004263371218211046
9804,0,0,0.015042992081074713
9809,0,0,0.019522750330525026
9815,0,0,0.008770098913006836
9819,1,1,0.9150083543713299
9823,0,0,0.001207437430083909
9836,0,0,0.007423651014233832
9837,0,0,0.09078218168104475
9838,0,0,0.007769125015108433
9840,0,0,0.012513387884910254
9842,0,0,0.01345260523030755
9859,0,0,0.08218314106791653
9874,0,0,0.12265923329031264
9876,0,0,0.006810267279893546
9882,0,0,0.029451587315329722
9891,0,0,0.019388401615846807
9892,0,0,0.03392637514886223
9895,0,0,0.001615774654569507
9899,0,0,0.07493297361340082
9909,0,0,0.0005475422585811796
9910,0,0,0.002340944896771502
9915,0,0,0.00018375146842340825
9931,0,0,0.00039391293828758034
9939,0,0,0.0012647792523506401
9945,0,0,0.0005257616477612446
9946,0,0,0.01926663801759717
9947,0,0,0.2297400348579159
9966,0,0,0.007066653985961969
9974,0,0,0.013802845303806684
9977,0,0,0.0014039075677295108
9978,0,0,0.0004346620450606586
9979,0,0,0.16405971483701992
9980,0,0,0.07687650193486012
9990,0,0,0.013509652639566978
9998,0,0,0.15459342947676816
10010,0,0,0.01313697231537357
10011,0,0,0.008540555225004609
10013,0,0,0.0035360371058547617
10014,0,0,0.010074298614191082
10015,1,1,0.9805714285714285
10018,0,0,0.05558252184054504
10021,0,0,0.0007417232916442194
10026,0,0,0.0005041153536599972
10031,1,1,0.890564145714658
10035,0,0,0.0025956972906288423
10038,0,0,0.0009399586411150527
10045,0,0,0.0016099042879422951
10054,0,0,0.1164395420691549
10076,1,0,0.17764687982347271
10084,0,0,0.013203981642480727
10087,0,0,0.06253244230025844
10096,0,0,0.024770699308410905
10099,0,0,0.015070056381631605
10101,0,0,0.005078612075889825
10107,0,0,0.03484249629136301
10113,0,0,0.06377541953643867
10117,0,0,0.004017359289257454
10132,0,0,0.01537316651572852
10134,0,0,0.015591822534283546
10135,0,0,0.001104705344890817
10139,0,0,0.006001517160691845
10147,0,0,0.0008210726747680871
10149,0,0,0.13111177476437674
10155,0,0,0.019427366158122943
10161,0,0,0.09728329327679976
10164,1,1,0.9909824175824176
10165,0,0,0.0008858518378419471
10169,0,0,0.014292845875358546
10179,0,0,0.0018347768421953464
10185,0,0,0.01064216659204543
10188,0,0,0.028508218750674826
10191,0,0,0.0027130595740273
10192,0,0,0.040696756280761255
10198,0,0,0.007566073937062084
10200,0,0,0.011137147623063264
10201,0,0,0.0005287471015823038
10203,0,0,0.02578404272297557
10206,0,0,0.0028756180137966426
10216,0,0,0.0030226615766014986
10226,0,0,0.0758050263773604
10233,0,0,0.006616920169554965
10234,0,0,0.016817588340538748
10237,0,0,0.004325793127573695
10252,0,0,0.005388445533879571
10258,0,0,0.0004731908289577631
10266,0,0,0.006164459282737327
10267,0,0,0.02000871870780764
10268,0,0,0.00633448165699272
10271,0,0,0.0033638358666060013
10274,0,0,0.003415284438206244
10275,0,0,0.04908447637153937
10277,0,0,0.0026495464987605216
10279,0,0,0.09557118284568357
10290,0,0,0.0018847042432373665
10291,0,0,0.0012831444899821627
10300,0,0,0.019636072124445136
10303,0,0,0.001215266011015556
10318,0,0,0.03619400329126535
10320,0,0,0.0008331767038408268
10321,0,0,0.04063342459335611
10323,1,1,0.9836490842490843
10329,0,0,0.057993981686995565
10330,0,0,0.11702901620327612
10334,0,0,0.022029491050093202
10340,0,0,0.003252330052982977
10350,1,0,0.08188656079893898
10353,0,0,0.025854117561197976
10354,0,0,0.0005105859721200208
10355,0,0,0.031806430397222134
10362,0,0,0.00046634279410962665
10365,0,0,0.007820574263115996
10368,0,0,0.1821197539604778
10372,0,0,0.042004361055249954
10376,0,0,0.2477808043727235
10377,0,0,0.026745586493773694
10384,0,0,0.0155701972501497
10387,0,0,0.002940488574716177
10388,0,0,0.019326499343162443
10391,0,0,0.0024335474064534003
10402,0,0,0.004528238922898199
10404,0,0,0.0034541499851867556
10406,0,0,0.026696460670917604
10407,0,0,0.0031925189521503773
10411,0,0,0.023974405331478828
10412,0,0,0.041994100674590494
10416,0,0,0.19538551509597749
10417,0,0,0.011417146635842685
10418,0,0,0.014179930538492693
10420,0,0,0.015928323150586076
10421,0,0,0.002365662391378507
10422,0,0,0.016098314141438204
10425,0,0,0.001848125574475691
10432,0,0,0.30574008359580324
10437,0,0,0.001419571574835253
10438,0,0,0.007056595276146639
10440,0,0,0.07901054677587867
10442,0,0,0.01628651891042904
10443,0,0,0.08267442963950651
10450,0,0,0.00039391293828758034
10452,0,0,0.04285584033201777
10459,0,0,0.010153317099111688
10464,0,0,0.20340172391575478
10470,1,0,0.019504796061469855
10472,0,0,0.05817953216899338
10474,0,0,0.0037314210374914834
10478,0,0,0.035066234348797645
10480,0,0,0.004289274059289473
10491,0,0,0.000789541584243571
10496,1,1,0.9428787352997878
10506,0,0,0.0010500000000000002
10509,0,0,0.0035625696720862528
10519,0,0,0.04021366422485903
10522,0,0,0.0034358448604272446
10536,1,1,0.5116573315988833
10538,0,0,0.13781548945337588
10541,0,0,0.004516205975140106
10542,0,0,0.0005315712447373333
10544,0,0,0.10336121214039438
10552,0,0,0.007971010700318632
10553,0,0,0.012987734080749526
10557,1,1,0.9879999999999999
10563,0,0,0.10950241428684791
10574,0,0,0.028004627295603803
10575,0,0,0.000862962263000183
10577,0,0,0.03271416160231468
10584,0,0,0.029009394524158835
10585,0,0,0.10365650049266698
10590,0,0,0.002192034539287022
10602,0,0,0.0009076679958468037
10603,0,0,0.04170465863709317
10608,0,0,0.0019430331674191803
10614,0,0,0.007101736993274183
10627,0,0,0.022627526231309068
10629,0,0,0.07357545545765463
10630,0,0,0.009540899076532699
10641,0,0,0.003070873873334623
10643,0,0,0.0005831478746821054
10644,0,0,0.003570179424813154
10650,0,0,0.008063437600389547
10652,0,0,0.027273031972450113
10658,0,0,0.014468512498962877
10661,0,0,0.16357578869752984
10666,1,1,1.0
10673,0,0,0.009213687941255768
10677,1,0,0.13449801644125198
10681,0,0,0.006416246433031978
10686,0,0,0.072938911535857
10687,0,0,0.01055894165070242
10689,0,0,0.00044049304713256394
10690,0,0,0.001644203644898445
10697,0,0,0.0020075482061921546
10705,0,0,0.0300848352318678
10716,0,0,0.0009492849352499833
10719,0,0,0.003492659461546619
10725,0,0,0.011277593262396031
10727,0,0,0.0007287356445601124
10729,0,0,0.09489623483785652
10733,0,0,0.033144493126361654
10738,0,0,0.0020831261212605028
10739,0,0,0.0009571917083965746
10744,0,0,0.002751136685995813
10751,0,0,0.0012774281561449999
10755,0,0,0.24019557362937377
10771,0,0,0.017596153180824033
10773,0,0,0.02706624817204872
10786,0,0,0.0006922799422799424
10793,0,0,0.035297119250235334
10798,0,0,0.0023052241833717395
10799,0,0,0.005564445756682911
10801,1,0,0.11350782178432672
10802,0,0,0.004999938200650523
10803,0,0,0.013433080721720513
10814,0,0,0.03085795957337088
10815,0,0,0.0007536155738512741
10816,0,0,0.002969567757202529
10818,0,0,0.16378646700059932
10821,0,0,0.003656847695631958
10828,0,0,0.19904577991121095
10833,0,0,0.03606653981385841
10835,0,0,0.0009377791958239049
10841,0,0,0.0006824134663904574
10842,0,0,0.002789278673597593
10844,0,0,0.004275429882027178
10846,0,0,0.0027615928435732883
10847,0,0,0.011213808677080904
10848,0,0,0.02976148727162956
10850,0,0,0.012206860977720828
10855,0,0,0.02370479471679819
10862,0,0,0.008603407705471716
10867,0,0,0.005331037941519977
10868,0,0,0.007145759805334875
10872,1,1,0.9332049664002277
10874,0,0,0.014841292050739198
10882,0,0,0.0158076087578959
10889,0,0,0.12083983514082114
10891,0,0,0.03237228868253775
10895,0,0,0.020860160773530603
10904,0,0,0.013701102558176269
10905,0,0,0.020076301553933574
10910,0,0,0.05547625224271701
10916,0,0,0.01211435079406646
10919,0,0,0.05687621202057694
10931,0,0,0.011924879279207741
10933,0,0,0.002853547821974342
10937,0,0,0.011958882251906514
10940,0,0,0.20471716133257517
10943,0,0,0.028500004275985744
10946,0,0,0.003862715932982508
10949,0,0,0.03213828636096522
10955,0,0,0.001917262169178826
10956,0,0,0.004712894741049549
10958,0,0,0.016225274725274727
10959,0,0,0.0007065018615349622
10961,0,0,0.007279959330937252
10964,0,0,0.01402707610315758
10974,0,0,0.0019985033491743505
10977,0,0,0.11858493481834921
10996,0,0,0.010808581024303843
11001,0,0,0.10722478936899335
11011,0,0,0.02675914498832256
11012,0,0,0.007309985441395051
11022,0,0,0.02720888110261738
11025,0,0,0.01123060064301991
11039,0,0,0.08136955813476059
11046,0,0,0.0011626966518181153
11051,0,0,0.0018451892264810628
11052,0,0,0.00333995758453835
11057,0,0,0.008649436873951012
11058,0,0,0.0013113748513913586
11060,0,0,0.0011621582501337756
11068,0,0,0.0021789702480640234
11073,0,0,0.0019725348395227458
11082,0,0,0.18389224521008302
11095,0,0,0.011755863525846556
11100,0,0,0.04452853665277659
11103,0,0,0.0028845718674868313
11108,0,0,0.06430257248052317
11110,0,0,0.001571277232827902
11112,0,0,0.003809613294419777
11122,0,0,0.02261446696667061
11127,1,0,0.0816554010339849
11133,0,0,0.00835821421727629
11136,0,0,0.014427760911825264
11150,0,0,0.004761122164315844
11151,0,0,0.0025099082160657065
11156,0,0,0.09413989719269301
11158,0,0,0.02030196638243875
11185,0,0,0.05333274299969736
11205,0,0,0.0015619770287673782
11206,0,0,0.0056754097197137966
11214,0,0,0.008545766249859924
11217,0,0,0.023328628974504273
11218,0,0,0.004492218949212212
11221,0,0,0.0022126713224003896
11230,0,0,0.001396647377330694
11232,0,0,0.007820613515788534
11233,1,1,0.9909824175824176
11234,0,0,0.007093962077711985
11236,0,0,0.0013069337046785693
11246,0,0,0.037042413913428544
11248,0,0,0.014887518781401082
11259,0,0,0.010749194262257717
11260,0,0,0.050146356591259184
11261,0,0,0.057263836953480085
11262,0,0,0.0028066579691543576
11271,0,0,0.00518446466652654
11274,1,1,0.9876515837104073
11280,0,0,0.0012694183149116309
11282,0,0,0.011975470243876801
11289,0,0,0.011339208333820567
11295,0,0,0.010632203421919497
11300,0,0,0.033587951386088034
11309,0,0,0.00100455451804917
11310,0,0,0.07038375702952608
11312,0,0,0.008708627467072733
11321,0,0,0.0022867924444922782
11323,0,0,0.0016115331540443411
11327,0,0,0.08630055448039788
11330,0,0,0.009054545731435364
11332,0,0,0.04699606921854758
11343,0,0,0.006368770888023948
11354,0,0,0.0020831261212605028
11356,0,0,0.0069183133468904805
11367,0,0,0.009328472779257559
11368,0,0,0.09590471862232092
11369,1,0,0.07231856054879769
11371,0,0,0.0894134753742299
11373,0,0,0.002094772787614503
11374,0,0,0.0016319755924195127
11381,0,0,0.001150610838601763
11385,0,0,0.03699245622176473
11388,0,0,0.0075647644936045364
11395,0,0,0.0009127130101885081
11398,1,1,0.9126184610497406
11403,0,0,0.010886071890204012
11408,0,0,0.0010062173456699159
11413,0,0,0.03397549023458128
11415,0,0,0.013830832754711928
11417,0,0,0.005200740076445557
11423,0,0,0.015239723104539306
11427,0,0,0.14685401128869238
11432,0,0,0.04163651661743378
11434,0,0,0.008208975931050492
11445,0,0,0.017544323442912055
11450,0,0,0.0014008179611093405
11461,0,0,0.025002857238170258
11466,0,0,0.0012812424707936718
11467,1,1,0.9235340350200787
11471,0,0,0.09538723030702073
11480,1,1,0.9827579979360164
11482,0,0,0.004048583501251751
11487,0,0,0.027532388925791525
11489,0,0,0.048493545809902
11491,0,0,0.09459231575251614
11492,0,0,0.0005799245979928752
11498,1,0,0.07020121065621115
11505,1,0,0.01545568933744435
11515,1,1,0.9462926781310678
11516,0,0,0.057145184364661754
11522,0,0,0.00046850699107396366
11528,0,0,0.0013687213790659009
11531,0,0,0.00562062843232416
11532,0,0,0.005379353981923212
11539,0,0,0.007184638225127612
11541,0,0,0.001940061376698592
11545,0,0,0.0004944663026426867
11557,0,0,0.007905820365907697
11564,1,0,0.3384474705573013
11565,0,0,0.027308747517400592
11569,0,0,0.0019709427490478882
11571,0,0,0.013312584879065918
11574,1,1,0.958249163079866
11579,0,0,0.21706913465589772
11582,0,0,0.006583873579392632
11584,0,0,0.0012545270191433278
11585,0,0,0.019398306124917067
11588,0,0,0.0004652568033343254
11590,0,0,0.00044049304713256394
11593,0,0,0.015985958143803634
11603,0,0,0.017757607117990154
11609,0,0,0.028673516925973547
11619,0,0,0.02781442902169297
11622,0,0,0.0006227964681851477
11626,0,0,0.010285169370828372
11638,0,0,0.003744560094855407
11649,0,0,0.15818735149926133
11650,0,0,0.0013529864473800022
11657,0,0,0.14012485944977357
11661,0,0,0.0003795774887688419
11670,0,0,0.0035114772480867246
11679,0,0,0.11600030530119014
11682,0,0,0.0007438498892122506
11684,0,0,0.010973530866985466
11688,0,0,0.0006687260049659647
11691,0,0,0.000982972957398585
11697,0,0,0.0050247520536933635
11698,0,0,0.0024768581651558475
11699,0,0,0.014703607768164007
11702,0,0,0.0021309658904117477
11711,0,0,0.0032588779360493976
11715,0,0,0.09146347808299646
11716,0,0,0.012456048358114178
11719,0,0,0.042956233120948865
11726,0,0,0.019487609267828675
11727,0,0,0.009361966040407293
11746,0,0,0.01378499855132328
11747,0,0,0.0037042703980677432
11749,0,0,0.0121685450348191
11752,0,0,0.0033531070803971895
11758,0,0,0.23379870796126276
11759,0,0,0.0016335906719401033
11767,0,0,0.04134255474040221
11770,0,0,0.012415032829744592
11771,0,0,0.0031200537070853614
11776,0,0,0.0013255757867274617
11782,0,0,0.008407553547507116
11785,0,0,0.05176617095646673
11796,0,0,0.0056054597951369365
11799,0,0,0.0005287471015823038
11800,0,0,0.00965846985963442
11802,0,0,0.010263487893311687
11808,0,0,0.16064174154102256
11816,0,0,0.0012345567054304917
11819,0,0,0.1658031208880151
11820,0,0,0.06865205354815754
11821,0,0,0.02708002056964205
11822,0,0,0.008148691934927507
11823,1,1,0.9699078211157386
11826,0,0,0.0015991968974142065
11828,0,0,0.00489808899048244
11832,0,0,0.06354171738911531
11835,0,0,0.005835668308282062
11842,0,0,0.22806822972461308
11847,0,0,0.0026124438040206937
11851,0,0,0.10086986023498369
11856,0,0,0.0719953707036346
11860,0,0,0.005712605834253251
11864,0,0,0.04063858907468489
11869,0,0,0.0008669258454297884
11871,0,0,0.005808340954541981
11875,0,0,0.00039391293828758034
11876,0,0,0.016771816994705604
11882,0,0,0.02484366497787692
11884,0,0,0.01058181424755576
11885,0,0,0.0007287356445601124
11893,0,0,0.03087884859744162
11905,0,0,0.07434872648226318
11908,0,0,0.001546821339959629
11912,0,0,0.0004330159903523757
11920,0,0,0.008983879771250142
11925,0,0,0.05632931573866627
11926,0,0,0.002643311094591233
11927,0,0,0.17115647203972004
11928,0,0,0.007782983038706865
11938,0,0,0.008781193533628578
11941,0,0,0.0033777629741587327
11943,0,0,0.001996165336393066
11947,0,0,0.003874348583978173
11953,0,0,0.008701247676998092
11959,0,0,0.0039492143417284055
11968,0,0,0.0110032774307567
11974,0,0,0.0008051725834109321
11978,0,0,0.02308308545050935
11984,1,0,0.18032666587448337
11992,0,0,0.01635040509502905
11994,0,0,0.13285050298872583
12002,0,0,0.0020040715182880592
12007,1,1,1.0
12009,0,0,0.004656136234644304
12015,0,0,0.00410225415470258
12016,0,0,0.09485500379706949
12018,0,0,0.004007396117846939
12021,0,0,0.001194809561215235
12028,0,0,0.007363415201677032
12040,0,0,0.003227325765504929
12042,0,0,0.003177592080489104
12044,0,0,0.004794704357600578
12050,0,0,0.01090585779508731
12055,0,0,0.0010235521459135107
12057,0,0,0.0007729391493721369
12058,0,0,0.009109853570645613
12064,0,0,0.012396447896495853
12066,0,0,0.00445900953192304
12067,0,0,0.04796397051741096
12068,0,0,0.006454376816997078
12069,0,0,0.006601632797750302
12076,0,0,0.0060051827913725235
12078,0,0,0.02871357708841442
12082,1,1,0.99
12086,0,0,0.00014086225941479662
12090,0,0,0.0018481847449254901
12097,0,0,0.03978754293970449
12101,0,0,0.024625543887577275
12105,0,0,0.14165806672664874
12108,1,1,1.0
12114,0,0,0.07032293732723263
12120,0,0,0.0019611134375544627
12122,1,0,0.12219872880444141
12123,0,0,0.0033812165415802874
12129,1,1,0.9689916898112116
12132,0,0,0.0036298594914777552
12135,0,0,0.13496818782563358
12146,0,0,0.08621449231658311
12149,0,0,0.005901152882244485
12155,0,0,0.19200790662941816
12163,0,0,0.010115706482212217
12164,0,0,0.0047506761100544435
12166,0,0,0.014261795584223197
12177,0,0,0.012507032871745483
12188,0,0,0.0004888300244432426
12191,0,0,0.0007269252625384807
12197,0,0,0.02335425044666646
12198,0,0,0.032314950990474246
12199,0,0,0.011555765227907931
12206,0,0,0.08186982965866055
12214,0,0,0.0013318563641014913
12215,0,0,0.005079011164403099
12216,0,0,0.0021058833543546327
12217,0,0,0.03589334203020617
12222,0,0,0.007527852258480593
12226,0,0,0.028504959468109117
12229,0,0,0.011405330357298802
12230,0,0,0.005857752351047962
12238,0,0,0.011423868720574808
12243,0,0,0.0054993834631141165
12244,0,0,0.012483095980643446
12247,0,0,0.030913158347331243
12254,0,0,0.003914980110860009
12259,0,0,0.001980033030409875
12262,0,0,0.001380267372732187
12265,0,0,0.005729565763520158
12266,1,1,0.9681662499209699
12268,0,0,0.011726072185424943
12270,0,0,0.0006935689121425051
12273,0,0,0.0062202689055517865
12274,0,0,0.016649151805826164
12275,0,0,0.0033612627128224476
12277,0,0,0.1108007725074892
12280,0,0,0.004348542030033532
12283,0,0,0.0037944332432337845
12284,0,0,0.0010315979102864348
12286,0,0,0.023660006786001095
12288,0,0,0.04930711358454323
12296,0,0,0.051295622982418125
12299,0,0,0.005201437332890979
12307,0,0,0.013533081488388525
12323,0,0,0.03527719732333794
12327,0,0,0.01559935434024729
12334,0,0,0.01694515927090399
12340,1,1,0.9895789088104877
12341,0,0,0.03058336219658904
12342,0,0,0.0033158254145057137
12343,0,0,0.0063507221698387226
12345,0,0,0.02597739737911372
12346,1,1,1.0
12354,0,0,0.19291563139779772
12358,0,0,0.0067043175477033475
12359,0,0,0.0012516967138472787
12373,0,0,0.11316734982327194
12377,0,0,0.1029495172040184
12379,0,0,0.0036905641779802234
12382,0,0,0.0017970743478352424
12384,0,0,0.08598540574672876
12388,0,0,0.02922169848704196
12389,0,0,0.005096538809993679
12390,1,1,0.9490110379816262
12403,0,0,0.033282052384290176
12404,0,0,0.006961460802773367
12409,0,0,0.016875400685222114
12415,0,0,0.013805126118784905
12416,0,0,0.0026000566918270678
12421,0,0,0.0017961755516772702
12430,0,0,0.01197068957523055
12432,0,0,0.001948461802075617
12439,0,0,0.0014788049440319707
12441,0,0,0.0019354299119971274
12442,0,0,0.013766179069934189
12443,0,0,0.033208285425362555
12448,0,0,0.0006978032045213773
12455,0,0,0.021314904430432127
12460,0,0,0.0004695707653111543
12463,0,0,0.016858235175184914
12471,0,0,0.0010919013151325387
12473,0,0,0.0071196873114639115
12475,1,1,0.9909824175824176
12481,0,0,0.0020248071394104563
12483,0,0,0.005173587714426157
12484,0,0,0.008534431188845415
12487,0,0,0.03413976747270301
12488,0,0,0.002540533845439667
12490,1,0,0.42270840395792897
12493,0,0,0.004681792217449618
12494,0,0,0.09074858623158548
12496,0,0,0.005392893240239652
12497,0,0,0.008812476762031708
12499,0,0,0.005879466046088817
12503,0,0,0.00880675493778802
12506,0,0,0.08483302386689641
12525,0,0,0.005534328808242138
12541,0,0,0.3251957444321979
12545,0,0,0.0018195464095590596
12549,0,0,0.004292268080486342
12563,0,0,0.013507050885732688
12564,0,0,0.14148656041465332
12567,1,1,0.9424071260224107
12569,0,0,0.003528930885740154
12573,0,0,0.009919077263788066
12590,0,0,0.08163803025899469
12593,0,0,0.0005154226512158814
12596,0,0,0.01616516165188281
12597,1,1,0.9539375386948966
12598,0,0,0.040135113070938984
12599,0,0,0.0023168446174037086
12605,0,0,0.011626691220148826
12626,0,0,0.14173328896062748
12641,0,0,0.015649622139000407
12646,0,0,0.023251904635397093
12647,1,0,0.2533363068067203
12680,0,0,0.006377448180394176
12681,0,0,0.0031151765733234203
12683,0,0,0.002894023079045545
12687,0,0,0.019040831503718117
12692,0,0,0.06950172496138793
12698,0,0,0.0006825036145820368
12700,0,0,0.0019812165696421065
12703,0,0,0.006670578461461482
12709,0,0,0.01737414155314864
12713,0,0,0.07059762681698334
12717,1,1,1.0
12721,0,0,0.05180202409680106
12722,0,0,0.018641901507611552
12727,0,0,0.007748824497877769
12728,0,0,0.0014057116449131602
12730,0,0,0.00236807297788414
12731,0,0,0.0032552276802166285
12732,0,0,0.0016140813605343746
12736,0,0,0.00545467597651519
12740,0,0,0.016749068469368782
12744,0,0,0.009015004094686748
12752,0,0,0.05434974159169534
12754,0,0,0.0014200622263543334
12758,0,0,0.1500501550694785
12763,0,0,0.007255519666690932
12764,0,0,0.06372779298070508
12768,0,0,0.00044339016668425206
12787,0,0,0.005587389002287086
12789,0,0,0.20148119103995055
12797,0,0,0.06973844801601282
12807,0,0,0.019036368999295582
12810,0,0,0.0019067776674083104
12825,0,0,0.005487570721110633
12828,0,0,0.0013729826580209943
12838,0,0,0.08524834298534385
12839,0,0,0.02096057939405148
12844,0,0,0.0006281745318967299
12847,0,0,0.0020821304788746294
12851,0,0,0.015103040367119281
12857,1,0,0.014145714373809523
12871,0,0,0.052480077304133406
12872,0,0,0.019777081101256085
12876,0,0,0.003920547159611864
12918,0,0,0.0985426362190936
12919,1,1,0.9387668997668998
12922,0,0,0.06482853567860519
12926,0,0,0.038219195446239015
12930,0,0,0.001243607123501783
12937,0,0,0.010298951300994124
12944,0,0,0.011170557545922461
12951,0,0,0.001810897698972269
12956,0,0,0.008160504345644422
12965,0,0,0.004314310862278274
12970,0,0,0.0021900168126879594
12980,0,0,0.020219182425884653
12987,0,0,0.04056238419920917
12991,0,0,0.0034541499851867556
13001,1,1,0.9983333333333333
13002,0,0,0.00460027714485231
13014,0,0,0.005532078607958668
13015,0,0,0.023303533412353278
13016,1,1,1.0
13021,0,0,0.0020317863318743477
13037,0,0,0.0035218872227776917
13068,0,0,0.004433420877742756
13072,0,0,0.018103081089494735
13079,0,0,0.003977609394599295
13080,0,0,0.10249635471074724
13083,0,0,0.005147735153526106
13087,0,0,0.005264907453000958
13106,0,0,0.059425711596504734
13108,0,0,0.005460804734967795
13123,0,0,0.01589398067928943
13128,1,1,0.944046831813282
13134,0,0,0.01047251999487725
13141,0,0,0.010499756088906697
13142,0,0,0.0010816100770269209
13143,0,0,0.015796440149076867
13144,0,0,0.0008880066240512222
13147,1,0,0.19385478841881984
13150,0,0,0.0007329131924018225
13151,0,0,0.014882087024718292
13156,0,0,0.02954226830681617
13158,0,0,0.006403733616002878
13159,0,0,0.230307797024665
13161,0,0,0.005617855343406015
13165,0,0,0.030940602728401392
13170,0,0,0.00762044057637278
13177,0,0,0.01122671091774913
13193,0,0,0.019186511509954266
13202,0,0,0.001987726775155505
13209,1,1,0.9213489218185739
13214,0,0,0.02066616226675208
13225,0,0,0.0011714094853500201
13228,0,0,0.016193021765584882
13233,0,0,0.0026839006711031708
13234,0,0,0.06774655308594973
13241,0,0,0.14961690904545136
13258,0,0,0.0306645274949087
13260,0,0,0.008163861143520959
13275,0,0,0.004172093422483169
13283,0,0,0.002441718880190583
13297,0,0,0.0017783860312341995
13306,0,0,0.005381436539506747
13309,0,0,0.04224099333733388
13311,0,0,0.06421724328881596
13322,0,0,0.00275113496295734
13332,0,0,0.00453973884702779
13337,0,0,0.04655107301064503
13341,0,0,0.00265125745799505
13344,0,0,0.0010116688431351633
13347,0,0,0.14146253050930163
13348,0,0,0.0009913065230149245
13349,0,0,0.007291328816863833
13353,0,0,0.11107475058110952
13372,0,0,0.04147620633681166
13377,0,0,0.4718396874941115
13378,0,0,0.0013559554814022703
13390,0,0,0.008739841522299363
13405,0,0,0.0007857195382708629
13408,0,0,0.05519171878085594
13411,0,0,0.01304599430779972
13413,0,0,0.008290215963286102
13414,0,0,0.06983749597241244
13416,0,0,0.05307580200237899
13421,0,0,0.028045480751867344
13422,0,0,0.008482345026497185
13423,1,1,0.9738248337028824
13424,0,0,0.04191995395405984
13426,0,0,0.08312125477323874
13429,0,0,0.0011283441506031286
13430,0,0,0.011915556081248729
13434,1,1,0.9909824175824176
13436,0,0,0.03381829020240505
13439,0,0,0.010586031722958609
13440,0,0,0.062217552815471366
13443,0,0,0.00486209264249254
13446,0,0,0.002912870901321892
13447,0,0,0.0012926762471278525
13449,0,0,0.040917545487410154
13457,0,0,0.008627447491164253
13462,0,0,0.05217810213225871
13466,0,0,0.00234159630736389
13470,1,0,0.057515257266725156
13479,0,0,0.003505521039783587
13481,0,0,0.0016607885083183963
13484,0,0,0.011400765212953768
13490,0,0,0.1652087786135413
13497,0,0,0.0022250315121300906
13510,0,0,0.004831164822301439
13517,0,0,0.059211652371662406
13526,0,0,0.00454329055322297
13536,0,0,0.005776776800723233
13537,0,0,0.02237183762477414
13546,0,0,0.021418831168831164
13549,0,0,0.006435621656347015
13552,0,0,0.08794903872120458
13554,0,0,0.0019067776674083104
13555,0,0,0.047683231481202855
13567,0,0,0.00044049304713256394
13573,0,0,0.004712078211478188
13579,0,0,0.0055611741923797895
13586,0,0,0.017950337911793113
13588,1,1,0.9515309729808529
13593,0,0,0.003381276295503263
13604,0,0,0.0019023043020729943
13605,1,0,0.2342268711548619
13610,0,0,0.03500736962438491
13614,0,0,0.005119924071178881
13617,0,0,0.029506996713091146
13625,1,1,0.9551789265762379
13627,1,0,0.06937157572774823
13635,0,0,0.019880834366344084
13636,0,0,0.03270193253775058
13648,0,0,0.011215227537445763
13650,0,0,0.018323257640389976
13655,0,0,0.00018277006695173201
13663,0,0,0.030763161261517652
13670,0,0,0.003379818864297979
13676,0,0,0.08057189952272951
13678,0,0,0.0006230525316532147
13679,0,0,0.011232362618822638
13703,0,0,0.0133273631164971
13707,0,0,0.009778416789560212
13710,0,0,0.0015906168813508924
13714,0,0,0.034097397160343476
13715,0,0,0.018179241975456523
13721,1,1,0.9549824175824178
13722,0,0,0.012697878753471038
13729,0,0,0.19349137750845846
13762,1,0,0.029465080175369897
13763,0,0,0.016730625378124142
13764,1,1,0.9897142857142858
13767,0,0,0.010306402991497328
13768,0,0,0.0017032796381114136
13785,0,0,0.011840464831212935
13790,0,0,0.012752161943145152
13807,0,0,0.003311954013883956
13823,0,0,0.010604245409321408
13831,0,0,0.1298228281358309
13835,0,0,0.07048693686922466
13843,0,0,0.02584788185946458
13845,1,1,0.9224295724619788
13866,1,1,0.9519454158226552
13868,0,0,0.007333751242984442
13881,0,0,0.012873830849028368
13885,0,0,0.007102342685709525
13888,0,0,0.01020736792181457
13897,0,0,0.014019721658656876
13900,0,0,0.002579616872129562
13911,0,0,0.0016319755924195127
13920,0,0,0.00629228086686761
13924,1,1,1.0
13928,0,0,0.0005154226512158814
13935,0,0,0.003400298546769343
13943,0,0,0.1583900966500057
13953,0,0,0.040551764509116545
13957,0,0,0.0022722704508865567
13958,0,0,0.0039504651955121085
13967,0,0,0.029444524240440365
13969,0,0,0.010229446674393508
13976,0,0,0.006705224838851803
13981,0,0,0.013570741205887624
13984,1,1,1.0
13988,0,0,0.07200291310849517
13994,0,0,0.0003967411898446381
13998,0,0,0.030486076165573115
14011,0,0,0.08056215103880039
14015,0,0,0.009608063498066073
14046,0,0,0.04104342624774354
14054,0,0,0.0004049088587662022
14064,0,0,0.016511775682273255
14074,0,0,0.03949894260569345
14084,0,0,0.09489468869790603
14093,0,0,0.005802345294198498
14094,1,1,0.9909824175824176
14105,1,1,1.0
14111,0,0,0.07108478121909344
14117,0,0,0.006823479394939634
14124,0,0,0.10914063439629446
14126,0,0,0.006607463432523302
14128,1,0,0.09868228651497665
14129,0,0,0.000495018302302757
14133,0,0,0.004517800501535943
14138,0,0,0.004656136234644304
14144,0,0,0.0024504902009930517
14145,0,0,0.08952560806873104
14146,0,0,0.0011781886693279105
14167,0,0,0.00958835287057211
14168,0,0,0.0005166915753012642
14169,0,0,0.4202501760573086
14173,0,0,0.027787256087763917
14176,0,0,0.002904572354100482
14179,0,0,0.0018167523778018762
14180,0,0,0.006911943710294652
14186,0,0,0.006274710813245016
14187,0,0,0.005810434635059507
14188,0,0,0.09457556890833167
14189,0,0,0.004099237327118507
14191,0,0,0.0012678145824213238
14193,0,0,0.012439553646617987
14195,0,0,0.002906635754289375
14198,0,0,0.00373160256841336
14216,0,0,0.054276181991680925
14219,1,0,0.2081945465449783
14221,0,0,0.0011471480530243455
14222,0,0,0.021464276242213583
14223,0,0,0.0160151662243203
14226,0,0,0.00321436327282459
14232,0,0,0.025864640719423862
14236,0,0,0.009933284219085542
14241,0,0,0.0031222088865587223
14248,0,0,0.0031163692992257543
14253,0,0,0.0034850367461182986
14255,0,0,0.005496396722099439
14256,0,0,0.02224472055263528
14257,0,0,0.02545207458777792
14258,0,0,0.0038820687423863974
14259,0,0,0.0077534828781719925
14261,0,0,0.010993309924738195
14275,1,1,0.8803367812992888
14283,0,0,0.16209273292023815
14294,0,0,0.2200210594937372
14295,0,0,0.012600601821163937
14306,0,0,0.00136154155464636
14308,0,0,0.008506757064098829
14310,0,0,0.012205574042699103
14314,0,0,0.006607463432523302
14323,0,0,0.19989186994862002
14327,0,0,0.0004944663026426867
14336,0,0,0.011091257756322848
14340,0,0,0.0681193090397456
14349,0,0,0.005855580760232033
14350,0,0,0.008275979671668461
14354,0,0,0.0017828283758290892
14373,1,0,0.01708291232373999
14374,0,0,0.0002514945021101762
14378,0,0,0.0009758875417160689
14385,0,0,0.007489032812959291
14393,0,0,0.005038357067696997
14409,0,0,0.006876339059452436
14422,0,0,0.0007077007955835217
14433,0,0,0.005343384751072152
14436,0,0,0.021524698387707986
14438,0,0,0.0007715527887538033
14442,0,0,0.00859474333945595
14447,0,0,0.007970906764196766
14448,0,0,0.009918536299094526
14455,0,0,0.010401734039143063
14467,1,1,0.9725408591408592
14473,0,0,0.022223738709493217
14475,0,0,0.005241723949441558
14484,0,0,0.003191830518848019
14490,0,0,0.09047666008979435
14491,0,0,0.000677234988265782
14496,0,0,0.006476907992020621
14497,0,0,0.0034955601197493723
14498,0,0,0.002085653288306245
14504,1,1,0.8994410597572362
14515,1,0,0.09198244525742152
14517,0,0,0.004292268080486342
14518,0,0,0.0021052227599305112
14523,0,0,0.005681040512917071
14526,0,0,0.08202404239426714
14528,1,0,0.4379789207263365
14541,0,0,0.13079913189984482
14542,0,0,0.019344886887217715
14552,0,0,0.002082775520329414
14556,0,0,0.12924914508260574
14565,0,0,0.01277743132204269
14567,0,0,0.04089845018956315
14573,1,0,0.21281552008655463
14575,0,0,0.009532966537564316
14576,0,0,0.0009189752934026879
14578,0,0,0.003909067723214976
14579,0,0,0.0019278643159509304
14580,1,1,0.9526355094967778
14583,0,0,0.006943289492983563
14589,1,1,0.9204329793635986
14594,0,0,0.006609801355504569
14603,0,0,0.01737916980726235
14609,0,0,0.10645900245296751
14613,0,0,0.16344539031193586
14615,0,0,0.00527318053063912
14618,0,0,0.06479234083825067
14622,0,0,0.052877725942520645
14624,0,0,0.00723239565991902
14631,0,0,0.012199365402807088
14632,0,0,0.0006587487470807577
14634,0,0,0.02061047773321351
14635,0,0,0.0028149692025209055
14636,0,0,0.0027594044301370974
14637,0,0,0.005610333609470424
14640,0,0,0.005994791284169821
14652,0,0,0.012874613928553373
14656,0,0,0.001649361376993362
14659,0,0,0.0005041153536599972
14660,0,0,0.01360551583085447
14665,0,0,0.014882623395213427
14668,0,0,0.002568568912142505
14672,0,0,0.0004894361215561676
14685,0,0,0.0043039464473442314
14687,1,0,0.052668636981239414
14688,0,0,0.009109853570645613
14691,0,0,0.0012970033515061546
14692,0,0,0.0033699823601220564
14693,0,0,0.00881867209947624
14697,0,0,0.004761590034270401
14710,0,0,0.0016689558503975078
14724,0,0,0.010133288345774294
14730,0,0,0.011362729431657559
14735,0,0,0.1491480627459136
14744,1,1,0.9736438522777532
14749,0,0,0.0009990181807241053
14752,0,0,0.017045625305169995
14753,0,0,0.010701612397264571
14760,0,0,0.01686412200313117
14762,0,0,0.005348184579554105
14763,0,0,0.005138436005107449
14766,1,1,0.8899066852380021
14773,0,0,0.0037524765918449474
14776,0,0,0.0020831261212605028
14779,0,0,0.0025609425792454173
14789,0,0,0.006308934438680417
14790,0,0,0.006460311526729735
14792,0,0,0.11003067718410707
14794,0,0,0.0009161441291219634
14800,0,0,0.01640931412515163
14801,0,0,0.0015296366588933355
14809,0,0,0.02835030919274899
14814,0,0,0.0005785399160382047
14818,0,0,0.004733693013949804
14822,0,0,0.011326444192694286
14824,0,0,0.003179556172331312
14828,0,0,0.06998029268220848
14829,0,0,0.01558895457106218
14830,1,1,0.9735606060606059
14832,0,0,0.0069878756742802
14839,0,0,0.00046634279410962665
14844,0,0,0.053214482934140425
14848,0,0,0.07203803735051963
14859,1,1,0.9620421483326926
14868,0,0,0.009720546151460018
14875,0,0,0.0011940656032766292
14882,0,0,0.004349703006558263
14885,0,0,0.001456643480969515
14889,0,0,0.001239333221737407
14892,0,0,0.0015123595070090266
14897,0,0,0.0008430892282289738
14903,1,1,0.9566687034390382
14911,0,0,0.12616805072163537
14921,0,0,0.16308806942891174
14926,0,0,0.07427325994527999
14928,0,0,0.01395537128024907
14930,0,0,0.005548873272336353
14947,1,1,0.9531451706728662
14952,0,0,0.0010950121352207305
14953,0,0,0.029647836052862836
14956,0,0,0.051653961692584585
14957,0,0,0.003003875401676263
14968,0,0,0.12609704550269865
14976,0,0,0.008484432777181155
14987,0,0,0.0035530303030303027
14990,0,0,0.030615368490314133
14991,1,1,0.9725596041385514
15005,0,0,0.010412505283226512
15011,0,0,0.0015027023606443216
15019,0,0,0.038379040966485
15044,0,0,0.023325938662585963
15046,0,0,0.00023509614668548303
15056,0,0,0.004246470550144413
15058,0,0,0.002754605586209317
15059,0,0,0.013615054850617063
15061,0,0,0.06958467485999631
15063,0,0,0.12365006085065706
15067,0,0,0.003867945630863564
15068,0,0,0.06141445335976246
15076,0,0,0.014169268740951358
15080,0,0,0.002244215276056622
15084,0,0,0.007880719184878891
15087,0,0,0.005452267487268806
15088,0,0,0.18672017786776218
15093,1,0,0.1443946250812107
15098,0,0,0.10750582224312931
15099,0,0,0.030912669978367238
15103,0,0,0.00908714614960071
15104,0,0,0.003189816309491589
15119,0,0,0.0009714492294939385
15128,0,0,0.0008749225279273968
15132,0,0,0.08383187103019013
15136,0,0,0.0019370009311360278
15144,0,0,0.0012002890132700294
15145,0,0,0.0027813560562688095
15151,0,0,0.10414273270240598
15154,0,0,0.0009714492294939385
15158,0,0,0.06909259013551866
15165,1,1,0.9652113632470423
15167,0,0,0.017349907985427505
15181,0,0,0.0004731908289577631
15189,0,0,0.11542538907730267
15192,0,0,0.08949497072788314
15194,0,0,0.3185762939224327
15198,0,0,0.012859540945580205
15199,0,0,0.01255402280919712
15209,0,0,0.006683869816331699
15210,0,0,0.1857470984012988
15213,0,0,0.0005178686680767286
15217,1,1,0.9815183428955823
15222,0,0,0.03547719508074134
15223,0,0,0.005885402461538195
15251,0,0,0.0007277768223889576
15263,0,0,0.01496032542187597
15264,1,1,0.99
15265,0,0,0.001093188410294173
15273,0,0,0.0020831261212605028
15276,0,0,0.004775645371869636
15281,0,0,0.06808194052522397
15283,0,0,0.02961644681811824
15288,0,0,0.03004174235288196
15292,0,0,0.015101254459425626
15295,0,0,0.06180909218749596
15300,0,0,0.005715644457653508
15303,0,0,0.004694666478920845
15305,0,0,0.0025993911220050687
15314,0,0,0.037135906819187714
15318,0,0,0.007497009804564583
15319,0,0,0.008925742433654916
15325,0,0,0.0233829368200328
15332,0,0,0.0029253567740316227
15333,0,0,0.003380874303589031
15335,1,1,0.9445014837799008
15343,1,1,0.9671329501700346
15345,0,0,0.00047225019554428087
15346,0,0,0.0036888034116336317
15347,1,1,0.9657824173602105
15349,0,0,0.0239549848522595
15351,0,0,0.03181513314423066
15367,0,0,0.004410076479635675
15378,0,0,0.042861703913111934
15381,0,0,0.20552682174986173
15400,0,0,0.003658928236144796
15413,0,0,0.0206567188614652
15414,1,0,0.24041442261314735
15416,1,1,0.991
15419,0,0,0.0026760447611277527
15426,0,0,0.003273760655052491
15443,0,0,0.002303098661530862
15452,0,0,0.005524566791171816
15453,0,0,0.004180558648080981
15455,1,1,0.9794871794871794
15459,0,0,0.027608279731589146
15466,0,0,0.0736062614209495
15473,0,0,0.003942530576323268
15479,0,0,0.0008219623665735891
15483,0,0,0.047342579152451665
15485,0,0,0.01311817454887112
15487,0,0,0.011398405001541805
15505,0,0,0.01998691489354222
15510,0,0,0.006387991797492928
15523,0,0,0.0019892608134713455
15531,0,0,0.007112288533076969
15532,0,0,0.0009150568769359007
15561,1,0,0.08412655616461037
15570,0,0,0.002734135143172842
15573,1,1,0.8264130002715959
15577,0,0,0.06178730472579109
15578,0,0,0.0015879084849881298
15581,0,0,0.039106323299302824
15585,0,0,0.0005287471015823038
15587,1,0,0.05439942385680057
15599,0,0,0.001660061902540409
15612,1,1,0.9599432840083163
15613,0,0,0.010027803364161864
15635,0,0,0.08357051756949613
15638,0,0,0.03595697090161789
15639,0,0,0.0374883127896312
15652,0,0,0.005847851488179796
15654,1,0,0.14930474304474942
15655,0,0,0.02771091237065778
15661,0,0,0.12808052238926593
15672,0,0,0.07286707587298016
15675,0,0,0.011900737217321895
15676,0,0,0.002500385149007929
15685,0,0,0.006588639082461641
15693,0,0,0.012659438547451107
15696,1,1,0.9909824175824176
15700,1,1,1.0
15706,0,0,0.011564373645455994
15707,0,0,0.0035144645285339147
15711,0,0,0.210119423480707
15714,0,0,0.006218246813313868
15721,0,0,0.010232252927039635
15722,0,0,0.0167453618490162
15729,0,0,0.0040505141535290435
15730,0,0,0.003942349692973669
15734,0,0,0.10367950078164562
15737,0,0,0.0123213244572075
15740,0,0,0.0017224060167443198
15744,0,0,0.0043141202608824505
15745,0,0,0.004745086471039446
15748,0,0,0.0019671395845726604
15754,1,1,0.9795624004737777
15756,0,0,0.09299312617318847
15760,1,1,0.9579070207570208
15762,1,1,0.9842142857142858
15765,0,0,0.011825928932671901
15766,0,0,0.012254957556274437
15769,0,0,0.006640531430149355
15770,0,0,0.010446622896587363
15785,0,0,0.013023196920576876
15787,0,0,0.076042618298428
15797,0,0,0.015069957728758836
15798,0,0,0.01107835815271286
15802,0,0,0.023820093360858774
15804,0,0,0.02396069373565111
15806,0,0,0.0038081739734241284
15813,1,0,0.007783873011647031
15814,0,0,0.016845727195305197
15815,0,0,0.021097318922533633
15826,0,0,0.01342203469588493
15840,0,0,0.005750813461073829
15851,0,0,0.0005287471015823038
15858,0,0,0.05247455098354042
15863,0,0,0.07363877447501585
15867,0,0,0.03653905478928052
15869,0,0,0.013631905764367173
15874,0,0,0.0032849694743901743
15876,0,0,0.36649124906889713
15877,0,0,0.0416826533707689
15878,0,0,0.00898501232405592
15879,0,0,0.0042253547809494195
15882,0,0,0.0032761862213492366
15887,0,0,0.003959670695142234
15888,0,0,0.0005257616477612446
15895,0,0,0.032224072516974435
15898,0,0,0.08448682443015276
15906,0,0,0.07916793695294705
15918,0,0,0.0016444939884089496
15922,0,0,0.02446570668408448
15923,1,1,1.0
15928,0,0,0.00039242960488476057
15933,0,0,0.21208938535038788
15934,0,0,0.020725604841569184
15943,1,1,0.9245839819952252
15951,0,0,0.0020256733980198336
15952,0,0,0.0041381503840832775
15962,1,1,0.8216747179080744
15970,0,0,0.00201160407123782
15979,0,0,0.0037587539319704527
15982,0,0,0.0021916906479870196
15988,0,0,0.024001936290274827
16000,0,0,0.0023915171789722638
16001,0,0,0.024979783151673672
16006,1,0,0.38058073807166515
16011,0,0,0.0031714609032206698
16012,0,0,0.0753941945748942
16036,1,1,0.9638943669739003
16061,0,0,0.001967520555749804
16063,0,0,0.02537378251401178
16072,0,0,0.006918003241934414
16081,0,0,0.016942975417315414
16082,0,0,0.0021052227599305112
16085,0,0,0.0018472188362925468
16102,0,0,0.0066755766728281585
16105,0,0,0.07664729230281128
16110,0,0,0.021211314257092807
16120,0,0,0.00657561006660862
16134,0,0,0.024996106310105272
16136,0,0,0.025088154601151075
16138,0,0,0.014288981514058082
16144,0,0,0.03583848810231107
16147,0,0,0.002905056275428729
16151,0,0,0.0006587487470807577
16153,0,0,0.06821708833260569
16157,0,0,0.1680840969166447
16161,0,0,0.004458514687640845
16164,0,0,0.00043926835521862793
16167,0,0,0.009201037760083068
16169,0,0,0.004115148896090976
16181,0,0,0.0017004279756555607
16191,0,0,0.003079066496475077
16197,0,0,0.05343123621718952
16198,0,0,0.0015803754157996995
16203,0,0,0.0008826068953541094
16210,0,0,0.0009433374844333749
16211,0,0,0.029440013944999663
16212,0,0,0.004395341726210463
16213,0,0,0.08814892624800821
16214,0,0,0.0033455564204368043
16223,1,1,0.9487247360482657
16227,1,0,0.15412346958198955
16229,0,0,0.17731008838659584
16231,0,0,0.05302141353810504
16238,0,0,0.003792386656234248
16239,0,0,0.0069183133468904805
16241,0,0,0.014015653930265796
16242,0,0,0.07588381384995119
16252,0,0,0.004929427174874747
16257,0,0,0.002602196062773081
16260,0,0,0.00130754804954235
16268,0,0,0.03476446103559697
16270,0,0,0.1117468207276607
16271,1,1,0.8933332595936677
16272,0,0,0.031956495463871824
16277,0,0,0.05221455158645209
16286,0,0,0.007968123685019283
16289,0,0,0.1133845839712839
16309,0,0,0.08146875813265955
16312,0,0,0.05539128198628791
16313,0,0,0.07956134723752804
16314,0,0,0.0018195464095590596
16336,0,0,0.006547164802863148
16356,0,0,0.04444911813840633
16362,0,0,0.0021501381769144607
16373,0,0,0.03256694321662122
16386,0,0,0.03477297431496786
16388,0,0,0.015431470023872422
16394,0,0,0.004610997259097919
16398,0,0,0.002472580322276703
16399,0,0,0.013808610552145379
16408,1,1,1.0
16418,0,0,0.0031930827055800352
16419,0,0,0.005544031867820959
16429,0,0,0.023671305621617386
16434,0,0,0.09255169809276458
16443,0,0,0.03633930761659367
16451,1,0,0.019930888897264104
16452,0,0,0.020571003001293588
16460,0,0,0.016312038680383018
16461,1,1,0.9377977504614482
16466,0,0,0.052881517668164006
16471,0,0,0.010913122538698616
16472,0,0,0.003541870293823848
16474,1,1,0.9265088988345503
16482,1,0,0.27552994599801833
16484,1,0,0.06972895364892115
16487,0,0,0.0064332764432952026
16490,0,0,0.0007791452223798982
16506,0,0,0.002030491136416007
16509,0,0,0.0016664208160142712
16515,0,0,0.05735616107394735
16516,0,0,0.030238144307635273
16518,0,0,0.0032250951818745153
16528,0,0,0.003358954145130657
16529,0,0,0.0022052590221193456
16543,1,1,0.9764379291018634
16544,0,0,0.010909011819773917
16547,0,0,0.019494748364242354
16552,0,0,0.0071362780942852925
16554,0,0,0.004402838311903152
16557,0,0,0.0017974070980753948
16561,0,0,0.09388308326965572
16566,0,0,0.016592630871551058
16574,0,0,0.052481540743305584
16581,0,0,0.0013051021647905072
16585,0,0,0.04805276089565588
16589,0,0,0.11216570987544816
16592,0,0,0.03313134665403457
16594,0,0,0.05311939667926988
16596,0,0,0.1281004348465977
16597,0,0,0.05236481154326216
16598,0,0,0.0546331300894039
16603,0,0,0.008492444772651923
16608,0,0,0.01900482360545201
16611,0,0,0.003968799762638534
16612,0,0,0.06545879211089513
16620,0,0,0.0014700021764684967
16625,0,0,0.010332126873964096
16626,0,0,0.016222377085857786
16628,1,1,0.9604234627984627
16634,0,0,0.0004523480245560347
16639,0,0,0.001239333221737407
16640,0,0,0.0015677476213370608
16641,0,0,0.0019772909546293526
16646,0,0,0.0064608103070823595
16651,0,0,0.0035808984221321356
16654,1,1,0.9851967032967033
16655,0,0,0.0003795774887688419
16656,0,0,0.06311789741322636
16657,0,0,0.026659701299799755
16681,0,0,0.0008708201475792743
16687,0,0,0.007443795079617289
16688,0,0,0.0032436766704496828
16692,0,0,0.0049517571545287
16695,0,0,0.00017432103918479477
16705,1,1,0.88628202231223
16716,0,0,0.0364733363608445
16727,0,0,0.052625672964847735
16728,0,0,0.013635893641398809
16734,0,0,0.026760546783885876
16740,0,0,0.00015110006827319955
16742,0,0,0.001371479995023945
16747,0,0,0.01107482567194795
16750,0,0,0.002343645788821274
16755,0,0,0.0071587779888970735
16756,0,0,0.03660525223299505
16758,1,1,0.960572845781385
16769,0,0,0.01912849244784492
16771,0,0,0.07878105476868434
16777,0,0,0.02808929934293395
16782,0,0,0.027275183227494035
16795,0,0,0.0014539980716378074
16802,0,0,0.11540717224478964
16808,0,0,0.32104890135340436
16810,0,0,0.000554945054945055
16812,0,0,0.013337766154650686
16818,0,0,0.01107863004501998
16820,0,0,0.04418227110924919
16821,0,0,0.006900056446498262
16827,0,0,0.007331191046368709
16835,0,0,0.017484692766543797
16836,1,1,0.9552009056327944
16838,0,0,0.010840341643328668
16839,0,0,0.002510652771768593
16842,0,0,0.0015961333359046032
16850,0,0,0.0014008179611093405
16871,0,0,0.015214547835238729
16872,1,1,0.9362404569115094
16880,0,0,0.0345733553002845
16885,0,0,0.00545467597651519
16894,0,0,0.04638695446270431
16896,0,0,0.014929973941611586
16904,0,0,0.027746719522290127
16908,0,0,0.01515573711508749
16918,0,0,0.0033195231147108016
16922,0,0,0.052927580567312546
16923,0,0,0.0028257001529632033
16924,0,0,0.003541870293823848
16926,0,0,0.03091732591224675
16932,0,0,0.006792175079673637
16933,0,0,0.016205964817834335
16947,0,0,0.0065978855581367325
16952,0,0,0.0012228906970130462
16954,0,0,0.0034906473798154486
16962,0,0,0.08555061753029271
16963,1,1,0.972735381435136
16970,0,0,0.00027355977355977357
16974,0,0,0.04524769319877692
16976,0,0,0.005006086598524159
16977,0,0,0.028047906089186475
16978,0,0,0.004041954490141199
16983,0,0,0.03902123188066647
16984,0,0,0.017016863233994286
16987,0,0,0.004740309112272341
16998,0,0,0.07654434804354829
17001,0,0,0.03505734069937103
17002,0,0,0.008335494674748757
17007,0,0,0.0036764330339605707
17008,0,0,0.031120066944212023
17009,0,0,0.17120018042777857
17014,0,0,0.05571006951354932
17017,0,0,0.10242470817685319
17019,0,0,0.13491321274586177
17022,0,0,0.007376600641461501
17034,0,0,0.04562977465529059
17038,0,0,0.013720239195180117
17039,0,0,0.07820993681236402
17040,0,0,0.0028535381979956616
17050,0,0,0.015661023324119262
17058,0,0,0.0010170848017567416
17068,0,0,0.004235754845411101
17080,0,0,0.003417721445950847
17086,0,0,0.0010225565230149243
17088,0,0,0.0019458488337337756
17090,0,0,0.011494534853231715
17094,0,0,0.017076001455861054
17095,0,0,0.016892039030819143
17105,0,0,0.0005045442177103062
17113,0,0,0.06853075506420551
17115,1,1,0.930352357168459
17126,0,0,0.00957562727201989
17127,0,0,0.0008623743615093095
17128,0,0,0.0011965589965783337
17138,0,0,0.001486397857954756
17144,0,0,0.07716784816509223
17154,0,0,0.04080398287112383
17160,0,0,0.0020922456205687613
17170,0,0,0.11311278861000977
17186,0,0,0.00566900571391433
17190,0,0,0.004954129277489777
17191,0,0,0.002043756543602829
17192,0,0,0.03744204824209624
17197,0,0,0.00797473183066285
17198,0,0,0.006436929861857073
17200,0,0,0.0013732141232032497
17201,0,0,0.0013325174241012167
17218,0,0,0.00614661725048078
17224,0,0,0.000706509656425936
17233,0,0,0.07873336395402607
17234,0,0,0.03286671329187865
17238,0,0,0.04311040296766674
17244,0,0,0.013092789805629201
17245,0,0,0.015256426639024045
17250,0,0,0.1057355079467892
17252,0,0,0.012030334811355408
17257,0,0,0.09308077098493633
17264,0,0,0.012573270891924565
17265,0,0,0.16143616786412104
17275,0,0,0.03315079491673549
17279,0,0,0.15814357699923007
17287,1,1,0.9419341693628605
17288,0,0,0.004714044939953328
17289,0,0,0.053236021418394355
17297,0,0,0.12258261695978978
17313,0,0,0.0007524277182438626
17314,0,0,0.0033729676672620435
17320,0,0,0.0283212349413626
17325,0,0,0.03953060401055648
17326,0,0,0.001290673213743952
17329,0,0,0.01861472953238015
17332,0,0,0.009709943665253204
17333,0,0,0.11888210596592952
17357,0,0,0.0017635066900387334
17358,0,0,0.010868518418925993
17361,0,0,0.16192443795892786
17362,0,0,0.004880085440388805
17363,0,0,0.020922868240717443
17364,0,0,0.0011915384362308876
17369,0,0,0.06199087476193703
17378,0,0,0.0013973990975672825
17385,0,0,0.013916781071030752
17393,1,1,0.9928571428571428
17394,0,0,0.0015599693896778209
17396,0,0,0.0057043740287506485
17408,0,0,0.01726882846538865
17413,0,0,0.0091010699892303
17418,0,0,0.06842375481760715
17420,0,0,0.05761650807031035
17427,0,0,0.00855804372509486
17428,0,0,0.003372481032037475
17431,0,0,0.003895607596242692
17433,0,0,0.03827613857423042
17435,1,0,0.21028731697744085
17439,0,0,0.001987726775155505
17442,0,0,0.18356672141971167
17448,1,1,0.9075889367598345
17449,0,0,0.06793864687086698
17458,0,0,0.0004828029693861927
17462,0,0,0.015134759683889075
17467,0,0,0.0011852749166191912
17469,0,0,0.009544702149070414
17470,0,0,0.002176381442128323
17478,0,0,0.0009961566364039662
17481,1,1,0.9441039671682627
17482,1,1,0.9664471875321204
17489,0,0,0.02623363722902676
17491,0,0,0.009526788594533734
17493,0,0,0.002536246983839193
17495,0,0,0.0031580713345926163
17501,0,0,0.006027081366379452
17504,0,0,0.0065828096429262975
17506,0,0,0.06313636234962348
17510,0,0,0.3072571803546398
17516,0,0,0.000869537415230391
17526,0,0,0.05253533650611694
17538,0,0,0.0005315712447373333
17539,0,0,0.008997783709552223
17543,0,0,0.005975567584787999
17546,1,1,0.9192612216842064
17547,0,0,0.26083763196795845
17558,0,0,0.030514383716311357
17564,0,0,0.008063064150480786
17565,0,0,0.02252554474267099
17575,0,0,0.006584309694158099
17577,0,0,0.0007235309539455583
17579,0,0,0.0008556997362028186
17581,0,0,0.018231720476207178
17584,0,0,0.028147376615423263
17596,0,0,0.08490410577450758
17605,0,0,0.00012017269557736517
17608,0,0,0.00218513239740972
17609,0,0,0.12708872970775298
17611,0,0,0.1284073733424195
17626,0,0,0.008139698612242405
17632,0,0,0.0032793675295006526
17647,0,0,0.022182303587136073
17652,0,0,0.11148012833057247
17654,0,0,0.05833570924421837
17657,0,0,0.0038861447465994656
17667,0,0,0.045181631241453094
17671,0,0,0.010212931352672858
17675,0,0,0.08596712696269014
17684,0,0,0.056268257633239865
17687,0,0,0.017344886901182383
17691,0,0,0.027029756827664456
17694,0,0,0.0036606568868674176
17697,0,0,0.0006776151481128187
17703,0,0,0.0007588506287024456
17706,0,0,0.0008595741894969309
17711,1,0,0.3358731163253044
17716,0,0,0.021180179600035407
17721,0,0,0.0058134184825704835
17724,0,0,0.00938261031522791
17726,0,0,0.004022373671893714
17731,0,0,0.007505073382585541
17732,0,0,0.057520603678048905
17741,1,1,0.9317336723232083
17742,0,0,0.0014313634442323043
17743,0,0,0.04438628172185776
17747,0,0,0.022416915290391498
17749,0,0,0.0005154226512158814
17754,0,0,0.007074039208691342
17759,0,0,0.0007646167193901157
17770,0,0,0.00765856840913438
17772,0,0,0.008651168740825473
17774,0,0,0.0944210923908828
17777,0,0,0.017771113603776784
17785,0,0,0.019487063937100486
17788,0,0,0.015177853147755249
17789,0,0,0.0008289261969642904
17790,0,0,0.007087057905762014
17791,0,0,0.028808327333512934
17797,0,0,0.0014109986594303598
17807,0,0,0.0005930076680533428
17808,0,0,0.0026030047579060907
17811,0,0,0.013445300126266395
17812,0,0,0.04157861999789025
17816,0,0,0.012742616758839009
17818,0,0,0.0004330159903523757
17824,0,0,0.002863136885999801
17835,0,0,0.07369024768812112
17836,1,1,0.9422335451236815
17840,0,0,0.01465745279986508
17860,0,0,0.004151017969050765
17868,0,0,0.012073938250888039
17869,0,0,0.0015902392718795406
17870,0,0,0.0005003159514702546
17871,1,1,0.9104590571112167
17876,0,0,0.08136300156082507
17877,0,0,0.018898757889795684
17883,0,0,0.014263335700501924
17886,0,0,0.0058079246548578545
17889,0,0,0.0022105922849552885
17890,0,0,0.010190659004792914
17892,0,0,0.006951922267284215
17903,0,0,0.010058969800539474
17910,0,0,0.008498225040703591
17911,0,0,0.0734019036308504
17922,0,0,0.14119804448855222
17923,0,0,0.0029837247086535244
17926,0,0,0.0739825998140724
17932,0,0,0.004586970604403254
17940,0,0,0.006441715763076193
17944,0,0,0.001640589394882748
17945,0,0,0.0032946031055614035
17946,0,0,0.012689572916448861
17953,0,0,0.2125807256765332
17964,0,0,0.0007925730893705646
17966,0,0,0.1651410909093686
17970,0,0,0.07150038104265118
17972,0,0,0.002681940099037722
17976,0,0,0.04167135299667374
17977,0,0,0.17438537337222176
17982,0,0,0.004797756964862839
17987,1,1,0.9368000515319033
17997,0,0,0.001456643480969515
18002,0,0,0.34202407656827466
18005,0,0,0.033078677945556294
18015,0,0,0.009835067940304117
18038,1,0,0.13403222075241442
18044,0,0,0.0005419831784521088
18047,0,0,0.004403445512571401
18048,0,0,0.24103144550435096
18049,0,0,0.10292356241609654
18059,0,0,0.0031981967670680557
18062,0,0,0.03509587721618533
18064,0,0,0.003251502816357947
18065,0,0,0.024788871853245714
18067,1,0,0.1378392805135571
18073,0,0,0.0064749733867509795
18076,0,0,0.0012846796033777928
18077,0,0,0.001679350820851682
18092,0,0,0.0006409516861393737
18101,1,0,0.032306725224334934
18112,0,0,0.0010789856146280492
18124,0,0,0.0035114772480867246
18134,0,0,0.0006809654046392249
18135,0,0,0.12805378393080027
18140,0,0,0.00023158199449992763
18149,0,0,0.09000568287312208
18151,0,0,0.020053019966767067
18154,0,0,0.006355249077799196
18155,1,1,0.93469426299025
18156,0,0,0.004921527978879282
18158,0,0,0.005911018128790424
18159,1,1,0.8909891545674827
18162,0,0,0.003262871457853924
18165,0,0,0.009969600015673208
18168,0,0,0.09136389317816813
18171,0,0,0.004953098834504479
18175,1,1,0.9714858962176036
18184,0,0,0.004318588813459515
18189,0,0,0.0013129522270813431
18194,0,0,0.012295418175337816
18196,0,0,0.0323862109799408
18200,0,0,0.003328620780564156
18201,0,0,0.0028242584474157052
18202,0,0,0.022232167233662174
18205,0,0,0.06057466425465321
18206,0,0,0.01681183773705702
18210,0,0,0.009842333964171902
18219,0,0,0.0005705650453473852
18221,0,0,0.004035665901323462
18236,0,0,0.0005380626131082878
18238,0,0,0.01183515009527694
18246,0,0,0.0004894361215561676
18247,0,0,0.0024909451423340808
18248,0,0,0.006615668136607674
18250,0,0,0.0030114979591108672
18259,0,0,0.0912676653604718
18260,0,0,0.0034990292897896713
18272,0,0,0.012194807914668473
18276,0,0,0.00205940273331716
18279,0,0,0.002363265581540867
18280,1,0,0.2115617292271308
18284,0,0,0.025096081212746486
18286,1,0,0.0636239072418388
18288,0,0,0.003366145464750509
18290,0,0,0.0029839446901822188
18293,0,0,0.008162975087921699
18294,0,0,0.0009377791958239049
18295,0,0,0.036887609968412644
18296,1,1,0.9709824175824175
18310,0,0,0.025819327374665545
18314,0,0,0.0691415345644049
18321,0,0,0.00044049304713256394
18325,1,1,0.9935849056603775
18326,0,0,0.0017004279756555607
18333,0,0,0.03767390400697615
18347,0,0,0.03492433598745399
18355,0,0,0.005102949713337516
18359,0,0,0.03496606728329804
18362,0,0,0.0018399099405922053
18365,0,0,0.002325310744563712
18373,1,1,0.5389345266564183
18376,0,0,0.00739591130226523
18377,0,0,0.00825815488758247
18381,0,0,0.015392444218853971
18382,0,0,0.002984519172880365
18383,0,0,0.02745097588374104
18394,0,0,0.0301275450534532
18396,0,0,0.0019278643159509304
18401,0,0,0.011288596011023404
18406,0,0,0.008357143613422591
18409,0,0,0.0007327236720350656
18416,0,0,0.01768639455634249
18423,0,0,0.005683558078350221
18424,1,1,0.9909824175824176
18427,0,0,0.02376711085236022
18428,0,0,0.002799415823386567
18437,0,0,0.043721810256209574
18439,0,0,0.0045368979484582276
18440,0,0,0.021242296872559508
18443,0,0,0.019751770309729865
18444,0,0,0.12858492832569562
18448,0,0,0.009834614171838806
18450,0,0,0.005505192735694675
18459,0,0,0.03226537710087307
18460,0,0,0.0034779561556117734
18474,0,0,0.001160531051844445
18476,0,0,0.011335129831885409
18480,0,0,0.04510428350277608
18482,0,0,0.002842113134759857
18486,0,0,0.004567385842645922
18495,1,1,0.9825193825629622
18509,0,0,0.0018451892264810628
18510,0,0,0.052609384702165723
18515,0,0,0.06219936550764024
18518,0,0,0.004091943429374639
18522,0,0,0.052529048315665315
18530,0,0,0.01721750886511795
18533,1,1,0.8526817107592474
18552,0,0,0.012836960533510794
18567,0,0,0.027273031972450113
18576,0,0,0.001207437430083909
18582,0,0,0.011248514013489886
18605,0,0,0.2377168705529069
18610,1,1,0.973525641025641
18611,0,0,0.009443211155460613
18617,0,0,0.039253545532350664
18625,1,0,0.07749090726170114
18630,0,0,0.039892400428672106
18632,0,0,0.001800858679756468
18645,1,1,0.9725077421888685
18652,0,0,0.0032875213049149395
18657,0,0,0.001276770863727543
18661,0,0,0.0013635728032440988
18663,0,0,0.002527593067498605
18667,0,0,0.07664693598780709
18676,0,0,0.003826329813040596
18679,0,0,0.00986646988273474
18680,0,0,0.010259339590888136
18681,0,0,0.06610908524087197
18688,0,0,0.006932311581817697
18690,0,0,0.016501992882174906
18694,0,0,0.001967520555749804
18696,0,0,0.0006794318809667641
18697,0,0,0.0009076679958468037
18700,0,0,0.008877547231423987
18716,0,0,0.0034304959599957357
18720,0,0,0.006307936273816524
18724,0,0,0.0049149984339681265
18729,1,1,1.0
18730,0,0,0.0019020374260260752
18742,0,0,0.001317181889982923
18743,0,0,0.008484692014170124
18744,0,0,0.024563695014918244
18748,0,0,0.001649361376993362
18749,0,0,0.0846794052881071
18758,0,0,0.007541628677020843
18761,0,0,0.08774843482982086
18762,0,0,0.0007882709368206199
18764,0,0,0.005201480519590515
18766,0,0,0.0022132037430228502
18774,0,0,0.00489907354347292
18777,0,0,0.013046236950797407
18780,0,0,0.0015643796491097025
18781,0,0,0.030973113287354737
18782,0,0,0.0741369435279516
18786,0,0,0.0009672570680195148
18790,1,1,0.9063807190606318
18796,0,0,0.0017390197982837577
18801,0,0,0.07673602721721584
18805,1,1,0.9327017100394075
18809,0,0,0.02887533867968563
18811,0,0,0.0032387638923813424
18814,0,0,0.09097355056036006
18815,0,0,0.0029168542204770736
18816,0,0,0.013954279586044296
18817,0,0,0.16533202472319297
18832,0,0,0.011951703415802213
18838,0,0,0.018881510459556952
18842,0,0,0.0022457940552056696
18844,0,0,0.15302762084606364
18846,0,0,0.00039391293828758034
18850,0,0,0.0019414210443201008
18857,0,0,0.002090700218399714
18860,0,0,0.0006698330637654119
18874,0,0,0.012460912706367908
18875,0,0,0.013992111387868832
18881,0,0,0.0015145195802483019
18886,0,0,0.02799222363357161
18895,0,0,0.030514853755335553
18897,0,0,0.08263319511827757
18906,0,0,0.0005719523326924427
18909,0,0,0.0015835390297181005
18911,0,0,0.03261099225701991
18918,1,0,0.1845877986215135
18920,0,0,0.050713627014927896
18922,0,0,0.0024728714761643195
18925,0,0,0.005306624579535422
18926,0,0,0.0014109986594303598
18936,1,1,0.9142140994770174
18938,0,0,0.0017486258356578005
18939,0,0,0.0007709551824715367
18940,0,0,0.003298190800322612
18943,0,0,0.011470022923036217
18945,0,0,0.03384054457884332
18946,0,0,0.008041040534633608
18947,0,0,0.051788851171420396
18953,0,0,0.016001305817932604
18955,0,0,0.017033514839086453
18962,0,0,0.0101425427804695
18963,0,0,0.00042918574957667986
18965,0,0,0.2371735259023082
18970,0,0,0.2750640613985898
18972,0,0,0.04417405236869126
18977,0,0,0.06660461943482497
18982,0,0,0.012314918599061624
18985,0,0,0.0071147384672799055
18986,0,0,0.07061508716166678
18987,0,0,0.0011436561964367742
18995,0,0,0.0316431050513178
18998,0,0,0.0684167111530252
19006,0,0,0.00849358754880698
19007,0,0,0.010226608248551363
19011,1,1,0.8931366664381372
19014,0,0,0.1632071784004311
19018,0,0,0.0007287356445601124
19023,1,1,0.9670745461192256
19025,0,0,0.050955442558242386
19026,0,0,0.0146776658843001
19031,0,0,0.022297602670188696
19037,0,0,0.2950169176984755
19040,0,0,0.04991047363353717
19044,0,0,0.012720460042693924
19055,0,0,0.05405961391719074
19060,0,0,0.014806807662485552
19068,0,0,0.006250024748346562
19074,0,0,0.08803426467142683
19075,0,0,0.0018262570056357089
19077,0,0,0.018538303020776768
19079,0,0,0.025713540914168907
19083,0,0,0.003034391826784583
19095,0,0,0.00474494684065966
19103,0,0,0.014847370754565188
19106,0,0,0.0027236487628142015
19111,0,0,0.13600605657037274
19117,0,0,0.0018183415563327748
19125,0,0,0.10374582606667315
19133,0,0,0.055184973698513426
19134,0,0,0.0035775243204351314
19139,0,0,0.00394506750922866
19144,0,0,0.0023388574159849524
19145,0,0,0.022049530302168985
19147,0,0,0.003970323949285108
19148,0,0,0.0032310233496127307
19150,0,0,0.004520879120879121
19153,0,0,0.006882187164774186
19159,0,0,0.004588347866132475
19161,0,0,0.0042102347562033605
19164,0,0,0.0078508491825119
19170,0,0,0.015000607377521345
19171,0,0,0.0027958522022347716
19182,1,1,0.9557694168950057
19184,0,0,0.01782751196930246
19185,0,0,0.009834814812427421
19189,0,0,0.007501080077290096
19190,0,0,0.006402277637314821
19191,0,0,0.21135163459579298
19201,0,0,0.0030347431535006375
19204,0,0,0.006560243656642383
19205,0,0,0.036892762395294876
19210,0,0,0.00972999417738783
19215,0,0,0.006979440004339696
19219,0,0,0.014292970046860533
19220,0,0,0.008126494885609549
19223,0,0,0.027200373044655612
19227,0,0,0.0010222073048231414
19232,0,0,0.18646240396239006
19233,0,0,0.0036990133160714075
19242,0,0,0.014199530252889243
19248,0,0,0.0036820469847643118
19252,0,0,0.018963578300590183
19253,1,1,0.9522142375168692
19254,0,0,0.00332264513639973
19262,0,0,0.0018195464095590596
19266,0,0,0.10730336034994811
19268,0,0,0.01179504710397301
19276,0,0,0.05923369751672697
19288,0,0,0.08567567581349293
19289,0,0,0.001575486541250918
19295,0,0,0.012111387181015057
19299,0,0,0.0011436561964367742
19313,0,0,0.0026825057916920604
19335,0,0,0.00759562608662854
19342,0,0,0.0014422794244643114
19343,0,0,0.0015185435106486983
19344,0,0,0.007634858376324203
19351,0,0,0.01840935361216807
19360,0,0,0.0012757468792795959
19367,0,0,0.0036805760201408257
19373,0,0,0.00977679965077254
19376,0,0,0.002350819118177039
19380,0,0,0.0029647173526643833
19383,0,0,0.05174506593519899
19385,0,0,0.001845900018539155
19388,0,0,0.07772821018596426
19400,0,0,0.01701909854851031
19401,1,0,0.18895801193046785
19406,0,0,0.004063109558129317
19411,0,0,0.017532711780170036
19412,0,0,0.007917875577114663
19413,1,1,0.99875
19417,0,0,0.013333195304409722
19420,0,0,0.17394700024210333
19424,0,0,0.05538698750194075
19428,1,1,0.9772202886651913
19434,0,0,0.01695484854617456
19447,0,0,0.04015251047542069
19448,0,0,0.005174798488411768
19449,0,0,0.17911925594546718
19450,0,0,0.00638336504729448
19459,0,0,0.008387137034530688
19460,0,0,0.021115278593814818
19468,0,0,0.014654908884051467
19472,0,0,0.028233091332700567
19475,0,0,0.001506359752920873
19479,0,0,0.002897887936736992
19480,0,0,0.02233617242467743
19485,0,0,0.004581015287530724
19486,0,0,0.02433327212636671
19489,0,0,0.012099625836596302
19492,0,0,0.02769039212266414
19505,0,0,0.0008570654686203085
19511,0,0,0.004449827630891266
19520,0,0,0.018073072210483123
19522,0,0,0.43000091835732895
19524,0,0,0.07309376269591343
19528,1,1,0.9909824175824176
19529,0,0,0.24137734908403638
19530,0,0,0.0023235908261057207
19533,0,0,0.10211431942226909
19540,0,0,0.003891703180211409
19543,1,1,0.9444859584859586
19544,1,1,0.9281929883472039
19545,0,0,0.005253641761034502
19554,0,0,0.004166666666666667
19567,0,0,0.0030575479007126784
19568,0,0,0.00298770482456196
19571,0,0,0.22359647502262747
19578,0,0,0.025101959870005054
19580,0,0,0.004359984226588536
19589,0,0,0.0017787710541179466
19595,0,0,0.003240967960144941
19607,0,0,0.004991770228011613
19611,0,0,0.001474841824841825
19632,0,0,0.0023636355184852224
19634,0,0,0.0018765809747132644
19635,0,0,0.0042215147523162405
19637,1,0,0.08684635053508521
19640,0,0,0.0008716103461589133
19642,0,0,0.004853733638086436
19657,0,0,0.000758625510109301
19662,0,0,0.0015442365412509183
19664,0,0,0.019623080699691764
19671,1,1,0.9845833333333333
19675,0,0,0.002647219633212229
19678,0,0,0.0007495938521592625
19687,0,0,9.331867779831486e-05
19690,0,0,0.0018235398715184795
19693,0,0,0.006985755528172816
19699,0,0,0.24062642852920987
19703,0,0,0.1060250708176082
19708,1,0,0.2824693206799969
19710,0,0,0.03940986023933026
19721,0,0,0.016377220419475248
19729,0,0,0.003248801531913112
19730,0,0,0.15131198520765932
19733,0,0,0.0011170368530472445
19734,0,0,0.02229349097064036
19741,0,0,0.007009530574215245
19753,0,0,0.00600934051292294
19757,0,0,0.00449676538006082
19759,0,0,0.0020831261212605028
19765,0,0,0.021004157553545743
19780,0,0,0.0005443312152560299
19782,0,0,0.0026823046008608276
19784,0,0,0.0008794932497443541
19786,0,0,0.006745364856275885
19799,0,0,0.00807719611387569
19808,0,0,0.08997663803833192
19817,1,1,0.9660055223827618
19820,0,0,0.0012708799313918809
19825,0,0,0.03489584639992284
19832,0,0,0.08565948913700445
19834,0,0,0.008641692153834564
19839,0,0,0.009893303171256168
19843,0,0,0.031507813911538306
19855,0,0,0.004631101705120262
19859,0,0,0.008354569301193429
19867,1,1,1.0
19885,0,0,0.027639466177468503
19886,0,0,0.0009219208048739267
19893,1,1,0.9909824175824176
19897,0,0,0.000495018302302757
19906,0,0,0.050402568408649116
19911,0,0,0.034684865431299276
19913,0,0,0.0034389742151816477
19914,0,0,0.00044049304713256394
19924,0,0,0.0014477978318973288
19928,0,0,0.008691036114667485
19932,0,0,0.00044049304713256394
19935,0,0,0.030022537882596362
19942,0,0,0.14519123699111297
19946,0,0,0.11473067155356617
19951,0,0,0.2645017489583788
19953,1,1,1.0
19955,0,0,0.009910211846187298
19960,0,0,0.0034892072076024407
19964,0,0,0.004845677717416334
19965,0,0,0.0041502328388386975
19969,0,0,0.0005154226512158814
19970,0,0,0.10987714603719781
19972,0,0,0.10126040328555713
19973,0,0,0.01605657351271288
19977,0,0,0.056621260615413845
19980,0,0,0.021517129522382467
19996,0,0,0.46249344527236164
19997,1,1,0.9909824175824176
20001,0,0,0.0027594571078960197
20002,0,0,0.0007793391334925738
20003,1,1,0.9435075902074104
20006,1,1,0.9735663870192565
20009,0,0,0.03571751894761353
20012,0,0,0.026346460341450436
20013,1,0,0.2776768145587114
20025,1,0,0.2484600399337857
20035,1,1,0.9825208791208792
20045,0,0,0.041669785514722106
20048,0,0,0.0022529517352018794
20054,1,1,0.9781395763302326
20055,0,0,0.01135773785500844
20072,0,0,0.01938707921441204
20076,0,0,0.02466623257551308
20080,0,0,0.021145202020202022
20086,0,0,0.03407354197745799
20090,0,0,0.004043167063391002
20095,0,0,0.30876966664610284
20117,0,0,0.0007657971966993143
20119,0,0,0.002424620523927859
20123,0,0,0.004967327558357175
20131,0,0,0.009852421545202276
20146,0,0,0.010355337632377242
20147,0,0,0.04263126196036409
20148,0,0,0.1132619614256649
20149,0,0,0.0006776151481128187
20151,0,0,0.0005203479796467602
20161,0,0,0.0040955043084222546
20164,0,0,0.00504663024338683
20178,1,0,0.20387610213635604
20181,0,0,0.0014298668615782305
20183,0,0,0.0015241241725483144
20187,0,0,0.04913646450112706
20188,0,0,0.02814592750843944
20190,0,0,0.003583602891409417
20195,0,0,0.00508127380109692
20207,0,0,0.010929496428079544
20208,0,0,0.11416720351875696
20214,1,1,0.9073327475817372
20216,0,0,0.02876722554277058
20217,0,0,0.039310149478311504
20225,0,0,0.01628421660831778
20227,0,0,0.1097375869786468
20228,0,0,0.0036874895785174028
20230,0,0,0.0032676724605147905
20233,0,0,0.005590706072171348
20240,0,0,0.0809285004052526
20243,0,0,0.01293139178095576
20244,0,0,0.01801060008640856
20247,0,0,0.008546794197220793
20249,0,0,0.003869951882720589
20251,0,0,0.034168853409562244
20253,0,0,0.0021769410700250673
20256,0,0,0.00044049304713256394
20258,0,0,0.003710293742647593
20263,0,0,0.0012691715431773884
20279,0,0,0.0019759205066722683
20287,0,0,0.0006976531719252631
20291,0,0,0.0015346435053604482
20298,0,0,0.001126900528921141
20303,0,0,0.0005831478746821054
20308,0,0,1.7315347328409675e-05
20312,0,0,0.0006687260049659647
20318,0,0,0.007071337519152336
20320,0,0,0.0007329131924018225
20321,0,0,0.05433965845430534
20322,0,0,0.008629483462963251
20331,0,0,0.009346655700710691
20332,1,1,0.9402257965241081
20333,0,0,0.0012576786181261199
20341,0,0,0.004471900001939965
20344,0,0,0.004071737235227464
20348,1,1,0.9445768608085683
20352,0,0,0.002493598933354944
20356,0,0,0.013505042400183864
20357,0,0,0.013939917208227778
20366,0,0,0.0015813282252039587
20373,0,0,0.0013129522270813431
20375,0,0,0.01559406959275256
20384,1,0,0.28619502997506086
20390,0,0,0.00428482083489826
20396,0,0,0.0031198962479059467
20400,0,0,0.04320411409380443
20409,0,0,0.0007715527887538033
20415,1,1,0.9845538461538461
20423,0,0,0.0009714492294939385
20425,0,0,0.03641039920651245
20430,0,0,0.009649399942695768
20436,0,0,0.028327144281362838
20443,0,0,0.16256793778025302
20464,0,0,0.00043926835521862793
20473,1,0,0.14472311244541833
20478,0,0,0.012397425026871385
20482,0,0,0.0005154226512158814
20497,0,0,0.040726310733704654
20503,0,0,0.0068502354056619265
20516,0,0,0.002788365059680323
20521,0,0,0.03392574189084603
20536,1,1,0.9767991913746631
20537,0,0,0.008838768313693896
20553,0,0,0.00021960059137256672
20558,0,0,0.08025519875595068
20559,0,0,0.0029601027068389334
20565,0,0,0.0033917951923725913
20572,0,0,0.021041104305397407
20574,1,1,0.9924137931034482
20577,0,0,0.00022842639593908628
20582,0,0,0.16307568214958074
20588,1,1,0.9785400212690536
20593,0,0,0.0007616956197967698
20603,0,0,0.0036028148006998595
20609,0,0,0.002151522183818082
20611,0,0,0.004657687227080843
20612,0,0,0.0008894905255694536
20614,0,0,0.1752038867258024
20618,0,0,0.000495018302302757
20625,0,0,0.15931307822535656
20631,0,0,0.030680765391642127
20642,0,0,0.11009834952652846
20644,0,0,0.00342599414219035
20650,0,0,0.003809331184309941
20651,0,0,0.0014094300579036599
20652,0,0,0.0022379415864508772
20655,0,0,0.012901790784861176
20656,0,0,0.015070686639313905
20662,0,0,0.038646847605286694
20663,0,0,0.01895336946232726
20664,0,0,0.054501210155504694
20665,0,0,0.07063432820730103
20668,0,0,0.01269596107797296
20681,0,0,0.0723091054217911
20682,0,0,0.045782338066540654
20683,0,0,0.016949177696532522
20685,0,0,0.004458195120839265
20688,0,0,0.0070368876953112855
20692,0,0,0.031361200586815303
20693,1,1,0.9241187518192162
20706,0,0,0.0012132069086035853
20713,0,0,0.22635502764209003
20722,0,0,0.003771020448930186
20725,0,0,0.007917875577114663
20726,0,0,0.008647531077868024
20727,0,0,0.005802060426830684
20730,0,0,0.0010235521459135107
20734,0,0,0.0010290315979683052
20739,0,0,0.13911870565901957
20751,0,0,0.025907794053883583
20758,1,0,0.12016951534733333
20763,0,0,0.003962758815823923
20767,0,0,0.002721607825471666
20768,0,0,0.013044714068804322
20773,0,0,0.0070359681762642646
20779,0,0,0.005729535720136019
20785,0,0,0.0012926762471278525
20786,0,0,0.008106204107349068
20795,0,0,0.003632383792892633
20800,0,0,0.0043168147828750525
20802,0,0,0.07152513244134236
20804,0,0,0.004400559811892925
20819,0,0,0.009164935673472246
20824,1,0,0.18767830460902682
20826,0,0,0.0031424588773430713
20831,0,0,0.013198089144873148
20839,0,0,0.007786853265036763
20846,1,1,1.0
20850,0,0,0.007508489402777776
20859,0,0,0.0016216642507631343
20877,0,0,0.06508771154911805
20883,0,0,0.007903273275890556
20885,0,0,0.01359709215259427
20886,0,0,0.16488331300429823
20892,0,0,0.1449848920485052
20898,1,1,0.9527146632471475
20905,0,0,0.0032981742907136837
20907,0,0,0.005616818202684162
20908,0,0,0.0013007456856847718
20919,0,0,0.0008085478643422103
20934,0,0,0.10943857204591341
20935,0,0,0.0007835662829226172
20943,0,0,0.0673884012961802
20949,0,0,0.003311900276142804
20955,0,0,0.008533910533910534
20957,0,0,0.04163892626223022
20965,0,0,0.11035573631183496
20973,1,0,0.22399419777053498
20979,0,0,0.016342270958256057
20980,1,1,0.9682674030949893
20985,0,0,0.0017961755516772702
20994,0,0,0.046605330635084465
21000,0,0,0.0018699087397058341
21001,0,0,0.005511334745110108
21007,0,0,0.35876445204449586
21020,0,0,0.1286114649638941
21026,0,0,0.006285963159134017
21029,1,1,0.9339129228781502
21036,0,0,0.006636113348240922
21042,0,0,0.006884395340322228
21047,0,0,0.0024281713880223346
21067,0,0,0.038029058140010556
21070,0,0,0.009005477263876169
21073,0,0,0.1500620398437612
21080,0,0,0.051408610614197395
21083,0,0,0.0004696152903700074
21091,0,0,0.007384498512532158
21092,0,0,0.005460804734967795
21106,0,0,0.003365811300223912
21108,0,0,0.01606303332126702
21115,0,0,0.01037703847379959
21117,0,0,0.03597692009993926
21118,0,0,0.000677234988265782
21130,1,1,0.9855939716312057
21131,0,0,0.012142040395470144
21138,0,0,0.0036027942615014276
21144,0,0,0.002770355108910516
21152,0,0,0.0019671395845726604
21166,0,0,0.0007499902402464828
21172,1,0,0.21911117037126435
21175,0,0,0.007934133345328496
21179,1,0,0.049970986331364216
21182,0,0,3.424657534246575e-05
21184,0,0,0.031110529948952362
21185,0,0,0.17676369760151764
21186,0,0,0.03302701923953532
21187,0,0,0.001251700950985018
21191,0,0,0.0008473556941087793
21199,0,0,0.01779210110173633
21201,0,0,0.0942679209158936
21203,0,0,0.010427692843717543
21207,0,0,0.008037614268946143
21208,0,0,0.013030343020442607
21218,0,0,0.002498893680030397
21221,0,0,0.034311294025794165
21223,0,0,0.00713523397836588
21227,0,0,0.006875595630575061
21230,0,0,0.020429488242584615
21231,0,0,0.07483937662550455
21233,0,0,0.008035520000381123
21249,0,0,0.031582906090037874
21255,0,0,0.0047737116852347
21262,0,0,0.012285852884938801
21268,0,0,0.000495018302302757
21277,0,0,0.0026662155246869363
21288,0,0,0.00449172698659494
21290,0,0,0.004112079940921662
21294,0,0,0.0038098050182395465
21297,0,0,0.012967812444966873
21300,0,0,0.01758020129237707
21305,0,0,0.0075551700681873064
21306,0,0,0.0035775243204351314
21315,0,0,0.001144518635657877
21322,0,0,0.011720999751947505
21323,0,0,0.013775578235617324
21327,1,0,0.3139974512738555
21329,0,0,0.005096819701194439
21337,0,0,0.0007033516356360904
21346,1,1,0.9793212177694938
21351,0,0,0.016877246476830497
21364,0,0,0.05957178342224658
21365,0,0,0.008620572372951546
21366,0,0,0.026526096927073733
21375,0,0,0.1798324657805858
21376,0,0,0.009186297779680252
21379,0,0,0.09908216714662042
21381,0,0,0.024735982723163363
21384,0,0,0.12912775123927622
21387,1,0,0.048881890011111435
21392,0,0,0.009271953138687805
21398,0,0,0.04518380989590067
21401,1,1,0.9824861111111112
21409,0,0,0.058192264336110106
21411,0,0,0.08131944697597739
21413,0,0,0.002789278673597593
21421,0,0,0.10988497832278002
21430,0,0,0.03558730571725643
21432,1,1,0.8982655800231512
21435,0,0,0.13374318617484393
21439,0,0,0.005289511104316021
21449,0,0,0.13610203278728022
21457,1,1,0.9332246982019854
21461,0,0,0.030092466260837517
21462,0,0,0.0008219623665735891
21463,0,0,0.01748722023465919
21475,0,0,0.04461417326972574
21479,0,0,0.002763049158328744
21482,0,0,0.008689950120501867
21483,0,0,0.005350020710963236
21486,0,0,0.006830184143718238
21494,1,1,0.9815183428955823
21509,0,0,0.007518182198529167
21513,0,0,0.0014499622951996952
21518,0,0,0.05669295960268046
21519,0,0,0.00243767029512551
21520,0,0,0.016787882845424804
21525,0,0,0.007751578727970578
21528,0,0,0.0007438228901593983
21529,0,0,0.0004731908289577631
21540,0,0,0.0008197496682200315
21541,0,0,0.003342798197102182
21545,1,1,0.9971428571428572
21548,0,0,0.002219526643109954
21557,0,0,0.020415067887399507
21571,0,0,0.05478346648876006
21572,0,0,0.0007398439168798512
21576,0,0,0.2767752478013341
21578,0,0,0.0003121717026376707
21583,0,0,0.009436766266329782
21584,0,0,0.02933648135884446
21589,1,1,0.9867969735182851
21594,0,0,3.424657534246575e-05
21595,0,0,0.006053722349127029
21596,0,0,0.006544986485210764
21597,0,0,0.10336675725178711
21616,0,0,0.06290492328478715
21618,0,0,0.001018538818553357
21621,0,0,0.01260223461376408
21625,0,0,0.010082885134546806
21631,0,0,0.08332949180155926
21632,0,0,0.0018401448052680445
21639,0,0,0.08046419092196322
21645,0,0,0.21457383091944426
21651,0,0,0.03356320014473702
21654,0,0,0.03140968781305184
21657,0,0,0.1955708332236602
21666,0,0,0.10890249760792571
21668,0,0,0.06688789879402929
21670,0,0,0.017747074104184964
21674,0,0,0.0024435864435424274
21680,0,0,0.007055161110854491
21688,0,0,0.004632962205360643
21698,0,0,0.010688932120863836
21699,0,0,0.013133580263634355
21701,0,0,0.003132217190165001
21704,1,0,0.05986180173402974
21712,1,0,0.20099852342548136
21713,0,0,0.022480274962668915
21714,0,0,0.10993442279405281
21719,0,0,0.0007547425040797805
21723,0,0,0.015202148691666242
21725,0,0,0.007058575102043223
21734,1,1,0.9647707633109317
21736,0,0,0.0028698228374128536
21737,0,0,0.0013864309399673979
21738,0,0,0.035082497049782856
21739,0,0,0.013654055832091843
21754,0,0,0.009097546864895889
21760,0,0,0.0007631864218762557
21769,0,0,0.015178151709338257
21771,0,0,0.0009695241373579943
21785,0,0,0.08777725856908104
21789,0,0,0.002875300774054217
21790,0,0,0.009316141209249684
21802,0,0,0.012887445645966594
21811,0,0,0.10518376232259274
21814,0,0,0.028206384737827092
21821,0,0,0.0022272023569622724
21832,0,0,0.003104280631877938
21833,0,0,0.025068684590101458
21834,0,0,0.0024065630597894087
21837,0,0,0.007376600641461501
21844,0,0,0.0010103734926523596
21845,0,0,0.1909835643069947
21854,0,0,0.0023968639546193167
21855,1,1,0.954821495835832
21860,0,0,0.0023285473634055494
21864,0,0,0.003134579747508864
21869,0,0,0.009129540929098168
21875,0,0,0.009564350072608785
21881,0,0,0.016197348793297733
21886,0,0,0.024781915964941535
21894,0,0,0.0014067527909869604
21895,0,0,0.4050427053768786
21898,1,1,0.9332855778724201
21903,0,0,0.01233361955632515
21906,0,0,0.03286108616419209
21913,0,0,0.07025360641699452
21914,0,0,0.0011773262301068078
21915,0,0,0.004162867679073686
21916,0,0,0.005097312014068782
21917,0,0,0.002952101904476792
21927,0,0,0.007392009749523678
21933,0,0,0.02054322422187297
21943,1,0,0.0935230992460117
21949,0,0,0.0012669035457793538
21951,1,0,0.36904720605044616
21979,0,0,0.0021058833543546327
21984,0,0,0.04524967779747584
21990,0,0,0.043947785473545414
21992,1,1,0.9371651379989757
21994,0,0,0.0030397157431717413
21995,0,0,0.014590252542396522
21997,0,0,0.002837032146938397
21998,0,0,0.002443831604035277
22002,0,0,0.0055184868284104925
22004,1,0,0.12051521619448001
22007,0,0,0.0108159206904023
22008,0,0,0.027608980414627858
22026,0,0,0.002430622563743076
22028,1,1,0.9575175961293609
22050,1,0,0.10254840458562206
22051,0,0,0.0007207079942396208
22055,0,0,0.007069196341722047
22059,0,0,0.2104538488205109
22060,0,0,0.03928101356602142
22061,0,0,0.009141752557284688
22062,1,1,1.0
22067,1,0,0.4081282034997139
22068,0,0,0.0011283441506031286
22070,0,0,0.0011061500278133822
22075,0,0,0.018251120157759718
22084,0,0,0.005253751697669454
22090,0,0,0.0007145245097951676
22097,0,0,0.004855605973094092
22105,0,0,0.007702430958329427
22109,0,0,0.0026689017399511915
22112,0,0,0.0035865878099735986
22117,0,0,0.00040410951042018847
22119,0,0,0.00044049304713256394
22126,0,0,0.017116616202095824
22130,0,0,0.0051469781175545945
22131,0,0,0.0006743182475657679
22137,0,0,0.10835111420533754
22142,1,0,0.15079975996260256
22144,0,0,0.017224895620042587
22146,0,0,0.0004888300244432426
22147,0,0,0.0033480952212466496
22156,1,1,1.0
22160,0,0,0.11186761917257805
22163,0,0,0.011337908861082243
22167,0,0,0.003437750944253712
22180,0,0,0.0012362151473794686
22184,0,0,0.0009526453270727216
22185,0,0,0.009168499344949826
22186,0,0,0.0022867924444922782
22189,0,0,0.014204765444840305
22191,0,0,0.005814920545147608
22197,0,0,0.011687005151023642
22199,0,0,0.02250684029470194
22201,1,1,0.9061812624828633
22202,0,0,0.12241477503162111
22213,0,0,0.0011737673964138753
22220,0,0,0.016632942644385126
22225,0,0,0.10258903842842311
22226,0,0,0.0019067776674083104
22233,0,0,0.007029995622490439
22235,1,1,0.9825193825629622
22242,0,0,0.0022399193343658093
22243,0,0,0.02883379009670653
22245,0,0,0.00655485169027539
22246,0,0,0.003400533166318238
22249,0,0,0.01664173047244501
22252,0,0,0.040046271926140145
22253,0,0,0.0023163203146588872
22254,0,0,0.0019892184442578476
22258,0,0,0.01365497527674261
22263,0,0,0.027408930152591316
22264,0,0,0.011390415777834763
22265,0,0,0.011233553526142318
22266,0,0,0.1954750898317264
22278,0,0,0.011659880025122069
22281,0,0,0.003741502488081087
22284,0,0,0.008217404012249125
22285,0,0,0.012085137085137086
22294,0,0,0.061198150087066215
22304,0,0,0.004776388913100556
22310,0,0,0.006326959174305586
22314,0,0,0.0007394875082927872
22325,0,0,0.008669327424845297
22327,0,0,0.020234403329634124
22332,0,0,0.007496505403003697
22333,0,0,0.004806916991790629
22340,0,0,0.006164228788079132
22345,0,0,0.0019180124267780204
22351,0,0,0.0034218580849770318
22353,0,0,0.0279538030877546
22362,0,0,0.0390825385287059
22375,0,0,0.0048833405454893645
22381,0,0,0.003985051779085508
22383,0,0,0.00877543003403161
22387,0,0,0.0036191003666597144
22394,0,0,0.0022401226036632273
22396,1,0,0.4792305700519484
22400,0,0,0.008591338401671875
22407,0,0,0.009584000440300439
22411,0,0,0.004168015312111312
22413,0,0,0.0007281327305104357
22424,1,1,0.8856718281718282
22425,0,0,0.04557381161464029
22441,0,0,0.15762975269489715
22442,0,0,0.003755801687750152
22455,1,1,0.8642159666951492
22456,0,0,0.026665609257289034
22468,0,0,0.010397772403637113
22482,0,0,0.007738911336832455
22484,0,0,0.06335170118462741
22488,0,0,0.016262508173309365
22492,0,0,0.02710366491866421
22499,0,0,0.0201985387879441
22500,0,0,0.0048934467300087905
22515,0,0,0.02758499160222158
22521,0,0,0.0023935444169838733
22522,0,0,0.10403819322091083
22532,0,0,0.003901828830765744
22536,0,0,0.03952560408388181
22543,0,0,0.09742315503272192
22547,0,0,0.001241694599434263
22550,0,0,0.00330482659784801
22551,0,0,0.2468948047282643
22562,0,0,0.003194374585626841
22567,0,0,0.00879869627006778
22568,0,0,0.027319080066355902
22571,0,0,0.043797783180467065
22577,0,0,0.22012310908449642
22586,0,0,0.00645311326255035
22605,0,0,0.013294192465444572
22608,1,1,0.9623944258639909
22610,0,0,0.009039999420018244
22616,0,0,0.00637254964528035
22620,1,1,0.9909824175824176
22621,1,1,0.9120192681489081
22622,0,0,0.01063249590411734
22626,0,0,0.013919346944145785
22634,0,0,0.2820956094706556
22635,0,0,0.05132898541957818
22636,0,0,0.006214441132999701
22642,0,0,0.00924510919230372
22647,0,0,0.0038410742313176598
22653,0,0,0.006860526633045221
22657,0,0,0.005224015555552842
22658,0,0,0.16343482291318476
22666,0,0,0.02225856629814259
22681,0,0,0.0035094839427981905
22685,1,1,0.9347314768868783
22692,0,0,0.16077768736570647
22695,0,0,0.0009380631992804358
22696,0,0,0.0029718399088709433
22702,0,0,0.02831778705339838
22705,1,0,0.16314335758594856
22706,0,0,0.0011714094853500201
22714,1,1,0.8988003954727133
22723,0,0,0.003308676634450503
22725,0,0,0.0020256733980198336
22730,0,0,0.10599523874875338
22735,0,0,0.009414165049368468
22736,0,0,0.02480609320722506
22739,0,0,0.0010430148419129923
22743,0,0,0.024181212703146052
22746,0,0,0.011860605538442719
22750,0,0,0.012311448253315286
22757,0,0,0.007742096440109056
22759,0,0,0.06404690192766506
22761,0,0,0.025858825985321805
22766,0,0,0.006082098909786483
22767,0,0,0.0052447969260880235
22777,0,0,0.11514470396925952
22781,0,0,0.006209074888843342
22783,0,0,0.01897894578121736
22795,0,0,0.0034246434843121947
22802,0,0,0.03399099729668358
22803,0,0,0.0017937214912534638
22808,0,0,0.0018262570056357089
22811,0,0,0.07759095748731908
22812,0,0,0.07339288848041739
22813,0,0,0.0032568935228644625
22815,0,0,0.0242807629384283
22819,0,0,0.18049328676585724
22822,0,0,0.031249881243506708
22830,0,0,0.0008172611614855865
22842,0,0,0.0011935773675936779
22846,1,1,0.9369474521691494
22848,0,0,0.005996901675290288
22851,0,0,0.012087868370212758
22860,0,0,0.005989141471885616
22862,0,0,0.0034614260549996477
22863,0,0,0.017209485899105936
22864,0,0,0.004902549529289064
22868,0,0,0.0034625962403374137
22870,0,0,0.1493572492382242
22871,0,0,0.05894080223444906
22877,0,0,0.05543444921633874
22880,1,1,0.9480569591001473
22886,0,0,0.00504053648898083
22899,0,0,0.005729565763520158
22904,0,0,0.008384471737391737
22913,0,0,0.1812066941607784
22915,0,0,0.002466075780868899
22918,0,0,0.003750088477881976
22922,0,0,0.008426063835713711
22924,0,0,0.000692391061704823
22925,0,0,0.0026557383141332003
22926,0,0,0.007094527264455513
22930,0,0,0.08928481817625142
22935,0,0,0.16848980685025974
22940,0,0,0.23792222301769364
22955,0,0,0.0015767557514956825
22958,0,0,0.0036606568868674176
22962,0,0,0.08511313812014842
22967,0,0,0.019509341652384982
22973,0,0,0.0006501867887373973
22977,0,0,0.0030358019376284617
22980,0,0,0.0012525129182197987
22984,0,0,0.10698611400637603
22985,0,0,0.1272773074319923
22993,0,0,0.005297025997273969
23002,0,0,0.10564088188008475
23010,0,0,0.062383560193843016
23024,1,1,0.967054780891623
23025,0,0,0.01633230589150545
23030,0,0,0.01184118041405211
23031,0,0,0.0012751110735736567
23033,0,0,0.01041892704107839
23036,1,1,0.9666870645898675
23037,0,0,0.0031275992502946214
23052,0,0,0.0043811953031687705
23056,0,0,0.1001195913713586
23065,0,0,0.004189852554304668
23072,0,0,0.08443391223603143
23088,0,0,0.0012182837396189907
23092,1,1,0.9643240143369175
23094,0,0,0.02709835981856617
23096,0,0,0.004223421157571562
23097,0,0,0.0020802392912008666
23103,1,1,0.9419678971649915
23109,0,0,0.01395289753923278
23111,0,0,0.0028354168743281592
23112,0,0,0.004105634888735003
23115,0,0,0.0007246126038583304
23118,0,0,0.0036898958117158385
23121,0,0,0.10604611146135859
23123,0,0,0.022472328789848426
23130,0,0,0.15307520030792726
23132,0,0,0.031448417091922545
23134,0,0,0.004897876274159912
23149,0,0,0.0034347609722449727
23157,0,0,0.0035023903816361083
23158,1,1,0.957966576034992
23159,0,0,0.010584826554355919
23164,0,0,0.007997819930817643
23165,0,0,0.00330819938656501
23169,0,0,0.0009290409699984682
23176,0,0,0.0037087054747115666
23180,0,0,0.08173635164715243
23183,0,0,0.01063481451204768
23187,0,0,0.0006700603739177173
23190,0,0,0.0015902392718795406
23195,0,0,0.016422931063410497
23198,0,0,0.008272418517884862
23200,0,0,0.12731954798506298
23201,0,0,0.00373160256841336
23214,0,0,0.02195798922485569
23218,0,0,0.0007691060903516244
23219,0,0,0.006086457684270319
23228,0,0,0.09966858784342648
23232,0,0,0.0009990181807241053
23233,1,1,0.8979692096521366
23234,0,0,0.08015413567694157
23244,0,0,0.012343072459957215
23249,0,0,0.00305937461392662
23252,0,0,0.009907455630732762
23261,0,0,0.001187168392554246
23271,0,0,0.02673503734510133
23275,0,0,0.017418362760986305
23285,0,0,0.010978474140059534
23288,0,0,0.004838944542790422
23294,0,0,0.0005552500798766378
23299,0,0,0.005171691220408966
23303,0,0,0.0007982762297554356
23308,0,0,0.000756067053781398
23311,0,0,0.007708778173688568
23316,0,0,0.21063202615976537
23317,0,0,0.014843526197765983
23319,0,0,0.12599512604384838
23327,0,0,0.001358892414113442
23331,0,0,0.02507437922166562
23338,0,0,0.07286524950592259
23343,0,0,0.006499399737304107
23357,0,0,0.0007657971966993143
23361,0,0,0.004085353397668535
23366,0,0,0.2127141705715284
23374,0,0,0.003324836806212299
23381,0,0,0.01673011500100823
23382,0,0,0.03201638427901284
23387,0,0,0.0005235139931337889
23392,1,1,1.0
23397,0,0,0.03739481172285848
23406,0,0,0.002451452459898261
23412,0,0,0.028063154138950618
23417,0,0,0.017202014393562674
23423,0,0,0.006289075799803177
23429,0,0,0.016101271644754233
23433,0,0,0.004649585056368233
23437,1,0,0.12193445594796548
23439,0,0,0.0879007118523148
23440,0,0,0.007672346272329699
23447,0,0,0.22574560196949067
23450,0,0,0.0013877206404154091
23451,0,0,0.0629830546759375
23465,0,0,0.07038321123257035
23469,0,0,0.0036858303801635193
23481,0,0,0.07444131134115559
23487,0,0,0.002200028499838119
23497,0,0,0.00599636695466049
23499,0,0,0.001021344383380518
23504,0,0,0.07364809289306212
23512,0,0,0.09595633958994322
23523,0,0,0.028925142457240104
23525,0,0,0.019170512852609175
23526,1,1,0.9925
23530,0,0,0.012462282462222259
23531,0,0,0.02930157934206024
23534,0,0,0.0012474508454038793
23537,1,0,0.3518713411562424
23538,0,0,0.028214369803526127
23555,0,0,0.3084768140925302
23562,0,0,0.004746106865350242
23570,0,0,0.04310038328597921
23574,0,0,0.14836718421487727
23575,0,0,0.003176491859125166
23584,0,0,0.022345467205392957
23585,0,0,0.010025236811963273
23586,0,0,0.0009711317773409883
23588,0,0,0.009118907979534241
23589,0,0,0.006372539425766401
23593,0,0,0.009619791291212246
23595,0,0,0.0029986609748172766
23596,0,0,0.07651951678043008
23600,0,0,0.01787629095736161
23606,0,0,0.004327890193041712
23607,0,0,0.018828737562604236
23611,0,0,0.0021824175824175823
23614,0,0,0.008769735674039478
23615,0,0,0.040513447815120666
23626,0,0,0.030401151865948807
23631,0,0,0.012253861987435133
23633,0,0,0.002447368652560207
23637,0,0,0.08923134479915723
23644,0,0,0.012513832149611239
23646,0,0,0.03436972696316041
23647,0,0,0.004157527828677257
23663,1,0,0.15521762735381384
23670,0,0,0.019624361338960644
23672,0,0,0.006536883786774317
23673,0,0,0.06884357955004691
23676,0,0,0.09153071205276478
23677,0,0,0.008958097366011558
23680,0,0,0.01657050685197302
23688,0,0,0.0012197952473148798
23691,0,0,0.02010858910090721
23693,0,0,0.006710947386760601
23702,0,0,0.006992319681577138
23703,1,0,0.26704436537106635
23705,0,0,0.0037348972493232934
23721,0,0,0.0004652568033343254
23724,0,0,0.22062224844433662
23735,0,0,0.010968363805859633
23743,0,0,0.003954434173278958
23744,0,0,0.004772192338990405
23765,0,0,0.0027028333698255686
23767,0,0,0.06645195587755402
23770,0,0,0.007596781957228041
23778,1,0,0.18803472974047053
23792,0,0,0.011913097431532788
23798,0,0,0.0021601373155329924
23808,0,0,0.0005125312843868189
23811,0,0,0.0009990181807241053
23816,0,0,0.23299391509644202
23821,0,0,0.003931743058862238
23823,0,0,6.389469146855002e-05
23832,0,0,0.003482753254617083
23833,1,1,0.9966666666666666
23838,0,0,0.0009189752934026879
23840,0,0,0.0019348808018903754
23844,0,0,0.05287900579015061
23846,0,0,0.0009380631992804358
23849,0,0,0.023974605270701912
23856,0,0,0.0023145727960567058
23858,1,1,0.8843045660906779
23862,0,0,0.006592040692000176
23868,1,1,0.923213713857521
23872,0,0,0.002806019951363235
23875,0,0,0.012709535443647826
23882,1,1,0.9588640456182473
23883,0,0,0.0007018367286247219
23886,0,0,0.006597605038164792
23887,0,0,0.00144196711130143
23888,0,0,0.007906326770253838
23895,1,1,1.0
23896,0,0,0.07450076386862574
23915,0,0,0.01166222846929156
23917,0,0,0.0009189752934026879
23919,0,0,0.011424944231464385
23920,0,0,0.00947523748169918
23922,0,0,0.016619142414055176
23938,0,0,0.0034907625693882138
23942,0,0,0.0008752867595788074
23947,0,0,0.01734915562662537
23953,0,0,0.00434197111869125
23954,0,0,0.0032808804532532885
23955,0,0,0.01916878442545022
23956,0,0,0.002711615657425196
23962,0,0,0.00558079860982131
23969,0,0,0.006943657258756093
23970,1,1,0.9005732617136168
23972,0,0,0.0014904435654892404
23978,0,0,0.05404857743071893
23981,0,0,0.08853810349605963
23982,0,0,0.0035851565060569103
23992,0,0,0.068231160459834
23993,0,0,0.008900417236918364
23995,0,0,0.0033610225241208847
23996,0,0,0.0025966352255869006
23997,0,0,0.0019592461017069874
24003,0,0,0.005183259678443098
24004,0,0,0.0011684693538010422
24006,0,0,0.018152318595935354
24009,0,0,0.010897888374207153
24010,1,1,0.8928078787218132
24016,0,0,0.003181590112303577
24019,0,0,0.0033144519551038293
24020,0,0,0.05634186790602362
24028,0,0,0.0007722650037992787
24034,0,0,0.004900902248845937
24051,0,0,0.12111133400141455
24053,0,0,0.0026580980667178043
24054,1,0,0.125348999502671
24058,0,0,0.014618828729626205
24059,1,1,0.9610539157723369
24061,0,0,0.008139698612242405
24069,0,0,0.037102208237648135
24076,0,0,0.0006698330637654119
24080,0,0,0.0036042863302201385
24081,1,1,0.9676597402597403
24084,0,0,0.02293408404728676
24091,0,0,0.07684208040937386
24099,0,0,0.071353648940143
24102,0,0,0.011233476692411941
24105,1,0,0.24587383781661956
24112,0,0,0.00857054464889353
24118,0,0,0.0036146356493000375
24122,0,0,0.016846897829525625
24127,0,0,0.010794697518799414
24132,0,0,0.002673744029613557
24135,0,0,0.008846179050387969
24137,0,0,0.11076056432102152
24139,0,0,0.08609973771394219
24142,0,0,0.022909634967826803
24156,0,0,0.0006794318809667641
24158,0,0,0.012992173307487073
24165,0,0,0.0009898989659698426
24166,0,0,0.004290788879150777
24172,0,0,0.0010511857736555522
24174,0,0,0.00519837628196847
24181,0,0,0.00937659911039424
24186,1,1,0.9393996243451888
24190,1,1,1.0
24203,0,0,0.011047800719457707
24213,0,0,0.005731750479477814
24222,0,0,0.16585429840073684
24227,0,0,0.003320438675995834
24229,0,0,0.013952583953126395
24235,0,0,0.001211583399457162
24267,0,0,0.0026594384841056255
24277,0,0,0.010786151351591002
24290,1,1,0.9416885920013154
24295,0,0,0.05171932132074672
24299,0,0,0.004099163766230231
24302,0,0,0.001323611140862013
24304,0,0,0.003649602299425798
24305,0,0,0.007478341120464486
24314,0,0,0.001665616306276743
24316,0,0,0.0038411404192595215
24321,0,0,0.0007551298499602895
24327,0,0,0.009044044448599653
24328,0,0,0.005015697474919867
24331,0,0,0.05821073430409791
24332,0,0,0.0010199286841353263
24345,0,0,0.014434296067828036
24351,1,1,0.927200068994043
24356,0,0,0.17443014613705773
24364,0,0,0.004488033304360711
24366,0,0,0.012429812171733296
24368,0,0,0.007446376794188157
24371,0,0,0.0021052227599305112
24377,0,0,0.038691755760364856
24387,0,0,0.0018765809747132644
24390,0,0,0.08058131983260353
24394,0,0,0.10162092559754907
24395,0,0,0.00042859478198705955
24396,0,0,0.08623106345404344
24407,0,0,0.0016548548779871843
24414,1,1,0.9452681608733302
24418,0,0,0.0005287471015823038
24420,0,0,0.0029750981308027374
24427,0,0,0.028680225270688475
24429,0,0,0.10472584830663483
24430,0,0,0.0031882637328623483
24434,0,0,0.007530613808171408
24438,0,0,0.014581244808965698
24441,0,0,0.024457029108416534
24442,0,0,0.0020415187254658232
24449,1,1,0.9906451612903225
24459,0,0,0.2786205778337136
24464,0,0,0.046428757842955255
24466,0,0,0.012362507720508913
24469,0,0,0.03365321718148111
24473,0,0,0.0028891964670396224
24480,0,0,0.1007814427865174
24482,0,0,0.00039391293828758034
24483,0,0,0.0006227964681851477
24484,0,0,0.01172986641714636
24503,0,0,0.008167911964268968
24514,0,0,0.00048397871917715764
24520,0,0,0.004091943429374639
24521,0,0,0.007251864039225755
24525,0,0,0.0521104614663512
24535,0,0,0.00289121875152911
24539,0,0,0.000495018302302757
24544,0,0,0.0008547798943202861
24550,0,0,0.0007286454963685331
24557,0,0,0.004094711555680153
24561,0,0,0.002989529800604664
24564,0,0,0.0007458203144503156
24566,0,0,0.11574604682811493
24569,0,0,0.0017990965118085483
24570,0,0,0.00776012790079045
24574,0,0,0.02951488182893361
24578,1,1,0.9759286541415573
24585,0,0,0.0675919997931228
24587,0,0,0.0030778900364223294
24592,0,0,0.010203228492474972
24600,0,0,0.001318195905585358
24601,0,0,0.010283673253220358
24604,1,0,0.3081583150661278
24605,0,0,0.00040410951042018847
24611,0,0,0.012850591226428567
24617,0,0,0.03477312665519789
24636,0,0,0.06616782035239983
24639,1,0,0.04777301966884541
24640,0,0,0.024918317132460975
24644,0,0,0.004332424894438119
24645,0,0,0.01883574096453543
24646,0,0,0.007431496488326899
24650,0,0,0.006403712014501636
24664,0,0,0.16599024746765223
24669,0,0,0.0014008179611093405
24673,0,0,0.0006794318809667641
24676,0,0,0.002591309040862331
24680,1,0,0.016774084906777204
24688,0,0,0.00164670690338622
24690,0,0,0.008360960960676431
24691,0,0,0.0008195231147108021
24703,0,0,0.12819664914663234
24708,0,0,0.04851009136087158
24710,0,0,0.059274739856786954
24723,0,0,0.06952719713492474
24725,0,0,0.0025893987329095535
24727,0,0,0.03167507215356675
24729,0,0,0.004772192338990405
24732,1,1,0.9642803974029198
24733,0,0,0.0005777870049974984
24736,0,0,0.0034820875245462546
24748,0,0,0.019376053455527044
24763,0,0,0.01956202353043611
24776,0,0,0.2144650439634672
24785,0,0,0.2027102418434962
24788,0,0,0.0031388747386967893
24792,0,0,0.004058215817154918
24796,0,0,0.01115067936326029
24797,0,0,0.006450922691919397
24814,0,0,0.0033645541716825255
24816,0,0,0.06042496024333633
24817,0,0,0.0024951590862295567
24821,0,0,0.23636849194653678
24822,0,0,0.12608900186702307
24828,0,0,0.19957345924363806
24835,0,0,0.0011647940541219066
24836,0,0,0.005122791279533399
24841,0,0,0.05202277592128402
24844,0,0,0.005469105473382691
24846,0,0,0.008361518028793306
24849,0,0,0.003441802370048868
24850,0,0,0.1439082534054899
24856,0,0,0.009370585486738666
24857,0,0,0.054838482714529624
24858,1,1,0.9909824175824176
24864,0,0,0.009474050677803604
24873,0,0,0.07056906044268473
24874,0,0,0.0011960495471629072
24880,0,0,0.0007070228556009537
24881,1,1,0.932742019092019
24892,0,0,0.007050323689960543
24895,0,0,0.0036186333704194716
24898,0,0,0.014043464739966588
24899,0,0,0.0014200622263543334
24901,0,0,0.16584137399197219
24903,0,0,0.020841734784673535
24913,0,0,0.01816925674932228
24917,0,0,0.0011714094853500201
24919,0,0,0.013831514306854776
24921,0,0,0.003514689031527655
24934,0,0,0.09622388610237566
24943,0,0,0.06631269946727666
24952,0,0,0.003348043069311837
24958,0,0,0.000757799130550733
24965,0,0,0.0011714094853500201
24969,0,0,0.0033616470699560207
24971,0,0,0.015615273786846249
24973,0,0,0.03939291519944416
24977,0,0,0.037248771694447395
24978,0,0,0.0009380631992804358
24982,0,0,0.08238614808730482
24987,0,0,0.020027079046889985
24993,0,0,0.047858980232601496
24997,0,0,0.10583981539574858
24999,0,0,0.005862907412777847
25007,0,0,0.01297051147167144
25012,1,1,0.9115278282864416
25013,0,0,0.00882920349647992
25018,0,0,0.0007049807770588334
25023,0,0,0.0009399586411150527
25029,0,0,0.007185679987880097
25035,0,0,0.0007049807770588334
25037,0,0,0.016845727195305197
25039,0,0,0.01917134745492305
25043,0,0,0.004724940100655049
25048,0,0,0.01266824868342691
25049,0,0,0.013729039852279778
25054,0,0,0.016515921504803254
25057,0,0,0.0026935875382182663
25075,0,0,0.02699726015616155
25081,0,0,0.000707042285048509
25084,0,0,0.0005287471015823038
25090,0,0,0.0051469781175545945
25094,0,0,0.002460217384004134
25097,0,0,0.03326560717897459
25100,0,0,0.001160531051844445
25106,0,0,0.010880174616529664
25119,0,0,0.014582452009096471
25123,0,0,0.0734692997756054
25126,0,0,0.01038050890555031
25127,0,0,0.004605586882824543
25131,0,0,0.013488826414790565
25132,0,0,0.023096235252272203
25136,1,1,0.972609351432881
25137,0,0,0.020376469656274397
25140,0,0,0.004290675575727213
25159,0,0,0.0029437797725798374
25168,0,0,0.02263106089756025
25172,0,0,0.005518378459909323
25174,0,0,0.0008074376932014418
25178,0,0,0.04896668774304982
25186,0,0,0.011000463718428818
25187,0,0,0.03359666552503981
25206,0,0,0.0033052579927704334
25209,0,0,0.00044049304713256394
25211,0,0,0.10824541997037208
25215,0,0,0.032342709714708005
25226,0,0,0.00585259931299334
25232,0,0,0.0006227964681851477
25233,0,0,0.021816294229188373
25236,0,0,0.021313928069060475
25238,0,0,0.0021539779356175353
25240,0,0,0.005936286351319967
25242,1,0,0.08317894563454986
25247,0,0,0.03845662651162734
25248,1,1,0.9909824175824176
25249,1,1,0.9738260352032746
25253,0,0,0.04970213003937338
25267,0,0,0.05526073180454103
25274,0,0,0.1260645329576574
25275,0,0,0.013695771467152252
25286,0,0,0.0005154226512158814
25291,0,0,0.06259765199764038
25292,0,0,0.00283678489852288
25293,0,0,0.001896646389206107
25309,1,1,0.9678768678469516
25310,0,0,0.015471511016202975
25313,0,0,0.007688932908246988
25328,0,0,0.002759482128170278
25335,0,0,0.009433386581965427
25342,0,0,0.004722114553667448
25346,0,0,0.01782504669514272
25352,0,0,0.011562383915141783
25371,0,0,0.08143553983054704
25374,0,0,0.007730180945358609
25375,0,0,0.015685293684742335
25381,1,1,0.9748404986206337
25387,0,0,0.001925761302582117
25389,0,0,0.015757374935085805
25391,0,0,0.0666446285748719
25396,0,0,0.012806281217884406
25401,0,0,0.004107223093126972
25405,0,0,0.020329079837298984
25407,0,0,0.010678711430687255
25415,0,0,0.1932876633865137
25425,0,0,0.0007394875082927872
25438,0,0,0.001629254661485006
25460,0,0,0.01776223922775541
25466,0,0,0.007117843102125258
25476,0,0,0.012446198472702261
25483,0,0,0.0031506317464224253
25485,1,1,0.9428370736632122
25490,0,0,0.020733929544649678
25493,0,0,0.08866181823947668
25496,0,0,0.012493815525706213
25502,0,0,0.0011410638818610819
25515,0,0,0.010140890358700264
25525,0,0,0.020703217832724066
25527,0,0,0.014794267491921151
25529,0,0,0.019241684309430324
25530,0,0,0.0026000566918270678
25532,0,0,0.0012461574431151066
25536,0,0,0.017032446138132963
25541,0,0,0.018682038616789003
25544,0,0,0.07903472870078172
25545,1,1,0.9942857142857143
25546,0,0,0.012405704427856929
25568,0,0,0.009691068355302122
25570,0,0,0.003104510597029339
25572,0,0,0.003970466790780506
25574,0,0,0.014367208311259549
25576,0,0,0.0015464532559904731
25581,1,0,0.009703209629816262
25582,0,0,0.0079221688818488
25585,1,1,0.8965184503354608
25588,0,0,0.003725481619332954
25590,0,0,0.003503034666303495
25602,0,0,0.003334645972563232
25603,0,0,0.0019436927614729868
25604,0,0,0.02671806353577845
25605,0,0,0.017327264922677707
25611,0,0,0.0007269252625384807
25629,0,0,0.0030914182881261443
25636,0,0,0.02569546805657825
25639,0,0,0.00029375311696965245
25644,0,0,0.004149788344652771
25655,0,0,0.01831304345832948
25662,0,0,0.006846170521306526
25664,0,0,0.0040079512544758285
25668,0,0,0.01851988666187628
25670,1,1,0.9190581354138376
25679,0,0,0.021996377662884346
25695,0,0,0.0017104177888910435
25698,0,0,0.18262826909508414
25701,0,0,0.17149750321332552
25712,1,1,1.0
25714,0,0,0.01596821694547097
25718,0,0,0.006788206679238794
25720,1,1,0.9590966537966539
25729,0,0,0.002519128299120316
25731,0,0,0.0022436893125494604
25738,0,0,0.0036535023893196324
25742,0,0,0.016507538175319903
25744,0,0,0.0021017359142321223
25747,0,0,0.0006268254104459961
25750,0,0,0.000806427571941029
25754,0,0,0.042331407222652453
25755,0,0,0.05306030840225487
25756,0,0,0.0013812628873439406
25760,0,0,0.02704247310694562
25768,0,0,0.006970411882363343
25776,0,0,0.001721371858578059
25784,0,0,0.004481300200587988
25788,0,0,0.017779736107698074
25793,0,0,0.01109566351839402
25794,0,0,0.00048470427182066393
25799,0,0,0.004704395113502157
25800,0,0,0.10155519044962905
25801,0,0,0.00478839509342534
25806,0,0,0.0007499902402464828
25811,0,0,0.007427236433739758
25815,1,1,0.8949260461760463
25823,0,0,0.012975039003066008
25833,0,0,0.004419686201243574
25837,0,0,0.009839904981798398
25842,0,0,0.10061151675066524
25845,0,0,0.0020252891627784075
25846,0,0,0.005377836229068304
25856,0,0,0.011430470161849338
25860,0,0,0.1280991854419007
25865,0,0,0.03519235477611176
25867,1,1,0.96421347525024
25870,0,0,0.00807719611387569
25881,0,0,0.0005235221888761505
25887,0,0,0.03128517633915217
25893,0,0,0.0037238252778764693
25898,0,0,0.0012755441240383434
25899,0,0,0.0015619770287673782
25900,0,0,0.06709169498056997
25903,0,0,0.024740295560486483
25904,0,0,0.0034411799510591996
25916,0,0,0.06551980427608227
25917,1,0,0.2035905913241063
25918,0,0,0.060223326087290224
25919,0,0,0.13282372290835842
25921,0,0,0.01965423591191147
25924,0,0,0.031788560033379445
25927,0,0,0.003670336991107284
25931,0,0,0.007513461341814297
25935,0,0,0.017479163227431968
25936,0,0,0.004310187418003563
25943,0,0,0.27284073050801605
25948,0,0,0.030790298876985124
25954,0,0,0.0033307783015769014
25959,0,0,0.008533314685219874
25962,0,0,0.025692071339215198
25963,1,1,0.9909824175824176
25964,0,0,1.7315347328409675e-05
25965,0,0,0.007927318505020403
25966,0,0,0.0016753524399506837
25972,0,0,0.007350847946596
25973,0,0,0.07870360781186769
25977,0,0,0.007437699252745762
25980,0,0,0.03446704027078273
25985,0,0,0.007684286221124047
25992,1,0,0.17209108433951872
25993,0,0,0.0014577696299594223
25996,0,0,0.0073799414806830525
25998,0,0,0.006646372685920569
26002,0,0,0.0004828029693861927
26005,0,0,0.1856836031036482
26007,0,0,0.010293972157298326
26008,1,1,0.9255635939014328
26013,0,0,0.002012340565885848
26016,0,0,0.0034666386039931612
26017,0,0,0.0036594232543497042
26019,0,0,0.0034053653782139598
26021,0,0,0.0011313770971992595
26024,0,0,0.19830008024131607
26027,0,0,0.02796583789486047
26038,0,0,0.0020970280202074966
26043,0,0,0.005081185650791694
26047,0,0,0.16314776868010827
26049,0,0,0.001174860817768742
26059,0,0,0.0017004279756555607
26064,0,0,0.001683459709680646
26065,0,0,0.14829063958218663
26067,0,0,0.009389688321033585
26068,0,0,0.16041731264879405
26073,0,0,0.004439144300868141
26075,0,0,0.005005291596249738
26089,0,0,0.009259177301959706
26091,0,0,0.012838919828345612
26095,0,0,0.0013362081370935862
26096,0,0,0.0028282794735365563
26098,0,0,0.08694318875477985
26100,0,0,0.033590480766998006
26101,0,0,0.006811993030227077
26104,0,0,0.07471106378959279
26108,0,0,0.019727178091320102
26110,0,0,0.024838280828019473
26113,0,0,0.03089774695140972
26115,0,0,0.008115197287243872
26117,0,0,0.19741088993903375
26121,0,0,0.0035768910415274685
26144,0,0,0.012135550741450294
26154,0,0,0.009768172278242289
26163,0,0,0.006900747603070634
26165,0,0,0.0026252726420064178
26169,0,0,0.06791021313582399
26170,0,0,0.02866109085564033
26180,0,0,0.018512890034512577
26182,0,0,0.0033900180278614777
26186,1,1,0.941557150779247
26189,0,0,0.04609445616995341
26194,0,0,0.005020833333333333
26197,0,0,0.00035029843385991466
26199,0,0,0.10086121422412804
26203,0,0,0.009127582067833866
26210,0,0,0.010576636817586272
26216,0,0,0.0006681836432345682
26218,0,0,0.000806841138689901
26222,0,0,0.003626098625124786
26224,0,0,0.170207073066914
26227,0,0,0.04191245620754641
26231,1,0,0.11706392980571102
26239,0,0,0.13548578350828458
26250,0,0,0.33525033280466815
26252,0,0,0.06217155157993606
26260,0,0,0.004544392217184226
26261,0,0,0.0021621563258034005
26262,0,0,0.011413944750578284
26264,0,0,0.12377868396780287
26268,1,1,0.9578003941776336
26269,0,0,0.13263861898406298
26270,0,0,0.006109114621773049
26273,0,0,0.007478093636458642
26282,0,0,0.015243928976810976
26289,0,0,0.00703730056280703
26291,0,0,0.15206034615064418
26295,0,0,0.0023325943573765644
26305,0,0,0.046565100384612534
26316,0,0,0.002043756543602829
26322,0,0,0.015664846083992254
26326,0,0,0.011087983799863008
26331,0,0,0.002871711754814335
26334,0,0,0.0040209168206373795
26338,0,0,0.000768716382137265
26341,0,0,0.0034443574720280233
26346,0,0,0.23087934989595343
26347,0,0,0.0022633569549629974
26352,0,0,0.007274805122834402
26363,0,0,0.0019799634527191113
26365,0,0,0.111023994536911
26368,0,0,0.0009712878401469098
26378,0,0,0.004757678563713272
26386,0,0,0.0014766250870059153
26388,0,0,0.012047700080896544
26393,0,0,0.005629623532758496
26407,0,0,0.007588696117150675
26408,0,0,0.0019685574183632404
26414,0,0,0.006190818580577264
26436,1,0,0.12014865932134466
26438,0,0,0.0005125312843868189
26452,0,0,0.028247373772001812
26458,0,0,0.21246962323944263
26468,0,0,0.008144262619127289
26469,0,0,0.0021619475677386733
26477,0,0,0.0019505405436283593
26481,0,0,0.001940061376698592
26486,0,0,0.006381052617955397
26488,0,0,0.1488502929421438
26491,0,0,0.0021052227599305112
26494,0,0,0.004225509775426193
26511,0,0,0.004374097347433808
26512,0,0,0.014502360397079615
26515,0,0,0.01796235253241817
26525,0,0,0.08952468649511695
26531,0,0,0.0008589947027610998
26535,0,0,0.0007536155738512741
26538,0,0,0.003216644048698056
26540,0,0,0.0028500408606244245
26542,0,0,0.0050856325240407904
26544,0,0,0.0016444939884089496
26545,0,0,0.009886766506837221
26546,0,0,0.008186883165520732
26563,0,0,0.06557668692190136
26568,1,1,0.9380323973586948
26576,0,0,0.08490351506709787
26578,0,0,0.0038671968492539903
26580,0,0,0.004506989749997984
26587,0,0,0.000561858231972044
26590,0,0,0.04076231016843163
26596,0,0,0.04859999979037039
26601,0,0,0.014907642612010932
26603,0,0,0.0007394969057874814
26610,0,0,0.0016083313503264549
26616,0,0,0.00520199929409666
26620,0,0,0.0005257616477612446
26631,0,0,0.005824112459570526
26633,0,0,0.03279924921382252
26634,0,0,0.01747719578338774
26643,1,0,0.32550586065766074
26644,0,0,0.1361849754001139
26648,0,0,0.00621058145158218
26651,0,0,0.14514034817676713
26654,0,0,0.009480675262594919
26658,0,0,0.0013760665790725928
26661,0,0,0.06557208969670732
26662,0,0,0.005271734243263514
26665,0,0,0.008156202691960058
26678,0,0,0.008227238843788518
26680,0,0,0.04723914095786244
26682,0,0,0.0022191460028518966
26692,1,1,0.9909824175824176
26693,0,0,0.0011333860065084996
26696,0,0,0.006123846648639873
26705,0,0,0.014446173945187267
26713,0,0,0.022420125472490674
26715,1,1,0.9504072026450896
26718,0,0,0.0025246544419221754
26719,0,0,0.015674306810442826
26720,0,0,0.025796370697959526
26723,0,0,0.0013165968288403281
26730,1,1,0.9909824175824176
26733,0,0,0.05253283842983322
26742,0,0,0.41926244142724994
26743,0,0,0.01449861685268418
26747,0,0,0.2587706626747263
26752,0,0,0.0017273412349639488
26756,0,0,0.004701898607689109
26762,0,0,0.011048325518240002
26763,0,0,0.01591843106160089
26764,0,0,0.048970774191575785
26772,1,0,0.18885502179492353
26776,0,0,0.0016285335111562297
26789,0,0,0.004457528419951146
26795,0,0,0.0063286954561511295
26802,0,0,0.0068553823539346794
26806,0,0,0.04424579723151199
26813,0,0,0.18429783115874016
26824,0,0,0.0015042754792982747
26827,0,0,0.010130160013834804
26830,0,0,0.005301508604969689
26838,0,0,0.029352813852813853
26842,0,0,0.00839758036805155
26845,0,0,0.07350100703390751
26855,0,0,0.03887648533114078
26856,0,0,0.004192112196281866
26859,1,0,0.329389911962934
26864,0,0,0.00074927050243837
26872,0,0,0.005453828200800832
26876,0,0,0.001657618285188405
26877,0,0,0.057406286610217794
26879,0,0,0.007023584163248473
26882,0,0,0.003599049027661905
26883,0,0,0.013128911333952376
26891,0,0,0.15988777311900781
26895,0,0,0.041933702799919564
26897,0,0,0.0032987367490331294
26900,0,0,0.0013771544245228457
26902,0,0,0.09751433897313781
26904,0,0,0.20070195547406677
26909,0,0,0.10456746414474517
26920,0,0,0.00791938040792422
26921,0,0,0.00690112430562848
26928,0,0,0.00999852286764993
26931,0,0,0.005179801154443725
26934,0,0,0.003390642558381078
26937,0,0,0.005452870608467598
26945,0,0,0.01058078442480452
26949,1,1,0.9177838870431895
26956,0,0,0.004952012764534972
26961,0,0,0.004167047591027313
26971,0,0,0.017214164491259672
26974,1,1,1.0
26975,0,0,0.00519837628196847
26980,0,0,0.006256687397108892
26984,0,0,0.0056256563361026055
26993,0,0,0.11259668556880677
26995,0,0,0.005589808479413455
26996,0,0,0.002865026462993181
27002,1,1,1.0
27026,0,0,0.013662411931828808
27029,0,0,0.017991864708897125
27030,0,0,0.02691100664023863
27031,0,0,0.09074443300140865
27037,0,0,0.005505192735694675
27039,0,0,0.05536569772655593
27048,0,0,0.04984032110464799
27067,0,0,0.08258632861604283
27069,0,0,0.026744270937283328
27074,0,0,0.09314031586526315
27084,0,0,0.011610789349895699
27098,0,0,0.10975076150642366
27100,0,0,0.008395261138018235
27106,1,1,0.9760176716548707
27107,0,0,0.01743567670693525
27109,0,0,0.001604875666643038
27123,0,0,0.00016943377932120756
27136,0,0,0.007131503968238844
27137,0,0,0.001495510904069509
27143,0,0,0.015075804299147639
27144,0,0,0.003829171339652356
27145,0,0,0.056254793647588876
27148,0,0,0.037419928408004594
27150,0,0,0.005706449898088527
27153,0,0,0.0012474508454038793
27155,0,0,0.001969387755102041
27160,0,0,0.0004731908289577631
27167,0,0,0.019474752916067786
27173,1,1,0.9665896088846908
27175,0,0,0.0034224358801315602
27177,0,0,0.007262483596881081
27183,0,0,0.0016884404652193826
27191,1,1,0.9909824175824176
27192,0,0,0.025963915715686528
27199,0,0,0.006221149194149578
27211,0,0,0.003194374585626841
27213,1,1,0.9909824175824176
27221,0,0,0.028389538941928003
27225,0,0,0.027008534710325553
27226,0,0,0.005819644392712646
27228,1,1,0.8944994216310004
27230,0,0,0.011541449002610393
27235,0,0,0.012379746208000834
27248,0,0,0.004083833484318964
27250,0,0,0.02930698174726013
27255,1,1,1.0
27256,0,0,0.0033144390389750894
27260,0,0,0.03869630010287603
27267,0,0,0.05051661058119697
27274,0,0,0.009430244877605399
27281,0,0,0.11164802680709057
27299,0,0,0.0007018367286247219
27301,0,0,0.003942146756627248
27304,0,0,0.0037616993676168687
27305,0,0,0.0017644857943049015
27315,0,0,0.010886487221308526
27319,0,0,0.0032334186178188257
27326,0,0,0.007770056744014216
27327,0,0,0.0164533879980611
27341,0,0,0.0008401767159090592
27349,0,0,0.002900690752780313
27350,0,0,0.0016207186042593157
27354,0,0,0.007663879106774399
27355,0,0,0.005954198175180559
27365,0,0,0.19382003729212435
27367,1,1,0.9613407185632081
27370,0,0,0.005469267813116216
27380,0,0,0.013294139507604712
27388,0,0,0.0032008412651470474
27389,0,0,0.02328041036571642
27392,0,0,0.0007668579839541352
27396,0,0,0.010516831369647577
27405,0,0,0.0014540387515803088
27412,0,0,0.0025797456274990528
27430,0,0,0.008934506246461976
27436,0,0,0.011708595083894739
27441,0,0,0.0011313770971992595
27455,1,1,0.9628586449495371
27460,0,0,0.0020922456205687613
27468,0,0,0.002621969509188984
27479,0,0,0.02682753635421545
27490,0,0,0.11805909605292875
27496,0,0,0.007705860301919142
27497,0,0,0.010331593035791427
27499,1,1,0.9659919591284103
27500,0,0,0.05730428809664965
27502,0,0,0.0025131726348814744
27508,0,0,0.0007976197303489843
27514,0,0,0.00662012125127908
27520,0,0,0.013326788732990364
27525,0,0,0.017286551233316606
27526,0,0,0.0676748340041114
27528,0,0,0.006642545850662553
27529,0,0,0.0011954110201590092
27537,0,0,0.018822234102892722
27540,0,0,0.004744999825154363
27543,0,0,0.0046850133611264395
27545,0,0,0.05603746532910599
27569,0,0,0.009122132883693578
27578,0,0,0.07431815969183855
27591,0,0,0.05393622722582927
27600,0,0,0.0004742826626551504
27606,0,0,0.006099447845643588
27607,0,0,0.003830825128531008
27629,1,1,0.9915849056603774
27631,0,0,0.007356091910625985
27636,0,0,0.0037993834741257408
27638,0,0,0.001585704755110824
27641,0,0,0.012551832488311942
27648,0,0,0.0018847042432373665
27654,0,0,0.061535988181574075
27665,0,0,0.003140130110799894
27667,0,0,0.0031188303134326244
27672,0,0,0.012899821316698722
27676,0,0,0.011176225928049505
27677,0,0,0.047167408591735835
27685,1,0,0.252580979023065
27695,0,0,0.0036358149879165418
27698,0,0,0.0018562904339629077
27699,0,0,0.033111507808752966
27706,0,0,0.04513773360692595
27709,0,0,0.005450259749115457
27711,0,0,0.01737916980726235
27712,0,0,0.0031910875785498556
27721,0,0,0.018954923667810354
27724,1,1,0.9235430989830731
27725,0,0,0.12206684119957448
27727,0,0,0.0009592871297634689
27731,0,0,0.004656001706393644
27734,0,0,0.005314485905202404
27738,0,0,0.00528191919299782
27744,0,0,0.002355981933498927
27748,0,0,0.03864340120433449
27753,0,0,0.0005154226512158814
27758,0,0,0.014003739185201583
27759,0,0,0.005612208523184134
27760,0,0,0.011071162848948218
27767,0,0,0.050547815844449014
27770,0,0,0.031501170327234866
27772,0,0,0.09068413924073603
27779,0,0,0.0111496709058666
27794,0,0,0.06041967704936244
27805,0,0,0.005262185854188225
27808,0,0,7.8846146685483e-05
27814,0,0,0.06669965065818795
27817,0,0,0.014083978117224134
27818,0,0,0.11719840594530648
27819,0,0,0.02969972136560981
27820,0,0,0.0025053934260990934
27822,0,0,0.0015785149090962616
27833,0,0,0.15449405436558025
27837,0,0,0.003531860129135069
27838,0,0,0.0054070477038221446
27853,1,1,0.9090872822620255
27855,0,0,0.0009377791958239049
27866,0,0,0.004581871998050222
27869,0,0,0.0024011046383187766
27873,0,0,0.0043656010331753125
27879,0,0,0.06734246074568592
27887,0,0,0.013512317543011331
27891,1,0,0.02846737292528651
27894,0,0,0.06494286673961568
27895,0,0,0.1081325039336498
27903,0,0,0.047674807460492435
27910,0,0,0.09038298368600409
27911,0,0,0.0857786728259324
27912,0,0,0.03625245068045912
27913,0,0,0.0031454682019754197
27919,0,0,0.029510884973547855
27925,0,0,0.0039004227895608075
27944,0,0,0.0011740946532573986
27946,0,0,0.004002241142521602
27949,0,0,0.0011471480530243455
27952,0,0,0.00197461593935081
27956,0,0,0.10249576133420041
27959,0,0,0.016191030624924215
27967,0,0,0.0017635066900387334
27968,0,0,0.0006967714895870268
27975,0,0,0.002059743809206289
27985,0,0,0.0005287471015823038
27990,0,0,0.011654249067004725
27994,1,0,0.22311561953040393
28015,0,0,0.0016335636922427488
28017,0,0,0.001524031535303452
28018,0,0,0.007937909272091957
28025,0,0,0.010908082097102416
28027,0,0,0.10968286284403066
28032,0,0,0.038117832619853124
28037,0,0,0.14725859216792186
28041,0,0,0.014181708864873837
28048,0,0,0.00023158199449992763
28059,0,0,0.0010559177213138706
28063,0,0,0.0032639676810749477
28075,0,0,0.00019977412059129826
28081,0,0,0.02686777182945599
28085,0,0,0.003638501487400917
28088,0,0,0.2719415094178293
28089,0,0,0.043864360850225326
28092,1,1,1.0
28095,0,0,0.06559431018172436
28102,0,0,0.005874937654765266
28103,0,0,0.001374154102988406
28107,0,0,0.009826599153820463
28108,0,0,0.011047800719457707
28113,0,0,0.003546135033339089
28114,0,0,0.16212270951824923
28117,0,0,0.009015413137702814
28119,0,0,0.086147115918244
28127,0,0,0.017966307966465755
28129,0,0,0.007608624021106208
28130,0,0,0.04998479096834875
28147,0,0,0.00355925271510969
28150,0,0,0.15690872553764504
28159,0,0,0.009015476400669712
28164,0,0,0.0342259256320248
28166,0,0,0.021696986823831102
28170,0,0,0.007684286221124047
28174,1,1,0.9024738445664034
28183,0,0,0.03620172168946422
28184,0,0,0.016461267342430853
28189,0,0,0.04318893384792509
28192,0,0,0.04278754827939743
28196,0,0,0.00046895006494096774
28204,0,0,0.2588032820554566
28221,0,0,0.03199328261501764
28228,0,0,0.0057025746280616515
28229,0,0,0.030375866717804834
28234,0,0,0.004332424894438119
28235,1,1,0.9461956048119731
28240,0,0,0.0019531462192442497
28241,0,0,0.003909617585637533
28242,0,0,0.009422655767667305
28245,0,0,0.004774646761497425
28258,0,0,0.018080787483637707
28260,0,0,0.010934826832058913
28262,0,0,0.2278674216564678
28265,0,0,0.09160362671660813
28269,0,0,0.0006868580530685337
28271,0,0,0.1107079344284653
28281,1,0,0.016183379733827573
28283,0,0,0.000612759021863082
28284,0,0,0.08042253535397442
28290,0,0,0.010138876118406762
28291,0,0,0.17943890699809079
28297,0,0,0.00530287154527093
28298,0,0,0.20727843239205704
28300,0,0,0.021057014608471668
28305,0,0,0.025501179602394838
28307,0,0,0.005222156747644983
28313,0,0,0.0040032232601216215
28314,0,0,0.0010113364246893523
28315,1,1,0.9815183428955823
28330,0,0,0.024730903816890405
28332,1,1,0.9909824175824176
28334,0,0,0.015452130051556103
28335,0,0,0.003091965214265403
28337,0,0,0.0004713729751961458
28341,0,0,0.008063780717994951
28344,0,0,0.0025609425792454173
28346,0,0,0.1840036269582816
28348,0,0,0.0041502328388386975
28352,0,0,0.21593709157374769
28353,0,0,0.09387296423920805
28367,0,0,0.003879846950901081
28372,0,0,0.0601120768120768
28374,0,0,0.03885313491774677
28376,0,0,0.01250542615937688
28377,0,0,0.00046095136603063226
28380,0,0,0.08206505410229985
28381,0,0,0.09644989955432665
28383,0,0,0.007221252919307772
28397,0,0,0.08701487943868531
28399,0,0,0.0007499902402464828
28402,0,0,0.0051121043874512795
28408,0,0,0.2626962385758906
28414,0,0,0.0019061099952408648
28423,1,1,0.9726294540066934
28446,0,0,0.001825739464802742
28450,0,0,0.007373938528435603
28454,0,0,0.004342045181212711
28463,0,0,0.00432604003947396
28465,1,1,0.9853438914027148
28475,0,0,0.004786753179143987
28484,0,0,0.0017104177888910435
28491,0,0,0.0028616923454795186
28509,0,0,0.06540505224327861
28511,1,1,0.9438208472592255
28517,0,0,0.0018066315675235867
28518,0,0,0.001801946965065124
28521,0,0,0.0038228527559641145
28534,0,0,0.0024356452660395937
28547,0,0,0.0003795774887688419
28548,0,0,0.07367034954836706
28550,0,0,0.007370226462149147
28551,1,1,0.8996509711505041
28568,0,0,0.013919347046335875
28572,0,0,0.038700486896310914
28573,0,0,0.02076819696532363
28576,0,0,0.007762153429383866
28583,0,0,0.009379450238962483
28606,1,1,0.9909824175824176
28607,0,0,0.003922440152930028
28609,0,0,0.0316608673299065
28614,1,0,0.2503406605489618
28619,0,0,0.0036066634220232523
28623,0,0,0.0033230604405463148
28636,0,0,0.002104552755418367
28643,0,0,0.0017837877724492877
28644,0,0,0.2140872433227058
28647,0,0,0.004632401073578345
28655,0,0,0.014264549359056139
28658,0,0,0.01230993402867695
28661,0,0,0.005913420141690122
28667,1,1,0.9815183428955823
28675,0,0,0.0031862922090261413
28677,0,0,9.331867779831486e-05
28680,0,0,0.015004884004884004
28703,0,0,0.0017818685520642169
28705,1,1,0.9428869906792233
28706,1,0,0.13628028340916942
28711,0,0,0.014571244940208339
28720,0,0,0.008136625237810393
28726,1,1,0.9909824175824176
28739,0,0,0.0005613956705870238
28743,0,0,0.0011283441506031286
28744,0,0,0.025938567797893164
28747,0,0,0.005514034661206919
28750,0,0,0.0024165575594190854
28755,0,0,0.0016051961131904064
28758,0,0,0.017013623544539946
28759,0,0,0.018396134385221922
28761,0,0,0.024179979877277716
28770,0,0,0.003556850011784824
28772,0,0,0.0007622855102458589
28773,0,0,0.0020941494650267207
28778,0,0,0.2282765505246675
28779,0,0,0.07492538164183564
28785,0,0,0.01703790927453211
28795,0,0,0.04055691078901134
28798,1,1,0.8725410258304994
28799,0,0,0.0903276263632549
28800,0,0,0.00029375311696965245
28805,0,0,0.11061549676128246
28809,0,0,0.01291427168853749
28810,1,0,0.19449092376299137
28813,0,0,0.0015134358170163398
28818,0,0,0.0031506317464224253
28822,0,0,0.0018981255744756908
28835,0,0,0.11698637409209318
28836,0,0,0.17094008923367907
28838,0,0,0.05114094753082129
28839,0,0,0.03295510159782029
28840,0,0,0.00373160256841336
28856,0,0,0.06270141666352234
28862,0,0,0.08125113622936758
28863,0,0,0.009096838320117949
28864,0,0,0.0019359195189401122
28865,0,0,0.005013318889191496
28870,0,0,0.015975930440387576
28875,0,0,0.15373202113840526
28877,0,0,0.00843276204452675
28878,0,0,0.03442597281315543
28886,0,0,0.0365565114771407
28889,0,0,0.015021894677651153
28895,0,0,0.008897702607394064
28901,0,0,0.012460693857923463
28927,0,0,0.02294727137745795
28940,0,0,0.07198475262707049
28946,0,0,0.001390774459029787
28952,0,0,0.00564702223631044
28966,0,0,0.0006141548881518371
28975,1,1,0.9333699633699635
28976,1,1,0.9882551448551448
28984,0,0,0.009990032658920291
28989,0,0,0.00576196967596427
28994,0,0,0.17791229559926985
29009,0,0,0.010008399855753771
29010,0,0,0.041902256139493624
29013,0,0,0.009916422395481317
29015,0,0,0.015336533619017321
29020,0,0,0.025341258097603108
29021,0,0,0.061129484562827345
29031,0,0,0.0223393163722558
29036,0,0,0.004217005900304744
29039,0,0,0.012341750922327723
29048,0,0,0.015475211339349332
29050,0,0,0.04735660790510372
29051,0,0,0.0029143537016883526
29057,0,0,0.023352419206574476
29063,0,0,0.0953090311610513
29069,0,0,0.14642420445383997
29070,0,0,0.00823589416094949
29081,0,0,0.00664470345537048
29085,0,0,0.007981687725863919
29086,0,0,0.004232578167603176
29102,0,0,0.010221992876339996
29119,0,0,0.008140614122774933
29125,0,0,0.018771190554874476
29130,0,0,0.011623697408702432
29142,0,0,0.016355259386984754
29157,0,0,0.005337860111864076
29158,0,0,0.006702858583766807
29173,0,0,0.26774034428479465
29177,0,0,0.03700619852878787
29180,0,0,0.03068534035575323
29181,1,0,0.2828356515603004
29184,0,0,0.006585751828238493
29188,0,0,0.016364444975641566
29191,0,0,0.0032126183766011934
29203,0,0,0.001160531051844445
29207,0,0,0.0005287471015823038
29210,0,0,0.003624730810678713
29220,0,0,0.00011645962732919254
29222,0,0,0.017130884814824547
29227,0,0,0.001251700950985018
29232,0,0,0.00023158199449992763
29246,0,0,0.013382636966919737
29251,0,0,0.05657531749900438
29270,0,0,0.001925761302582117
29272,0,0,0.002451651085531245
29279,0,0,0.0038850720935068544
29282,0,0,0.05176782573714107
29285,0,0,0.14485338134425205
29290,0,0,0.00046095136603063226
29293,0,0,0.0036624368061086783
29298,0,0,0.00017453693410183176
29299,0,0,0.003988272064483394
29300,0,0,0.09866261492553446
29301,0,0,0.15030875810169148
29308,0,0,0.05375383462982263
29311,0,0,0.05629370250602275
29317,0,0,0.009463272653167246
29321,0,0,0.052897240214965884
29324,0,0,0.008990374748023257
29326,0,0,0.005492713403518956
29332,0,0,0.009349866355980944
29333,0,0,0.03161601348253036
29338,0,0,0.0021157166973204285
29340,0,0,0.09488494908705522
29343,0,0,0.005273831282690191
29346,0,0,0.003914405540598835
29367,1,1,1.0
29372,0,0,0.004634648040981492
29374,0,0,0.020686010589241906
29376,0,0,0.02665583783388024
29377,0,0,0.002956292927888424
29382,0,0,0.005371015359519951
29386,0,0,0.0865153916914147
29393,0,0,0.002962660773906745
29397,0,0,0.0009394309116526595
29408,0,0,0.002373142533832203
29412,0,0,0.004388514037211513
29415,0,0,0.0064884945195041585
29423,0,0,0.05858538363073833
29426,0,0,0.000495018302302757
29431,1,1,0.921923381264358
29432,0,0,0.05787309614080364
29433,0,0,0.006395210167544733
29434,0,0,0.0005105859721200208
29445,0,0,0.0062392235393045545
29447,0,0,0.1427477077691318
29450,0,0,0.003612343232508421
29454,0,0,0.020631028444507232
29455,1,1,0.9808510638297873
29461,0,0,0.008097445894972032
29465,0,0,0.00891981842171719
29466,0,0,0.002844749444004684
29472,0,0,0.049542525679369114
29477,0,0,0.004623433567913451
29483,0,0,0.0007033516356360904
29486,0,0,0.011854316468812139
29489,0,0,0.0037055278276407035
29490,0,0,0.03595228199329957
29491,0,0,0.00044049304713256394
29497,0,0,0.02428336578064161
29499,1,0,0.04368797538666969
29503,0,0,0.1776026969964971
29509,0,0,0.0036026416552861133
29513,1,0,0.22349891030361196
29520,0,0,0.005267066454322888
29521,0,0,0.003935995359762316
29538,0,0,0.10364013913026483
29539,0,0,0.029971264122259082
29542,0,0,0.00990488537443248
29545,0,0,0.014940980430447932
29554,0,0,0.0024649850818287008
29557,0,0,0.22634298984045678
29568,0,0,0.0004684675198674542
29571,0,0,0.011791647331142883
29576,0,0,0.16376479854380566
29579,0,0,0.0039363367045665825
29582,0,0,0.006047908525112172
29586,0,0,0.23248516770545036
29587,0,0,0.0524289188547473
29589,0,0,0.05452338162701421
29592,0,0,0.05962582322858167
29601,1,1,1.0
29607,0,0,0.0951279662446023
29608,0,0,0.018251102316835185
29609,0,0,0.0013384973288929774
29618,0,0,0.1666479415666462
29625,0,0,0.013123680112660357
29650,0,0,0.001825739464802742
29651,0,0,0.04308795152778364
29657,0,0,0.032609290110976824
29659,0,0,0.001896990495932606
29665,0,0,0.017857305967162868
29668,0,0,0.046795190231060345
29680,0,0,0.06874434426042648
29682,0,0,0.002216598361649185
29684,0,0,0.005811703630130124
29685,0,0,0.004048246527933693
29687,1,1,0.9204740259740259
29688,0,0,0.006353879519728028
29694,0,0,0.015909102361471594
29701,0,0,0.00947005879490032
29704,0,0,0.013544714308625671
29706,0,0,0.0014735328629807498
29711,0,0,0.0031978595560506733
29712,0,0,0.0015431460965809446
29737,0,0,0.029072897151014274
29745,1,0,0.08741661572807141
29746,0,0,0.0007646167193901157
29755,0,0,0.011897198981362071
29763,0,0,0.050758835817645113
29765,0,0,0.0004742826626551504
29766,0,0,0.008692037649288949
29772,0,0,0.0007621847047230181
29780,1,1,0.9146424275395006
29782,0,0,0.0022224907576097516
29797,0,0,0.000845241251422118
29801,0,0,0.0004551362232429361
29802,0,0,0.09595312613148176
29812,0,0,0.019558628210116554
29818,0,0,0.025086239847109414
29823,0,0,0.013110149470433222
29824,0,0,0.010692036317249742
29825,0,0,0.0011915384362308876
29832,0,0,0.0033985309066071846
29833,0,0,0.07953934757209126
29841,0,0,0.005263606751571017
29843,0,0,0.00690112430562848
29846,0,0,0.010621631766490135
29849,1,0,0.12184018306337578
29855,1,1,0.9917857142857143
29857,0,0,0.07814195600803144
29871,0,0,0.057449374397567865
29872,0,0,0.014309272114031433
29873,1,1,0.9384440541750392
29880,0,0,0.11699947072153777
29885,0,0,0.01107835815271286
29889,0,0,0.005634537832963137
29892,0,0,0.008288804501973971
29894,0,0,0.05390650852204998
29895,0,0,0.00997277007514037
29902,0,0,0.06571789967434931
29903,1,1,0.9519454158226552
29904,0,0,0.08404139689342967
29905,0,0,0.08625649364737371
29908,0,0,0.10831706276607811
29920,1,1,0.977823076923077
29925,0,0,0.0032227018716232186
29928,0,0,0.009040676363296408
29933,0,0,0.0012106933691538924
29943,0,0,0.011524691286617811
29944,0,0,0.007579673435540072
29948,0,0,0.015467274029435174
29952,0,0,0.0018489712716104078
29970,0,0,0.0033611070200549836
29972,0,0,0.06995473939635703
29973,0,0,0.00621634703833337
29976,0,0,0.07657885365755038
29983,0,0,0.001211583399457162
29984,0,0,0.005809933845102767
29988,0,0,0.007816651537887945
29995,0,0,0.014325791907795647
30016,0,0,0.0016741104238801867
30018,0,0,0.0033684006182032565
30023,0,0,0.016942975417315414
30033,0,0,0.0454009680147549
30034,0,0,0.004152421393643923
30035,0,0,0.03002190065443052
30036,0,0,0.004554116653352054
30037,0,0,0.016241787733194676
30041,0,0,0.05116916216720133
30043,0,0,0.0052265934757284235
30045,0,0,0.001425751132170333
30050,0,0,0.0004944663026426867
30071,0,0,0.10772064698097675
30073,0,0,0.0031466134648233833
30074,0,0,0.008068921797385066
30081,0,0,0.0007293885683851858
30083,0,0,0.0037750127401816698
30086,0,0,0.0006943062951284417
30093,1,0,0.29608593568631075
30097,0,0,0.007385480322984749
30100,0,0,0.010743566075588924
30106,0,0,0.0015516481864379112
30108,0,0,0.0014303202711507467
30109,0,0,0.03970633938496897
30118,0,0,0.0026377121073336974
30119,0,0,0.15011140070251744
30133,1,0,0.1780091462703037
30137,0,0,0.007338906954376753
30138,0,0,0.020657887601186028
30146,1,1,0.8724940468905157
30147,1,0,0.30033085774007856
30151,0,0,0.08290294188127344
30164,0,0,0.015291048212897302
30175,0,0,0.00046850699107396366
30183,0,0,0.002519380305537016
30201,0,0,0.005538617886178861
30203,0,0,0.0006934073034818637
30204,1,0,0.10200045387596882
30213,0,0,0.001423538270870325
30215,0,0,0.014763039943678724
30218,0,0,0.0014283885363118995
30220,0,0,0.029261248364677462
30224,0,0,0.21416394108310077
30225,0,0,0.0031163073335364585
30230,0,0,0.11063309327834922
30231,0,0,0.01251427225933312
30232,0,0,0.012236158479662203
30233,0,0,0.004467663192356866
30237,0,0,0.09823904827563874
30239,0,0,0.012784259673018385
30240,0,0,0.025935409650474264
30243,0,0,0.008876767092172723
30253,0,0,0.008949869603013619
30256,0,0,0.005967417703466842
30263,0,0,0.020421265902578346
30268,0,0,0.006975273568830566
30278,0,0,0.003577146274257466
30284,0,0,0.08292368154475102
30285,0,0,0.0029896608113098065
30286,0,0,0.001066224257152956
30288,0,0,0.029842768680399468
30290,0,0,0.026969998142039375
30293,1,1,0.9122161305695022
30295,0,0,0.02177549958496986
30297,0,0,0.15400888155827425
30301,0,0,0.03246324310813432
30302,0,0,0.017227036139720077
30306,0,0,0.003142428096955468
30307,0,0,0.001746167081418471
30310,0,0,0.20845633040404576
30311,0,0,0.0060452003167710995
30315,0,0,0.0026598658296575913
30319,0,0,0.003997636729269337
30323,0,0,0.0028435736899520684
30328,1,0,0.40283982370073823
30330,0,0,0.01052346162986004
30332,0,0,0.006079585525129061
30333,0,0,0.0009984071292145592
30335,0,0,0.0015508669059191406
30338,0,0,0.0017395147308182073
30339,0,0,0.03358133504217449
30344,0,0,0.0007112881534919081
30345,0,0,0.0004894361215561676
30347,0,0,0.023128333011790018
30355,0,0,0.008588086729189658
30358,0,0,0.0005041153536599972
30360,0,0,0.004515564290232222
30363,0,0,0.0025140033217889435
30364,0,0,0.007152410982031553
30374,0,0,0.005703288511202204
30379,0,0,0.13554744746686342
30385,1,1,0.9719090909090911
30386,0,0,0.0011882820494920094
30394,0,0,0.2096802987014055
30397,0,0,0.0026397926728836153
30399,0,0,0.06335719719412308
30403,0,0,0.005650124203581559
30411,0,0,0.006405702685527668
30412,0,0,0.012826936941356027
30417,0,0,0.13565134000075926
30419,0,0,0.00792510058391336
30421,1,1,0.9854130009775173
30426,0,0,0.15039478511339982
30428,0,0,0.1910732821520829
30429,0,0,0.01627539098498858
30430,0,0,0.00782990875020306
30432,0,0,0.11854513956497634
30441,0,0,0.0019514798428346767
30444,0,0,0.0028729540236296864
30451,0,0,0.008812838454522387
30457,0,0,0.019279982635184816
30459,0,0,0.017721415162890154
30461,0,0,0.0018480237004038925
30462,0,0,0.0011235129358688704
30469,0,0,0.024194381587682733
30473,0,0,0.0012228906970130462
30474,0,0,0.04465709478430246
30475,0,0,0.11528501844126668
30479,0,0,0.014543456700433124
30480,0,0,0.01230233909180569
30493,0,0,0.0018765809747132644
30494,0,0,0.0033480147387243493
30495,0,0,0.007625565278812893
30503,0,0,0.0007183846894120402
30504,0,0,0.11366577866266449
30511,0,0,0.003879846950901081
30515,0,0,0.00100176699069688
30519,0,0,0.0047534443119847955
30524,0,0,0.0022856815218516868
30528,0,0,0.009994139448546643
30535,0,0,0.055960295516619955
30537,1,1,0.906262049343062
30538,0,0,0.007269099851788407
30544,0,0,0.006697924689853598
30545,0,0,0.00529355085735142
30549,0,0,0.026780803954404134
30554,0,0,0.004019258552031713
30558,0,0,0.006382220264653116
30573,0,0,0.059266221391507515
30575,0,0,0.0219831107885869
30582,0,0,0.010524284324046795
30583,0,0,0.0739162001294273
30585,0,0,0.010531512397171025
30589,0,0,0.008594173683616615
30608,0,0,0.021989129593106935
30624,0,0,0.016013025233241572
30625,0,0,0.005862239940163927
30627,0,0,0.0009191145253385233
30632,0,0,0.002085653288306245
30634,0,0,0.0011436561964367742
30640,1,1,1.0
30643,0,0,0.0017921334329101318
30649,0,0,0.12712031794288392
30651,0,0,0.004768346583645523
30653,0,0,0.0021052227599305112
30660,0,0,0.005499339192771922
30663,0,0,0.0037158322003430955
30664,0,0,0.00027596997755556806
30670,0,0,0.0011041575132839274
30672,0,0,0.002029887810518983
30674,0,0,0.0011611503350911069
30678,0,0,0.0025797456274990528
30679,1,1,0.947234126984127
30687,0,0,0.006965960580992518
30691,0,0,0.30782819683457713
30694,0,0,0.004948026270412717
30696,0,0,0.00042918574957667986
30702,0,0,0.0004713729751961458
30724,1,1,0.9179359529359529
30729,0,0,0.0038254947521275317
30731,0,0,0.00852838884244855
30735,0,0,0.01078615751580683
30737,1,1,0.9833038461538461
30745,0,0,0.009475402904488756
30748,0,0,0.0369469696969697
30749,0,0,0.05582589917431055
30759,0,0,0.024226706446623846
30760,0,0,0.01944818341184839
30764,0,0,0.0034063192526181275
30765,0,0,0.004341744688768124
30766,0,0,0.008377403203432448
30771,0,0,0.009374667283038958
30778,0,0,0.011816734981367972
30780,1,1,1.0
30788,0,0,0.005928521739139614
30789,0,0,0.0006394410538438094
30793,0,0,0.2358593703858885
30801,0,0,0.008413647978420258
30803,0,0,0.021054370235190346
30807,0,0,0.018606269768171316
30812,0,0,0.00025837515580709713
30817,0,0,0.004596449644295637
30819,0,0,0.057473317484067386
30821,0,0,0.001493327578385181
30826,0,0,0.0975389984578987
30827,1,1,1.0
30828,0,0,0.0024995914372816868
30833,0,0,0.003275940633482447
30840,0,0,0.0038125855848739317
30846,1,1,0.9548730254043065
30848,1,1,0.9909824175824176
30852,0,0,0.06808872963535471
30863,0,0,0.027761235906941847
30872,0,0,0.0141005867228579
30876,0,0,0.08403102321853964
30887,0,0,0.00240425632649904
30888,0,0,0.04083986658769658
30900,0,0,0.0005890943025533824
30908,0,0,0.0001357765232324016
30911,1,1,0.966453819435295
30913,0,0,0.005281996420047901
30921,0,0,0.00460027714485231
30927,0,0,0.005918015478332387
30936,0,0,0.009612541678614651
30941,0,0,0.008989073216114333
30952,0,0,0.01603186538986612
30959,0,0,0.003977105702898909
30964,0,0,0.003792147362195036
30965,0,0,0.0015906168813508924
30975,0,0,0.00246358576539876
30980,0,0,0.008841923926025336
30985,0,0,0.003162118788424305
30993,0,0,0.0007352714431715751
31000,0,0,0.07123881532433309
31012,0,0,0.03325602495771692
31015,0,0,0.024547066444507406
31019,0,0,0.021004586211115256
31020,0,0,0.014613194172644286
31024,0,0,0.0036570430170526622
31028,0,0,0.023273023263239843
31030,0,0,0.003297185668823929
31036,0,0,0.0017104177888910435
31044,0,0,0.0032177824748283535
31046,0,0,0.0020922456205687613
31047,0,0,0.0061069827241001995
31048,0,0,0.004632401073578345
31056,0,0,0.02859314897251013
31060,0,0,0.0012014628164860605
31063,0,0,0.294322166228335
31068,0,0,0.00338414962819416
31071,0,0,0.0017864890327541408
31073,0,0,0.010779215827682018
31074,0,0,0.01070108790091025
31080,0,0,0.023924521941822832
31086,0,0,0.06416937952605987
31107,0,0,0.07210125288593083
31118,0,0,0.009567784681991535
31119,0,0,0.0016389515361059119
31123,0,0,0.007409708730047406
31134,0,0,0.02692667276032896
31137,0,0,0.010339573038212684
31139,0,0,0.04152435952318264
31143,0,0,0.0034545844776666286
31145,0,0,0.006317424593200849
31159,0,0,0.004533967985243923
31161,0,0,0.0003795774887688419
31167,0,0,0.1760688661687916
31178,1,1,0.9909824175824176
31179,0,0,0.0008051725834109321
31188,0,0,0.015421025078816398
31192,0,0,0.009567742327011458
31195,0,0,0.009269935400908898
31196,1,1,0.9571212121212124
31198,0,0,0.02112309294229872
31203,0,0,0.001571277232827902
31209,1,1,1.0
31212,0,0,0.052280863273679395
31214,0,0,0.0007785423083302215
31218,0,0,0.0019061099952408648
31221,0,0,0.0008430892282289738
31239,0,0,0.01328177580214525
31247,0,0,0.09937921610965049
31254,1,1,0.944824141388334
31267,0,0,0.010232827631664127
31268,0,0,0.09650017499691205
31274,0,0,0.0227827944381647
31277,0,0,0.009287290670110446
31282,0,0,0.16587645846659252
31290,0,0,0.00862384104516562
31291,0,0,0.0005785399160382047
31294,0,0,0.012708714429432047
31295,1,1,0.93480564990565
31305,0,0,0.0004816870056782389
31315,0,0,0.009036671705346172
31316,0,0,0.04929874386422834
31317,0,0,0.002349307389483813
31319,0,0,0.023032342276310885
31322,0,0,0.024010680467840374
31323,0,0,0.014550048999513508
31325,0,0,0.011853675107998417
31326,0,0,0.1499000740292507
31327,0,0,0.0004742826626551504
31333,1,0,0.16617935868387723
31335,0,0,0.005466473224179599
31347,0,0,0.004549143468466483
31350,0,0,0.032598604679541926
31352,0,0,0.0030705938000172156
31353,0,0,0.006009582698916011
31360,0,0,0.010379077336980768
31367,0,0,0.005027153749872634
31370,0,0,0.003483181354820271
31373,0,0,0.009617189093421595
31376,0,0,0.008618019853800295
31377,0,0,0.0016432430220150393
31378,0,0,0.002417183173663318
31379,0,0,0.0006905294310688377
31385,1,1,0.9564844109790919
31402,0,0,0.012459710866256142
31408,0,0,0.0013589178951809427
31414,0,0,0.03242316488487276
31423,0,0,0.011486714811447757
31427,0,0,0.2360392819073841
31428,0,0,0.019655603286980152
31443,0,0,0.0018471212764975386
31444,0,0,0.0035767646571992534
31452,0,0,0.0216005703386828
31460,0,0,0.12786014648337393
31463,0,0,0.0014278376266331058
31465,0,0,0.0027586554084156854
31466,0,0,0.0009377791958239049
31472,0,0,0.01823907635091786
31476,0,0,0.009644414737097512
31488,0,0,0.0018355808393800612
31490,0,0,0.04967783208808714
31493,0,0,0.021582452774333176
31495,1,1,0.9630987707007124
31502,0,0,0.09935324859188605
31504,0,0,0.008836333357534691
31513,0,0,0.011086223503532146
31514,0,0,0.0008040190515213722
31520,0,0,0.01804044097247297
31526,0,0,0.1426792991658091
31529,0,0,0.06326569016332756
31533,0,0,0.00958677134840928
31534,0,0,0.0028567770169273922
31536,0,0,0.07270724397122101
31544,0,0,0.012431359127869794
31545,0,0,0.009596705929449202
31546,0,0,0.0005178686680767286
31556,0,0,0.1021531457647444
31557,0,0,0.014338775007044734
31559,0,0,0.024367116546595333
31561,0,0,0.01145750195030661
31564,0,0,0.00046895006494096774
31567,0,0,0.034673252626321885
31572,0,0,0.06620806266987335
31578,0,0,0.01567284816946122
31580,0,0,0.0031696014688944417
31584,1,1,1.0
31585,0,0,0.02848020625765003
31603,0,0,0.0005041153536599972
31612,0,0,0.0006659276907098979
31620,1,1,0.8511058015565753
31627,0,0,0.007165599167554042
31630,0,0,0.002486800676329963
31631,0,0,0.004542468960751459
31638,0,0,0.0694785803077063
31645,1,1,0.8970073260073259
31649,0,0,0.013951567538053712
31655,0,0,0.001925761302582117
31659,0,0,0.04083964446153618
31660,0,0,0.013357705757519293
31663,0,0,0.035990347828723276
31664,0,0,0.0238182177881411
31672,0,0,0.10697307031246231
31673,0,0,0.001983104283481128
31678,1,1,0.922878061412272
31685,0,0,0.008477004020079072
31690,1,1,1.0
31696,0,0,0.015189526069002993
31699,0,0,0.15545928016946536
31705,0,0,0.012054738335122045
31709,0,0,0.017242260317316863
31710,0,0,0.061397796915960805
31712,0,0,0.009761912911625294
31714,0,0,0.002054464814803438
31716,0,0,0.0008908881951046322
31729,0,0,9.331867779831486e-05
31735,0,0,0.00715144983284153
31737,0,0,0.020211940432902552
31738,0,0,0.31152587253624614
31741,0,0,0.005803894330412995
31746,0,0,0.00035029843385991466
31749,0,0,0.04596132294809336
31754,0,0,0.012983420754926
31755,0,0,0.007204558673474392
31764,0,0,0.01881534033150486
31777,0,0,0.0041350486582342584
31798,0,0,0.017321349631503523
31802,0,0,0.05504457151861252
31807,0,0,0.005791994383239577
31812,0,0,0.0035301201562294555
31819,0,0,0.022171467432988493
31823,0,0,8.626725803923338e-05
31832,0,0,0.37986876701350186
31833,0,0,0.0011741402503664688
31839,0,0,0.019654184976770305
31840,1,1,0.9859372979961216
31848,0,0,0.002104552755418367
31872,0,0,0.003649602299425798
31873,0,0,0.013904316215449374
31874,0,0,0.0008786142813372741
31875,0,0,0.014818525097944941
31895,0,0,0.002773250894499309
31898,0,0,0.003473669435755714
31901,0,0,0.12507784260287785
31907,0,0,0.009959672571360016
31910,0,0,0.01133983272960688
31913,0,0,0.0502732590090734
31925,0,0,0.013445402044262757
31926,0,0,0.11984428865659796
31929,0,0,0.005650124203581559
31943,0,0,0.06719564699839758
31946,0,0,0.0034168003357862736
31956,0,0,0.11416823212508241
31957,0,0,0.0025012122258004565
31960,0,0,0.0590978026093061
31964,0,0,0.0032551175499329317
31968,0,0,0.2356478842137778
31970,0,0,0.003474660517359212
31972,0,0,0.1311332755890021
31984,0,0,0.015809024647811407
31985,0,0,0.035640673013353295
31986,0,0,0.0701062209880568
31991,0,0,0.000855870245476655
31997,1,0,0.06713752149796019
32005,0,0,0.003132217190165001
32012,1,0,0.009905326413310244
32018,0,0,0.0033283116789934895
32020,0,0,0.003205167383007515
32022,0,0,0.012918985011372487
32024,1,1,0.9909824175824176
32031,0,0,0.007092523144765821
32032,0,0,0.010301032458008879
32033,0,0,0.24404469985254487
32035,0,0,0.012013529192115867
32039,0,0,0.06547378188592798
32049,0,0,0.0003138815207780725
32060,0,0,0.0033327642713930966
32061,0,0,0.002210363700322936
32064,0,0,0.0026600661525848944
32065,0,0,0.0029037483301052576
32073,0,0,0.003719929632581153
32075,0,0,0.00027222494821353135
32087,0,0,0.00637477907820051
32088,0,0,0.0051001799075900325
32089,1,0,0.20401150249609842
32096,0,0,0.0010235432333013884
32103,0,0,0.021893994277581968
32115,0,0,0.016216744166768347
32118,0,0,0.03394103303533406
32124,0,0,0.015377762843577593
32125,0,0,0.0006313978841542724
32127,0,0,0.0741444773133415
32133,0,0,0.1872400675341524
32134,0,0,0.0004731908289577631
32138,0,0,0.0004944663026426867
32142,0,0,0.0026448938747840383
32143,0,0,0.003792765042608876
32144,0,0,0.002104552755418367
32150,0,0,0.008563338228031136
32162,0,0,0.02874889034512816
32170,0,0,0.016306078277453822
32172,0,0,0.006379843305941372
32173,0,0,0.2665306706234792
32176,0,0,0.014426067330238782
32177,0,0,0.0045104462917442715
32180,0,0,0.0007668579839541352
32190,0,0,0.013790319157637154
32198,0,0,0.0052491252720684774
32226,0,0,0.10992787908374652
32232,0,0,0.036298567627404604
32233,0,0,0.008257255752699361
32244,0,0,0.0007036854829896415
32248,1,1,0.9621248272528635
32254,0,0,0.006856164063849795
32255,1,1,0.8613896911668992
32263,0,0,0.040984776278093896
32265,0,0,0.017463809348657655
32281,0,0,0.0005315712447373333
32283,0,0,0.057808908401947676
32292,0,0,0.007369259958889384
32293,0,0,0.003961004513208152
32309,0,0,0.0018413992065407258
32310,0,0,0.0004578466173891509
32318,0,0,0.11691087804127687
32323,0,0,0.018608591942713498
32325,0,0,0.0033541531455646865
32327,0,0,0.003334645972563232
32336,0,0,0.022343453550197977
32340,1,1,0.9909824175824176
32341,0,0,0.003034391826784583
32352,0,0,0.0006236020581884538
32354,0,0,0.0006687260049659647
32355,0,0,0.008321952162115526
32360,0,0,0.29314310897075824
32382,0,0,0.03403847559972844
32387,0,0,0.0003896520997911444
32390,1,1,0.9790621277273452
32398,0,0,0.004752604004968743
32408,0,0,0.13917963836226743
32413,0,0,0.009014974852568946
32414,0,0,0.0019296284691123055
32418,1,0,0.13002136168777476
32433,0,0,0.01378173742631052
32435,0,0,0.004907677876927646
32440,0,0,0.005986476958234
32441,0,0,0.0020152734323710553
32456,0,0,0.031167167719684183
32459,0,0,0.0005804907289172843
32467,0,0,0.0527626741908698
32469,0,0,0.0413871261784581
32470,0,0,0.0028760707366083586
32473,0,0,0.006336948558507082
32483,0,0,0.006527162632530222
32484,0,0,0.003955311387939806
32485,0,0,0.012592493623231883
32508,0,0,0.00349001542193527
32515,1,0,0.15313581604284343
32519,0,0,0.003348629617145914
32525,0,0,0.001442881263714052
32534,0,0,0.00044049304713256394
32535,0,0,0.0068566203364052196
32541,0,0,0.047435609217873535
32549,0,0,0.0020831261212605028
32550,1,0,0.13874995948645671
32557,0,0,0.004939404701763606
32567,0,0,0.024576721594829508
32569,0,0,0.003809194672577367
32573,0,0,0.005019583676688379
32582,0,0,0.0015089706062985304
32586,0,0,0.004211898901936312
32587,0,0,0.0007047202721405039
32589,0,0,0.007777330826532896
32597,0,0,0.0008369637956673306
32601,0,0,0.007171257488689615
32608,0,0,0.0033671260995934886
32609,0,0,0.014075414648630801
32613,0,0,0.00034777246632500356
32620,0,0,0.10029665933130787
32622,0,0,0.03028916813175737
32626,0,0,0.008029651846296849
32631,0,0,0.038592992288191914
32641,0,0,0.005469450798032261
32660,0,0,0.011911923663254503
32667,0,0,0.0019165599675568723
32669,0,0,0.00048626191232677726
32670,0,0,0.012189027567520107
32671,0,0,0.17589202911474683
32673,0,0,0.015493998640202762
32674,0,0,0.002471517913635916
32675,0,0,0.004288727385558737
32678,0,0,0.005434910652065743
32680,0,0,0.0021052227599305112
32693,0,0,0.07310249655889639
32701,0,0,0.03937441345298115
32704,0,0,0.06458215024412127
32705,0,0,0.1851318264883064
32711,0,0,0.016494414761801846
32719,0,0,0.004340989271755239
32727,0,0,0.0006698330637654119
32728,0,0,0.08174397605842383
32729,0,0,0.025277105758349752
32731,0,0,0.005033212579175101
32734,0,0,0.0010246430387721044
32736,0,0,0.028490358993436687
32737,0,0,0.002350819118177039
32742,0,0,0.00348086974106717
32746,1,1,0.99
32757,1,1,0.9080681957467672
32761,1,0,0.0630628720736839
32766,0,0,0.002982077323685015
32770,1,1,0.9078441580896048
32788,0,0,0.05803420520134409
32790,0,0,0.0033311078792615497
32795,0,0,0.0015906168813508924
32796,1,0,0.1217427578316029
32798,0,0,0.007125826554780635
32800,0,0,0.03012192853323997
32802,0,0,0.03485493722340611
32803,0,0,0.039327310953395075
32810,1,0,0.18920831892556325
32811,0,0,0.0017004279756555607
32819,1,0,0.1422355689526878
32825,0,0,0.008497964813461201
32833,0,0,0.008201297410267571
32835,0,0,0.04223324630183793
32838,0,0,0.13597950557129926
32842,0,0,0.012689644170196426
32845,0,0,0.03620231284542596
32855,0,0,0.0015087718872636646
32866,0,0,0.0022867924444922782
32871,0,0,0.03740088331983459
32878,0,0,0.02652037549367362
32881,0,0,0.003930466805069319
32888,0,0,0.0024075169339681846
32894,0,0,0.013988835659376616
32914,0,0,0.012319719269597235
32916,1,1,0.944433305902074
32924,0,0,0.004592537117377464
32934,0,0,0.0023530765419495763
32937,0,0,0.02074305937523824
32939,0,0,0.00807821180639077
32964,0,0,0.0018566217511961668
32966,0,0,0.0019339340498658588
32968,1,0,0.057867979219773096
32976,0,0,0.046405012392554956
32994,0,0,0.024979535085537755
32995,0,0,0.017948968058172268
33001,0,0,0.008841934712814435
33011,0,0,0.011136464950773266
33012,0,0,0.036034543364935126
33014,0,0,0.007008642692536661
33024,0,0,0.0009076679958468037
33029,0,0,0.03934206497376164
33031,1,1,0.9319863731246936
33034,0,0,0.07702665380950813
33038,0,0,0.0086370808266164
33043,0,0,0.001621082485623257
33050,0,0,0.0010172157162823643
33056,0,0,0.0015608474642115804
33058,0,0,0.005797000245889671
33061,1,1,0.9251155415001739
33063,0,0,0.0010645478179195395
33064,0,0,0.0004742826626551504
33066,0,0,0.0013205888941371618
33071,0,0,0.008101111750015193
33074,0,0,0.002512015606954005
33086,0,0,0.002303277679618856
33091,0,0,0.026524660169932254
33102,1,1,0.9430378967007823
33107,0,0,0.040096456968723056
33109,1,1,0.9467524904214559
33110,0,0,0.013827712948856626
33112,0,0,0.0026409032381913083
33114,0,0,0.16527599916432287
33120,0,0,0.009001854367273916
33121,0,0,0.01639803472969953
33124,0,0,0.0012157340756493269
33125,0,0,0.006665551458109416
33135,0,0,0.052121747358779835
33136,0,0,0.001194809561215235
33141,0,0,0.001721371858578059
33155,0,0,0.0005705433344198343
33157,0,0,0.0014007280194477997
33159,0,0,0.11995020297666588
33167,0,0,0.0016866552348765687
33172,0,0,0.005997760830153453
33176,0,0,0.01266205704147746
33179,0,0,0.007704467382922301
33180,0,0,0.006342388938623224
33181,0,0,0.23933961097631648
33186,1,1,0.9452727531683337
33195,0,0,0.008547324389008815
33201,0,0,0.011990920891745914
33227,0,0,0.009913170376702923
33228,0,0,0.013574732602806299
33230,0,0,0.007864618092497288
33237,0,0,0.0009076679958468037
33246,0,0,0.0791866039383289
33249,0,0,0.42067338563981443
33253,0,0,0.006274515077624965
33259,0,0,0.015098852162185896
33273,0,0,0.052994406744694994
33282,0,0,0.003429958143550996
33286,1,0,0.12118128335745862
33306,1,0,0.1900617305281277
33310,1,0,0.20532674620967822
33317,0,0,0.015177927566025255
33329,0,0,0.002195319350237997
33331,0,0,0.0018765809747132644
33340,0,0,0.00249115383121707
33342,0,0,0.006638347844478182
33346,0,0,0.016790351255653063
33347,0,0,0.020692434340631755
33349,0,0,0.053705730927800725
33354,0,0,0.051998774546833576
33360,0,0,0.1300152667109762
33361,0,0,0.20675481593480607
33364,0,0,0.010372297604390297
33371,0,0,0.0023625343155870495
33373,0,0,0.05638673388211158
33377,0,0,0.007031874713570063
33378,0,0,0.014661827045333147
33379,0,0,0.0020084420391388515
33401,0,0,0.09070074134130561
33404,0,0,0.1469899229789194
33405,0,0,0.005348143028989235
33407,0,0,0.022217290202542376
33409,0,0,0.13439000552374458
33412,0,0,0.0007668579839541352
33418,0,0,0.15554620619859874
33423,0,0,0.002818889291026096
33427,0,0,0.001572636595508959
33429,0,0,0.0038415505630572167
33430,0,0,0.0030985612439235143
33432,0,0,0.06516422551228138
33443,0,0,0.0012804198847455911
33452,0,0,0.09790023288092273
33453,0,0,0.004235598717066353
33462,1,1,0.9702966234385687
33469,0,0,0.001301644929525459
33472,0,0,0.015971259926081442
33483,1,1,0.9714978243705275
33484,0,0,0.004326540646346998
33487,0,0,0.002857081429501689
33491,0,0,0.04495874498785254
33499,0,0,0.0005257616477612446
33501,0,0,0.017764046050109627
33505,0,0,0.01669584716375487
33514,0,0,0.0012626214326233504
33520,0,0,0.011148475866394402
33521,0,0,0.018564503773597748
33522,0,0,0.002067327325571574
33525,0,0,0.000495018302302757
33527,0,0,0.0012451469518352412
33532,0,0,0.004168132108015807
33537,0,0,0.0037616993676168687
33546,0,0,0.007840345840085023
33550,0,0,0.0026874790255565473
33551,0,0,0.004736001349388426
33560,0,0,0.034422978647298534
33578,0,0,0.00928371393375403
33581,0,0,0.0014008179611093405
33594,0,0,0.08506604311581091
33597,1,0,0.22190866405531323
33602,0,0,0.0027729443803865324
33616,0,0,0.05786243650847012
33638,0,0,0.013268227249547009
33648,0,0,0.0649985357114668
33649,0,0,0.023526804969557048
33655,0,0,0.19088696666572333
33675,1,1,0.945078378580734
33682,0,0,0.0017413341612611656
33685,0,0,0.004337335342431056
33686,0,0,0.004117397208311254
33688,0,0,0.09520247367450033
33699,0,0,0.0010439388863529824
33701,0,0,0.05500903937225703
33703,0,0,0.0077830425335960116
33706,0,0,0.0010822416537732082
33709,0,0,0.0015187408576744239
33712,0,0,0.10922600255871272
33718,0,0,0.004530384284216831
33719,0,0,0.029283295258183253
33720,0,0,0.0008066726163119499
33731,0,0,0.013084533672859538
33741,0,0,0.033415598372617206
33749,0,0,0.005668317465347111
33772,0,0,0.12138287908235655
33776,0,0,0.07889738139508105
33777,0,0,0.0036013753226758626
33782,0,0,0.0033916049110090224
33784,0,0,0.04581838004750329
33789,0,0,0.0013300380069168475
33790,0,0,0.008150109651037388
33791,0,0,0.0010822416537732082
33794,0,0,0.0921740461691786
33812,0,0,0.005760556110556109
33822,0,0,0.02632843879469809
33826,0,0,0.24355004526950652
33834,0,0,0.03283550729243636
33839,0,0,0.06388972993381467
33843,0,0,0.0022103265767508444
33848,0,0,0.001875127337718152
33853,0,0,0.01835562943522
33857,0,0,0.012429747748401908
33872,0,0,0.011700285340879362
33877,0,0,0.05634161948120344
33888,0,0,0.02426596908658007
33889,0,0,0.01465093054923153
33902,0,0,0.0007964601769911504
33916,0,0,0.00619947718504083
33925,1,1,0.9610858585858587
33926,0,0,0.04814857876166145
33929,0,0,0.012181187835134125
33931,0,0,0.0021117662748155893
33933,0,0,0.024549841214513663
33939,0,0,0.0037969974057451257
33940,0,0,0.007472530157987581
33946,0,0,0.2824770852146339
33954,0,0,0.025526877539947857
33974,0,0,0.022357439857688642
33983,0,0,0.05092480255942209
33987,0,0,0.0015155360744656856
33991,1,1,0.9859824175824176
33993,0,0,0.1797983559601245
33997,0,0,0.021757063882063884
33998,0,0,0.00817688027104131
34010,0,0,0.008975564985555391
34020,0,0,0.02181407944222427
34021,0,0,0.10465962087908194
34023,0,0,0.006686593374426422
34025,0,0,0.030540392212808826
34029,1,1,0.99
34030,0,0,0.0007721305439943728
34034,0,0,0.0027711688230244442
34042,0,0,0.03433389674103895
34067,1,0,0.045846028387679275
34071,0,0,0.003521793568491815
34072,0,0,0.004802523242387382
34073,0,0,0.021183871020944385
34078,0,0,0.010105165856305897
34079,0,0,0.0035763827423515348
34084,0,0,0.0004329073033377093
34088,0,0,0.16286887055641117
34093,0,0,0.013002383728166927
34097,0,0,0.011368405260540376
34118,0,0,0.0033690524082281687
34120,0,0,0.00921567795875111
34121,0,0,0.0012113830093216358
34125,0,0,0.0009166572516907837
34127,0,0,0.014906499296402802
34134,0,0,0.030860683169067288
34145,0,0,0.006928144513950031
34147,0,0,0.0011305418718102257
34152,0,0,0.0026888412698128483
34166,0,0,0.008942949662757393
34170,0,0,0.0036793515552845145
34171,0,0,0.028819905217270674
34172,0,0,0.033245105265261095
34181,0,0,0.015332965174466393
34183,1,0,0.06770477136046822
34194,0,0,0.05163715677681546
34199,0,0,0.08291740538420436
34200,1,1,1.0
34204,0,0,0.011840464831212935
34216,0,0,0.005826788187907181
34217,0,0,0.06976219964823517
34225,0,0,0.003134579747508864
34231,0,0,0.000960060544786012
34236,0,0,0.08375330330720639
34241,0,0,0.0043785680064485355
34252,0,0,0.0568480315730926
34259,0,0,0.0014531298014379495
34264,0,0,0.008806564812398797
34270,0,0,0.008140491914515992
34271,0,0,0.01865306031565176
34276,0,0,0.010009768443547633
34279,0,0,0.003723389341984677
34283,0,0,0.1716151781578027
34290,0,0,0.01591100677931372
34292,0,0,0.015537556690632701
34294,0,0,0.0004888300244432426
34305,0,0,0.00044049304713256394
34306,0,0,0.08365995408558882
34316,0,0,0.0009675292054352408
34335,0,0,0.0086714958160564
34338,0,0,0.0016607692039453039
34340,0,0,0.03805812104149151
34341,0,0,0.01824707297299939
34351,0,0,0.004213849945164704
34352,0,0,0.00021292079519345816
34361,0,0,0.007119562520794958
34364,0,0,0.01601421198986426
34365,0,0,0.006911943710294652
34369,0,0,0.0024356452660395937
34378,0,0,0.006630429551306104
34382,0,0,0.03435895395940933
34408,0,0,0.014207002208211592
34411,0,0,0.0017702305619001616
34416,0,0,0.0014483646074425268
34422,0,0,0.0035971199132998673
34425,0,0,0.02142994384822061
34429,1,0,0.36482130333065127
34432,0,0,0.018425264395423822
34433,0,0,0.0044197769485023
34435,0,0,0.0026370517159090595
34436,0,0,0.002318966552775206
34438,0,0,0.0030725961890310004
34439,0,0,0.14978340404804788
34445,0,0,0.00039391293828758034
34446,1,0,0.13331760629534614
34454,0,0,0.002838703360572965
34456,0,0,0.240698305574527
34460,0,0,0.06521283709862226
34478,1,0,0.011393115237179431
34485,0,0,0.007850197802205914
34488,0,0,0.004933309076903083
34491,0,0,0.10308772863951997
34493,0,0,0.0014008179611093405
34494,0,0,0.018681548284612545
34496,0,0,0.005939197106029608
34497,0,0,0.0007210185254398437
34500,0,0,0.010076914544093617
34504,0,0,0.0006867435694786722
34511,0,0,0.0035589726943774237
34515,0,0,0.01147920132058737
34522,0,0,0.040048859238805405
34525,0,0,0.039303692042460314
34531,0,0,0.03366895640926012
34533,0,0,0.11742692549906182
34540,0,0,0.0019414210443201008
34543,1,1,0.9609218186158036
34545,0,0,0.005954198175180559
34548,1,0,0.3169065937244826
34577,0,0,0.001163251471178299
34581,0,0,0.025737905525292995
34591,0,0,0.033582955998129466
34600,0,0,0.049059714681628605
34610,0,0,0.05221450684573528
34612,0,0,0.1279749560016147
34620,0,0,0.001215719669577013
34625,0,0,0.01199998645137263
34632,0,0,0.0009376684874725714
34638,0,0,0.02100151462455261
34641,0,0,0.014572173215935225
34643,0,0,0.020719845900349844
34656,0,0,0.008796920948360895
34657,0,0,0.056234073155655685
34660,1,1,0.9678000811845102
34662,0,0,0.00046634279410962665
34670,0,0,0.014297826365480546
34676,0,0,0.003358954145130657
34679,0,0,0.001239333221737407
34685,0,0,0.009665512011193634
34691,0,0,0.09884098738146023
34702,0,0,0.0023762179365711773
34707,0,0,0.011654910145445396
34710,0,0,0.01921337001574366
34719,0,0,0.008350249800005729
34749,0,0,0.0031151765733234203
34755,0,0,0.0009377791958239049
34757,1,1,0.9909824175824176
34763,0,0,0.010015978143099296
34764,1,1,0.9881493506493507
34776,0,0,0.0040172829882790416
34793,0,0,0.004817145339895163
34796,0,0,0.006604279851088265
34802,0,0,0.08396415008386147
34804,0,0,0.013428412975400525
34818,0,0,0.09056302093960317
34819,0,0,0.000495018302302757
34822,0,0,0.005734481616208327
34823,0,0,0.37603259306141923
34826,0,0,0.012803309680825483
34828,0,0,0.011060122603413762
34829,0,0,0.04366459289458076
34841,1,1,0.992
34846,0,0,0.020883722018213
34861,0,0,0.06226366198779209
34864,0,0,0.009956736842967256
34873,0,0,0.004710426627126028
34875,0,0,0.28424384996864616
34883,0,0,0.02143860751848166
34888,0,0,0.0566105484817501
34891,0,0,0.003475646666175278
34900,0,0,0.0025611815713983944
34903,0,0,0.02101283590859043
34904,0,0,0.007881933864703629
34906,0,0,0.00963634626368147
34912,0,0,0.0027046917547805366
34917,0,0,0.1496144200109827
34922,0,0,8.626725803923338e-05
34923,0,0,0.04463719167978658
34932,0,0,0.009320830295767382
34936,0,0,0.005131449212289775
34942,0,0,0.0026808180866943793
34949,0,0,0.0006155181128901121
34963,0,0,0.05500841544328033
34965,0,0,0.009494704104111278
34968,0,0,0.01303966539487834
34975,1,1,0.9202331705331704
34979,0,0,0.04179691335420311
34980,0,0,0.0004944663026426867
34981,0,0,0.009233807454557447
34983,0,0,0.015562453571076678
34986,0,0,0.010342486519444733
34987,0,0,0.0005178686680767286
34997,0,0,0.013247245893685842
34998,0,0,0.0010559177213138706
35006,0,0,0.026185253501335118
35018,0,0,0.03013081811892881
35024,0,0,0.0038770304183558093
35026,0,0,0.03177888842049358
35050,0,0,0.011969931729436785
35052,0,0,0.010635136629763191
35054,0,0,0.018348978194341812
35072,0,0,0.020012134646593936
35075,0,0,0.07933467160014294
35083,0,0,0.016687700687131192
35084,0,0,0.12198548939812591
35085,0,0,0.006386149129772692
35089,0,0,0.01826189634824141
35098,1,0,0.13648762759746266
35112,0,0,0.0034666699881670928
35120,0,0,0.30322129530760544
35130,0,0,0.0037708189181980874
35131,0,0,0.012093803455911762
35134,0,0,0.011119238201021375
35135,0,0,0.004110942676383928
35137,0,0,0.005226628597910885
35147,0,0,0.002146407056699764
35149,0,0,0.0008690107519638739
35158,0,0,0.04695703965873405
35161,0,0,0.025780497580063934
35169,0,0,0.010446622896587363
35174,0,0,0.008726900988870454
35184,0,0,0.03750845535567889
35187,0,0,0.004353287855171913
35190,1,1,0.9536897938662644
35196,0,0,0.0007115953293092297
35205,0,0,0.004656136234644304
35214,0,0,0.17579256374473068
35215,0,0,0.0011626966518181153
35219,0,0,0.003586931251622355
35234,0,0,0.003065245641073942
35235,0,0,0.002153062529081756
35243,0,0,0.017325468048965023
35245,0,0,0.013385011573655806
35246,0,0,0.0009594228195690386
35248,0,0,0.012231128798922554
35252,0,0,0.0037864507611147886
35254,0,0,0.0015785149090962616
35259,0,0,0.0019414210443201008
35265,0,0,0.03958904428826526
35269,0,0,0.04282169926096135
35282,0,0,0.006798141510050126
35290,0,0,0.002428824920255545
35295,1,1,0.9276538934427188
35302,0,0,0.1306466843045106
35304,0,0,0.004809436208983736
35306,0,0,0.0007748588488124096
35308,0,0,0.00878892333334461
35322,0,0,0.0011524172472538307
35329,0,0,0.04563267627905299
35343,0,0,0.01679535399714206
35349,0,0,0.016246873969380467
35353,0,0,0.0021374146349336814
35357,1,1,0.9446275155702151
35371,1,1,0.936528211579077
35378,1,1,0.9228377553818732
35379,0,0,0.004942750807335011
35387,0,0,0.04509547802601972
35390,0,0,0.004411616858990435
35395,0,0,0.004631651138327661
35406,0,0,0.003313133745774615
35414,0,0,0.013207200832264012
35427,0,0,0.007207451925761127
35429,0,0,0.08010068046715045
35431,0,0,0.026220069366157627
35433,0,0,0.22033930837829752
35434,0,0,0.00784488577089413
35439,0,0,0.013476846285307827
35441,0,0,0.0066745713744969645
35445,0,0,0.007626317538407514
35460,0,0,0.0010323462718725422
35467,0,0,0.009048679559653024
35475,0,0,0.16745192593212624
35491,0,0,0.0022109463787606627
35492,0,0,0.004242424242424242
35497,0,0,0.0036706949019438416
35498,1,0,0.30582669429075504
35507,0,0,0.0009605707959883632
35514,0,0,0.003149254875651129
35516,0,0,0.004057200477323336
35529,0,0,0.007797870344901623
35531,0,0,0.05255419345201202
35544,0,0,0.24776185720528382
35546,0,0,0.0874861409717891
35555,0,0,0.12456123428049205
35565,0,0,0.04485347193785472
35578,0,0,0.01972752570512244
35581,0,0,0.001040432920336075
35583,0,0,0.06407745805131938
35588,0,0,0.00100649259360173
35589,0,0,0.0015089706062985304
35597,0,0,0.005343384751072152
35602,0,0,0.005186129531061015
35604,0,0,0.009010902263574136
35606,0,0,0.019522158024607314
35610,0,0,0.006993031757335396
35614,0,0,0.006447712259795379
35622,0,0,0.00018406076633342927
35628,1,1,0.9547295408278904
35632,0,0,0.007597646756847494
35644,0,0,0.07120457886058781
35647,0,0,0.08023746177052826
35654,0,0,0.005647347646820237
35657,1,1,0.9667770081324284
35661,0,0,0.008759777312412108
35692,0,0,0.0027793294391588053
35695,0,0,0.001705540323120498
35720,0,0,0.08699225567837175
35727,0,0,0.007178185352159865
35734,0,0,0.039373436949881484
35739,0,0,0.016475938410204317
35740,0,0,0.01896540586076306
35744,0,0,0.000692391061704823
35748,0,0,0.005080289415196626
35751,0,0,0.00533340211019264
35753,1,1,0.9942142857142858
35754,0,0,0.16009962381972934
35769,0,0,0.0032511691903042033
35771,0,0,0.0007394875082927872
35775,0,0,0.27171297339393713
35779,0,0,0.013129795811797794
35784,0,0,0.0040752209539577245
35799,0,0,0.005473892062225087
35806,0,0,0.000622910951775009
35807,0,0,0.00438170163078572
35809,0,0,0.09515862690398158
35817,0,0,0.0338842061526125
35824,0,0,0.005187715341305944
35830,0,0,0.01134880823267734
35831,1,1,0.9092689722042664
35833,0,0,0.017076001455861054
35834,0,0,0.0029317908770243335
35837,0,0,0.0010822416537732082
35852,0,0,0.014359661622616527
35857,0,0,0.02952628370320314
35862,0,0,0.02370406194460909
35863,0,0,0.052089546873372486
35870,0,0,0.010434908284833868
35871,0,0,0.007736453228168987
35875,0,0,0.006185976848915301
35878,0,0,0.010481735040901633
35883,0,0,0.0012262325870827848
35889,0,0,0.05045505296696504
35891,0,0,0.010890053727516624
35909,0,0,0.0005154226512158814
35911,1,0,0.054638418784540024
35915,0,0,0.017951065745957298
35917,0,0,0.1298513282872099
35920,0,0,0.019008458208458208
35925,0,0,0.00573446896180493
35931,0,0,0.0005785399160382047
35932,0,0,0.0032397329345483163
35943,0,0,0.013277237292331354
35944,0,0,0.007730882703576759
35958,0,0,0.011333080622711772
35967,0,0,0.020577124402989973
35971,1,0,0.015388581072582608
35973,0,0,0.04038803040521443
35974,0,0,0.00401239516909465
35981,0,0,0.007044178757443593
35983,0,0,0.031470194688098724
35985,0,0,0.044408198872035516
35990,0,0,0.010482164285787807
35993,0,0,0.0012485626081384688
35998,0,0,0.002346316254016088
36003,0,0,0.0074306631010319655
36007,0,0,0.0019757613025821173
36008,0,0,0.00808534418169247
36009,0,0,0.10271661683435021
36011,0,0,0.001738013745388086
36013,0,0,0.005718441538948001
36014,0,0,0.009320925564215843
36015,0,0,0.01088373587155049
36033,0,0,0.01744995444720256
36036,0,0,0.002184683687033896
36037,0,0,0.052624824815154916
36046,0,0,0.011762622449761588
36055,0,0,0.001388300914595485
36061,0,0,4.754358161648178e-05
36087,0,0,0.0010195109267256484
36088,0,0,0.10187230667132802
36089,0,0,0.0030172988378112226
36090,1,0,0.16520338539165377
36093,0,0,0.012991197314570373
36098,0,0,0.007395339684995062
36100,0,0,0.007721882605998665
36107,0,0,0.0028164332730151393
36113,0,0,0.0038129535116471426
36124,0,0,0.004348083929166664
36127,0,0,0.01606276343676996
36135,0,0,0.22675185287720667
36140,0,0,0.0016104322719380992
36141,0,0,0.0046853469295944205
36142,0,0,0.02712726766505838
36148,0,0,0.14850753709856343
36149,0,0,0.005579778368708808
36163,0,0,0.0015037646066450973
36167,0,0,0.06160576346404557
36170,0,0,0.0040400757461418685
36171,1,1,0.9433623191518066
36172,0,0,0.04458524831488025
36180,0,0,0.00106395634908255
36185,1,0,0.0913198264186433
36188,0,0,0.004397164063509568
36203,0,0,0.007258100273925023
36204,0,0,0.04620512379969519
36227,0,0,0.0029475288708526114
36243,0,0,0.01230900036018096
36246,0,0,0.030964727176803538
36255,0,0,0.006707295897940747
36256,0,0,0.017738943626029718
36260,0,0,0.01205022640587655
36265,0,0,0.003108828672702331
36270,0,0,0.02477306446740758
36284,0,0,0.020237583819577586
36290,0,0,0.01111225178508266
36291,0,0,0.15805268403365288
36295,0,0,0.0014504290864317164
36298,0,0,0.002685991244724451
36301,0,0,0.0004713729751961458
36307,1,0,0.19906816294135676
36311,0,0,0.0023219864182127095
36316,1,0,0.16307835997146636
36318,0,0,0.005313915095533307
36322,0,0,0.002420193264735929
36323,0,0,0.0020831261212605028
36325,1,1,0.9398913588739268
36326,0,0,0.0018273978941147195
36328,1,0,0.02445131102793484
36333,0,0,0.0005287471015823038
36353,0,0,0.01453664756122055
36358,0,0,0.005044215204670039
36362,0,0,0.001723859854244723
36364,0,0,0.023473275543497967
36365,0,0,0.013281856128897727
36368,1,1,0.9813460539460539
36373,0,0,0.058863332141796655
36377,0,0,0.020938528920628672
36390,0,0,0.0013581298466849908
36396,0,0,0.004344435117864005
36399,1,1,0.9891666666666665
36410,0,0,0.027676703635987482
36421,0,0,0.0007588506287024456
36433,0,0,0.005545849332105817
36445,0,0,0.01618390317241038
36451,0,0,0.08542106279241032
36474,0,0,0.0004559211849441131
36476,0,0,0.001505085162377409
36488,0,0,0.004876394296768993
36490,0,0,0.001087591018329715
36491,0,0,0.12858604925390624
36492,0,0,0.07211738900331179
36495,0,0,0.0033605378985190185
36507,0,0,0.07895888969457383
36509,1,1,0.9354707282546201
36512,0,0,0.0006668706704092286
36516,0,0,0.0035118148482454347
36527,0,0,0.0016587521348201727
36528,0,0,0.0037303283916427844
36532,0,0,0.038357234585003175
36537,0,0,0.0002512083632407253
36543,0,0,0.07001287103227256
36544,0,0,0.0719154259389826
36546,0,0,0.0030375138732900526
36550,0,0,0.0035822151234737106
36552,0,0,0.00118539115858176
36558,0,0,0.08902073793059628
36565,0,0,0.0007672505554179193
36573,0,0,0.002838703360572965
36580,0,0,0.02036483888156383
36581,1,1,0.9702966234385687
36583,0,0,0.028857432219259297
36589,0,0,0.003918668875892694
36595,1,1,1.0
36603,0,0,0.00571957473486612
36613,0,0,0.003712455402266192
36633,0,0,0.035648723512465924
36634,0,0,0.0027629504046892133
36636,0,0,0.06370908199052208
36642,0,0,0.004889546977751903
36645,0,0,0.059892308401320066
36652,0,0,0.0012971737554557613
36665,0,0,0.0004523480245560347
36681,0,0,0.005703899094206666
36687,0,0,0.0034587108703898056
36689,0,0,0.005577085264358191
36690,0,0,0.042367949540318646
36693,0,0,0.0657515965056919
36694,0,0,0.2581631613034324
36695,0,0,0.0032382889166649633
36696,1,1,0.9851967032967033
36704,0,0,0.010623671383509841
36707,0,0,0.000612759021863082
36709,0,0,0.0031151765733234203
36715,0,0,0.01055972688806956
36730,0,0,0.11980264904850342
36731,0,0,0.024141926021049392
36735,0,0,0.0025678415341996623
36739,0,0,0.0011549634939926584
36742,0,0,0.10729359766286128
36749,0,0,0.048200129633458114
36754,0,0,0.0008171525393370454
36756,0,0,0.09061723242537383
36759,0,0,0.02318312470153363
36760,0,0,0.004244847054308357
36762,0,0,0.005431259574373222
36770,0,0,0.003312961038826172
36773,0,0,0.011230829165839088
36780,0,0,0.003636313224777532
36781,0,0,0.005389283678584346
36784,0,0,0.0006975908601813225
36791,0,0,0.014560282089981145
36818,0,0,0.0011628221006477859
36819,0,0,0.0010533097309688025
36820,0,0,0.0015703767547706686
36821,0,0,0.17081337410732755
36824,0,0,0.02422451891870863
36831,0,0,0.04797614378249438
36835,0,0,0.0013715359020042628
36838,0,0,0.003679973322819766
36839,1,1,1.0
36848,0,0,0.013159236413535991
36849,0,0,0.06253015177117094
36850,1,0,0.1655889342466214
36851,0,0,0.025397488167527557
36852,0,0,0.033340518862811176
36856,0,0,0.006049404355774786
36858,0,0,0.001875221107814655
36860,0,0,0.0058316202445213025
36873,0,0,0.01878703193574757
36875,1,1,0.9301114119850378
36876,0,0,0.004052036866517358
36881,0,0,0.04930960687717904
36916,0,0,0.035086104431716655
36924,0,0,0.0010188329881935627
36926,0,0,0.0677336753426889
36933,0,0,0.009541470389536549
36936,0,0,0.007084022132996296
36943,0,0,0.00382663256268002
36946,1,0,0.1908711996347829
36950,0,0,0.0023447115190638394
36955,0,0,0.11304201804654555
36956,0,0,0.0216767791537342
36957,0,0,0.0049559420777246154
36962,0,0,0.016700760133278324
36968,0,0,0.001705540323120498
36970,0,0,0.00645818135622392
36991,0,0,0.014470820595156402
36993,1,1,0.9828571428571428
37003,0,0,0.08411047823704554
37004,0,0,0.002020718890616696
37036,0,0,0.007700243074918731
37041,0,0,0.004824354466491041
37043,0,0,0.04949365591685703
37057,1,1,0.9698935506441124
37058,0,0,0.0009520396388333921
37063,0,0,0.0033762672791519815
37070,0,0,0.08857551832696066
37072,0,0,0.003606735332528539
37074,0,0,0.006062427405104971
37078,0,0,0.16435370019300025
37085,0,0,0.013830319640424351
37090,1,1,0.9279848697054579
37091,1,1,0.9628169336778002
37096,0,0,0.01010308734059525
37097,0,0,0.03490916882003824
37102,1,1,0.9454131782579445
37109,1,1,1.0
37111,0,0,0.0014751964334424337
37115,0,0,0.0009433374844333749
37120,1,0,0.11822644185756849
37121,0,0,0.003624604426350498
37127,0,0,0.003083232061456412
37135,0,0,0.028774063502346167
37139,0,0,0.0011378948432957325
37142,0,0,0.02211904761904762
37149,0,0,0.0006236020581884538
37157,0,0,0.03308801465423376
37167,0,0,0.011650132142765373
37170,0,0,0.004157968141426907
37177,0,0,0.03366002265587895
37179,0,0,0.016787827077614382
37181,0,0,0.005701878251853203
37182,0,0,0.024856453009389524
37186,0,0,0.04408412872055933
37188,0,0,0.010645359021558559
37190,0,0,0.03469680030027206
37193,0,0,0.005114929219536487
37194,0,0,0.002090700218399714
37200,0,0,0.023215580064400804
37203,0,0,0.015339701805897889
37211,0,0,0.0570075948555339
37221,0,0,0.0004944663026426867
37224,0,0,0.0048953396849950636
37227,0,0,0.0013300380069168475
37237,0,0,0.008554471213283987
37240,0,0,0.029861075380073668
37244,0,0,0.0011165671692191753
37256,0,0,0.001313511972458951
37261,0,0,0.0006744055374736882
37264,0,0,0.011809878883552265
37270,0,0,0.07312987930858245
37271,0,0,0.014290540068002735
37289,0,0,0.010894618778004747
37291,0,0,0.010795095090746392
37292,0,0,0.0677627744929012
37296,0,0,0.0011914714940490486
37298,1,0,0.07098946872397811
37303,1,1,1.0
37307,1,1,1.0
37317,0,0,0.0018896445051682332
37319,0,0,0.008100303741139025
37321,0,0,0.016144836425966976
37327,0,0,0.009693237280789338
37331,0,0,0.20675291721104375
37332,1,0,0.10101829386687187
37340,0,0,0.14156078884232287
37344,0,0,0.009063505301927623
37359,0,0,0.006318748080880525
37360,0,0,0.020886358167163128
37365,0,0,0.0008716103461589133
37368,1,1,0.9232159006173181
37369,0,0,0.14880313327014225
37373,0,0,0.00553859717807063
37378,0,0,0.005785552980299695
37385,0,0,0.00728748788186816
37389,0,0,0.010256668217145451
37391,0,0,0.0262118317151482
37392,0,0,0.0018413992065407258
37395,0,0,0.10901994436422294
37401,0,0,0.0005287471015823038
37408,0,0,0.0019414210443201008
37428,0,0,0.0015267609040695088
37432,0,0,0.0036014339914010617
37441,0,0,0.05905224779627177
37443,0,0,0.15663229957970964
37444,0,0,0.010900004042719616
37452,0,0,0.004631621418941359
37455,0,0,0.018698541944945923
37477,0,0,0.0009454380931698471
37479,0,0,0.001588811093121664
37481,0,0,0.004969817364279877
37489,0,0,0.04157778245314498
37496,0,0,0.010690354720821256
37502,0,0,0.05120741005844898
37504,1,1,0.9167440039067329
37507,0,0,0.015277475688365304
37510,0,0,0.0069003437115621605
37516,0,0,0.11071920918741919
37521,0,0,0.08883011564863802
37526,0,0,0.0015560453406581849
37532,0,0,0.0060912589068719165
37534,0,0,0.0008580320624671919
37538,0,0,0.004576527685145086
37545,0,0,0.00613020654312377
37553,1,1,0.9469781707654049
37557,0,0,0.0032289181162249
37562,0,0,0.21248205644897078
37563,0,0,0.0422014118775391
37564,0,0,0.00953271501284888
37566,0,0,0.0033261950752958925
37567,0,0,0.011657569183751059
37573,0,0,0.00044049304713256394
37576,0,0,0.037075436346694766
37577,0,0,0.0018114733174767446
37585,0,0,0.014977002966643877
37593,0,0,0.011291401966980228
37596,0,0,0.0799839819501198
37600,0,0,0.0013300380069168475
37602,0,0,0.043175512259812636
37603,0,0,0.0020988280828031156
37614,0,0,0.0007668579839541352
37623,0,0,0.004795526223523315
37624,0,0,0.0017794957406150186
37628,0,0,0.17360620379450345
37638,0,0,0.023949071553715742
37639,0,0,0.004249199150278198
37640,0,0,0.013616800403394797
37641,0,0,0.0830441666459611
37643,0,0,0.007542188200895366
37645,0,0,0.1526522489378448
37652,0,0,0.0016093023281482301
37656,0,0,0.013696475983864663
37657,0,0,0.005595050900202053
37663,1,1,0.9641785160557554
37664,0,0,0.057912904597803176
37672,0,0,0.012772769104699721
37675,0,0,0.044427091407161605
37678,0,0,0.00417731943843526
37679,1,0,0.12363738053336347
37691,0,0,0.06195211991779814
37692,0,0,0.001667597459563765
37693,0,0,0.0021157166973204285
37717,0,0,0.001599848831568485
37721,0,0,0.0019747388702348657
37722,0,0,0.0015036789166441517
37723,0,0,0.024597044136057535
37732,0,0,0.07368559400101836
37736,0,0,0.02213263259779706
37740,0,0,0.08224494992233147
37744,0,0,0.005492816672677337
37763,0,0,0.0027992287151826062
37765,0,0,0.05175029593738975
37769,0,0,0.13557991368014888
37771,0,0,0.007489204735575484
37780,1,1,0.9913294797687862
37787,0,0,0.001046245766361603
37790,1,1,0.9818718406593406
37795,0,0,0.010271422659087101
37796,0,0,0.0022849964166690136
37798,0,0,0.007433605221001074
37799,0,0,0.003486541737098016
37805,0,0,0.0029507305013519395
37813,0,0,0.04274006767465515
37821,1,1,0.9601480595427965
37825,0,0,0.1579592863709177
37828,0,0,0.010943288768498465
37830,0,0,0.0014505794299577376
37833,0,0,0.0017780335367373822
37839,0,0,0.3270193169616716
37843,0,0,0.003910429499878313
37845,0,0,0.07728838212872043
37855,0,0,0.0061993290051192895
37859,0,0,0.02344931723389762
37866,0,0,0.0009189752934026879
37868,0,0,0.004120764131325415
37882,1,1,0.9191285479378505
37883,0,0,0.01794030726015761
37891,0,0,0.006608514585718233
37892,0,0,0.0030212801430045165
37893,0,0,0.018008475639041784
37910,0,0,0.08876095989820307
37911,0,0,0.0005513496051433215
37922,0,0,0.09840213589912404
37926,0,0,0.0037092091062363975
37929,1,1,0.9291344182889547
37931,0,0,0.017963825426851605
37932,1,1,0.99375
37933,0,0,0.004049616444592345
37937,0,0,0.010691139360988127
37938,1,1,0.9309026809105367
37939,0,0,0.0005287471015823038
37941,0,0,0.017828770997663865
37948,0,0,0.014127807765375915
37953,0,0,0.003874170485842636
37973,0,0,0.00530287154527093
37974,0,0,0.007299967794777416
37981,0,0,0.0022392799968944254
37986,0,0,0.006694585292586858
37988,0,0,0.01136098077504588
37992,0,0,0.00982650952276005
37993,0,0,0.0009520005784782902
37997,0,0,0.002952004632236241
38000,1,0,0.23509106133920937
38004,0,0,0.009338446345505567
38010,0,0,0.004860671833052797
38012,0,0,0.0019757613025821173
38016,0,0,0.13953509163962807
38023,0,0,0.39536012617756244
38033,0,0,0.014829277938416
38042,0,0,0.22270768699654567
38043,0,0,0.012361401096789409
38054,1,0,0.08628970534011388
38063,0,0,0.012046819415720762
38070,0,0,0.003483735898197183
38077,0,0,0.1517913397928194
38078,0,0,0.015928187085193543
38084,0,0,0.0031963286756894627
38088,0,0,0.0018472188362925468
38093,0,0,0.0024652568033343256
38095,0,0,0.01976382029033857
38098,0,0,0.03145376060888589
38109,0,0,0.0014223105375013193
38111,0,0,0.24019321361293863
38119,0,0,0.0005287471015823038
38132,0,0,0.0008085478643422103
38139,0,0,0.018405700872999888
38150,1,1,0.9757099816849817
38151,0,0,0.005963825058271533
38152,0,0,0.002775058345115389
38164,0,0,0.02373005250184915
38178,0,0,0.16170625844759898
38179,0,0,0.018565713552478075
38181,0,0,0.06276330893695486
38187,0,0,0.0005212452377775636
38194,1,1,0.9718289210013633
38202,0,0,0.017413029759327604
38204,0,0,0.00040204534644235393
38205,0,0,0.003542416653581644
38213,0,0,0.014747474747474747
38219,0,0,0.0040895685525776096
38220,0,0,0.000673948809478881
38226,0,0,0.0066920751611712305
38227,0,0,0.043316869560080906
38241,0,0,0.023858588953647352
38251,0,0,0.004654991218858375
38254,0,0,0.03570647461977258
38255,0,0,0.07919384877889081
38271,0,0,0.001531047592153838
38272,0,0,0.3394697528876578
38274,0,0,0.004251449055903805
38278,0,0,0.004105634888735003
38284,0,0,0.0007303384787357769
38292,0,0,0.00178292069924053
38303,0,0,0.024984636543602497
38309,0,0,0.005981430770736379
38311,1,1,0.9815183428955823
38314,0,0,0.025422852576134934
38319,0,0,0.021378454128289207
38326,0,0,0.0007848806471970921
38330,0,0,0.004542352882069222
38337,0,0,0.0005287471015823038
38339,1,1,0.9863333333333333
38351,0,0,0.0018680989603211632
38356,0,0,0.001923788235960913
38357,0,0,0.0037723623726058125
38365,0,0,0.05738085017732941
38371,0,0,0.10893248845673766
38376,1,1,0.9865653495440729
38379,0,0,0.00690999184343267
38384,0,0,0.001188633527662692
38389,0,0,0.020896331677782026
38390,0,0,0.005137083344900341
38392,0,0,0.026233042304147903
38397,0,0,0.2110556949898249
38411,0,0,0.0032000332860303593
38438,0,0,0.008218089358752102
38451,1,1,0.9909824175824176
38454,0,0,0.08950744777851163
38455,0,0,0.007997777025376048
38460,0,0,0.0009319309434048487
38464,0,0,0.010715431804654174
38471,0,0,0.002551539664341797
38472,0,0,0.11181249341593012
38477,0,0,0.05312911842334766
38484,0,0,0.001244746243385931
38494,0,0,0.0023389078598200354
38498,1,1,0.9895454545454545
38502,0,0,0.0015104773180057856
38504,0,0,0.09208083539710606
38510,0,0,0.006777296581470168
38513,0,0,0.06784664165345672
38515,0,0,0.022472328789848426
38516,0,0,0.00023158199449992763
38520,0,0,0.0051256821956325894
38521,0,0,0.008758748932553427
38523,0,0,0.011739217950767697
38534,0,0,0.00044528592900268247
38536,0,0,0.11432533549401688
38546,0,0,0.13665275861847756
38548,1,1,0.8951846878611585
38551,0,0,0.023470277075550956
38553,0,0,0.02638510952403315
38557,1,0,0.1444308919890527
38559,0,0,0.002784451682100929
38565,0,0,0.0019528929802255562
38569,0,0,0.009699490041789717
38572,0,0,0.004217103895950089
38582,0,0,0.019000933678133776
38583,0,0,0.024679681065003973
38588,0,0,0.005097342339337445
38596,0,0,0.06747747597150333
38598,0,0,0.047400063398017035
38599,0,0,0.027864938707150677
38607,0,0,0.02409161991482218
38610,0,0,0.02398781515227078
38614,0,0,0.09760323839019434
38616,0,0,0.0015675619073331748
38617,0,0,0.009073220830107687
38628,0,0,0.029477784004046242
38629,0,0,0.0388197700639099
38630,0,0,0.0029517092053278184
38632,0,0,0.03752674947826242
38634,0,0,0.01621687993687953
38637,0,0,0.006864490191182687
38643,0,0,0.0014324695846634956
38644,0,0,0.003137180960348953
38648,0,0,0.02329014453006877
38650,0,0,0.0021052227599305112
38661,0,0,0.001948473551615653
38662,0,0,0.0004588545248436012
38673,0,0,0.00044754722728771704
38678,1,1,0.966228282828283
38688,0,0,0.02661136021893015
38689,0,0,0.006858670517703529
38692,0,0,0.004299689066562403
38696,0,0,0.10221884025204146
38709,0,0,0.010217195921145615
38711,0,0,0.07738856715722418
38714,0,0,0.0244554276169725
38716,0,0,0.010836514447462899
38717,0,0,0.03013721679417483
38724,0,0,0.037041927038384964
38727,0,0,0.008633042388790271
38740,0,0,0.10130010395271162
38742,0,0,0.033500426645937484
38743,0,0,0.005115152685478821
38745,0,0,0.00480362631983763
38752,0,0,0.0031610773255715745
38763,0,0,0.03137736447343286
38765,0,0,0.001184427160093953
38770,0,0,0.07030619963480976
38778,0,0,0.0014415280068497377
38779,0,0,0.03915706118550401
38783,0,0,0.11829813641189842
38790,0,0,0.28056807138617634
38791,0,0,0.003383358202016908
38792,0,0,0.013049816060945836
38801,0,0,0.044234769745748644
38803,0,0,0.004152460174642583
38810,0,0,0.001490161126076753
38812,1,0,0.16605897985221607
38814,0,0,0.008905818217173438
38832,0,0,0.0011714094853500201
38839,0,0,0.001144518635657877
38841,0,0,0.06484706440263706
38843,0,0,0.046533883031943904
38845,0,0,0.008449768051330811
38846,0,0,0.0026598658296575913
38847,0,0,0.04545558624175361
38862,0,0,0.2095898989917558
38863,0,0,0.09609409523052995
38869,0,0,0.03206143551098302
38873,0,0,0.1942513299585567
38874,0,0,0.002518611649150701
38889,0,0,0.0006905294310688377
38905,0,0,0.01537327690374994
38906,0,0,0.005114929219536487
38913,0,0,0.01064093509869577
38916,0,0,0.2739624101677507
38924,0,0,0.04060247345523359
38933,0,0,0.0002758164165931156
38934,0,0,0.09919614873340317
38954,1,1,0.9470702174915746
38959,0,0,0.003181704626601877
38968,1,1,0.9304498056584388
38971,1,1,0.9734721749098679
38974,0,0,0.0024146175958520318
38978,0,0,0.00042918574957667986
38979,0,0,0.009075082411581024
38980,0,0,0.035009266839798756
38999,0,0,0.0005154226512158814
39005,0,0,0.008942464879927989
39011,0,0,0.005207403089710213
39013,0,0,0.003668173114610659
39016,0,0,0.004403596707100988
39035,0,0,0.005744818701051364
39039,0,0,0.1134779343854867
39041,0,0,0.07455597245706364
39054,0,0,0.0004944663026426867
39066,0,0,0.0015599693896778209
39067,0,0,0.006800424607065737
39089,0,0,0.009749038386479362
39090,0,0,0.002215118475092803
39093,1,1,0.9714423189423189
39096,0,0,0.0036653216376563956
39100,1,1,0.9505183428955823
39108,0,0,0.03639085635294975
39112,0,0,0.1400142302952844
39115,0,0,0.01704887023200949
39119,0,0,0.06213148558187875
39122,0,0,0.002589576049101961
39123,0,0,0.06202398578804382
39126,0,0,0.0013531834935593626
39132,0,0,0.022124521914089517
39143,0,0,0.003632607247651312
39145,0,0,0.05916801926229759
39149,0,0,0.06040022809393986
39158,0,0,0.06462330547389385
39162,0,0,0.001769333817488122
39174,0,0,0.07710915696188078
39176,0,0,0.0015874630970317885
39181,1,0,0.08523256391310058
39203,0,0,0.0015906168813508924
39205,0,0,0.011719309151019631
39210,0,0,0.0010794471330785765
39215,0,0,0.002696965834806486
39229,0,0,0.0021399509963013538
39235,0,0,0.0005380626131082878
39243,0,0,0.0053761546443498705
39245,0,0,0.12137355101252277
39254,0,0,0.0028390123242741806
39255,0,0,0.0037761477050555596
39259,0,0,0.12652341323383126
39263,0,0,0.003761440010709028
39264,0,0,0.03393729804228076
39271,0,0,0.001688130108228361
39272,0,0,0.005129118697608824
39275,0,0,0.01600083266645342
39277,0,0,0.04579998518092715
39279,0,0,0.0007536155738512741
39283,0,0,0.0030064150869884452
39286,0,0,0.05599331965330804
39291,1,1,0.9731692862918087
39304,0,0,0.0032129015520217987
39316,0,0,0.0006999808559360241
39325,0,0,0.07960863391529954
39331,0,0,0.024644744585194597
39333,0,0,0.0911751155711141
39339,0,0,0.002303098661530862
39341,0,0,0.036186043421689254
39347,0,0,0.0016381881318596073
39355,0,0,0.0008937636520914391
39357,0,0,0.14533659719872494
39358,0,0,0.11805639304431402
39371,0,0,0.022133568930754844
39372,1,1,0.9975
39373,0,0,0.012226332916962896
39376,0,0,0.005609705663580335
39385,0,0,0.000495018302302757
39387,0,0,0.025852866771990664
39390,0,0,0.14836154099393722
39391,0,0,0.013374095662771882
39395,1,0,0.18722892444136321
39398,0,0,0.009580271075711088
39410,0,0,0.2229357479838754
39415,0,0,0.0033967824546336832
39417,0,0,0.08559807753166568
39422,0,0,0.007247121760445772
39431,0,0,0.01800698399046012
39438,0,0,0.0009950495708808845
39441,0,0,0.012336439675340689
39442,0,0,0.02456678883813185
39448,0,0,0.059221819967575876
39463,0,0,0.009374667283038958
39464,0,0,0.0759225795629767
39469,0,0,0.007296357039688703
39473,0,0,0.003658966720559946
39483,0,0,0.006148654921234386
39494,0,0,0.004609865236620418
39497,0,0,0.0007269252625384807
39502,0,0,0.004187776033131071
39503,0,0,0.0021823355135666715
39504,0,0,0.014190957782577012
39522,0,0,0.07468755699002827
39524,1,1,0.9227645368541595
39525,0,0,0.007005962742357286
39528,0,0,0.024021336209497753
39529,0,0,0.004850516342829562
39536,0,0,0.01030638227478031
39543,0,0,0.017866030807861137
39544,0,0,0.002753118742082121
39548,0,0,0.07433175619791016
39558,0,0,0.0007551882982917465
39563,0,0,0.008514762876751231
39567,0,0,0.003898310288081649
39577,0,0,0.003378984630197181
39596,0,0,0.0004652568033343254
39604,0,0,0.0004208006574358114
39606,0,0,0.006100906077764953
39614,0,0,0.010364176349243345
39621,0,0,0.0065556381348562
39625,0,0,0.06507248139998105
39637,0,0,0.010003974772299043
39638,0,0,0.018803411115708723
39644,0,0,0.15397121211857723
39645,0,0,0.009661333594069697
39650,0,0,0.0006967714895870268
39654,0,0,0.16871257004322518
39662,0,0,0.009388730808964662
39668,0,0,0.0021920464224994434
39669,0,0,0.03357494914823761
39670,0,0,0.003882281424216633
39671,0,0,0.011240957784431467
39677,0,0,0.007339231938078891
39684,0,0,0.2632572304373531
39692,0,0,0.0045367427650177435
39695,0,0,0.0018235398715184795
39696,0,0,0.0018780271896622542
39699,0,0,0.0021267971654200875
39701,0,0,0.017065476360541378
39711,0,0,0.003958127895377066
39713,1,1,0.94305608758072
39720,0,0,0.017715988364556373
39723,0,0,0.016931864564022858
39724,0,0,0.003198545528659232
39725,0,0,0.05420173955437847
39741,0,0,0.020878684326784698
39746,0,0,0.015267176000148415
39761,0,0,0.017422058421559736
39764,0,0,0.02108808497323249
39773,0,0,0.006722028795401723
39775,0,0,0.001924520470489075
39780,0,0,0.007846699265879645
39788,0,0,0.008999958421991439
39801,0,0,0.1203179804845398
39806,0,0,0.0020924786182759197
39825,0,0,0.13499792421115983
39828,0,0,0.010669800657956297
39830,0,0,0.0011389314892575183
39835,0,0,0.061213052408866056
39844,0,0,0.0018005956248666965
39847,0,0,0.0008195231147108021
39848,0,0,0.0018115285027347867
39867,0,0,0.10942745270894956
39875,0,0,0.0007657971966993143
39876,0,0,0.011733122322795466
39878,0,0,0.15179046340945937
39880,0,0,0.002609107503884478
39882,0,0,0.005316885093265146
39883,1,0,0.061787674669248636
39884,0,0,0.0020647901610244706
39888,1,0,0.29763989267085517
39898,1,1,0.9328052846664983
39905,0,0,0.0015906168813508924
39913,0,0,0.010682256749816734
39914,0,0,0.0023251924328761943
39921,0,0,0.09653086170660384
39922,0,0,0.0031723771112899136
39923,0,0,0.004665097885520536
39924,0,0,0.021978143859009713
39927,0,0,0.016067683042807653
39930,0,0,0.003994298338094965
39940,0,0,0.0036981933630939505
39942,0,0,0.008763165733944612
39946,0,0,0.007895564666970762
39949,0,0,0.012562951623345467
39952,0,0,0.007461059518192941
39968,0,0,0.00014086225941479662
39974,0,0,0.00393939393939394
39979,0,0,0.001137394638703657
39983,0,0,0.0008755473709493805
39998,1,0,0.0632718907212693
40001,0,0,0.003667533205511712
40002,0,0,0.0036697594037414945
40003,0,0,0.03362178742600117
40005,1,1,0.891537148456393
40008,0,0,0.001680719954702175
40012,0,0,0.0007115953293092297
40014,0,0,0.034006856184066965
40016,0,0,0.005430636986790355
40027,0,0,0.07857390540464392
40029,0,0,0.0007596968355678934
40042,0,0,0.0004992679855174778
40051,0,0,0.0051575690845543
40056,0,0,0.0012302332338585272
40057,0,0,0.0023754576903876412
40062,0,0,0.016645136692365035
40069,0,0,0.337936327224709
40071,1,1,0.9495366313137085
40078,0,0,0.0018174244967477196
40089,0,0,0.04820509684401696
40090,0,0,0.0023103772204395214
40099,0,0,0.0037522528579595864
40101,0,0,0.022995855625794134
40102,0,0,0.0006794318809667641
40104,0,0,0.0037281556902446457
40109,0,0,0.017257314054226616
40114,0,0,0.010836514447462899
40116,0,0,0.0608546450405168
40122,0,0,0.02379173343479582
40127,0,0,0.009966641834283852
40133,0,0,0.0015259505961722252
40146,0,0,0.005477494343284425
40159,1,0,0.4229099605814124
40162,0,0,0.020220265469773034
40164,0,0,0.01473645817397345
40168,0,0,0.02459535164782363
40178,0,0,0.09186271098878668
40187,0,0,0.0036027942615014276
40198,1,1,0.9746640211640211
40201,0,0,0.0034100788684392138
40204,0,0,0.009901122742787741
40208,0,0,0.005342237208275353
40210,0,0,0.006652439440129547
40211,1,1,0.9539810757581528
40219,0,0,0.042872254215316444
40227,0,0,0.0032501331855803763
40230,0,0,0.009789751210957303
40237,0,0,0.003342798197102182
40245,0,0,0.045360109323726236
40246,0,0,0.006465315566348808
40248,0,0,0.0030523072098023706
40255,0,0,0.00601361678133372
40257,0,0,0.003710692914106849
40269,0,0,0.11067441342469239
40270,0,0,0.01378510529481681
40271,0,0,0.005585779465489994
40275,0,0,0.030499628755894057
40297,1,0,0.2127640197206082
40305,0,0,0.023003864293764987
40309,0,0,0.04901968247655003
40310,0,0,0.0007886737040276656
40312,1,1,0.9906565656565657
40313,0,0,0.0017034097806105002
40324,0,0,0.004436461829522008
40331,0,0,0.001163251471178299
40332,0,0,0.04837257220449536
40334,0,0,0.000831621455448057
40335,0,0,0.0027416402058252467
40341,0,0,0.0007246126038583304
40344,0,0,0.037117261221155246
40354,0,0,0.0007015479192294511
40358,0,0,0.0022352573297038042
40360,0,0,0.0015343478853341187
40361,0,0,0.14343503544146916
40364,0,0,0.002773250894499309
40370,0,0,0.0013332555029970995
40372,0,0,0.11306203531703723
40378,0,0,0.00025097740295650003
40382,0,0,0.04789682542880981
40383,0,0,0.010755244054258113
40384,0,0,0.046612836468572026
40390,0,0,0.009047972379758193
40392,0,0,0.0032551175499329317
40395,0,0,0.0015296366588933355
40398,1,0,0.07895983879095406
40413,1,1,0.9909824175824176
40415,0,0,0.24246900975689759
40419,0,0,0.007330009612086292
40421,0,0,0.004555381221762521
40428,0,0,0.08997958400818512
40433,0,0,0.07907666602885133
40440,0,0,0.08584630490639285
40456,0,0,0.16420846327860808
40466,0,0,0.14647303749974497
40473,0,0,0.0024173432200105816
40484,0,0,0.003996394440220426
40500,0,0,0.1587488562052794
40510,0,0,0.023226229588132544
40513,0,0,0.03526358685683856
40527,0,0,0.006052203500128943
40528,0,0,0.00796191144638379
40531,0,0,0.21374428965699788
40532,0,0,0.056356468468404745
40541,0,0,0.0013161288037014762
40544,0,0,0.03265276362805153
40545,0,0,0.029859281162801135
40557,0,0,0.00044049304713256394
40572,0,0,0.002917628281476689
40574,0,0,0.00891329303934242
40586,0,0,0.0052021794159151594
40596,0,0,0.0030206155961895785
40599,0,0,0.004768346583645523
40601,0,0,0.07031501589592509
40603,0,0,0.0047795970391539926
40607,0,0,0.06391219257067053
40609,0,0,0.07946894401101105
40612,0,0,0.006344866905851837
40617,0,0,0.03648437798281817
40622,0,0,0.009423661393303138
40627,0,0,0.0015516481864379112
40631,0,0,0.0017868335576826733
40632,0,0,0.06553374457757113
40634,0,0,0.055690317029518176
40642,0,0,0.00578442396751497
40644,0,0,0.0014708179414120266
40647,0,0,0.0019943062221494485
40652,0,0,0.010970456164383524
40656,0,0,0.002060057939230208
40666,0,0,0.38548736485807905
40687,0,0,0.00447996912628053
40688,0,0,0.004847393550193913
40696,0,0,0.0025419405059410915
40700,0,0,0.024042456683020484
40713,0,0,0.00628570941813214
40718,1,1,0.8850794924030219
40723,0,0,0.016603644182799665
40726,1,1,1.0
40732,0,0,0.0035779941633938012
40735,0,0,0.004532000183340906
40736,0,0,0.0032191095504746285
40739,0,0,0.008610604522967063
40740,0,0,0.01462289367794233
40744,0,0,0.0012593570343976631
40747,0,0,0.034335174866518436
40760,0,0,0.0004894361215561676
40773,0,0,0.08364986859303325
40777,0,0,0.008876507892776267
40778,0,0,0.20878882920149044
40779,1,0,0.057947735010290664
40782,0,0,0.00032261314582968125
40788,0,0,0.15589102906856372
40789,0,0,0.0007438228901593983
40793,0,0,0.00378296227282072
40803,0,0,0.11201838612788274
40810,0,0,0.010661229568786566
40818,0,0,0.013141873267568145
40820,1,0,0.07480072076605626
40822,0,0,0.0031492545821639106
40835,0,0,0.0
40838,0,0,0.0022272654838887164
40847,0,0,0.0035869797499897783
40851,0,0,0.001665616306276743
40852,0,0,0.08289834428159168
40853,1,0,0.10312665643264655
40859,0,0,0.014273701897919147
40865,0,0,0.18527313954742156
40869,1,1,0.9533862285211743
40876,0,0,0.0033124293150047653
40878,0,0,0.040535840178960905
40882,0,0,0.004342227029825204
40891,0,0,0.010132703722940678
40901,0,0,0.0005178686680767286
40906,0,0,0.006348083929166664
40908,0,0,0.015539350610306733
40911,0,0,0.017941303594050433
40913,0,0,0.009410091396425362
40921,0,0,0.01184661404870336
40923,0,0,0.003164224338837987
40933,0,0,0.0007486366929956365
40934,0,0,0.02571468693285185
40942,0,0,0.0006342182493308931
40948,0,0,0.011144489895897341
40950,0,0,0.011284368774419365
40955,0,0,0.00044049304713256394
40956,0,0,0.04531113217510366
40959,0,0,0.03661686089451568
40978,0,0,0.26831580826208834
40991,0,0,0.0006585257662095279
40997,0,0,0.20064998165277725
41001,0,0,0.08037884068780804
41003,0,0,0.00048626191232677726
41005,0,0,0.018662912454678403
41011,0,0,0.002103356187308891
41014,0,0,0.050166365122952604
41015,0,0,0.025571989966752293
41017,0,0,0.004566387056270532
41023,0,0,0.00198135049833118
41026,0,0,0.05566080601926918
41033,0,0,0.005247236254920597
41039,1,0,0.15765660481403146
41052,1,1,0.9670308504152794
41066,0,0,0.010027112183643348
41067,0,0,0.08117573321835249
41069,0,0,0.06163135941292628
41076,0,0,0.006627308172185137
41079,1,0,0.26304455507742036
41080,0,0,0.04798726012309886
41081,0,0,0.015510724106899944
41083,0,0,0.0017078981509318864
41101,0,0,0.0008836687211069559
41114,0,0,0.014062124214738316
41116,0,0,0.0757494661738084
41117,0,0,0.002119681593255691
41120,0,0,0.10217044112832
41130,0,0,0.016087301587301588
41136,0,0,0.001925761302582117
41142,0,0,0.0006268254104459961
41155,0,0,0.006967602426537529
41160,0,0,0.05578824060087726
41178,0,0,0.0018619266915926025
41182,0,0,0.003516838195162964
41185,0,0,0.0011714094853500201
41197,0,0,0.011695217581709367
41198,0,0,0.003348616147123286
41205,0,0,0.29838709053037926
41212,1,1,0.9400912698412699
41214,0,0,0.002671965834806486
41221,0,0,0.00022574924481553134
41223,0,0,0.15098428773140785
41233,0,0,0.036597826329509045
41239,0,0,0.006616920169554965
41241,0,0,0.010862367751250103
41249,0,0,0.07084081940099671
41253,1,0,0.04725429927391203
41254,0,0,0.010603453849140597
41256,0,0,0.0009500311296584998
41260,0,0,0.004557883144193746
41276,0,0,0.0057024996829413924
41279,0,0,0.003615745516427017
41286,0,0,0.0011234243034473803
41290,0,0,0.14139491273161625
41292,0,0,0.0027383244747344964
41308,0,0,0.03083479633542033
41309,0,0,0.0031024189277623067
41313,0,0,0.035050266553367314
41329,0,0,0.006264190199327519
41330,0,0,0.0014067527909869604
41338,0,0,0.11832359080098165
41339,0,0,0.09540580085509456
41351,0,0,0.009596985102259899
41353,1,1,0.9655648559124689
41356,0,0,0.012195074043189882
41360,0,0,0.014221330543796748
41362,0,0,0.01052723962796628
41366,0,0,0.0038291442642852352
41367,0,0,0.038154129270443746
41371,0,0,0.012267675308149347
41373,0,0,0.004047191664175085
41375,0,0,0.0007657971966993143
41377,1,1,0.9142493904982406
41390,0,0,0.0065499919135025095
41391,0,0,0.025143470547762795
41392,0,0,0.00788444540652415
41402,0,0,0.0007115671005726573
41405,0,0,0.33939734804514154
41407,0,0,0.021395143812011283
41408,0,0,0.0012507405907384286
41410,0,0,0.010011139077752529
41412,0,0,0.1678551336508526
41416,0,0,0.010718851368012958
41418,1,1,0.9924137931034482
41424,0,0,0.009563294686518228
41425,0,0,0.00784424065020459
41427,0,0,0.0020831261212605028
41445,0,0,0.004542468960751459
41446,0,0,0.0009212297253990599
41452,0,0,0.0021598131881363294
41454,0,0,0.012770669755792384
41455,1,0,0.03711117062181694
41456,0,0,0.0032594598524947737
41462,0,0,0.0005366014258238524
41463,0,0,0.02030679573818818
41465,0,0,0.0022103265767508444
41467,0,0,0.0043195654957453485
41477,0,0,0.012384276515594029
41478,0,0,0.003487852038318392
41480,0,0,0.006743193509362473
41489,0,0,0.04600928055158187
41490,0,0,0.03207197592522307
41503,0,0,0.020093137729402716
41510,0,0,0.0019722395576034367
41517,0,0,0.013679700161729291
41529,0,0,0.08250144831365532
41532,0,0,0.05422443960344604
41533,0,0,0.00043611771066775324
41535,0,0,0.006759188818510474
41537,0,0,0.003368611079721397
41540,0,0,0.05439184961896387
41544,1,1,0.9514362664296487
41546,0,0,0.006081482229261205
41549,0,0,0.012215729912697662
41550,0,0,0.0014753214223273774
41553,0,0,0.0004742826626551504
41561,0,0,0.008176298829726774
41568,0,0,0.009984480109493847
41570,0,0,0.054625118108743174
41584,0,0,0.0012370091130684277
41594,0,0,0.0024931279652193826
41604,0,0,0.011437309528597119
41609,0,0,0.044987480744197735
41615,0,0,0.34377361962224495
41620,0,0,0.08044432706259293
41627,0,0,0.0019209828986256425
41634,0,0,0.08209969173176793
41637,1,1,0.993
41644,0,0,0.024120488874297626
41653,0,0,0.007989744249358692
41660,0,0,0.05177823693530617
41661,0,0,0.03976113801469777
41667,1,0,0.05585729959640634
41668,0,0,0.012551587870144683
41674,0,0,0.05998853407915734
41675,0,0,0.00720626131097157
41681,0,0,0.005047513001857392
41683,1,0,0.09127844806026124
41690,0,0,0.010933434621042926
41692,1,1,0.9631071873798391
41693,0,0,0.008065011383504527
41697,0,0,0.0105810464735716
41703,0,0,0.046650408257912626
41705,0,0,0.22053426732432777
41715,0,0,0.015938107801167008
41721,0,0,0.0005041153536599972
41728,0,0,0.003055092853518095
41732,1,0,0.18240122887936358
41739,0,0,0.004194462943672993
41742,0,0,0.004086622241012061
41744,0,0,0.0023642025583730402
41746,0,0,0.019355433742529314
41747,0,0,0.00045660886305247064
41752,0,0,0.012103621310553125
41754,0,0,0.014186150352172917
41759,0,0,0.03941825558159783
41772,0,0,0.010396929769841221
41774,0,0,0.020004320523247614
41778,1,1,0.9345166327812988
41784,0,0,0.0015295167948090201
41790,0,0,0.008466925179974955
41791,0,0,0.0008219623665735891
41792,0,0,0.005896476182558055
41798,0,0,0.027881954950562674
41804,0,0,0.011871511860389232
41811,0,0,0.004386669793768284
41812,0,0,0.01154859563767137
41816,0,0,0.002363265581540867
41819,0,0,0.0014508047733199864
41825,0,0,0.007052349257129782
41843,0,0,0.0011714094853500201
41860,0,0,0.011084982571679128
41862,0,0,0.1303319316260358
41869,0,0,0.010144611216192334
41871,0,0,0.0011288436482614743
41875,0,0,0.0015660810116431359
41882,0,0,0.012523790713118313
41883,0,0,0.01306112544830616
41888,0,0,0.002515610763967878
41907,1,1,0.8560456845586026
41916,0,0,0.035679226093243484
41924,0,0,0.009898664968111134
41931,0,0,0.00718659031521346
41938,0,0,0.1745208636042835
41942,0,0,0.0031843703129623736
41944,0,0,0.03278367593665064
41949,0,0,0.011266223287382377
41957,0,0,0.010004576365618228
41958,0,0,0.006398256334860904
41961,0,0,0.0009380631992804358
41963,0,0,0.005288561758201622
41964,0,0,0.0014303202711507467
41968,0,0,0.0033480147387243493
41969,0,0,0.0042970919071928645
41975,0,0,0.02203176978191284
41983,0,0,0.09711961659546581
41991,0,0,0.008098100263521365
41994,0,0,0.0019240328857470386
41995,0,0,0.0026261523184802314
41997,0,0,0.02887183239323312
42005,0,0,0.032306614654089225
42023,0,0,0.0027534159646176036
42028,1,0,0.12494757401199433
42030,0,0,0.014985705410620625
42036,0,0,0.0345325291002423
42047,0,0,0.00039391293828758034
42049,0,0,0.04152663436691977
42056,0,0,0.20070095885505565
42062,0,0,0.005666939117973205
42067,0,0,0.0018382948636417563
42069,0,0,0.006885693915583582
42070,0,0,0.041382463106474886
42079,0,0,0.002287199970253312
42084,0,0,0.013458289466289124
42087,0,0,0.061150562104502704
42090,0,0,0.01970839699987067
42092,0,0,0.00319254594920471
42093,0,0,0.001087591018329715
42099,0,0,0.005131449212289775
42102,0,0,0.0008740122527842702
42105,0,0,0.014587912973156989
42106,0,0,0.008536070579622418
42108,0,0,0.0006105385497725159
42111,1,1,0.9349475773694816
42113,0,0,0.05197861621459401
42118,0,0,0.002783967993923898
42122,0,0,0.011386522668982484
42123,0,0,0.046737479160787604
42125,0,0,0.0028172145305379453
42139,0,0,0.03667507111737254
42152,0,0,0.02958195403811569
42157,0,0,0.20713596347897595
42158,0,0,0.00449172698659494
42162,0,0,0.08296215997916502
42171,0,0,0.003917426902466826
42172,0,0,0.0861383265454011
42176,0,0,0.0359359019609618
42179,0,0,0.035892706569433684
42190,0,0,0.0018765809747132644
42194,1,1,0.9625712177694937
42200,0,0,0.007256466439577196
42210,0,0,0.021532350735321747
42212,0,0,0.004297264909539653
42221,1,1,0.9586124697051345
42225,0,0,0.0053638986281482545
42226,0,0,0.010061002767251912
42235,0,0,0.07221243419477658
42244,0,0,0.007529700741327669
42245,0,0,0.002750435507318052
42250,0,0,0.009913337742929424
42253,0,0,0.0036027942615014276
42255,0,0,0.011098283695952693
42258,1,0,0.25749301790634255
42266,0,0,0.003308586537943095
42267,0,0,0.0033457890871110424
42272,0,0,0.001341094997790617
42276,0,0,0.07446699912824205
42277,0,0,0.010719062223993858
42279,0,0,0.03435360989547573
42281,0,0,0.005371015359519951
42286,0,0,0.1308214739567155
42287,0,0,0.06126671280106314
42295,0,0,0.08076545983742602
42305,0,0,0.002291102815977484
42311,1,1,1.0
42315,0,0,0.0020215876011720354
42319,0,0,0.000601451724307198
42321,0,0,0.006788206679238794
42331,0,0,0.004745931316059274
42333,1,1,0.9377909986791013
42336,0,0,0.05435619154100388
42337,0,0,0.0026449137664069726
42341,0,0,0.020689674338970163
42351,0,0,0.000757799130550733
42354,0,0,0.003942349692973669
42357,0,0,0.0005154226512158814
42363,0,0,0.0481605799923668
42379,0,0,0.0036499209678825272
42391,0,0,0.0
42395,0,0,0.01936608928982765
42397,0,0,0.00275602085937522
42406,1,0,0.2753466243287715
42425,1,0,0.16322881211209772
42437,0,0,0.1421345004900486
42442,0,0,0.006677549583115861
42443,0,0,0.014339807616868845
42446,0,0,0.06919108351139718
42451,0,0,0.012580901327371202
42465,0,0,0.004716445755348802
42482,1,1,0.9537205335480506
42485,0,0,0.002285059947683324
42486,0,0,0.0009076679958468037
42488,0,0,0.004488062012517437
42492,0,0,0.0014466815697438628
42498,0,0,0.0011737673964138753
42500,0,0,0.008468116608369705
42505,0,0,0.09859369056292008
42511,0,0,0.0033715477318260827
42513,0,0,0.005585062999820864
42516,0,0,0.012034525157530205
42521,0,0,0.014740414857756743
42525,0,0,0.04185791525429315
42534,0,0,0.001396647377330694
42540,1,0,0.21126256356155015
42541,0,0,0.04798328434366547
42545,0,0,0.004025616845176934
42546,1,1,0.9724504104874948
42548,0,0,0.009357433937369618
42555,0,0,0.026430249919852114
42558,0,0,0.0009714492294939385
42561,0,0,0.006750829451366237
42562,0,0,0.04224195570221988
42564,0,0,0.09687395067783003
42566,0,0,0.010396219413302732
42568,0,0,0.01953650319995431
42570,0,0,0.0016142385049389618
42599,0,0,0.019920500138166448
42603,0,0,0.0019061099952408648
42604,0,0,0.02619982637353986
42608,0,0,0.0011300814229244528
42630,0,0,0.033231138981436856
42637,0,0,0.00809813228020988
42641,0,0,0.0047214372716124125
42642,0,0,0.02822341051948418
42647,0,0,0.0009319309434048487
42650,0,0,0.015873027752316377
42651,1,0,0.0782854949397264
42654,0,0,0.08355756451682918
42660,0,0,0.0029198483424375306
42662,0,0,0.004739089996786775
42667,0,0,0.020193820927458292
42671,0,0,0.014041525412673405
42673,0,0,0.0013764805414551607
42679,0,0,0.17696694896495302
42687,0,0,0.0016439447735206228
42694,0,0,0.02200928139319009
42696,0,0,0.02310389083800181
42702,0,0,0.000554945054945055
42704,0,0,0.003217198810599584
42707,0,0,0.0035614413496458798
42708,0,0,0.012630027006610317
42710,0,0,0.136143632047798
42712,1,1,0.950827696066765
42715,0,0,0.0012488793597379452
42723,0,0,0.007205833156101459
42724,0,0,0.004164751419673817
42727,0,0,0.016321505859953123
42730,0,0,0.0040795837253571245
42737,0,0,0.023036899539225733
42740,0,0,0.004880064377359803
42741,0,0,0.0012980361925293586
42744,0,0,0.0008127937327856097
42754,1,0,0.07455956121747817
42764,0,0,0.0012812424707936718
42772,0,0,0.0095705128286647
42773,0,0,0.008646600830123294
42776,0,0,0.007905655120855394
42779,0,0,0.002523289106048016
42781,0,0,0.07099648472388058
42792,0,0,0.008172532595131881
42801,0,0,0.019354115689374937
42804,0,0,0.015644415825964965
42821,0,0,0.0014237643420756108
42826,0,0,0.01596273632824685
42836,0,0,0.006080258295802304
42839,0,0,0.05453506176023942
42840,0,0,0.034361239094354394
42845,0,0,0.16654068803133132
42856,0,0,0.0014358726320425408
42863,0,0,0.0322648511720571
42872,0,0,0.0030032606892057973
42877,0,0,0.049777296307741255
42882,0,0,0.009332232135410939
42883,0,0,0.010321149973468757
42893,0,0,0.00489271616016829
42898,0,0,0.04146723510299009
42899,0,0,0.003473141717765843
42901,0,0,0.015650355296604853
42903,0,0,0.10604438933200173
42906,0,0,0.02116362672318425
42910,0,0,0.003369454849795993
42914,0,0,0.002373142533832203
42920,0,0,0.0010235521459135107
42921,0,0,0.00932552468020336
42932,0,0,0.0017799958183644152
42942,0,0,0.0015906168813508924
42951,0,0,0.002207219544839874
42958,1,0,0.2881446558290645
42959,0,0,0.006949655688023712
42965,0,0,0.007049767082416042
42974,0,0,0.00824530089967642
42976,0,0,0.01621618120808986
42994,0,0,0.10958297894577979
43000,0,0,0.049253787878787876
43001,0,0,0.0012182837396189907
43002,0,0,0.0024255679611744894
43003,0,0,0.101178326459651
43007,0,0,0.0005425448898483272
43010,0,0,0.07889543241022905
43011,0,0,0.0036215132817088835
43015,0,0,0.1347328697006624
43016,0,0,0.010003974772299043
43022,0,0,0.017396648952787423
43024,0,0,0.02177841021667783
43025,0,0,0.0028510770674968306
43029,0,0,0.004286236614102552
43036,0,0,0.08518762999392933
43039,0,0,0.0014067982623820307
43047,0,0,0.009915175491308124
43052,1,0,0.3104697800464768
43065,0,0,0.010987974232954079
43066,0,0,0.0016668598557646427
43068,0,0,0.0207404016001727
43078,0,0,0.0028719675749911077
43079,0,0,0.03959211087324998
43081,0,0,0.10424958483059726
43082,0,0,0.0016617812622643877
43084,1,1,0.943393006835784
43085,0,0,0.008625003092525426
43096,0,0,0.0023058751045466302
43099,0,0,0.014142836755301374
43121,0,0,0.04133866028109494
43124,0,0,0.13837429114328928
43145,0,0,0.010903042728499209
43149,0,0,0.0006850227530172452
43150,0,0,0.002015360324901049
43164,0,0,0.0036898958117158385
43165,0,0,0.0523797567977468
43167,0,0,0.0802327254591729
43169,0,0,0.0023163025666923546
43183,0,0,0.020786399467284902
43190,0,0,0.040212708952509876
43194,0,0,0.005094974508268147
43195,0,0,0.0011439631500621127
43199,0,0,0.05626397059372201
43202,0,0,0.025326245328809546
43205,0,0,0.011240957784431467
43208,0,0,0.08410429966583534
43229,0,0,0.01740485447124271
43230,0,0,0.0015145195802483019
43242,0,0,0.0057925694249804215
43245,0,0,0.0790469148168869
43247,0,0,0.020364718207915775
43257,0,0,0.013290724159059172
43258,0,0,0.01060742347542145
43265,0,0,0.036280900460306395
43272,0,0,0.06481900855319507
43273,0,0,0.000468160647871244
43274,0,0,0.00307485833040057
43276,0,0,0.006583708905996351
43277,0,0,0.06983783607468183
43288,0,0,0.06519540076391979
43289,0,0,0.0012182837396189907
43293,0,0,0.2811848188135264
43295,0,0,0.04061621762378324
43300,0,0,0.06931989834174104
43303,0,0,0.18348588110807548
43306,0,0,0.0033635558133304627
43310,0,0,0.0018413992065407258
43314,0,0,0.05751081704688575
43318,0,0,0.002279055520496609
43322,1,1,0.9167513031560237
43331,0,0,0.002084373030249318
43333,0,0,0.20338344809685716
43347,0,0,0.0034209635559976697
43349,0,0,0.0020406321629304843
43355,0,0,0.009623852030497454
43377,0,0,0.0025790624658617862
43379,0,0,0.023438953618054467
43390,1,0,0.05750035848498713
43393,0,0,0.0656819528611403
43399,1,1,0.9530728457813851
43419,0,0,0.0015767557514956825
43424,1,1,0.921333892492097
43428,0,0,0.005565688887911647
43429,0,0,0.0014303202711507467
43444,0,0,0.0027603401033333085
43445,0,0,0.01846413149988763
43449,0,0,0.0810590160376084
43451,0,0,0.011687005151023642
43453,0,0,0.005096778269016892
43454,0,0,0.037963202367085946
43458,0,0,0.1921105320515348
43466,1,1,0.9532778562017693
43472,1,0,0.24945003636485172
43474,0,0,0.025569585070064235
43477,0,0,0.000495018302302757
43487,0,0,0.017243942191610125
43497,0,0,0.002696965834806486
43498,0,0,0.001644331195906843
43505,0,0,0.05341443388398976
43507,1,0,0.20665542121367694
43537,0,0,0.0034614088226502045
43538,0,0,0.01214870648504367
43543,0,0,0.007453332087381379
43545,0,0,0.03315690763065636
43558,0,0,0.0034525428982096745
43563,0,0,0.01089336892460941
43569,1,1,0.9495382423556482
43584,0,0,0.08875535251121437
43591,0,0,0.0441031985130518
43595,0,0,0.010280009923954581
43599,0,0,0.0015517630006142704
43605,0,0,0.03346430707375082
43607,0,0,0.043466063751292215
43608,0,0,0.09073203600496052
43616,0,0,0.009225915982292285
43621,0,0,0.001885859339415848
43622,0,0,0.0206929656328226
43624,0,0,0.0025695697687049763
43631,0,0,0.042190336673009934
43642,0,0,0.004290806870244711
43643,0,0,0.00017467248908296942
43651,0,0,0.0009739423070025373
43658,1,0,0.31604311047545997
43661,0,0,0.010617691475346924
43662,0,0,0.007410515102096769
43663,0,0,0.00027676072683458896
43676,0,0,0.008848610417379148
43678,0,0,0.0009515872531898667
43680,0,0,0.00172526795395964
43685,0,0,0.0006825036145820368
43688,0,0,0.05416428720863713
43691,0,0,0.0030904913802681498
43694,0,0,0.0020174684554186864
43696,0,0,0.0054571790890440754
43697,0,0,0.00564431343621184
43703,0,0,0.01760133936264197
43711,0,0,0.005540645947499267
43713,0,0,0.0016157507151201703
43715,0,0,0.10027629003313616
43716,0,0,0.0021131774097002186
43721,0,0,0.010607535986102437
43727,0,0,0.017477024392175716
43735,0,0,0.0065590846265838635
43739,1,0,0.03377291369397455
43748,0,0,0.012225342679435605
43758,0,0,0.0049517571545287
43767,0,0,0.05177725976131178
43770,0,0,0.19619785975219134
43782,0,0,0.007575993368626657
43786,0,0,0.22887461255199854
43792,0,0,0.051975361075373955
43809,0,0,0.005725789269080232
43813,0,0,0.03213412228470587
43815,0,0,0.0017294680340418664
43818,0,0,0.004675707845757239
43820,0,0,0.02097440593070846
43832,0,0,0.007792266078690521
43833,0,0,0.033632334708019164
43835,0,0,0.005131449212289775
43839,0,0,0.004677180230948265
43841,0,0,0.0038307262371645827
43852,0,0,0.012205773214207915
43862,0,0,0.0009189752934026879
43864,0,0,0.255400609295779
43866,0,0,0.024115606742211745
43878,0,0,0.002411582684058197
43880,0,0,0.004934792203571513
43883,0,0,0.009984480109493847
43895,0,0,0.002334756547046895
43897,0,0,0.08333475115804045
43904,0,0,0.013739346733326541
43906,1,1,0.9480186640844537
43907,0,0,0.05668474661104848
43912,0,0,0.00742145185998736
43916,0,0,0.08193888335965632
43918,0,0,2.6857654431512983e-05
43921,0,0,0.10083628223453908
43924,0,0,0.00031766017684184194
43931,0,0,0.0036624368061086783
43932,0,0,0.006824771623964244
43938,0,0,0.11727317115079412
43942,0,0,0.010151194219972548
43943,1,1,0.8605970513554894
43951,0,0,0.007124827093871981
43953,0,0,0.0005287471015823038
43958,0,0,0.04477396418356948
43962,0,0,0.0039353455578321275
43965,0,0,0.007196466972832439
43982,0,0,0.0028655565638554554
43986,0,0,0.02146548384269266
43997,0,0,0.01191309903101726
43998,0,0,0.002677093958192511
43999,0,0,0.0011471480530243455
44003,0,0,0.02609286397950604
44019,1,0,0.1520661681905044
44021,0,0,0.008397421294608201
44028,0,0,0.01169846247894227
44036,0,0,0.0557116836534179
44037,0,0,0.08530108656599206
44039,0,0,0.01810103351631962
44040,0,0,0.003841564092812314
44043,0,0,0.21184149143012931
44044,0,0,0.03202040232187346
44045,1,1,0.9915384615384616
44051,0,0,0.006610908281065705
44063,0,0,0.0037763608447485713
44072,0,0,0.0014843037103365521
44074,0,0,0.014898044505814712
44077,0,0,0.006761108413366979
44086,0,0,0.13892623345283733
44088,0,0,0.008141465200932431
44089,0,0,0.034706982516179034
44095,0,0,0.014667790462133902
44104,0,0,0.005273029572419702
44119,0,0,0.013328763236725709
44120,0,0,0.02964624499946536
44123,1,1,0.9282905812261363
44129,0,0,0.005057642153298502
44130,0,0,0.017619037615046018
44134,0,0,0.009775604375202177
44148,0,0,0.0030480680581658993
44152,0,0,0.002003820259154806
44165,0,0,0.004299648055026132
44166,0,0,0.008662173269446348
44168,0,0,0.008712977056087187
44170,0,0,0.0012237631916737855
44187,1,1,0.925503803650676
44188,0,0,0.004197725744882
44191,0,0,0.02958884435676155
44199,0,0,0.0354118791335136
44203,0,0,0.003767512615714338
44207,0,0,0.17433575251784414
44215,0,0,0.013560613742363805
44227,0,0,0.002711513468742141
44237,0,0,0.025350501264541813
44243,0,0,0.004922320401744113
44245,0,0,0.13424845557822368
44249,0,0,0.001738013745388086
44251,1,0,0.08966455611627518
44258,0,0,0.0036597261551055593
44260,0,0,0.008018870965205175
44265,0,0,0.002246586903968528
44267,0,0,0.0042064133174953226
44280,0,0,0.0037887779360953793
44294,0,0,0.0008707142858705311
44313,0,0,0.0007628947800957949
44319,0,0,0.011440158204790638
44328,0,0,0.003345876376575407
44353,0,0,0.19719295132813325
44355,0,0,0.015617701153526871
44371,0,0,0.009482195009143712
44372,0,0,0.00635792364932576
44373,0,0,0.1264016798539437
44375,0,0,0.00957580306583668
44388,0,0,0.0006901361018414187
44389,0,0,0.023466755534469034
44390,0,0,0.020381679629366135
44392,0,0,0.004838944542790422
44397,0,0,0.0004505756527745121
44406,0,0,0.109418264634736
44412,0,0,0.00101616662387347
44415,0,0,0.0007547425040797805
44421,0,0,0.024066605002677998
44422,0,0,0.009580078307348812
44428,0,0,0.005210557027718044
44431,0,0,0.013916781071030752
44433,1,1,0.9140511320951399
44436,0,0,0.0030262394750056962
44442,0,0,0.0129636935970417
44443,1,1,0.8643914263850749
44446,0,0,0.0015089706062985304
44457,0,0,0.00595904539089565
44458,0,0,0.024486909328131454
44475,0,0,0.0005171639715199911
44477,0,0,0.013066535009800534
44480,0,0,0.007684286221124047
44494,0,0,0.013037487311801425
44505,0,0,0.04991436821532173
44516,0,0,0.0008767994078673406
44522,0,0,0.15247511326184265
44526,0,0,0.021346469468832195
44527,0,0,0.019234532745175933
44534,0,0,0.040342479024499174
44543,0,0,0.0025096045624653607
44545,0,0,0.12232671797493996
44556,0,0,0.028153907551675194
44559,0,0,0.03165590263884837
44563,0,0,0.006276510058482454
44565,0,0,0.05788773659688542
44567,0,0,0.0023486053617011284
44572,1,0,0.06903607453143029
44573,0,0,0.020035649416497835
44578,0,0,0.006300590115827505
44585,0,0,0.08528072470129537
44594,0,0,0.0032149445185578824
44598,0,0,0.007497692910620872
44600,0,0,0.020920969556012338
44601,0,0,0.002350819118177039
44608,0,0,0.002053545146358594
44611,0,0,0.03537553731004139
44629,0,0,0.008360177766267603
44639,0,0,0.012207770794181227
44641,0,0,0.04798949845129002
44643,0,0,0.0073603151062910785
44650,0,0,0.0979860759710148
44653,0,0,0.07628120903551791
44667,1,0,0.11156156421118615
44668,0,0,0.006920688240620993
44673,0,0,0.08492330850323553
44675,0,0,0.011155644782956822
44678,1,1,0.8905933021301378
44684,0,0,0.03708858592583447
44693,0,0,0.09955505590995788
44694,0,0,0.008369366309968377
44697,1,0,0.0348640305268981
44703,0,0,0.055544029200100875
44705,0,0,0.0011048454219375354
44729,0,0,0.016594016457883068
44736,0,0,0.0016792519225482716
44748,0,0,0.047227570008224
44764,0,0,0.003498407686960814
44768,1,1,0.9180495969547693
44770,1,1,0.9895789088104877
44787,0,0,0.11070730703078363
44788,0,0,0.004165713712126606
44789,0,0,0.0043743218102091745
44790,0,0,0.001864912259127017
44794,0,0,0.06162508329214715
44802,0,0,0.007466899057730776
44810,0,0,1.7315347328409675e-05
44811,0,0,0.18551459133141684
44814,0,0,0.020198139616758447
44825,0,0,0.005590711519793996
44832,0,0,0.0820857336805664
44835,0,0,0.11573924608489626
44840,1,1,0.9867226890756302
44841,0,0,0.010813545869707872
44848,0,0,0.003842198810599584
44849,0,0,0.007901374550769169
44853,0,0,0.02176751991327953
44856,0,0,0.0746866346060639
44859,0,0,0.02259877214256104
44864,0,0,0.0030054894761899326
44867,0,0,0.05748986717964061
44872,0,0,0.008673178606116216
44873,0,0,0.002859321581587747
44875,0,0,0.0012694183149116309
44878,0,0,0.003933931239096759
44882,0,0,0.007623128176070345
44883,0,0,0.0063987128231589195
44884,0,0,0.019017752976160603
44890,0,0,0.0006635635255494341
44893,0,0,0.0015879084849881298
44894,0,0,0.025571825433797605
44899,0,0,0.010669153682325832
44905,0,0,0.034399084540693375
44908,0,0,0.01858361681262869
44929,0,0,0.0009377791958239049
44937,0,0,0.0019077690942768271
44938,0,0,0.0034698282378809804
44944,0,0,0.17055461369292163
44958,0,0,0.0006472667774981535
44961,0,0,0.010811862879249312
44968,0,0,0.003643403955564451
44975,0,0,0.007665962858636919
44980,1,1,1.0
44982,0,0,0.009182450601545891
45000,0,0,0.0030725961890310004
45003,0,0,0.0004894361215561676
45005,1,0,0.1260557748865638
45010,1,1,0.9909824175824176
45015,0,0,0.0031303494357597128
45018,0,0,0.01313865937385567
45021,1,1,0.9550218936961616
45027,0,0,0.0018154390627160434
45040,0,0,0.20369546876567568
45044,0,0,0.0342500907939739
45051,0,0,0.06993616748894578
45052,0,0,0.0025491453110756184
45058,0,0,0.030013316713231056
45060,0,0,0.12483857318595656
45061,0,0,0.005289806585351363
45067,0,0,0.08561607228906849
45068,0,0,0.0512600254790861
45075,0,0,0.010586758087247216
45082,1,0,0.1816712671695426
45089,1,0,0.2819077982891873
45101,0,0,0.09806996488199675
45114,0,0,0.0017417502628911963
45124,0,0,0.004538830811405473
45128,0,0,0.006280035424267419
45132,0,0,0.0027950294209809845
45135,0,0,0.003117547736810336
45141,0,0,0.001215719669577013
45144,0,0,0.0056510770587644595
45145,0,0,0.08026545851269683
45149,1,1,0.9909824175824176
45152,0,0,0.0004429270837037827
45159,0,0,0.0009717683224547826
45166,0,0,0.009251182293359625
45175,0,0,0.007000429646908166
45179,0,0,0.28063038682365726
45193,0,0,0.09351243252380416
45196,0,0,0.007071861900399628
45197,0,0,0.0005257616477612446
45199,0,0,0.011025917622151245
45209,0,0,0.14034344313388275
45214,0,0,0.02372346113777605
45220,0,0,0.0390024503367737
45227,0,0,0.00044049304713256394
45228,1,1,0.9479696772325953
45235,0,0,0.0015869136725759523
45236,0,0,0.0441091359422937
45243,0,0,0.022194584734329573
45247,0,0,0.004370723872108897
45250,0,0,0.00904281270335253
45252,0,0,0.0026922769487118963
45253,0,0,0.04959213663169991
45259,0,0,0.0423083149845465
45262,1,1,0.9235909302405464
45268,0,0,0.011390153807166488
45275,0,0,0.005186632181340709
45279,0,0,0.011261675629844606
45280,0,0,0.008154116798828312
45287,0,0,0.06503923891193629
45300,0,0,0.0011436561964367742
45302,0,0,0.015630129193062628
45314,0,0,0.10008438086922214
45321,0,0,0.017134248388212262
45323,0,0,0.010663435331949984
45325,0,0,0.008328934450218711
45345,0,0,0.005756869005678662
45347,0,0,0.004042987918920878
45364,0,0,0.0005041153536599972
45366,0,0,0.0012082113533895644
45384,0,0,0.010706168685798798
45387,0,0,0.20397128177032212
45392,0,0,0.007772460683928743
45401,0,0,0.02928061646688134
45416,0,0,0.02754112794551431
45423,0,0,0.038043112601633386
45425,0,0,0.017275372143145423
45431,0,0,0.022321395787281414
45433,0,0,0.00825680519372155
45434,0,0,0.02396714272859652
45435,0,0,0.0013980509484382176
45438,0,0,0.003998882417122172
45439,0,0,0.00048626191232677726
45442,0,0,0.016565645150883344
45451,1,1,0.9386806933299384
45458,0,0,0.054016887425813925
45465,0,0,0.06804556222911329
45469,0,0,0.02566192190928132
45472,0,0,0.0053674232886425375
45500,0,0,0.0031965964268890167
45502,0,0,0.001896990495932606
45503,0,0,0.001925761302582117
45508,0,0,0.006925633406500027
45519,0,0,0.02582658378521856
45527,0,0,0.0011436561964367742
45530,0,0,0.0006622926135236698
45533,0,0,0.2881944662852317
45534,0,0,0.006712381082652064
45537,0,0,0.09471475760910282
45540,0,0,0.019158981589120997
45542,0,0,0.28792592289805913
45543,0,0,0.023380051543959467
45545,0,0,0.012464902871316925
45547,0,0,0.015787188883335718
45551,0,0,0.00029375311696965245
45555,0,0,0.046193320010902435
45561,0,0,0.010945723107208037
45562,0,0,0.017870728215972218
45568,0,0,0.0053785901749381
45574,0,0,0.0007380476028598835
45577,0,0,0.01727839632050369
45582,0,0,0.006873241650762026
45588,0,0,0.03080397601942583
45599,0,0,8.626725803923338e-05
45609,0,0,0.14134683402313736
45617,0,0,0.20804285883014562
45618,0,0,0.009233807454557447
45624,0,0,0.014523465515033772
45627,0,0,0.015219938791116161
45636,0,0,0.0011240479703465694
45639,0,0,0.002222039663371249
45640,1,0,0.36869843933948493
45648,0,0,0.05192356803354084
45661,1,0,0.1519716635458795
45666,0,0,0.00824210108678503
45670,0,0,0.0105408910938091
45678,0,0,0.0007716384136049546
45682,0,0,0.003922960091686819
45685,0,0,0.0021592613683154792
45690,0,0,0.07995671138787039
45695,0,0,0.006344372571152803
45698,0,0,0.0009927379947238966
45703,0,0,0.006789576542566358
45705,0,0,0.003680345201391372
45708,0,0,0.002596677263579945
45710,0,0,0.06696158092219422
45714,0,0,0.0291697416269193
45719,0,0,0.022264746272398602
45722,0,0,0.06404778790596953
45725,1,1,0.9056924947512974
45742,0,0,0.0019856314505268696
45756,1,1,1.0
45760,1,1,0.9146311697715858
45768,0,0,0.00018406076633342927
45772,0,0,0.0017057226259103383
45775,0,0,0.01910521102971379
45776,0,0,0.015032183082255622
45784,0,0,0.03695898965243301
45792,0,0,0.045072356589926345
45795,0,0,0.0037391586438925593
45796,0,0,0.022145605585805424
45797,0,0,0.11893142701846707
45800,0,0,0.011519518512563047
45813,0,0,0.03498872929964929
45830,1,0,0.014949282289126396
45831,0,0,0.006809353719433051
45833,0,0,0.07818417551777544
45840,0,0,0.07674949146130527
45847,0,0,0.031308909087997584
45851,0,0,0.0028405518073552206
45852,0,0,0.01686097843229737
45863,0,0,0.0535967742559264
45879,0,0,0.0057649606943778
45888,0,0,0.14522026323418535
45892,0,0,0.0005775367145805305
45898,0,0,0.0026467318694742285
45900,0,0,0.005379420238741773
45905,0,0,0.0032100486318542513
45914,0,0,0.09339369329329862
45939,0,0,0.004465487826245102
45950,0,0,0.00702921304728806
45951,0,0,0.000622910951775009
45954,0,0,0.18514187610830668
45955,0,0,0.0036968612138863232
45958,0,0,0.001423538270870325
45973,0,0,0.008906608829557088
45978,0,0,0.07551713716502385
45984,0,0,0.04487748764996811
45985,1,1,0.9157077503837505
46003,0,0,0.0034155929756721198
46006,0,0,0.0009526453270727216
46017,0,0,0.05982801361936138
46019,0,0,0.0007018367286247219
46020,0,0,0.002487551741460422
46022,1,1,1.0
46027,0,0,0.0007891265156404914
46030,0,0,0.005846835267127984
46033,0,0,0.000622910951775009
46038,0,0,0.003414965868744733
46060,0,0,0.003047550605154603
46065,0,0,0.001301644929525459
46066,0,0,0.0028492942361310397
46072,0,0,0.034310277126298167
46075,0,0,8.626725803923338e-05
46078,0,0,0.1232019956451018
46080,0,0,0.0030244791801244154
46082,0,0,0.006849837536601745
46086,0,0,0.006440854838394892
46109,0,0,0.07737256996910924
46111,0,0,0.0010653029242364948
46114,0,0,0.012003968253968253
46119,0,0,0.0025635381112808953
46122,0,0,0.0035037251601180664
46127,0,0,0.008781409615910405
46130,0,0,0.016959697582572063
46133,0,0,0.005118207938403896
46137,0,0,0.051765147953265346
46139,0,0,0.03782319961889675
46150,0,0,0.008867124510482499
46152,0,0,0.013653358117276304
46156,1,1,1.0
46160,0,0,0.0007758919518765207
46176,0,0,0.04754629114532369
46183,0,0,0.0020922456205687613
46186,0,0,0.002327612037742442
46188,0,0,0.002256116906760189
46191,1,1,0.9237640308035047
46205,0,0,0.07805289593925806
46210,0,0,0.0255586935235894
46212,0,0,0.025453591614796375
46217,0,0,0.000869537415230391
46221,1,1,0.99375
46227,0,0,0.036565701904281364
46229,0,0,0.009111396443361484
46232,0,0,0.0022664342756163807
46239,0,0,0.13804682112891525
46246,0,0,0.10900782872163733
46261,0,0,0.006659633020414858
46263,0,0,0.0005287471015823038
46295,0,0,0.018420547605423516
46301,0,0,0.0015560453406581849
46302,0,0,0.0042663265380801325
46313,0,0,0.0007407254772552068
46323,0,0,0.003653534965726197
46328,0,0,0.09084560677284656
46332,0,0,0.0008387338265498453
46335,0,0,0.0029225370103748522
46340,1,0,0.19198216288206146
46342,0,0,0.012185225849417098
46353,0,0,0.006429678422642662
46365,0,0,0.0026932333904922416
46366,0,0,0.2723603521066493
46384,0,0,0.008322742580140458
46385,0,0,0.0014887551046769048
46394,0,0,0.001150610838601763
46403,0,0,0.002952293194269769
46416,0,0,0.0018642543454868551
46417,0,0,0.03029184030634434
46420,0,0,0.011408461083875736
46430,0,0,0.017284881979171718
46434,0,0,0.00746342292458501
46435,0,0,0.004409859984885281
46440,1,0,0.03908205222488001
46452,0,0,0.002329474713344759
46457,0,0,0.009595632790757336
46461,0,0,0.0284656661044066
46467,0,0,0.06672973435731679
46473,0,0,0.005746743705199255
46477,0,0,0.08453135266016516
46481,0,0,0.003318550882785552
46490,0,0,0.0022050017242299445
46499,0,0,0.0483205767947572
46501,0,0,0.004470645724484762
46506,0,0,0.023274639702317013
46509,1,1,0.9606396103896104
46526,0,0,0.0019894016916165384
46532,0,0,0.046404722220640855
46534,0,0,0.06062701458130078
46535,0,0,0.009059049540377144
46539,0,0,0.09186028455600795
46545,0,0,0.07651558053317989
46546,0,0,0.0175943208379666
46551,0,0,0.07948810210988998
46557,0,0,0.005280997656669043
46558,0,0,0.051692609529904336
46564,0,0,0.00164670690338622
46578,0,0,0.015730776266582803
46590,1,0,0.19899763643793592
46597,0,0,0.21711381668098562
46603,1,1,0.9654745077617419
46616,0,0,0.06405902941332788
46626,0,0,0.004703096769080433
46648,0,0,0.000871902940135979
46657,0,0,0.000677234988265782
46662,0,0,0.004166044714767244
46663,0,0,0.011223203411957771
46664,0,0,0.005517753952929756
46672,0,0,0.009056667728162998
46688,0,0,0.0218192084493417
46690,0,0,0.01919118697162677
46696,0,0,0.008009592740351113
46698,0,0,0.0032269432141108544
46700,0,0,0.2290655249909931
46719,0,0,0.0011915384362308876
46722,0,0,0.018415011424868757
46725,1,1,0.9390011171624074
46727,0,0,0.02304418752802762
46729,0,0,0.0007389063210477009
46733,0,0,0.010477352293297066
46735,0,0,0.0026831240490299245
46736,0,0,0.011472629024406942
46737,0,0,0.03577529711080378
46742,0,0,0.022638522718176762
46749,0,0,0.003634378076221325
46751,0,0,0.0005171639715199911
46762,0,0,0.003975782873323131
46766,0,0,0.00025238911555727723
46784,0,0,0.01187498847065247
46785,0,0,0.006151109259779012
46786,0,0,0.13437579354026724
46787,0,0,0.0026363740312035453
46799,0,0,0.004565220387589202
46801,0,0,0.01453888708522306
46803,0,0,0.004847393550193913
46805,0,0,0.010883564468946345
46812,0,0,0.009234271305415492
46814,1,0,0.05646134823886259
46821,0,0,0.0016587521348201727
46828,0,0,0.009907100809620229
46833,0,0,0.010844055173654657
46834,0,0,0.007587779872939915
46836,0,0,0.009135216915101598
46848,0,0,0.0012756587479424838
46874,0,0,0.009521107719479699
46876,0,0,0.030985508043480693
46877,0,0,0.015190160384236196
46881,0,0,0.0019020374260260752
46882,1,0,0.37915572294309413
46885,0,0,0.011244257353364458
46906,1,0,0.09812431798456363
46909,0,0,0.0013165968288403281
46911,0,0,0.08088615119793484
46915,0,0,0.0073649545318712865
46924,0,0,0.07472583140732068
46925,0,0,0.0030482634957646948
46929,0,0,0.005828348203800536
46939,0,0,0.0046474566760060405
46940,1,1,0.9585471848956822
46941,0,0,0.0009166572516907837
46947,0,0,0.000869537415230391
46952,0,0,0.0005228988491632478
46956,1,0,0.1374937540361745
46958,1,0,0.017455273906960646
46959,0,0,0.004285714285714285
46964,0,0,0.03707119158512852
46972,0,0,0.0037119378115487217
46973,0,0,0.14213317545094434
46978,0,0,0.008308624049216371
46982,0,0,0.004740668575420829
46984,0,0,0.0008755473709493805
46995,0,0,0.022249701801212222
47000,0,0,0.027027032373992024
47013,0,0,0.000822405391338078
47017,0,0,0.10553859315254144
47020,0,0,0.08428788467713628
47024,0,0,0.006889173400428591
47027,0,0,0.0360182908024485
47031,0,0,0.008204407764795052
47039,0,0,0.003342798197102182
47045,0,0,0.009376278968729187
47055,0,0,0.16488802769266783
47062,0,0,0.0029815936102583285
47074,0,0,0.01373133920618894
47076,0,0,0.0027407159912882003
47077,1,0,0.3299293870460247
47080,0,0,0.013081255182862864
47091,0,0,0.13612884731279618
47095,0,0,0.005459748256148241
47102,0,0,0.002728401508121231
47105,0,0,0.003357770382022226
47109,0,0,0.06401852677554798
47116,0,0,0.0046679349001027435
47117,1,1,0.9909824175824176
47125,0,0,0.008012612024425061
47130,0,0,0.04966307716119926
47141,0,0,0.1062702804519916
47143,0,0,0.009220324403425845
47145,0,0,0.01365701106093075
47151,0,0,0.014721366368702339
47160,0,0,0.011676729088380142
47187,0,0,0.128602005596593
47198,0,0,0.06876113296285963
47205,0,0,0.03312749445742734
47211,0,0,0.05462222387388804
47219,0,0,0.0035118148482454347
47221,0,0,0.01642407043557772
47227,0,0,0.003486235081497389
47230,0,0,0.019328067705707344
47235,0,0,0.004883360137080123
47238,0,0,0.004569169430538275
47246,0,0,0.005183729865883523
47247,0,0,0.011621261097619816
47252,0,0,0.0023739012291134425
47255,0,0,0.16488459820792564
47256,0,0,0.01985400067305697
47257,0,0,0.00758630749549159
47259,1,1,0.883852984294943
47262,0,0,0.0019514798428346767
47267,0,0,0.004878339885303725
47275,0,0,0.013093700497970796
47283,0,0,0.0010333418947711286
47293,0,0,0.007755426588075705
47303,0,0,0.0016143580706102934
47307,0,0,0.007837942176826068
47313,0,0,0.005741557790348396
47316,0,0,0.001961832210163928
47318,0,0,0.031162961602422375
47319,0,0,0.005734481616208327
47326,0,0,0.008917337258465514
47339,0,0,0.0012985983370725367
47344,0,0,0.005545344886939356
47345,0,0,0.01352906394066236
47346,0,0,0.07090697496545756
47348,0,0,0.06625733929013336
47349,0,0,0.02200314670313074
47350,0,0,0.04071071744828697
47353,0,0,0.005674221023993719
47370,0,0,0.003773725608380223
47375,0,0,0.0026662155246869363
47379,0,0,0.01112266688375198
47382,0,0,0.022555096891927775
47390,0,0,0.005840985121089604
47395,0,0,0.14887265189034743
47398,1,1,0.9670543847077794
47404,0,0,3.7037037037037037e-05
47406,0,0,0.005612329649957198
47409,0,0,0.013576716988762753
47418,0,0,0.044835340751230274
47436,0,0,0.10740772755156815
47444,0,0,0.0025491625554340293
47445,0,0,0.008245734305228868
47458,0,0,0.0006975908601813225
47464,0,0,0.09990932407821106
47467,0,0,0.010431062015827195
47469,0,0,0.012551587870144683
47471,0,0,0.0072715352268384655
47473,1,0,0.09075827747914927
47474,0,0,0.0011283441506031286
47481,0,0,0.018450212592772207
47486,0,0,0.01666523907120254
47491,0,0,0.010793147208121827
47504,0,0,0.006992319681577138
47505,0,0,0.11276111392681909
47507,0,0,0.032486064630988805
47509,0,0,0.002820101172684293
47513,0,0,0.001848125574475691
47515,0,0,0.002385431313146317
47524,0,0,0.004643629959621207
47532,1,1,0.9180161836248044
47534,0,0,0.0019609006005806683
47536,0,0,0.002075453632329471
47544,0,0,0.0056080778827588594
47549,0,0,0.013519146753053195
47551,0,0,0.05020639826002161
47553,1,0,0.09760127125463226
47555,0,0,0.004850516342829562
47557,1,1,0.9768939393939394
47563,0,0,0.005321799900867853
47572,0,0,0.00391834802295529
47576,0,0,0.0308041825615388
47588,0,0,0.012463080404924281
47589,0,0,0.0007931214627712329
47591,0,0,0.15979986566862636
47592,0,0,0.008646436654147514
47603,0,0,0.0476523100113609
47610,0,0,0.07854943405217756
47615,0,0,0.08591170925566942
47620,0,0,0.0023651099201306676
47643,0,0,0.00029375311696965245
47662,0,0,0.004693476445077545
47665,0,0,0.001768773142915473
47666,0,0,0.0048590612186622814
47668,0,0,0.05319422852339087
47672,0,0,0.05285341456656763
47676,0,0,0.005080009671395474
47685,0,0,0.029221090294637736
47687,0,0,0.0469855500508748
47689,1,1,0.8313555487048722
47695,0,0,0.3840921619123319
47696,1,1,0.9498799313893653
47697,0,0,0.00042918574957667986
47702,0,0,0.0035360371058547617
47711,0,0,0.18788967036561377
47717,0,0,0.0025164474106281133
47720,0,0,0.000612759021863082
47727,0,0,0.0007589405534328563
47728,0,0,0.0011370089263357946
47744,0,0,0.020309625874907578
47751,0,0,0.00612340554125247
47754,0,0,0.002175396693624464
47756,0,0,0.002955068036980708
47757,0,0,0.003507638196367248
47764,0,0,0.027540781989424588
47766,1,0,0.3495961521038992
47767,0,0,0.0004082211434195819
47773,0,0,0.056547704159973844
47775,0,0,0.0011471480530243455
47796,0,0,0.12292030422160463
47802,0,0,0.017301652626163323
47803,0,0,0.009193634811186712
47805,0,0,0.10166130837280604
47806,0,0,0.039137298245489616
47809,0,0,0.010372278530107599
47814,0,0,0.007044542833980693
47817,0,0,0.0029580731746929006
47819,0,0,0.039011631322734816
47820,0,0,0.0014824588361565937
47821,0,0,0.013367186469847598
47825,0,0,0.10102127878792937
47827,1,1,0.9468471528471529
47839,0,0,0.07410449640975825
47840,0,0,0.005498851401626818
47841,0,0,0.003944821404248089
47844,0,0,0.011060726630268023
47848,0,0,0.023611357939216437
47865,0,0,0.009153471250898909
47866,0,0,0.016040255339032118
47879,0,0,0.003004101485961701
47885,0,0,0.009041187820065803
47896,1,0,0.12439985519086574
47899,0,0,0.07509403800419197
47900,0,0,0.01151288016507679
47905,0,0,0.0026216524917693153
47908,0,0,0.018886139785894616
47915,0,0,0.0016689558503975078
47918,0,0,0.005419306904583846
47919,0,0,0.2135268258814479
47921,0,0,0.001940061376698592
47922,1,1,0.9453879709949905
47925,0,0,0.015705259278996773
47927,0,0,0.0019504213074420518
47933,1,1,0.9544035424035424
47934,0,0,0.002130816488666549
47939,0,0,0.001301644929525459
47945,0,0,0.05036027211355134
47948,0,0,0.0007962467604137511
47952,0,0,0.035497352631879954
47953,0,0,0.003276541938786471
47957,0,0,0.0017001284596933576
47961,0,0,0.020817966572266148
47968,1,1,0.9044303909630651
47973,0,0,0.0011732952959703973
47974,0,0,0.006529144940649595
47975,0,0,0.0009876890126705611
47980,0,0,0.004072408922364187
47984,0,0,0.10959462034548903
47985,0,0,0.09259341466864349
47986,0,0,0.01302900892630534
47991,0,0,0.019044892509883452
47992,0,0,0.005746846916637097
48001,0,0,0.005585284317324267
48003,0,0,0.023798105899093213
48015,0,0,0.12831259327686972
48019,0,0,0.034418176615316515
48024,0,0,0.013600500965614708
48025,0,0,0.007929790687332431
48028,0,0,0.026700054877858818
48029,0,0,0.0012101713676571533
48031,0,0,0.003476949611212159
48032,0,0,0.0009074350753977505
48036,0,0,0.012758991684570523
48040,0,0,0.0026324208742811526
48045,0,0,0.00562084321776686
48048,0,0,0.0935816693148569
48050,0,0,0.20765570449536722
48059,0,0,0.03324790730931502
48060,0,0,0.0024637190292720735
48061,0,0,0.015276942283654931
48063,0,0,0.0011444292758400582
48067,0,0,0.030300038682915663
48070,0,0,0.0006659276907098979
48072,0,0,0.009614032302703017
48086,1,1,0.9701927234056267
48088,0,0,0.000495018302302757
48091,0,0,0.003902951314311236
48093,0,0,0.001649361376993362
48094,0,0,0.030081691110335772
48102,0,0,0.008722906095919788
48111,0,0,0.003663395277376582
48116,0,0,0.0973828918972734
48128,0,0,0.19407141823613266
48131,0,0,0.010027486007929354
48135,0,0,0.012102205482190638
48137,0,0,0.0004652568033343254
48143,0,0,0.0012559471919727247
48146,0,0,0.023796240741307515
48149,0,0,0.04786121883281273
48151,0,0,0.0044728166407176015
48156,0,0,0.0006744055374736882
48162,0,0,0.02686161033381047
48164,0,0,0.002877837737688649
48171,0,0,0.002520055686672213
48181,0,0,0.0012897097844643119
48185,0,0,0.007164764210812634
48189,0,0,0.07312254924483207
48193,0,0,0.001435438933881327
48194,0,0,0.029857475785805835
48201,0,0,0.007508489402777776
48210,0,0,0.007799816193480969
48227,0,0,0.005877807603238139
48230,0,0,0.11302020643281589
48236,0,0,0.08417344188940692
48237,0,0,0.0031025496593030393
48241,0,0,0.011848386094045876
48254,0,0,0.010871234709378124
48262,1,1,0.9901960784313727
48264,0,0,0.012246913855033004
48274,0,0,0.07580559389706658
48278,0,0,0.007345961585629307
48279,0,0,0.07720763873620796
48297,0,0,0.002696965834806486
48298,0,0,0.25039986422022587
48301,0,0,0.002260385149007929
48302,0,0,0.010123013161621423
48303,1,0,0.14089790269549657
48306,0,0,0.001896990495932606
48311,0,0,0.05130022131601658
48315,0,0,0.2377999543893551
48320,0,0,0.004266944267916225
48321,0,0,0.039305078767660366
48323,0,0,0.014894535880653892
48329,0,0,0.010982459695836461
48341,0,0,0.08241830633868999
48345,0,0,0.02021316621831922
48356,0,0,0.0041183689514702445
48357,0,0,0.001983104283481128
48358,0,0,0.006222897131220861
48359,0,0,0.005733364573895373
48363,0,0,0.000744945679857899
48367,0,0,0.19374738000873618
48379,0,0,0.012729365918771402
48380,0,0,0.027040373616383305
48385,0,0,0.0416004991382477
48386,0,0,0.00087836102691071
48399,0,0,0.0018440574767655438
48403,0,0,0.0038232926123237094
48409,0,0,0.00036789939620128297
48419,1,1,0.9909824175824176
48421,0,0,0.012254217425223564
48426,0,0,0.022123408423495076
48430,0,0,0.015372775563118952
48440,0,0,0.026893162393162397
48454,1,1,0.9135170370362373
48456,0,0,0.002696965834806486
48458,0,0,0.02788067226536326
48464,0,0,0.019081848865738146
48471,1,1,0.9384649100003939
48474,0,0,0.006653807262542597
48479,0,0,0.00048626191232677726
48482,0,0,0.05192346193050927
48483,0,0,0.249320733173841
48484,0,0,0.006133441336277507
48485,0,0,0.03194837787344093
48486,0,0,0.00531102828710612
48491,0,0,0.02575895491454464
48495,0,0,0.016806423868842072
48504,0,0,0.0008590396011314699
48512,0,0,0.009163080898888598
48515,0,0,0.0030878091027624626
48531,0,0,0.016943280961545317
48536,0,0,0.07413359787020511
48537,0,0,0.001896990495932606
48544,0,0,0.00767336039158654
48553,0,0,0.003402824095394939
48554,0,0,0.005094322831049567
48555,0,0,0.23442960710393565
48566,0,0,0.010759011473868742
48576,0,0,0.010563686900236756
48577,0,0,0.01739073669208622
48581,0,0,0.08741348563410645
48583,0,0,0.003980622119473912
48587,0,0,0.05918770751056509
48596,0,0,0.0027214333844528186
48616,0,0,0.11695258627958602
48622,1,1,1.0
48629,0,0,0.0009377791958239049
48636,0,0,0.009504487217330078
48648,0,0,0.005088716520604944
48653,0,0,0.001575486541250918
48655,0,0,0.04548175793489808
48657,0,0,0.04412337555219362
48664,0,0,0.09645791453110351
48668,0,0,0.0037238252778764693
48669,0,0,0.004549187588306613
48678,0,0,0.016902108383283716
48681,0,0,0.00501134750309375
48688,1,0,0.07189344573828872
48689,0,0,0.0004894361215561676
48717,0,0,0.0015135388400530278
48728,0,0,0.020340352050328768
48729,0,0,0.0047897676125301745
48731,0,0,0.02433605290062539
48745,0,0,0.017738686827339818
48747,0,0,0.10437669323163158
48761,0,0,0.009016378618220425
48762,0,0,0.00559371203475956
48767,0,0,0.0019414210443201008
48770,0,0,0.01217092900479253
48787,0,0,0.014874587271663488
48793,1,1,0.9989473684210526
48797,0,0,0.06690236789749096
48812,0,0,0.11231209777949694
48817,0,0,0.3510817758739192
48828,0,0,0.010771601353208671
48832,0,0,0.0023373633180793496
48835,0,0,0.0026657783839604803
48836,0,0,0.0007065018615349622
48837,0,0,0.0038964680018285314
48844,0,0,0.017311750103901728
48846,0,0,0.029554164128670294
48857,0,0,0.012556431866607527
48865,0,0,0.0027416402058252467
48869,0,0,0.004036513856424279
48890,0,0,0.018344947735191637
48892,0,0,0.025207178181785427
48906,0,0,0.01662349640403256
48907,0,0,0.10539779344640335
48946,0,0,0.016672751764437783
48947,0,0,0.003225216201931585
48957,0,0,0.007019070080452247
48958,0,0,0.004885142524543938
48959,0,0,0.0005257616477612446
48965,0,0,0.003882738539445142
48969,0,0,0.010869778237743117
48977,0,0,0.0009671291850278374
48982,0,0,0.01448036534483787
48991,0,0,0.054683124449453925
48993,0,0,0.008043670493478691
48995,0,0,0.013870730972555955
49005,0,0,0.05046342027527441
49010,0,0,0.001495510904069509
49014,0,0,0.016644462890894017
49015,1,0,0.0876041706606448
49016,0,0,0.01290942543365307
49033,0,0,0.011471302740268563
49035,0,0,0.003295544397136519
49038,0,0,0.00032261314582968125
49042,0,0,0.0011026353862695383
49044,1,0,0.0810275059978544
49048,0,0,0.006099343920482402
49050,0,0,0.011175925925925928
49061,0,0,0.021781603479093574
49071,0,0,0.0036447595983622396
49075,0,0,0.025722355010919063
49076,0,0,0.002799697464300979
49081,0,0,0.002394739717552096
49089,0,0,0.04268089436250653
49095,1,0,0.221898561473942
49107,0,0,0.097437670788344
49122,0,0,0.0007715527887538033
49124,0,0,0.003094134655920097
49126,0,0,0.03343002646375411
49128,0,0,0.07327472597893313
49132,0,0,0.0011412998006052894
49133,0,0,0.0003069620573311548
49136,0,0,0.0027643549603544398
49137,1,1,0.9351997788747676
49140,1,1,0.9492310360502806
49142,0,0,0.002092775703399123
49144,0,0,0.07568066595534423
49149,0,0,0.07387894961164596
49166,0,0,0.005419819266286052
49169,0,0,0.004546806103295854
49181,0,0,0.021673809523809526
49185,0,0,0.01842680310129212
49187,0,0,0.006646822500094497
49200,0,0,0.014329616868684315
49203,0,0,0.021498867787223916
49205,0,0,0.03641991791188135
49215,0,0,0.08259859605271494
49216,0,0,0.001496159538234261
49218,0,0,0.0012097113797132975
49220,0,0,0.01710186579953458
49231,0,0,0.002320076204531101
49244,0,0,0.06889238546384192
49253,1,1,0.9148081745923896
49255,0,0,0.012393669073020452
49266,0,0,0.016214287940216704
49271,1,0,0.05561652347339402
49283,0,0,0.006056886033833311
49284,0,0,0.0007239641456156911
49300,0,0,0.006043910680400133
49307,0,0,0.0004695707653111543
49308,0,0,0.013837044300762224
49312,0,0,4.9751243781094526e-05
49313,0,0,0.019794392959351797
49318,0,0,0.017946791387444136
49324,0,0,0.17001514909929052
49341,0,0,0.014384311326120796
49344,1,1,0.9017404071773637
49345,0,0,0.011563760447798563
49347,1,0,0.3350382850831764
49349,0,0,0.0024038537605953173
49362,0,0,0.00824347490052239
49369,0,0,0.004625460340409312
49391,0,0,0.046108309137956105
49397,0,0,0.018933321859939758
49399,0,0,0.19521311592012944
49400,0,0,0.0014788049440319707
49404,0,0,0.0008130900139322109
49405,0,0,0.029517339256204332
49422,0,0,0.05678550144493567
49425,0,0,0.0004894361215561676
49429,0,0,0.0005425448898483272
49430,0,0,0.0006472667774981535
49433,0,0,0.00046095136603063226
49434,0,0,0.002959030360564909
49435,0,0,0.006584834362104094
49438,0,0,0.006210459436149347
49440,1,0,0.1123428213103435
49444,0,0,0.07557275000999177
49445,0,0,0.13391543373724285
49449,0,0,0.0312265248307831
49454,0,0,0.04743024759338539
49455,0,0,0.00023158199449992763
49458,1,0,0.11403458141604679
49477,0,0,0.006710974859642223
49484,0,0,0.01768135497875074
49493,0,0,0.013734947298165387
49498,0,0,0.01188362231366127
49499,0,0,0.00407584960206075
49522,0,0,0.014872353751649314
49525,0,0,0.001211583399457162
49527,0,0,0.029665950196111655
49529,0,0,0.006804604257894743
49540,0,0,0.21876836403639352
49541,0,0,0.13814608643387769
49542,0,0,0.020335662330117233
49551,0,0,0.001983104283481128
49557,0,0,0.002391423464938709
49559,0,0,0.005497506546697079
49564,0,0,0.0032341393059621237
49567,0,0,0.0011148568826668708
49568,0,0,0.011437671384692184
49570,0,0,0.10531577275386267
49599,0,0,0.028646827977007575
49601,0,0,0.0007438228901593983
49604,0,0,0.00366963515632332
49605,0,0,0.010352158845914899
49614,0,0,0.1579695259752097
49616,0,0,0.0034786102131218887
49631,0,0,0.0012756587479424838
49633,0,0,0.003874187310459258
49636,0,0,0.07478621363534572
49637,0,0,0.0102182986403415
49640,0,0,0.006554521220304338
49642,0,0,0.23770146393612854
49656,0,0,0.0007953552576776848
49660,0,0,0.01956100822727078
49662,0,0,0.2017834605140364
49666,0,0,0.03358200157977037
49670,0,0,0.003338795504901673
49674,0,0,0.023833382213139576
49676,0,0,0.019344890944739488
49682,0,0,0.004961671875171969
49691,0,0,0.0019414210443201008
49696,1,0,0.11551794905728725
49701,1,1,0.9404191086691085
49704,0,0,0.1106107049098328
49705,0,0,0.0018005956248666965
49717,0,0,0.26819569209083793
49720,0,0,0.014119247183698029
49726,0,0,0.04377353546289203
49729,0,0,0.0022010048349874896
49732,0,0,0.003288232064616624
49734,0,0,0.008230952357659006
49735,1,0,0.15010172701408916
49736,0,0,0.000734342975806266
49737,0,0,0.04210007335043906
49742,1,1,0.9624787080495392
49743,0,0,0.035084406757818834
49748,0,0,0.0019414210443201008
49757,0,0,0.12459541044015568
49759,0,0,0.0495996710969163
49760,0,0,0.08229918668276393
49763,0,0,0.13053929094141997
49764,0,0,0.026405545704387037
49785,0,0,0.000190123343158639
49787,0,0,0.003991688784374555
49789,0,0,0.03334834480946834
49791,0,0,0.0956173095742551
49799,0,0,0.11938634278213497
49810,0,0,0.0042979664907571175
49812,0,0,0.003738670665609611
49818,0,0,0.006983687293841186
49828,0,0,0.0014979136009897862
49842,0,0,0.07626515529412382
49846,0,0,0.0005154226512158814
49848,0,0,0.009033688536579031
49854,0,0,0.03058155980774424
49858,0,0,0.0004894361215561676
49859,0,0,0.134807477761833
49866,0,0,0.010886818614071725
49876,0,0,0.07486109832024493
49879,0,0,0.03653876351008587
49884,0,0,0.008836333357534691
49885,0,0,0.004512835274824886
49890,0,0,0.0019662889701845074
49896,0,0,0.001548026478808249
49898,0,0,0.0023954023112267788
49903,0,0,0.0026659809561685567
49925,0,0,0.011334410938178205
49926,0,0,0.023543088279548686
49927,0,0,0.012605634508139731
49935,1,1,0.9418143588502826
49942,0,0,0.011529933813742739
49945,0,0,0.00893533417099194
49948,0,0,0.0039628176344410964
49949,1,1,0.9828749000999001
49951,0,0,0.00328890726224096
49964,0,0,0.004570459495561866
49966,0,0,0.0056402148080971146
49974,0,0,0.21740162050176814
49983,0,0,0.0016880581976847974
49991,0,0,0.01818814339960732
49994,0,0,0.12661806232366218
50000,0,0,0.00279812697082498
50011,1,1,0.9175501624977329
50014,1,0,0.09002899076005613
50023,0,0,0.2207651961778936
50024,0,0,0.08976422665331237
50027,0,0,0.0038172969023987976
50029,0,0,0.08299190735268352
50032,1,1,0.9933333333333334
50048,0,0,0.005800720724498926
50060,0,0,0.005128839432656667
50067,0,0,0.14492477572170118
50075,0,0,0.01173331562749686
50076,0,0,0.0007785423083302215
50078,0,0,0.0005552500798766378
50086,0,0,0.0034367772363188918
50089,0,0,0.010052288290303723
50094,0,0,0.0037981037666800195
50095,0,0,0.030893571477645727
50114,0,0,0.006494866871930079
50117,0,0,0.035558147247643196
50120,0,0,0.026263719078731363
50123,0,0,0.015842192381911112
50130,0,0,0.001442881263714052
50132,0,0,0.0018375909678267368
50133,0,0,0.22943202388328604
50136,0,0,0.005185264196981637
50145,0,0,0.00018518518518518518
50148,0,0,0.062006671967575554
50149,0,0,0.0015706534853514123
50150,0,0,0.0014539980716378074
50151,0,0,0.02884272886075759
50177,0,0,0.06089598327696903
50180,0,0,0.0843745310683034
50182,0,0,0.3071171388844536
50184,0,0,0.012035132632243806
50194,0,0,0.003680345201391372
50200,0,0,0.004022778705478803
50208,1,0,0.08042617075248717
50209,0,0,0.006701661561310683
50211,0,0,0.0007668579839541352
50212,1,1,0.9292758269130733
50213,0,0,0.14762806551115948
50216,0,0,0.0829247163550518
50218,0,0,0.14780827140409905
50219,0,0,0.004841594139826007
50222,1,1,0.9316945329802472
50227,0,0,0.012255686008961507
50233,0,0,0.10981859838177792
50234,0,0,0.0030356028410948323
50235,0,0,0.0015357607182200572
50240,0,0,0.07250748746165062
50246,0,0,0.004759321185678827
50247,0,0,0.054930008364726834
50252,0,0,0.3713707496041486
50261,0,0,0.0035943318144336274
50268,0,0,0.026568471476570505
50275,0,0,0.010461917482646884
50277,0,0,0.002479649501834756
50287,0,0,0.04442921672670593
50289,0,0,0.003064660409573808
50295,0,0,0.013030103220701186
50299,0,0,0.013299195745276042
50315,0,0,0.05440511180999434
50317,0,0,0.0028289127820005184
50320,0,0,0.0046295217185842175
50322,0,0,0.06876086622572126
50328,0,0,0.003898310288081649
50330,0,0,0.005753675525181178
50346,0,0,0.0037761844860945163
50360,0,0,0.0034824042142649458
50364,0,0,0.00391953001820988
50369,0,0,0.15473172232086221
50373,0,0,0.08425963004078009
50375,0,0,0.0013336892223987137
50384,0,0,0.01395164191339163
50385,0,0,0.0013772361245079523
50388,0,0,0.00023158199449992763
50390,0,0,0.004718506573249679
50400,0,0,0.020050792659310465
50404,0,0,0.004854382863654692
50407,0,0,0.03340766634281728
50413,0,0,0.03801904353586153
50415,0,0,0.06821742998744956
50421,0,0,0.015690964869646672
50428,0,0,0.0773898916954531
50429,0,0,0.22127675341762676
50431,0,0,0.02781520642427235
50439,0,0,0.003625415642662238
50449,0,0,0.03944463717534454
50460,0,0,0.15099126393673987
50467,0,0,0.13321017273243277
50471,0,0,0.0042036886652021595
50482,0,0,0.03502528686643737
50496,0,0,0.005574229161542263
50497,0,0,0.02102468896520073
50498,0,0,0.07828170922443074
50502,0,0,0.12245540913683292
50505,0,0,0.022824281303940944
50507,0,0,0.022880336579431844
50512,0,0,0.005701878251853203
50514,0,0,0.019170512852609175
50518,0,0,0.002059743809206289
50525,0,0,0.002293900781877411
50531,1,1,0.9721246977986617
50537,0,0,0.007926156674083246
50558,1,1,0.9758405516052576
50559,0,0,0.052418927158153036
50562,0,0,0.00624118561497415
50574,0,0,0.0021257433269516834
50575,0,0,0.0011005190409411221
50576,0,0,0.007296517091018013
50586,0,0,0.0011389314892575183
50587,0,0,0.0029460109496693017
50588,1,0,0.07246006101231192
50596,0,0,0.011824159801813682
50612,0,0,0.0010288720126307926
50614,0,0,0.002708922531013248
50618,0,0,0.00982223726427255
50623,0,0,0.0943620209100539
50624,0,0,0.01244280439369464
50625,0,0,0.0038718217939070483
50626,0,0,0.0003373196612709028
50628,0,0,0.0008749225279273968
50630,0,0,0.010529256363066366
50639,0,0,0.03593450648073701
50640,0,0,0.008491701615301543
50645,0,0,0.012669614854340065
50649,1,1,0.9417873365517488
50650,0,0,0.013246761476897963
50657,0,0,0.01745156749714261
50664,0,0,0.10838928392113704
50668,0,0,0.012117322350426962
50676,0,0,0.028130276158270448
50677,0,0,0.001908518839331416
50679,0,0,0.06357343307403605
50688,0,0,0.08303119885446715
50690,0,0,0.06063521265819547
50695,0,0,0.02359952624083471
50697,0,0,0.006941638608305276
50701,0,0,0.004137076955529348
50703,0,0,0.005121380265774938
50712,0,0,0.00043611771066775324
50720,0,0,0.10121391300209058
50721,1,0,0.07909476601247974
50726,1,0,0.39088170259006866
50733,0,0,0.0007018367286247219
50737,0,0,0.0036622408726774275
50745,0,0,0.00579053289774425
50746,0,0,0.047827028964606534
50747,0,0,0.0008379888268156424
50748,0,0,0.00033914981091823335
50755,0,0,0.21927324217989078
50760,1,1,0.953484520456525
50768,0,0,0.017161448995874243
50769,0,0,0.0013845043026701049
50776,0,0,0.034159250867303995
50787,0,0,0.07969219661676506
50793,0,0,0.03109427467959004
50794,0,0,0.0077451614771309775
50820,0,0,0.035590002927725115
50828,0,0,0.017298936338080703
50829,0,0,0.0009189752934026879
50831,0,0,0.11161333816931016
50839,1,0,0.0728821259507425
50843,0,0,0.004972859636295047
50853,0,0,0.001009926288950537
50862,0,0,0.0014920814113990558
50865,0,0,0.0012813433374358194
50871,0,0,0.04530253054438213
50879,0,0,0.007235573433027296
50897,0,0,0.010466907310769904
50899,0,0,0.00046850699107396366
50902,0,0,0.051416137976718526
50904,0,0,0.009089663427176384
50909,0,0,0.007471070914029317
50920,0,0,0.004897887447646823
50933,0,0,0.12294823069087774
50938,0,0,0.0006268254104459961
50946,0,0,0.0031575600571343405
50953,0,0,0.003467584519604546
50957,0,0,0.04916590001339174
50963,0,0,0.15253875719113552
50975,0,0,0.009031685279241336
50976,0,0,0.0019856314505268696
50987,0,0,0.00361860576793499
50988,0,0,0.004602629545125046
50993,1,1,0.9671333879553025
50998,0,0,0.013746199762788047
51001,1,0,0.1348380288731916
51004,0,0,0.001388300914595485
51007,0,0,0.010780695330587389
51010,0,0,0.11982187382603458
51013,0,0,0.04219890533033635
51018,0,0,0.0009818399024261466
51019,0,0,0.08951116273182798
51020,0,0,0.011912420176869004
51021,0,0,0.03029126606268084
51024,0,0,0.006745148060256191
51026,0,0,0.01648885221349764
51042,0,0,0.006056789000379201
51049,0,0,0.014650955095988233
51050,0,0,0.017014186639705886
51073,0,0,0.003465297480812538
51074,0,0,0.0013500766745364518
51077,0,0,0.0004742826626551504
51078,0,0,0.032115229040737804
51090,1,0,0.1429306723812115
51092,0,0,0.002391786525764203
51096,0,0,0.2071988061100822
51097,0,0,0.03284662379155822
51100,0,0,0.001945991368630505
51102,0,0,0.019302108572192556
51105,0,0,0.22363772277347405
51110,0,0,0.0012002890132700294
51132,0,0,0.019233217151535007
51136,0,0,0.07972357349216097
51142,0,0,0.04100031222923141
51143,0,0,0.002471743642372792
51145,0,0,0.006321067756058122
51166,0,0,0.0010589149109437041
51170,0,0,0.0015688268914075365
51178,0,0,0.002084373030249318
51179,0,0,0.004433206372521403
51187,0,0,0.0070185130834233755
51189,0,0,0.0019722395576034367
51194,0,0,0.011637872311798896
51204,0,0,0.021680454292598916
51206,0,0,0.01087404298498723
51208,0,0,0.11190725727288581
51210,0,0,0.004776388913100556
51214,0,0,0.009639393883550123
51216,0,0,0.0010208993178579472
51220,0,0,0.018603094593494223
51229,0,0,0.0007646999784899605
51240,0,0,0.0009913065230149245
51247,0,0,0.0074316266466559625
51255,0,0,0.01187214620670404
51260,0,0,0.15162809576587535
51268,0,0,0.013762376997458043
51271,0,0,0.016899989651927908
51272,0,0,0.0014427300114282534
51276,0,0,0.00260847627751285
51277,1,1,0.9451974910101341
51284,0,0,0.055972076015864757
51285,0,0,0.0012669035457793538
51288,0,0,0.00044049304713256394
51291,0,0,0.0018235398715184795
51296,0,0,0.16486795617194916
51297,0,0,0.0018269655029197036
51315,0,0,0.002176381442128323
51317,0,0,0.044529851212278884
51319,0,0,0.0019414210443201008
51322,0,0,0.0006975908601813225
51324,0,0,0.0012237631916737855
51326,0,0,0.013562792132495987
51327,0,0,0.04755073455727311
51332,1,0,0.11623069750469718
51333,0,0,0.003262871457853924
51335,1,0,0.2668478185115079
51339,0,0,0.11225899988939744
51344,1,1,0.9264603521766313
51345,0,0,0.01242884276940539
51356,0,0,0.010065699566079249
51359,0,0,0.010620937868960465
51361,0,0,0.10122047737014467
51375,0,0,0.01915329419439008
51376,0,0,0.02104363026272141
51389,0,0,0.015380918064385176
51398,0,0,0.008404714034887956
51399,0,0,0.0230848779862195
51402,0,0,0.010446893629270206
51415,0,0,0.0023160134238124526
51416,0,0,0.08522892585984143
51418,0,0,0.004928899801257136
51421,0,0,0.0025644645210554373
51422,0,0,0.013077270101104774
51425,0,0,0.046624052928835175
51433,0,0,0.0016735426353136895
51441,0,0,0.0011173964149280046
51453,0,0,0.001545074883235853
51456,1,1,0.9147573789364811
51457,0,0,0.02241301581015806
51460,0,0,0.007149211952179932
51471,1,1,1.0
51472,0,0,0.0017937214912534638
51484,0,0,0.007477443664271246
51489,0,0,0.02261658526701087
51491,0,0,0.4003777245481843
51493,0,0,0.0005872693934306624
51502,0,0,0.011967908417910629
51506,0,0,0.0031357134488233453
51524,0,0,0.02206091133151222
51525,0,0,0.002631979966309697
51529,0,0,0.004497616531884968
51538,0,0,0.0019773360460730886
51541,0,0,0.0005285523699626696
51547,0,0,0.0009087280015883931
51548,0,0,0.000587783402484335
51555,0,0,0.4314765492518027
51563,0,0,0.02140383174239562
51564,0,0,0.019556339919250904
51566,0,0,0.03389892227220181
51574,0,0,0.0007518791243203715
51583,0,0,0.14517904461575865
51586,0,0,0.27277720490707574
51587,1,0,0.015695409433003085
51588,0,0,0.021476299527348232
51600,0,0,0.06353339051390829
51601,0,0,0.14597787739545048
51607,0,0,0.001252673693500272
51611,0,0,0.0017787710541179466
51613,0,0,0.004638694166246135
51621,0,0,0.00925244657506662
51625,0,0,0.00988454461462217
51639,1,1,0.9249358845170343
51642,1,1,0.9815183428955823
51646,0,0,0.0009284896967304423
51651,0,0,0.18681732122845812
51653,0,0,0.003467584519604546
51654,0,0,0.023652075844588033
51657,0,0,0.08118523168221323
51659,0,0,0.08308173237588909
51660,0,0,0.01247313478086912
51661,0,0,0.0015442365412509183
51668,0,0,0.13741215267724996
51670,0,0,0.016416346909394322
51673,1,0,0.2613457092710758
51675,0,0,0.035833123750687854
51676,0,0,0.031159161720774774
51678,0,0,0.00046850699107396366
51679,0,0,0.010019131670744995
51682,0,0,0.005834569630270466
51687,0,0,0.13941193902039184
51689,1,0,0.07497452213752093
51706,0,0,0.01584683304367378
51709,0,0,0.007827868146493484
51711,0,0,0.020033251941556345
51714,0,0,0.004969202622063765
51716,0,0,0.007611036568694155
51720,0,0,0.14464933777611366
51722,0,0,0.14865479803287848
51723,0,0,0.004995828491321174
51728,0,0,0.0036732490895410286
51729,0,0,0.003656846218746491
51734,0,0,0.00238313190756517
51736,0,0,0.015651440649582498
51739,0,0,0.0007049807770588334
51742,0,0,0.011600864100299169
51744,0,0,0.00384328855415948
51751,0,0,0.0004742826626551504
51762,0,0,4.208244571513997e-05
51766,0,0,0.011657569183751059
51771,0,0,0.00853879851573619
51774,1,1,0.9122157508069972
51782,0,0,0.0014489895359423594
51785,0,0,0.007183867929647397
51787,0,0,0.004533094109682805
51789,0,0,0.0015746755515232793
51791,0,0,0.05214779822393317
51792,0,0,0.006392319922102252
51793,0,0,0.0902290786755456
51795,0,0,0.00913420500093348
51797,0,0,0.04747144466123558
51800,0,0,0.11785838476983138
51801,0,0,0.0031855105749508507
51806,0,0,0.01212134656934097
51808,0,0,0.13630671529323413
51814,0,0,0.12693410377904613
51822,0,0,0.002406312982858481
51826,0,0,0.005480450694940513
51829,1,0,0.436810489012192
51851,0,0,0.06363411936582168
51862,0,0,0.0698462766979586
51868,1,0,0.18812950254017263
51869,0,0,0.08191340713091858
51871,0,0,0.0019276798165365505
51879,1,1,0.9717246272246272
51884,1,1,0.9314145963685436
51886,1,1,0.9692882292592186
51888,0,0,0.0035757127182474645
51892,0,0,0.0037593198773330384
51894,1,1,0.9284143927159632
51895,0,0,0.015369494912567843
51899,0,0,0.013582884255660382
51905,1,0,0.16789040791204704
51907,0,0,0.004398866504159679
51921,0,0,0.0012067282106634637
51925,0,0,0.014026058726279664
51928,0,0,0.0038786173616599646
51931,0,0,0.004458351934715301
51932,0,0,0.0009076679958468037
51935,0,0,0.007823762159058624
51936,1,1,0.9360238121613249
51948,1,1,0.9287212032685751
51949,0,0,0.013271219370174043
51962,0,0,0.0016189727765707597
51970,0,0,0.0612814253438669
51976,0,0,0.0
51986,0,0,0.002086322721119393
51996,0,0,0.1987567217482561
51997,0,0,0.03841378782001831
52007,1,1,0.9598803173799882
52012,0,0,0.05384251810256163
52013,0,0,0.01181278952017892
52017,0,0,0.000190123343158639
52021,0,0,0.007930305229010094
52022,0,0,0.05710815272245807
52027,0,0,0.02276343989766881
52036,0,0,0.03162604639607807
52038,0,0,0.1325467381177888
52042,0,0,0.008745342949147744
52043,0,0,0.01825354101668251
52059,1,1,0.958185009562249
52063,0,0,0.002471627386327227
52066,0,0,0.00289036488690416
52070,0,0,0.025514715386382582
52086,0,0,0.02200797463404098
52092,0,0,0.01246189385133942
52103,0,0,0.028873525087526608
52108,0,0,0.0098173177441712
52110,0,0,0.0007036854829896415
52121,0,0,0.004937427867137612
52125,0,0,0.08933029562125805
52133,0,0,0.04098345377031199
52136,0,0,0.006308934438680417
52138,0,0,0.14947184834554775
52148,0,0,0.17362955364234522
52149,0,0,0.0026760584253939968
52156,0,0,0.009121125847667708
52159,0,0,0.005522520389103408
52165,0,0,0.0007059425223305812
52166,0,0,0.00044049304713256394
52168,0,0,0.01045628873087374
52172,0,0,0.007923879896425899
52175,1,0,0.1895790250845313
52180,0,0,0.10270904364211797
52190,0,0,0.007585492289780029
52194,0,0,0.024862651638562425
52199,0,0,0.00365195338268704
52205,0,0,0.017368620320396544
52216,0,0,0.001889256183266192
52232,0,0,0.0058186907799154
52240,0,0,0.08647560753064916
52247,0,0,0.0003750572030103321
52255,0,0,0.003036803788931985
52258,0,0,0.011151642458175357
52261,0,0,0.0014481897627965042
52264,0,0,0.0064446955762794255
52265,0,0,0.0063495218082294195
52266,0,0,0.00383657564904561
52275,0,0,0.023751700819736824
52286,0,0,0.008870145634828209
52288,0,0,0.10096293278785815
52289,0,0,0.01864787613966909
52302,1,1,0.9578003941776336
52303,0,0,0.016073062731981936
52304,0,0,0.016401338506504534
52310,0,0,0.04358091969982438
52311,0,0,0.005314142998010151
52313,0,0,0.10558848629601778
52321,0,0,0.002856560151747839
52332,0,0,0.015250516199530273
52338,0,0,0.06545629164373637
52342,0,0,0.100066451846928
52346,0,0,0.013555994934641137
52353,0,0,0.0008751887421354841
52355,0,0,0.0005003159514702546
52358,0,0,0.038098583135859204
52364,0,0,0.03087573036372073
52365,0,0,0.0004632769335004337
52366,0,0,0.13762255496694034
52377,0,0,0.00378258399556814
52381,0,0,0.08073479857365241
52382,0,0,0.0041090091238519776
52387,0,0,0.005752449875661675
52388,0,0,0.045574422591554836
52396,0,0,0.0066321448121710045
52402,0,0,0.0932434868261936
52407,1,1,1.0
52408,0,0,0.006728318056477822
52415,0,0,0.01930483860822777
52416,0,0,0.013146524516785805
52417,0,0,0.01476658500501962
52419,0,0,0.002432102237919079
52423,0,0,0.02785373461458764
52435,1,1,0.9473627940702546
52441,1,1,0.9500928600947599
52459,0,0,0.004024320893619684
52460,0,0,0.04250335151641311
52465,0,0,0.010100188000651678
52467,0,0,0.016379407661710543
52476,0,0,0.3061971978385568
52481,0,0,0.006223641309815223
52487,0,0,0.0023789013138752453
52491,0,0,0.007687617024450437
52493,0,0,0.0007297713672454173
52498,0,0,0.008303504736353195
52503,0,0,0.00042918574957667986
52507,0,0,0.0023663964925563817
52514,0,0,0.008976581727647669
52516,0,0,0.006686525586084125
52519,0,0,0.0033035598235877863
52524,0,0,0.018732037429705365
52528,0,0,0.03520378382816343
52539,0,0,0.015280543682899607
52544,0,0,0.009800307888865066
52552,0,0,0.019450787319669788
52572,0,0,0.027895199881268377
52573,0,0,0.0024573867325964004
52574,0,0,0.0006313978841542724
52576,0,0,0.0006898411229451843
52582,0,0,0.0011940656032766292
52594,0,0,0.16423494581497916
52598,0,0,0.013688380749961452
52602,0,0,0.03788023542575076
52608,0,0,0.002883301973060577
52609,1,1,0.9742304242814968
52613,0,0,0.07457065926620719
52620,0,0,0.02401937427939921
52623,0,0,0.20091274801096096
52632,0,0,0.0031454682019754197
52646,0,0,0.020107367541162553
52647,0,0,0.0013076287202240925
52652,0,0,0.010095129001873532
52653,1,0,0.21600983445244165
52654,0,0,0.05477829543955165
52656,0,0,0.007027387720637534
52661,0,0,0.16435686879569145
52676,0,0,0.00985355670839249
52678,0,0,0.01069634008156444
52682,0,0,0.009542133297881181
52687,0,0,0.0028751882038775605
52690,0,0,0.0059401126228539
52699,0,0,0.02249098443998824
52700,0,0,0.0951347240004201
52707,0,0,0.0066822397192500375
52711,0,0,0.0185758753341445
52715,0,0,0.1537259222010342
52726,0,0,0.0014316267635991417
52733,0,0,0.0037748818759006076
52737,0,0,0.001341003848623141
52748,0,0,0.007422212125118184
52750,1,0,0.2987144953263999
52751,0,0,0.004954129277489777
52752,0,0,0.017505883019915434
52759,0,0,0.009471672362206772
52763,0,0,0.022336952587456563
52773,0,0,0.005137069657884007
52775,0,0,0.00043926835521862793
52777,0,0,0.005226452838188368
52782,0,0,0.00890357226443756
52790,0,0,0.0011714094853500201
52793,0,0,0.007123416521265693
52795,0,0,0.0028976888565143397
52799,0,0,0.002573969566206718
52811,0,0,0.015107010568868581
52813,0,0,0.002724016614970733
52815,0,0,0.030480386909538804
52820,0,0,0.0104130298054337
52837,0,0,0.060644975864297596
52849,0,0,0.004828861493836113
52859,0,0,0.021433540123502345
52886,0,0,0.011792158262503832
52887,0,0,0.01176946433092107
52893,1,0,0.39577025895052187
52904,0,0,0.034251691043406675
52908,0,0,0.017629491416907016
52912,0,0,0.007557952749110992
52913,0,0,0.0020112357413181008
52917,0,0,0.016931825661904293
52919,0,0,0.0033771033972074425
52932,1,0,0.08138725413370469
52936,0,0,0.029150801508408077
52938,0,0,0.007117885757738592
52941,0,0,0.1964118528643977
52944,0,0,0.002104108987753962
52947,1,1,0.9677806327625585
52955,0,0,0.00970423516318376
52958,0,0,0.0044674637531780395
52964,0,0,0.00879533535285306
52974,0,0,0.0212956700413911
52977,0,0,0.014452385845332514
52981,0,0,0.08792912773503259
52985,0,0,0.00325083350755168
52986,0,0,0.013224636514044512
53000,1,0,0.07696610854392291
53001,1,1,0.9351270895174469
53010,0,0,0.061255038491714514
53011,0,0,0.0004731908289577631
53018,0,0,0.024038153818538275
53020,0,0,0.012556251303518664
53022,0,0,0.04470271234614502
53026,1,1,0.9373112998112998
53028,0,0,0.009491621285305691
53031,1,0,0.142851850870067
53033,0,0,0.021430199529021823
53039,0,0,0.003087008138324887
53042,0,0,0.0032736454358207484
53046,0,0,0.002848103480200443
53052,0,0,0.17344700383497147
53053,0,0,0.09711671392875301
53059,0,0,0.00164670690338622
53073,1,0,0.19601318415288632
53074,0,0,0.04633012707221833
53081,0,0,0.001495510904069509
53086,0,0,0.005504679558402318
53101,0,0,0.002640655824382602
53107,0,0,0.000734342975806266
53108,1,1,0.9273401665746813
53109,0,0,0.0023595998662355165
53112,0,0,0.003936922860529704
53113,1,1,0.9660472636815921
53114,0,0,0.010369838046615962
53115,0,0,0.037986497797999445
53122,0,0,0.21804567958659007
53125,0,0,0.013495821073261425
53126,0,0,0.0028947767713548966
53136,0,0,0.07041233470316181
53146,0,0,0.01234811609268442
53153,0,0,0.009872748306874492
53157,0,0,0.0018608705017710376
53163,0,0,0.0007536155738512741
53166,0,0,0.06636241029318461
53171,0,0,0.0018657539427144897
53179,0,0,0.00390485942976877
53180,1,1,0.9379438397067575
53182,1,0,0.06928420512118366
53187,0,0,0.007922500615559814
53191,1,0,0.03135323616002357
53202,0,0,0.006221149194149578
53209,0,0,0.32485729871390867
53213,1,0,0.17267802623129408
53214,0,0,0.006635180445661264
53215,0,0,0.12106109691156088
53217,0,0,0.017893832713210225
53237,0,0,0.002984810138891447
53245,0,0,0.0025609425792454173
53263,0,0,0.05364072838696773
53283,1,1,0.9494641976789431
53285,0,0,0.0023665494150331757
53291,0,0,0.010014699685118056
53316,0,0,0.006059324089548097
53322,0,0,0.002758706995785951
53333,0,0,0.025090989578017902
53336,0,0,0.0045714378430809655
53346,0,0,0.0034873674512468644
53347,0,0,0.0008420220809539716
53363,0,0,0.19772963171217867
53366,0,0,0.0009433374844333749
53370,0,0,0.014408583546268349
53374,0,0,0.0007277768223889576
53375,0,0,0.006093459154580645
53381,0,0,0.02515305132275446
53382,0,0,0.0020301961223606387
53387,1,1,1.0
53392,0,0,0.028410394091359415
53414,0,0,0.003451836594578337
53415,0,0,0.06688324094732327
53419,0,0,0.001104026938682105
53421,0,0,0.03091984905427157
53428,0,0,0.08826561943032615
53429,0,0,0.010935140118162212
53433,0,0,0.00881867209947624
53437,0,0,0.0025444137775232304
53440,0,0,0.005301226201435786
53441,0,0,0.0083728962386476
53442,0,0,0.015600599940362694
53444,0,0,0.014838235294117645
53447,0,0,0.09159557459824105
53448,0,0,0.0198134727432326
53449,0,0,0.0009377791958239049
53457,0,0,0.09775910840537096
53469,1,0,0.1843167455155814
53472,0,0,0.16192989352574905
53480,0,0,0.06914676482986903
53490,0,0,0.004059340659340659
53491,0,0,0.035102622069582284
53493,0,0,0.19332311684698578
53501,0,0,0.0013165968288403281
53510,0,0,0.007572345458293672
53513,0,0,0.007323775515192785
53514,1,1,0.8978600552687649
53524,0,0,0.0012106933691538924
53531,0,0,0.01604493569846169
53535,0,0,0.02426775243497168
53559,1,1,0.9542573240539731
53560,0,0,0.0032539859430254065
53563,0,0,0.0025609425792454173
53565,0,0,0.0036922952703947426
53574,0,0,0.00589840123269142
53576,0,0,0.03731842579303387
53580,0,0,0.008280661586293201
53581,1,1,0.9585597985347986
53582,0,0,0.0048009943607248366
53590,0,0,0.01145732390369721
53599,0,0,0.029095072455905324
53604,0,0,0.002313961222752134
53606,0,0,0.00289036488690416
53608,1,1,1.0
53626,0,0,0.0314897214120075
53637,0,0,0.005297025997273969
53640,0,0,0.003823472610018647
53645,0,0,0.024965928362036843
53647,0,0,0.01690280200249593
53653,0,0,0.004043367340868523
53663,0,0,0.04781196779945316
53671,0,0,0.024544531505741617
53676,0,0,0.0019856314505268696
53680,0,0,0.016486667465654633
53685,1,1,0.9647425907425908
53696,0,0,0.024805477963098607
53701,0,0,0.018347061757474244
53705,1,1,0.9899824175824176
53714,0,0,0.002953138210020755
53717,0,0,0.050646719663692955
53721,0,0,0.047624999434474805
53732,0,0,0.0030818832302250336
53734,0,0,0.0019846049347324317
53738,0,0,0.005944477202721451
53739,0,0,0.0647289520851524
53746,0,0,0.09665434601961811
53748,0,0,0.027765443364213205
53751,0,0,0.0038774445226089304
53753,0,0,0.005012851325676473
53754,0,0,0.007542226477575694
53755,0,0,0.005357968322320399
53756,0,0,0.017599697692875563
53759,1,1,0.9847324175824176
53760,0,0,0.0006824487071632253
53765,0,0,0.07707676781876051
53769,0,0,0.0013129522270813431
53770,0,0,0.08535045473128092
53774,0,0,0.02940200493448423
53776,0,0,0.0004588545248436012
53779,0,0,0.029243975594859885
53780,0,0,0.003834869066720515
53781,0,0,0.014359661622616527
53787,0,0,0.14059264897911203
53794,0,0,0.0005287471015823038
53796,1,0,0.39534986037302305
53797,0,0,0.006413176351446627
53800,0,0,0.017568830264857713
53801,0,0,0.0007547425040797805
53804,0,0,0.008512248638476527
53807,0,0,0.0039933368753930975
53814,1,1,0.9002337977325523
53828,0,0,0.03255292938950634
53829,0,0,0.007658693529336149
53833,0,0,0.00044049304713256394
53838,0,0,0.03983724260691156
53839,0,0,0.05122758430148175
53845,0,0,0.020778024955929557
53855,0,0,0.0007281327305104357
53861,0,0,0.05384240468083946
53882,0,0,0.014132431429745922
53888,0,0,0.016915540066159394
53909,0,0,0.0007030424925112584
53911,0,0,0.005281405930838355
53916,0,0,0.0017700423557650347
53918,0,0,0.0007729637950382793
53924,0,0,0.04054982986533722
53936,0,0,0.04339406255235856
53946,0,0,0.019634487331646192
53963,0,0,0.3041183918120577
53967,0,0,0.0018736747737785181
53968,0,0,0.0010323462718725422
53970,0,0,0.027190879771090498
53973,1,0,0.03313997813442442
53974,1,0,0.09266624408153469
53979,0,0,0.0009917086508440115
53980,1,0,0.21824741876750028
53987,0,0,0.016663757779171846
53988,0,0,0.0015706534853514123
53996,0,0,0.04856215003875089
53997,0,0,0.011390800698998935
53998,0,0,0.014826970376086936
54022,0,0,0.0007589405534328563
54034,0,0,0.0034401280173804506
54035,0,0,0.01404239620688579
54039,0,0,0.0024162453191206414
54049,1,1,0.9481448748528541
54062,0,0,0.0027714377016589548
54064,0,0,0.014947430694885536
54068,1,0,0.1203566655057386
54072,0,0,0.007172901800385776
54075,0,0,0.013359038268628633
54093,0,0,0.0026448938747840383
54094,0,0,0.0573790854480844
54102,0,0,0.0035047557380852245
54103,0,0,0.07522302000820633
54105,0,0,0.021557029756962356
54108,0,0,0.06322584804847352
54109,0,0,0.00996184794010419
54116,0,0,0.14765691736273484
54118,0,0,0.0014374996218534878
54119,0,0,0.0028856386808459845
54121,0,0,0.0036872547635178328
54122,0,0,0.0034677441177475817
54145,1,1,0.9455860801157411
54153,0,0,0.04022460615149155
54155,0,0,0.005402569396835435
54165,0,0,0.0004652568033343254
54166,0,0,0.1961519302734403
54167,0,0,0.2455429323315378
54170,0,0,0.07874219022913205
54172,0,0,0.02747815066472605
54175,0,0,0.002832549616693113
54176,0,0,0.0005287471015823038
54192,0,0,0.0025627869178352176
54211,0,0,0.0918132652463543
54213,0,0,0.0011915384362308876
54219,0,0,0.014707917484752897
54221,0,0,0.0068551736054460275
54232,0,0,0.0030475133869005853
54240,0,0,0.032932025956802786
54244,0,0,0.10037039618552904
54246,0,0,0.03263927681044759
54247,0,0,0.003483684629578489
54248,0,0,0.0035218872227776917
54249,0,0,0.005722729658685573
54253,0,0,0.0176071844091166
54259,0,0,0.006648265989983082
54260,0,0,0.02208762679289896
54262,0,0,0.0008836687211069559
54263,0,0,0.0005287471015823038
54265,1,0,0.13975734830411807
54278,0,0,0.014296412399860675
54298,0,0,0.005402668250041341
54303,1,1,0.9909824175824176
54304,0,0,0.009660473663231084
54306,0,0,0.014655532834352152
54311,0,0,0.0027285308714648554
54319,0,0,0.017794006116758368
54328,0,0,0.0006613274652572378
54330,0,0,0.018234509706889543
54331,0,0,0.10066894986204757
54337,0,0,0.017625841543369828
54340,0,0,0.003402824095394939
54343,1,1,0.912569200779727
54344,1,1,0.9909824175824176
54345,0,0,0.07804318896617271
54351,0,0,0.0011236519878042451
54352,0,0,0.005519096762589833
54356,0,0,0.0834466310932681
54366,0,0,0.004216887449882037
54369,0,0,0.0011242441536833045
54371,0,0,0.42123864261156124
54380,0,0,0.0012473921558749461
54385,0,0,0.03402089367941841
54395,0,0,0.08687981510880868
54398,0,0,0.022067393559788276
54406,0,0,0.0017799958183644152
54423,0,0,0.26395864999942786
54427,0,0,0.07862148344212946
54433,0,0,0.037973536697746876
54439,0,0,0.0027729443803865324
54440,0,0,0.0048268936292233874
54441,1,0,0.22316510578523563
54442,0,0,0.01552706902611398
54447,0,0,0.0019483205065172799
54461,0,0,0.006972393502196615
54471,0,0,0.003332567829656348
54472,0,0,0.05882261261032386
54486,0,0,0.0026574755993928954
54495,1,1,0.9203097063967995
54498,0,0,0.005490870465408957
54501,0,0,0.003076831444147032
54505,0,0,0.10121376666880019
54511,1,1,1.0
54518,0,0,0.004640362585837464
54519,0,0,0.007858410639387968
54523,0,0,0.03804879083808968
54530,0,0,0.008737441378066379
54538,0,0,0.11788981956170956
54544,0,0,0.0007931214627712329
54559,0,0,0.0020831261212605028
54563,0,0,0.0037528677064703475
54566,0,0,0.03225347787402078
54576,0,0,0.11041884612004849
54578,0,0,0.14565535770988575
54580,1,1,0.9083757595875795
54585,0,0,0.012830176281254322
54595,0,0,0.002338589274755265
54598,0,0,0.004091943429374639
54604,0,0,0.005039875268460089
54613,0,0,0.03917515718577391
54614,0,0,0.01821779889837584
54621,0,0,0.007805238096509657
54623,0,0,0.026665033563742408
54626,1,0,0.234149481170843
54640,0,0,0.037854442889339916
54641,0,0,0.019034017908202045
54644,0,0,0.002547833026662777
54647,0,0,0.025222591699109023
54650,0,0,0.022408332782672735
54655,0,0,0.06472102142298873
54657,0,0,0.0023744492653407796
54659,0,0,0.3406117037255922
54664,0,0,0.005858110329000296
54666,0,0,0.0015906168813508924
54672,0,0,0.04449151025588576
54675,0,0,0.0008755473709493805
54680,0,0,0.08760851761909225
54694,0,0,0.0010121607817446705
54698,0,0,0.002446559257303203
54699,0,0,0.004515053364099308
54705,0,0,0.0007235309539455583
54710,0,0,0.005148099519783544
54713,0,0,0.04359471736080496
54719,0,0,0.0021298672749945785
54721,0,0,0.0220450475715767
54730,0,0,0.0010001065540225713
54734,0,0,0.0005287471015823038
54737,0,0,0.022692558563930446
54740,0,0,0.00355327100118157
54741,0,0,0.08952976393139625
54745,0,0,0.008524018473093828
54748,0,0,0.0019240328857470386
54749,0,0,0.0023294699329791334
54750,0,0,0.0005041153536599972
54751,0,0,0.0006977262802562529
54756,0,0,0.014587947276135344
54760,0,0,0.2827810645626067
54768,0,0,0.011147287445764703
54772,0,0,0.009700531662849616
54780,0,0,0.00313422534115198
54786,0,0,0.05790243262040634
54792,0,0,0.008076330202730034
54797,0,0,0.03858148361873801
54798,1,0,0.17435133312571488
54812,0,0,0.010179939204621418
54822,0,0,0.01428187930509106
54824,0,0,0.01852810941115962
54825,1,0,0.031958561614625534
54826,1,0,0.27296183824544235
54829,0,0,0.02186825613915844
54830,0,0,0.0037172936512235573
54846,0,0,0.026824333230367547
54848,1,1,0.9985714285714287
54849,0,0,0.008127471029311521
54850,0,0,0.0022103265767508444
54859,0,0,0.001144518635657877
54860,0,0,0.05903262220035279
54862,0,0,0.035034901259222255
54874,0,0,0.1012708931708688
54875,0,0,0.10428953902460524
54882,0,0,0.008278749170944523
54884,0,0,0.05648223089401736
54886,0,0,0.0037214492348981703
54888,1,1,0.9591086449495372
54889,0,0,0.001520421808900435
54892,0,0,0.02153029822578906
54901,0,0,0.0017533955596876663
54915,0,0,0.021129222210940865
54919,0,0,0.015355692234627422
54920,0,0,0.05744207419339751
54921,0,0,0.0042726656695502505
54923,0,0,0.0015036789166441517
54925,0,0,0.08997885283642161
54929,0,0,0.0036058480229552896
54937,0,0,0.15225225986484164
54948,0,0,0.002402515190520085
54970,1,1,0.9887601953601952
54972,1,1,0.9909824175824176
54975,0,0,0.08126390200332188
54986,0,0,0.10202893103303921
54990,0,0,0.01029747083699935
54993,0,0,0.003374521239002844
54997,0,0,0.19844103794479456
55005,0,0,0.043090327708048645
55007,0,0,0.022787736410934102
55011,0,0,0.04852903499465134
55034,0,0,0.018661024911396
55035,0,0,0.004750606233999529
55043,0,0,0.0701346115171622
55044,0,0,0.0036296639637008765
55053,0,0,0.04140826749709554
55056,0,0,0.008380493532428075
55059,0,0,0.00914002765003176
55062,0,0,0.0029430564933617715
55067,0,0,0.02739188061100616
55068,0,0,0.0014753214223273774
55075,0,0,0.003664481698171106
55080,0,0,0.0029738197726405353
55084,1,0,0.0933797568419728
55093,0,0,0.06401093415004414
55095,0,0,0.017326908762112448
55101,0,0,0.07867473430778447
55103,0,0,0.0029410915780973142
55119,0,0,0.0005785399160382047
55120,0,0,0.0031375053394476628
55123,0,0,0.0005315712447373333
55129,0,0,0.0053739416546203945
55130,0,0,0.10209161867954246
55134,0,0,0.0030211970392792055
55135,0,0,0.1330051659984794
55158,0,0,0.030576417920906946
55165,0,0,0.005483862164746572
55170,0,0,0.004106626460981777
55174,0,0,0.003966740915417844
55177,0,0,0.037778149531029495
55180,0,0,0.0014358726320425408
55188,0,0,0.008458436949454364
55191,0,0,0.032754002196629675
55198,0,0,0.00257623803698149
55199,0,0,0.006462106366833171
55200,1,1,1.0
55202,1,0,0.09719001767006265
55216,0,0,0.0020979350618385716
55236,0,0,0.0004905881733316856
55245,0,0,0.005226456796501131
55248,0,0,0.07206344742698668
55250,0,0,0.016651379159179393
55255,0,0,0.00047225019554428087
55257,0,0,0.012730891830632012
55266,0,0,0.011721108120438046
55270,0,0,0.0011436561964367742
55279,0,0,0.0004894361215561676
55280,0,0,0.006344202557490808
55282,0,0,0.029254075686035018
55283,1,1,0.9579902597402598
55294,0,0,0.003371846372835125
55296,0,0,0.029554598929257693
55301,0,0,0.17737656682086217
55307,1,1,0.9601644639144638
55310,0,0,0.0008959870393484674
55320,0,0,0.043129494248292204
55327,0,0,0.0005878910341087893
55333,0,0,0.009200885899636852
55337,0,0,0.00737310015942919
55338,0,0,0.0036464514128026356
55346,0,0,0.0006387907230391694
55354,0,0,0.10409183157975167
55356,0,0,0.009265442861968246
55364,0,0,0.009714564212547317
55365,0,0,0.015819728475570293
55373,0,0,0.00578462914646341
55377,0,0,0.0028331321771758538
55379,0,0,0.009638303340875539
55394,0,0,0.00019977412059129826
55397,0,0,0.00172526795395964
55404,0,0,0.007674504609656541
55428,0,0,0.016460909371701412
55429,0,0,0.0759582137366811
55439,0,0,0.0005425448898483272
55443,0,0,0.003932713652052511
55446,0,0,0.01337586125093627
55448,0,0,0.00719226592603936
55449,0,0,0.008081247803659002
55456,0,0,0.0018566217511961668
55462,0,0,0.01286332082551998
55465,0,0,0.004717933876801077
55471,0,0,0.08296317921752552
55476,0,0,0.0014509098101785545
55478,1,1,1.0
55479,0,0,0.007015352407376124
55484,0,0,0.046268653915272566
55486,0,0,0.045482628314239174
55488,0,0,0.015571651286964035
55492,0,0,0.0007668579839541352
55495,0,0,0.04764874104128048
55496,0,0,0.0015517630006142704
55511,0,0,0.00018176146407403556
55514,0,0,0.0005235221888761505
55515,0,0,0.0054146881086163945
55516,0,0,0.10841341755913535
55524,0,0,0.012411891386520572
55536,0,0,0.011674696541158323
55537,0,0,0.01709416679011665
55541,0,0,0.0007109153105477449
55545,0,0,0.04541140340285057
55550,0,0,0.004276209203898058
55553,0,0,0.002650009173046118
55562,0,0,0.02085921241396712
55570,0,0,0.006528438705708823
55572,0,0,0.017702611889764075
55586,0,0,0.0007657971966993143
55591,0,0,0.04352432372427767
55596,0,0,0.006309988856784652
55614,0,0,0.13576450352605693
55617,0,0,0.005240464395844198
55622,0,0,0.0487106521315252
55626,0,0,0.14624860097097092
55643,1,1,0.9825193825629622
55644,0,0,0.22903697184834332
55647,0,0,0.05004174086582637
55648,0,0,0.0018472188362925468
55657,0,0,0.05488494960293675
55658,0,0,0.010529382114435114
55661,0,0,0.03147867745281538
55666,0,0,0.0019414210443201008
55669,0,0,0.012343444543412596
55670,0,0,0.03528123856007166
55674,0,0,0.003064621212734422
55677,1,1,0.9580431623242183
55678,0,0,0.008126938033732965
55684,0,0,0.08576437582747318
55685,0,0,0.0034343451736842234
55686,0,0,0.014849968203246666
55691,0,0,0.0074410393528040585
55694,0,0,0.0057322206506814554
55705,0,0,0.001987726775155505
55710,0,0,0.04971234486016134
55711,0,0,0.007682421560339772
55712,0,0,0.14251114079066826
55713,0,0,0.018489727671079047
55716,0,0,0.005025926303002201
55727,0,0,0.00254031715492528
55729,0,0,0.19299285387763224
55730,0,0,0.0009413380295168373
55738,1,0,0.05285606468313672
55752,0,0,0.002961983739829638
55765,0,0,0.0004169271934966163
55771,0,0,0.03351575757210931
55772,0,0,0.0009627148319162056
55776,0,0,0.0026760447611277527
55778,0,0,0.004295685774772342
55780,0,0,0.014448076998643717
55781,0,0,0.00110498674936967
55784,0,0,0.00254854304423289
55788,0,0,0.02781159107993412
55793,0,0,0.15254656336655045
55799,0,0,0.005942669269780349
55802,0,0,0.0005125312843868189
55805,0,0,0.0018480237004038925
55806,0,0,0.00943849055913465
55807,1,1,0.9895789088104877
55817,0,0,0.0007672505554179193
55819,0,0,0.031052907133197215
55820,0,0,0.027316938114385545
55827,0,0,0.12455022298376224
55833,0,0,0.001241694599434263
55841,0,0,0.024490099474598775
55843,0,0,0.003253125820830932
55849,0,0,0.004485775165815303
55853,0,0,0.01454381075707338
55855,0,0,0.027035802643884832
55864,0,0,0.04361607407810193
55866,0,0,0.004779611778185442
55867,0,0,0.01295275659099703
55875,1,0,0.18292293030641774
55876,0,0,0.015498555613516945
55885,0,0,0.0045357711618406425
55910,0,0,0.02961845811628811
55911,0,0,0.008345392750694418
55912,0,0,0.0013559554814022703
55915,0,0,0.005283457361296231
55917,0,0,0.045088103383817614
55919,0,0,0.0031123570214383394
55932,0,0,0.015029248221569244
55933,0,0,0.0020627930911162324
55934,0,0,0.13517452435118085
55942,0,0,0.010092582949047923
55943,0,0,0.0028366568771329235
55952,0,0,0.0026169151604643125
55955,0,0,0.0005287471015823038
55957,0,0,0.0026598658296575913
55960,0,0,0.1785222350945395
55963,0,0,0.009633322406071109
55964,0,0,0.004142943748135837
55973,0,0,0.0038820687423863974
55987,0,0,0.010519337247676125
55988,0,0,0.0010284910335399166
55989,0,0,0.012725261098750768
55990,0,0,0.006574595884115217
55992,0,0,0.13158444965545205
55995,0,0,0.030465471821337894
56005,0,0,0.0009280442338192822
56008,1,1,0.9470730526253055
56010,0,0,0.018791259702425754
56024,0,0,0.04406455252106603
56041,0,0,0.03874789462658761
56042,0,0,0.010217230173044316
56051,0,0,0.0025993911220050687
56054,0,0,0.0018550836083879101
56072,0,0,0.00048626191232677726
56073,0,0,0.007568004671274536
56075,0,0,0.006008413643170586
56079,0,0,0.015678790013576412
56081,0,0,0.0068566203364052196
56086,0,0,0.00422685522045277
56093,0,0,0.001388300914595485
56104,0,0,0.014402784875126378
56107,0,0,0.0008242368932987142
56116,0,0,0.03249292971430297
56118,0,0,0.0009150568769359007
56122,0,0,0.0032156969747447373
56125,0,0,0.02150759398355266
56128,0,0,0.0004731908289577631
56129,0,0,0.07574013722487463
56132,0,0,0.13977981687236962
56143,0,0,0.0025849900764732575
56147,0,0,0.0015906168813508924
56149,0,0,0.0008954391960160449
56151,0,0,0.01083516594216229
56152,0,0,0.09763253665503151
56156,0,0,0.0008390379518429824
56158,0,0,0.03267923517900064
56162,0,0,0.0013532946238386818
56165,0,0,0.011832778585278182
56182,0,0,0.13437422088294906
56184,0,0,0.0031631565719735973
56190,1,1,0.9176186329976549
56200,0,0,0.19448589130048263
56205,0,0,0.001925761302582117
56206,0,0,0.0007543968543700444
56208,0,0,0.001775302440246437
56211,1,1,1.0
56215,0,0,0.011642444178396931
56216,1,0,0.21649159662822703
56217,0,0,0.054485066289093324
56218,0,0,0.0023235908261057207
56219,0,0,0.017477158489096856
56222,0,0,0.0042069640251927555
56230,0,0,0.05524457271711422
56235,0,0,0.0156788773786636
56240,0,0,0.12055795671623136
56245,0,0,0.014035907529498
56250,0,0,0.0010172157162823643
56252,0,0,0.014136229893054107
56259,0,0,0.08536929295151156
56261,0,0,0.016199675206534914
56263,0,0,0.1694939165593259
56266,0,0,0.004953501843334563
56268,0,0,0.0001419849413307752
56270,0,0,0.003204911699067676
56272,0,0,0.009893332970882747
56277,0,0,0.00046095136603063226
56280,0,0,0.0007668579839541352
56282,1,0,0.030932378136702878
56286,0,0,0.04346373256375875
56293,0,0,0.021793311344432454
56294,0,0,0.0007380476028598835
56310,0,0,0.0024389899604600417
56315,0,0,0.001569706975583268
56344,0,0,0.005951442406679029
56347,0,0,0.0038069597121716424
56349,1,1,0.9909824175824176
56357,0,0,0.015328632580632238
56366,0,0,0.023774179439860176
56378,0,0,0.0011436561964367742
56383,1,1,0.9374784077402672
56394,0,0,0.013041191019786909
56399,0,0,0.003767816675670959
56401,0,0,0.054683128893097725
56405,0,0,0.0009675224540113835
56409,0,0,0.042185034075823434
56416,0,0,0.0023532366403352187
56423,0,0,0.16002872887988012
56426,0,0,0.22452826983895174
56429,0,0,0.003943964702679543
56430,0,0,0.049708743845367914
56433,0,0,0.00996053335586941
56450,0,0,0.015902094288839885
56456,0,0,0.0012333394732739805
56461,0,0,0.003415284438206244
56468,0,0,6.631043962253947e-05
56470,0,0,0.0042561501848016004
56479,0,0,0.00382408238971778
56482,0,0,0.05265093642691324
56484,0,0,0.020785125002220798
56486,0,0,0.002844749444004684
56493,0,0,0.0012025115271266887
56496,0,0,0.0058328114758786275
56500,0,0,0.0019662889701845074
56509,0,0,0.005045257813899263
56510,1,0,0.14053724661979933
56517,0,0,0.013437838277265031
56520,0,0,0.0026419817414308224
56523,1,1,0.9452005593719166
56524,0,0,0.0842489854892911
56525,0,0,0.04338613046254305
56529,0,0,0.0009095725770449322
56531,0,0,0.013624840198479298
56533,1,1,0.9407747014047613
56534,0,0,0.0033631959571754533
56546,0,0,0.005723441553267286
56548,0,0,0.006034226163445102
56553,0,0,0.029167642100154025
56569,0,0,0.00784488577089413
56580,0,0,0.038594003316838696
56583,0,0,0.008505827695085592
56585,0,0,0.016252486937254035
56586,0,0,0.0034692549280834956
56588,0,0,0.002574127701971618
56589,0,0,0.02188735494655388
56592,0,0,0.0028258821220859443
56595,0,0,0.0027383244747344964
56596,1,0,0.10722478936899335
56608,0,0,0.07152729268079396
56610,0,0,0.003703357663839028
56613,0,0,0.010477192205158208
56622,0,0,0.025097120949272234
56630,0,0,0.001967520555749804
56634,0,0,0.036560518099991196
56642,0,0,0.003101039470966885
56645,0,0,0.015010505364993496
56652,0,0,0.03351371459969774
56655,0,0,0.016107850309454108
56662,1,1,1.0
56665,0,0,0.0075502389282876455
56668,0,0,0.003055092853518095
56678,1,1,0.9321722222222222
56679,0,0,0.02068024427535718
56688,0,0,0.0075941647118360715
56689,0,0,0.0017357368529751403
56692,0,0,0.0026888412698128483
56703,0,0,0.10340562873037243
56707,0,0,0.0007736700180054161
56708,0,0,0.012039176069072288
56709,0,0,0.0015385736228726685
56715,0,0,0.0017418666594875615
56724,0,0,0.003982802596839154
56730,1,0,0.2141519438610875
56731,0,0,0.3001506056622912
56733,0,0,0.034059340639684986
56736,0,0,0.007142857142857143
56737,0,0,0.008279190832908269
56739,0,0,0.0029260700461308364
56741,0,0,0.0019685574183632404
56746,0,0,0.0021588162810172186
56748,0,0,0.02380710699193698
56749,0,0,0.0564532451434768
56750,0,0,0.015609611447947137
56759,0,0,0.018799809045798973
56766,0,0,0.024845571476506335
56767,0,0,0.0007246126038583304
56771,0,0,0.007911377564978573
56774,0,0,0.04446476796435103
56784,1,1,0.9391371794871795
56791,0,0,0.018042960761738048
56794,1,1,0.9909824175824176
56796,0,0,0.0022745318734285593
56798,0,0,0.02930722966736473
56799,0,0,0.014014628591449472
56801,0,0,0.06606250504888511
56808,0,0,0.0011373824753353058
56814,0,0,0.004988294156350188
56826,0,0,0.016440773371973826
56828,0,0,0.002228327879211671
56830,0,0,0.02220356266778022
56831,0,0,0.0011913384013706022
56834,0,0,0.0032981742907136837
56841,0,0,0.0704770152344893
56842,0,0,0.18532802877503865
56846,0,0,0.004605918763284155
56853,0,0,0.0039567938357127855
56856,0,0,0.0009226949008540206
56858,0,0,0.001585704755110824
56861,0,0,0.15270707281244608
56868,0,0,0.0013355863238575017
56869,0,0,0.006313626276845172
56871,0,0,0.0036577119943111158
56876,0,0,0.00968680242040829
56880,0,0,0.010825926827493863
56889,0,0,0.0007049807770588334
56894,0,0,0.0026657783839604803
56895,0,0,0.01425923963744854
56901,0,0,0.0020831261212605028
56905,0,0,0.000733276642033422
56907,0,0,0.2522012853907994
56910,0,0,0.0024615033071606223
56915,0,0,0.005115066969149608
56929,0,0,0.021302324794790394
56936,0,0,0.013393196916216283
56941,0,0,0.00313422534115198
56947,0,0,0.0011643645601452013
56952,1,1,0.9553717008425353
56953,0,0,0.004851331007537794
56955,0,0,0.038592675094933165
56956,0,0,0.19813672446213867
56958,0,0,0.014090486514323219
56961,0,0,0.013378509209856101
56963,0,0,0.02127322980186636
56965,0,0,0.002585566724963747
56968,0,0,0.02828236579059328
56973,0,0,0.00035714285714285714
56975,0,0,0.005975567584787999
56976,0,0,0.0030411474191521827
56980,0,0,0.028928788939436543
56981,0,0,0.007356988058409888
56991,1,1,0.9254450275737398
57004,0,0,0.002094186059037642
57012,0,0,0.2301798050559913
57025,0,0,0.24538454060853904
57028,0,0,0.013725994038409024
57035,0,0,0.3349066102993744
57054,0,0,0.0016143580706102934
57057,0,0,0.00048555402005652477
57058,0,0,0.008611048070239607
57061,0,0,0.01028002599285157
57063,0,0,0.008397681439023762
57064,0,0,0.0026021676408826467
57068,0,0,0.007681960967639118
57076,0,0,0.12883472943117488
57080,0,0,0.003144553317756543
57088,0,0,0.002623492880018414
57091,0,0,0.0017429564539464142
57095,1,0,0.10958914001687138
57100,0,0,0.0053714710284946
57110,0,0,0.0014010353630412803
57121,0,0,0.16082743713792347
57123,0,0,0.012535123555034354
57129,0,0,0.0057420814479638
57132,0,0,0.000865433986967562
57141,0,0,0.004643391282404764
57142,0,0,0.013773421769440197
57154,0,0,0.0057587498273523165
57162,0,0,0.007522502522809777
57170,0,0,0.007668691360340385
57174,0,0,0.004629661543868186
57176,0,0,0.01434950423941668
57180,0,0,0.09812445247648688
57181,0,0,0.0005855248821924452
57182,0,0,0.004264710713550249
57186,0,0,0.018562239053506558
57192,0,0,0.01145535955925977
57198,0,0,0.0046171599083692
57206,0,0,0.00706782150918169
57209,0,0,0.04499236499475764
57214,0,0,0.17990164423151925
57215,0,0,0.0719160343988494
57222,0,0,0.035015175914822075
57223,0,0,0.0014788049440319707
57226,0,0,0.003529303708859478
57227,0,0,0.01999721827590281
57230,0,0,0.0031924817305946625
57233,0,0,0.0668522705349538
57241,0,0,0.13604861175970293
57249,0,0,0.02775593679330784
57251,0,0,0.03169604491835925
57255,0,0,0.14432824356540272
57259,0,0,0.005234008832176327
57266,0,0,0.008469511103232743
57270,0,0,0.0034256143673246074
57273,0,0,0.0004742826626551504
57278,0,0,0.005042916410665073
57281,0,0,0.004769487260169678
57283,0,0,0.15284994857934323
57285,0,0,0.008183720232606823
57286,1,1,1.0
57293,0,0,0.008099315299527676
57297,0,0,0.0029143537016883526
57306,0,0,0.002996246792839394
57310,0,0,0.009062684510691062
57311,0,0,0.004571748473057497
57313,0,0,0.004416220456855694
57316,0,0,0.0014753214223273774
57323,0,0,0.10959149503385665
57324,0,0,0.0027240248442725774
57326,0,0,0.01128121278784036
57328,0,0,0.004866359967739143
57332,0,0,0.001983104283481128
57333,0,0,0.03560024581299407
57337,0,0,0.00477267320302611
57342,0,0,0.0007207079942396208
57374,0,0,0.001251636895169901
57378,0,0,0.004607367071523377
57389,0,0,0.01564272485458287
57390,0,0,0.018431221035556455
57398,0,0,0.05518613943619128
57406,0,0,0.0578981290044461
57409,0,0,0.016606079894739244
57410,0,0,0.011254387444613862
57413,0,0,0.02815775177710499
57425,1,1,0.9639548783285027
57431,0,0,0.004346777787164162
57434,0,0,0.04658001369568199
57435,1,1,0.9742395496716356
57440,0,0,0.011278389539309892
57443,1,1,1.0
57447,0,0,0.000495018302302757
57450,0,0,0.05251776847495308
57452,0,0,0.0034575122634404533
57463,0,0,0.004228967488643033
57468,0,0,0.0010049931364298438
57485,0,0,0.0029578981509318864
57488,1,1,0.8884595303878414
57501,0,0,0.0029246609127250443
57502,0,0,0.0015608474642115804
57520,0,0,0.038925825508485605
57530,0,0,0.03700685717441568
57531,1,0,0.3049331110915393
57533,0,0,0.03597867654008425
57535,0,0,0.004058466565526899
57558,0,0,0.0028827875753969167
57568,0,0,0.22407149120488182
57570,0,0,0.003594894489186728
57588,0,0,0.008618334119788258
57600,0,0,0.19029996255139048
57603,0,0,0.015889281426597606
57609,0,0,0.004381892802363895
57616,0,0,0.015732466673463914
57618,1,1,0.935162826699766
57625,0,0,0.004809686659213299
57629,0,0,0.09257796852134653
57631,0,0,0.018069238343197392
57632,0,0,0.020851177679485584
57638,0,0,0.0006622926135236698
57642,0,0,0.003901828830765744
57644,0,0,0.019146341405524937
57650,0,0,0.0072550451073460955
57651,0,0,0.022680499305310953
57655,0,0,0.00042918574957667986
57659,0,0,0.01440878347546539
57683,0,0,0.005244464086290149
57684,0,0,0.00482221807398055
57686,1,0,0.06891966891609494
57688,0,0,0.008331846939486062
57692,0,0,0.005469623043578169
57698,0,0,0.2027102418434962
57699,0,0,0.01204971405121889
57703,0,0,0.005360370957595023
57704,0,0,0.07224777532475923
57721,0,0,0.03366502179013206
57735,1,0,0.32065021174165975
57736,0,0,0.009098375396252696
57746,0,0,0.26374719363585786
57748,0,0,0.013915264983305586
57750,0,0,0.0015175269736342858
57753,0,0,0.024525693682495357
57756,0,0,0.011021530942002035
57766,0,0,0.001239333221737407
57771,1,0,0.11595546222747152
57773,0,0,0.003720111557708858
57776,0,0,0.0014067527909869604
57777,0,0,0.013051394477117038
57778,1,1,0.9338522084222168
57780,0,0,0.001493327578385181
57790,0,0,0.008777883488537143
57794,0,0,0.0751284583579315
57801,0,0,0.08576215143778866
57804,0,0,0.003840999967986487
57811,0,0,0.014789688945165483
57813,0,0,0.0020171979812755826
57816,0,0,0.010208202443637822
57824,0,0,0.18528538612314926
57832,0,0,0.214225963844817
57833,0,0,0.07300189597799502
57845,0,0,0.006505285611971261
57852,0,0,0.006255302941254941
57853,0,0,0.003081340515582616
57854,0,0,0.008017168434382334
57859,0,0,0.0009351938974596018
57866,0,0,0.09010079693564166
57877,0,0,0.04434597110132661
57883,0,0,0.005739064467137999
57890,0,0,0.02156824827481042
57895,0,0,0.00768679309378125
57899,0,0,0.05911925659281362
57900,0,0,0.1026398982781897
57907,0,0,0.007941359044535306
57911,1,1,0.9114111633947569
57913,0,0,0.008223544265100267
57919,0,0,0.06795674418670367
57929,0,0,0.0008851131465542058
57933,0,0,0.0768419759030558
57936,0,0,0.019836540550230583
57942,0,0,0.004930809117876071
57946,1,0,0.3520315419923829
57954,0,0,0.009263266789129636
57955,1,0,0.1485071343421672
57958,0,0,0.004878883170846045
57974,0,0,0.2995986923584722
57976,1,0,0.080994518506144
57984,0,0,0.09766068255566601
57988,0,0,0.1479546214394137
57990,0,0,0.0207490101753375
57993,1,1,0.9599432735966684
58000,0,0,0.038731984835108355
58002,0,0,0.0081233078496186
58005,0,0,0.006096881661446992
58006,0,0,0.021874545556499942
58007,0,0,0.01640264767783109
58015,0,0,0.0018091470252599331
58018,1,0,0.3262865543375606
58024,1,1,0.9667272727272728
58025,0,0,0.0007468894327931574
58026,0,0,0.016815478610557776
58030,0,0,0.006011959427185718
58040,0,0,0.018735490797892825
58043,0,0,0.017131047685364817
58046,0,0,0.0016803576100827863
58050,0,0,0.10117286391236936
58054,1,0,0.0585234190442637
58056,0,0,0.023031637986182206
58057,0,0,0.021321654625420447
58078,0,0,0.013854793582409375
58079,1,1,0.9591156765357165
58082,0,0,0.0009280442338192822
58091,0,0,0.0019414210443201008
58096,0,0,0.007840815551529276
58098,1,0,0.3321412692365523
58099,1,0,0.03909716542628167
58103,0,0,0.02550409449735057
58108,0,0,0.03166843286031576
58110,0,0,0.001954397054542451
58113,0,0,0.0044668190468548415
58120,0,0,0.13288271121378478
58121,0,0,0.0064996480652838974
58124,0,0,0.07558777923952513
58140,0,0,0.06310907228395415
58143,0,0,0.0023760986134946866
58154,0,0,0.02580085748333151
58158,0,0,0.0038111845602367233
58160,0,0,0.03239976535651974
58176,0,0,0.0823938417657185
58188,0,0,0.0020831261212605028
58192,0,0,0.011595650213537513
58195,1,1,0.949325067089773
58204,0,0,0.07609500830774744
58206,0,0,0.010466844715417074
58207,1,1,0.971234768009768
58210,0,0,0.007558177550543606
58214,0,0,0.011262746051942683
58222,0,0,0.0777448458033653
58228,0,0,0.010090235880353548
58238,0,0,0.0013106563784377725
58243,0,0,0.004634887027277835
58245,0,0,0.09455249124126298
58247,1,1,0.9627382757064928
58258,0,0,0.02053620092985033
58275,0,0,0.03566400807163294
58278,0,0,0.020243610420632753
58289,1,1,0.8946196378638643
58290,0,0,0.02519089878026312
58298,0,0,0.0479005540508509
58300,0,0,0.010447971805084168
58303,0,0,0.015930267522891065
58306,0,0,0.004792842773466268
58307,0,0,0.0009189752934026879
58309,0,0,0.006481918370526703
58310,0,0,0.003205309457356634
58318,1,1,0.9154263428789384
58324,0,0,0.012247445183265477
58329,0,0,0.0014303202711507467
58341,0,0,0.318559335488805
58348,0,0,0.02619557343549926
58349,0,0,0.010210933919371234
58350,0,0,0.00046850699107396366
58354,0,0,0.012114499511492982
58355,0,0,0.18350144455000017
58359,0,0,0.013421055611400138
58365,0,0,0.04264870407942349
58370,0,0,0.0011415873727400067
58371,0,0,0.029104224085429474
58377,0,0,0.012513312299510979
58387,0,0,0.010076157696487729
58389,0,0,0.00048626191232677726
58390,0,0,0.0753771372298173
58397,0,0,0.010420224008119507
58408,0,0,0.003116888311832445
58417,0,0,0.003765748861356753
58428,0,0,0.0110868806629135
58432,0,0,0.013123260083484849
58433,1,1,0.9821362637362637
58434,0,0,0.014208052378199974
58436,0,0,0.01301558531902659
58442,0,0,0.20886745530645107
58449,0,0,0.0011391541904665332
58458,1,1,0.9529726686326032
58468,0,0,0.010945723107208037
58494,0,0,0.002900184877777551
58506,0,0,0.007160452642549351
58508,0,0,0.04588120306039107
58514,0,0,0.018688578353416415
58518,0,0,0.03800837995754922
58528,0,0,0.03046149431213893
58529,0,0,0.0006342182493308931
58535,0,0,0.0008472558230645484
58545,0,0,0.007934310087339943
58546,0,0,0.0075882921110379245
58552,0,0,0.0004774333072060251
58558,1,1,0.909402765637862
58560,0,0,0.0033942331243130984
58561,0,0,0.02998717276890055
58563,0,0,0.019664298340365184
58569,0,0,0.18999057780665513
58572,0,0,0.02166971475425218
58573,0,0,0.0020791618966200793
58586,0,0,0.0043605843167560795
58588,0,0,0.0004731908289577631
58589,0,0,0.0014343419924253596
58591,0,0,0.0018472538578845007
58594,0,0,0.034584669458889626
58597,0,0,0.009550466694915409
58598,0,0,0.016061574678039862
58603,0,0,0.18251824050409254
58609,0,0,0.005488612984909499
58612,0,0,0.004543787765131625
58615,0,0,0.07080584495146504
58623,0,0,0.03672095678085686
58625,0,0,0.021524455153948515
58626,0,0,0.0026776525971212656
58630,0,0,0.06109946359305215
58632,0,0,0.00029375311696965245
58633,0,0,0.08229771634659412
58649,0,0,0.005045564032404305
58650,0,0,0.035936591402548484
58653,0,0,0.01643355634081925
58655,0,0,0.0027652098729553875
58657,0,0,0.041070996862218996
58658,0,0,0.0041464218036576395
58665,0,0,0.008155815072623562
58668,0,0,0.0015911654643367217
58671,0,0,0.008512685829369761
58674,0,0,0.0041615749301564696
58695,0,0,0.011604373780643993
58696,1,1,1.0
58699,0,0,0.0004333031877293913
58702,0,0,0.04384955572789498
58709,0,0,0.27024318785157886
58710,0,0,0.05846755898767896
58712,0,0,0.1436502581279091
58713,0,0,0.0009377791958239049
58721,0,0,0.0009242124178368148
58728,0,0,0.026455640729058216
58729,0,0,0.0007018367286247219
58731,0,0,0.025524629002141953
58733,0,0,0.01746629893212005
58737,0,0,0.001987726775155505
58746,0,0,0.11688441506524803
58749,0,0,0.008591940688508496
58750,0,0,0.007027790779612571
58753,0,0,0.0539987309414146
58757,0,0,0.15078991832950497
58766,0,0,0.006221575218040866
58773,0,0,0.0070185992090816005
58785,0,0,0.055928371931713565
58792,0,0,0.007695300174663514
58797,0,0,0.0036624368061086783
58807,0,0,0.0018195464095590596
58813,0,0,0.0010822416537732082
58814,0,0,0.0014887551046769048
58815,0,0,0.03239674312674564
58816,0,0,0.008734454062539521
58817,0,0,0.022310609826506397
58818,0,0,0.0030468321848990954
58822,0,0,0.007946972101625253
58827,1,1,0.8608406500414237
58830,0,0,0.005779760117924902
58832,0,0,8.626725803923338e-05
58835,0,0,0.0015611187718644936
58837,0,0,0.03132797475253802
58846,0,0,0.0023533641682241596
58866,0,0,0.16490741642861623
58882,0,0,0.02356743731841525
58886,0,0,0.0027475754046701563
58888,0,0,0.04266040004799144
58889,1,1,0.9815183428955823
58904,0,0,0.0007925168052640193
58908,0,0,0.016714574608399452
58909,0,0,0.016143477137501635
58930,0,0,0.011374464278204535
58935,0,0,0.08045885000364107
58948,0,0,0.052679852380835925
58952,0,0,0.0024260784737328376
58957,1,1,0.9909824175824176
58959,0,0,0.003703146982568254
58987,0,0,0.009633082358034385
58998,0,0,0.021369425285781146
59003,0,0,0.0073967535752820735
59009,0,0,0.007361217716193133
59011,0,0,0.03620151502380363
59013,0,0,0.0016866552348765687
59017,0,0,0.029058521416390107
59027,0,0,0.009765190709027734
59028,0,0,0.058394012275977285
59050,0,0,0.20921312721626958
59051,0,0,0.0029121869777503904
59063,0,0,0.003296073577072734
59064,1,1,0.9227543300395076
59077,0,0,0.0015819730051358108
59078,0,0,0.0016565637486592785
59111,0,0,0.01209524499054967
59113,1,0,0.21754070104348713
59116,0,0,0.0036940903851040963
59124,0,0,0.004837716657290251
59140,0,0,0.01300853839320965
59149,0,0,0.020186684185558038
59158,0,0,0.001239333221737407
59166,0,0,0.0065801800046261
59176,0,0,0.0036762542522474485
59179,0,0,0.007720104000972465
59189,0,0,0.014896551949512962
59190,0,0,0.04533585929103268
59195,0,0,0.06937070088221163
59199,0,0,0.0010970193590058592
59207,0,0,0.017868770640029747
59209,0,0,0.018463553407214367
59216,0,0,0.05408953557922129
59219,0,0,0.0012441877860374386
59232,0,0,0.05600752135202595
59241,0,0,0.04067341891205609
59256,0,0,0.00046095136603063226
59264,0,0,0.021998525028566175
59267,0,0,0.02448259303865471
59270,0,0,0.26056150344635975
59277,0,0,0.0036952305402001696
59278,1,1,0.9781036637805259
59285,0,0,0.022020984752229373
59291,0,0,0.1044183854348138
59292,0,0,0.0013924281959300801
59295,0,0,0.01049568357301839
59308,0,0,0.007425894221957807
59316,0,0,0.018120276835549228
59326,1,1,0.9429633783492367
59332,0,0,0.00746889667023656
59333,0,0,0.001972027972027972
59335,0,0,0.021492312416548028
59337,0,0,0.0004742826626551504
59341,0,0,0.01972519244972238
59342,0,0,0.04825955403493853
59358,0,0,0.0018930734774854603
59359,1,1,0.9322129392590304
59360,0,0,0.07481908296381982
59361,0,0,0.0032315877884643135
59362,0,0,0.003875058725378171
59363,0,0,0.0723992078546067
59366,0,0,0.011227367865690644
59369,0,0,0.006983325840474899
59379,0,0,0.02659991994275366
59381,0,0,0.02911278826169323
59402,0,0,0.022519038490784973
59403,0,0,0.00393939971394039
59407,1,1,0.9622563590880664
59427,0,0,0.001194809561215235
59443,1,1,1.0
59446,0,0,0.0005154226512158814
59451,1,0,0.08709994220820802
59454,0,0,0.00016949152542372882
59459,0,0,0.004183041663883128
59463,0,0,0.002350819118177039
59466,1,0,0.08402617958286948
59467,1,1,0.930764914531423
59473,0,0,0.11785876830291445
59477,0,0,0.0027008761683329835
59481,0,0,0.004157346449347709
59516,0,0,0.035434858708500196
59522,0,0,0.017093396508265857
59527,0,0,0.005089787734330327
59546,0,0,0.0040430575219392185
59547,1,1,0.9825254237288135
59548,0,0,0.001721371858578059
59552,0,0,0.0031048684845597784
59554,0,0,0.0007524277182438626
59560,0,0,0.010813369963369963
59567,0,0,0.0011283441506031286
59576,0,0,0.18784599810267774
59581,0,0,0.02104011107469605
59584,0,0,0.018773127225785703
59594,0,0,0.006970546246977245
59597,0,0,0.01487921728337426
59599,1,1,0.9881699175824176
59600,1,0,0.11777416892992729
59603,0,0,0.0008395461833603021
59606,0,0,0.030755495480563902
59610,0,0,0.0057536695173733355
59613,0,0,0.03043516066516948
59614,0,0,0.0017493192912069672
59618,0,0,0.0050270783975894925
59619,0,0,0.010582207374950428
59620,0,0,0.001241694599434263
59627,0,0,0.010290010305566824
59631,1,1,0.9127588585254338
59633,0,0,0.016981275887155443
59634,0,0,0.013761527167305386
59635,0,0,0.0022434843600807283
59636,0,0,0.011655792565883855
59637,0,0,0.0024356452660395937
59641,0,0,0.01762200632600845
59655,1,1,0.9437619505494506
59657,0,0,0.2878142425256479
59662,0,0,0.0031916446664610504
59664,0,0,0.0005419831784521088
59674,0,0,0.010307170086083419
59690,0,0,0.005131119327245377
59694,0,0,0.007891527794949416
59697,0,0,0.0006905294310688377
59698,0,0,0.005717380340932238
59702,0,0,0.07890074895662211
59714,0,0,0.003189020237771535
59715,0,0,0.02288294808465945
59723,1,0,0.008241578084852796
59733,0,0,0.0030390230319046084
59742,1,0,0.014903326696921515
59747,0,0,0.00420218419493512
59752,0,0,0.020725572184249075
59757,1,1,0.9788675213675213
59782,0,0,0.0035519678678187787
59783,0,0,0.00396065267842733
59789,0,0,0.0030904600185242357
59803,0,0,0.0028734876273667637
59811,1,1,1.0
59814,1,1,0.9259248837466683
59816,0,0,0.20450988465817863
59818,0,0,0.0004632769335004337
59820,0,0,0.3978297714821948
59822,0,0,0.08971294425434481
59826,1,0,0.3429370367592082
59857,0,0,0.024621769213637075
59859,1,1,1.0
59868,0,0,0.06940011571484299
59872,0,0,0.0023995287799307968
59877,0,0,0.023391390444549614
59879,1,0,0.2586216361313033
59880,0,0,0.011912942398151098
59892,0,0,0.037433456158399936
59897,0,0,0.006553241645198877
59901,0,0,0.003680345201391372
59902,0,0,0.13558336382262617
59910,0,0,0.026052126829248654
59918,0,0,0.00387167703514672
59921,0,0,0.0012002890132700294
59923,1,1,0.9109046878729444
59931,0,0,0.008989007029217268
59934,0,0,0.148147128721232
59938,1,1,0.8991554346541101
59943,0,0,0.04935068876193892
59952,0,0,0.025122282861839724
59968,0,0,0.05780727716618463
59974,1,1,0.9230037274028934
59977,0,0,0.007954373088002984
59987,0,0,0.016552650454370117
59989,0,0,0.062250170257167274
59991,0,0,0.000862962263000183
60006,0,0,0.04937178946483197
60008,1,0,0.04210514364243192
60011,0,0,0.002936664071587507
60013,0,0,0.0007931214627712329
60015,0,0,0.003946270637744438
60038,0,0,0.001018538818553357
60039,0,0,0.10686515582518644
60050,0,0,0.008577670429874076
60052,0,0,0.0010600686440988632
60053,0,0,0.29330539981268605
60059,0,0,0.00042918574957667986
60065,0,0,0.3563899544759038
60072,0,0,0.02861119613936108
60077,0,0,0.002820101172684293
60083,0,0,0.011410591836512461
60088,0,0,0.004132916353690378
60106,1,0,0.31332293373005476
60107,0,0,0.002085653288306245
60109,0,0,0.08339711412374942
60110,0,0,0.0008730506190321446
60117,0,0,0.18396523848072246
60144,0,0,0.003016014288134665
60145,0,0,0.0057726557496142515
60147,0,0,0.0006944231053718716
60154,0,0,0.03040088534065969
60156,0,0,0.15370304014163724
60163,0,0,0.09739365318986655
60167,1,1,0.9039178301147476
60168,0,0,0.0010023406495186919
60178,0,0,0.05792344466740923
60179,0,0,0.13082499595001862
60207,0,0,0.0036606211452293053
60216,0,0,0.001080379479868177
60230,1,1,0.9909824175824176
60232,1,1,0.9983333333333334
60234,0,0,0.002753479401168463
60236,0,0,0.026472694548539302
60239,0,0,0.0026419817414308224
60240,0,0,0.004310187418003563
60246,0,0,0.01622107809172038
60255,0,0,0.006139389726746559
60257,0,0,0.01057369495918288
60267,0,0,0.05314225653465345
60270,0,0,0.0011714094853500201
60275,0,0,0.01172358729119354
60278,0,0,0.0010365174457212009
60279,1,1,0.944700144934839
60280,0,0,0.0077254945695823295
60300,0,0,0.009693129175710621
60310,0,0,0.0035033606044649777
60321,0,0,0.07272070317733864
60324,0,0,0.014366125888873378
60340,0,0,0.0012911918557950155
60349,0,0,0.03367320076901263
60352,0,0,4.918032786885246e-05
60358,0,0,0.006705652262221763
60362,0,0,0.005463877508786126
60366,0,0,0.027640239089745174
60368,0,0,0.05498183205664102
60370,1,0,0.07593641903990166
60374,0,0,0.0016115331540443411
60385,0,0,0.04505251417358516
60392,1,1,0.9618609245302049
60403,0,0,0.002412011617334984
60407,0,0,0.06143055680549994
60417,0,0,0.009383773713001965
60421,0,0,0.008014653546324767
60426,0,0,0.01324249067922971
60432,1,0,0.014297638604413167
60434,0,0,0.008924010400108312
60449,0,0,0.007777330826532896
60488,0,0,0.1379766685681305
60489,0,0,0.002079643085729491
60493,1,1,0.9745183428955824
60494,0,0,0.001091521750933618
60497,0,0,0.01769493819980681
60521,0,0,0.024289115587768632
60526,0,0,0.0005287471015823038
60530,0,0,0.0005154226512158814
60541,0,0,0.0025189280810077007
60548,1,1,0.9904579439252337
60549,1,1,0.9778571428571429
60550,0,0,0.008389049093021168
60560,1,1,0.9679538353803059
60561,0,0,0.0019208537251236904
60566,0,0,0.004649663836386804
60568,1,1,1.0
60570,0,0,0.020162779751571637
60575,0,0,6.631043962253947e-05
60577,0,0,0.0020219359785392838
60582,0,0,0.00491513425683137
60588,0,0,0.008870107031267364
60602,0,0,0.009145923666556161
60605,0,0,0.24573681156294958
60620,1,0,0.2992059893660106
60632,0,0,0.03648219709409629
60634,0,0,0.014097188909823508
60640,0,0,0.0024007890424154426
60649,0,0,0.003785547028645961
60652,1,1,0.9909824175824176
60656,0,0,0.0016322972269371822
60674,0,0,0.005156199457306524
60685,0,0,0.08949646556193999
60686,0,0,0.07448191410428662
60688,0,0,0.0009454380931698471
60692,0,0,0.04115329568524387
60708,1,1,0.9739588929588929
60709,1,1,0.9454016000339531
60711,0,0,0.0046788102999004025
60713,0,0,0.0017635066900387334
60718,0,0,0.002119681593255691
60722,0,0,0.0663307175159367
60728,0,0,0.005418133102212868
60732,0,0,0.0012228906970130462
60733,1,0,0.11920867833706718
60735,0,0,0.0024275778952158582
60753,0,0,0.005536769247368457
60756,0,0,0.020160055799217445
60758,1,1,0.9909824175824176
60762,0,0,0.003371846372835125
60777,0,0,0.03975893487766966
60789,0,0,0.007848102183538071
60815,0,0,0.12184256792302021
60818,0,0,0.09102057683949488
60819,0,0,0.002997439967088198
60827,0,0,0.054855784792014715
60829,0,0,0.002426897285813045
60833,0,0,0.1175992089330929
60842,0,0,0.0048705676700709685
60846,1,1,0.9581350328237863
60848,0,0,0.007182250986381513
60866,0,0,0.0004652568033343254
60875,0,0,0.0009454380931698471
60882,1,1,0.9396407494076264
60887,0,0,0.003187568736945068
60888,0,0,0.006531139182758106
60890,0,0,0.0034178683620993545
60904,0,0,0.0007438498892122506
60906,0,0,0.005893749261946935
60911,0,0,0.03220612552552811
60912,0,0,0.007122122070762667
60924,0,0,0.004385831246263818
60935,0,0,0.007084502328229836
60937,0,0,0.008676481448406288
60946,0,0,0.0006394410538438094
60960,0,0,0.003034535517284402
60961,0,0,0.011755193252093406
60965,0,0,0.015437012158031055
60973,0,0,0.03798313212831361
60979,0,0,0.008217952654718162
60984,0,0,0.0056277682551957395
60997,0,0,0.01948072870944234
61003,0,0,0.00046634279410962665
61010,0,0,0.04043866885647084
61017,0,0,0.2687637529487629
61021,0,0,0.007043899686584765
61022,0,0,0.005743295194226755
61025,0,0,0.02758072428014242
61027,0,0,0.019249440687435688
61034,0,0,0.018258037640485947
61037,0,0,0.009828480253465112
61039,0,0,0.01107562860093191
61043,0,0,0.005309845770833663
61044,0,0,0.3254374744232381
61050,0,0,0.0007857195382708629
61060,0,0,0.08534942466026059
61062,0,0,0.14268102141643285
61063,0,0,0.02631044087502657
61066,0,0,0.001565325671055068
61071,0,0,0.010248120526249824
61080,0,0,0.013122667523353783
61081,0,0,0.028798256332890914
61088,0,0,0.0021052227599305112
61098,0,0,0.04229356648874449
61104,0,0,0.017998603804415526
61105,1,1,0.9544858218406981
61113,0,0,0.0157834640190584
61123,0,0,0.0011682879443590808
61135,0,0,0.0014207762230538804
61138,0,0,0.0021108204319199033
61140,0,0,0.038710950247477484
61144,1,1,0.9068168829089771
61147,0,0,0.012069457583245055
61148,0,0,0.1422083790306092
61150,1,0,0.1543146077937564
61153,0,0,0.0034741737781847208
61155,0,0,0.004855387357574587
61156,0,0,0.004532537126414646
61164,0,0,0.006893563898462587
61167,0,0,0.06622160679776971
61170,0,0,0.011402617941526411
61174,0,0,0.031078804026672673
61175,0,0,0.01243412473146993
61178,0,0,0.0005947462182918319
61179,0,0,0.003334344748935774
61189,0,0,0.014715544626879804
61196,0,0,0.0764931613692147
61203,0,0,0.06975835146535465
61206,0,0,0.003906968890345708
61226,0,0,0.0002838269697722355
61229,0,0,0.0020922456205687613
61230,0,0,0.0010304289036501136
61234,1,1,0.9882692307692308
61235,0,0,0.08840498000495811
61239,0,0,0.0036565827515799617
61248,0,0,0.018385018135369975
61249,0,0,0.030612097442903195
61250,0,0,0.008103363397136626
61261,0,0,0.10966712081727534
61267,0,0,0.0031794804585309954
61284,0,0,0.02978130269980245
61288,0,0,0.0054406340934984735
61290,0,0,0.001055889768878641
61311,0,0,0.0009218451718129643
61318,0,0,0.003953228126479245
61319,0,0,0.03735406113425993
61321,0,0,0.004292268080486342
61326,1,0,0.19865191915648844
61331,1,0,0.061718848274455826
61333,0,0,0.04360248840846878
61335,0,0,0.004361498348692847
61342,0,0,0.0020793388491428064
61343,0,0,0.018448282958704276
61351,0,0,0.014903326696921515
61352,1,1,0.9909824175824176
61370,0,0,0.0007172802482290144
61378,0,0,0.04487153895729124
61387,0,0,0.0015546850571180604
61390,0,0,0.0010946981335943056
61405,0,0,0.001004998256637639
61407,0,0,0.00023158199449992763
61417,1,1,0.936792178791915
61420,1,1,0.9766967032967032
61423,0,0,0.0028756180137966426
61424,0,0,0.05468889353015188
61434,0,0,0.006716139379802129
61436,0,0,0.011065928622429248
61451,0,0,0.0027950294209809845
61460,0,0,0.006951116951115198
61468,0,0,0.013956926533444517
61472,0,0,0.012364521666572741
61479,0,0,0.00685168990404128
61483,0,0,0.013150261687545855
61489,1,1,0.9172720196104356
61492,0,0,0.01750239189776444
61494,0,0,0.009897069041663216
61495,0,0,0.1333666371828582
61498,0,0,0.02143504537422346
61505,0,0,0.011258204798055662
61510,0,0,0.006488245578649295
61514,0,0,0.000495018302302757
61516,1,1,0.9318531289278098
61524,0,0,0.004737683992280395
61529,0,0,0.2199066460168765
61530,0,0,0.0031688622626916945
61535,0,0,0.003846185435109792
61537,0,0,0.028009548333302613
61538,0,0,0.0007394875082927872
61541,0,0,0.14002998678222245
61552,0,0,0.0007049807770588334
61565,0,0,0.006964449016751814
61570,0,0,0.00354148139038082
61574,0,0,0.02960180127906705
61576,0,0,0.00959223871624152
61587,0,0,0.00046095136603063226
61589,0,0,0.005460804734967795
61596,0,0,0.0140788276073788
61599,0,0,0.06710250708691495
61604,0,0,0.025239455421363716
61609,0,0,0.0028195199680963443
61611,0,0,0.01442035154244702
61612,0,0,0.0005105859721200208
61613,0,0,0.022390713143635218
61615,0,0,0.005941276461980317
61616,0,0,0.0017134517051916442
61624,0,0,0.04492026572993069
61637,1,0,0.2265294979981293
61646,0,0,0.0007646167193901157
61654,0,0,0.01834214027860848
61658,0,0,0.005693615058298537
61665,0,0,0.003940459411382302
61668,0,0,0.0007112881534919081
61680,0,0,0.0111642718444619
61686,0,0,0.009168499344949826
61688,1,1,0.9689147027576643
61690,0,0,0.0353734627717943
61698,0,0,0.0005105859721200208
61703,0,0,0.0023019133439209387
61713,0,0,0.11500531749627144
61714,0,0,0.002757477641285505
61715,0,0,0.10773889804378646
61720,0,0,0.06320271249852978
61729,0,0,0.002156026841505136
61733,0,0,0.018897670295371153
61737,0,0,0.0010165116224438258
61739,0,0,0.011031250084710316
61748,0,0,0.0007631864218762557
61762,0,0,0.10436609648347372
61767,0,0,0.040863508401678794
61768,0,0,0.013216814498268932
61769,0,0,0.01075541733184704
61771,0,0,0.12663492113738978
61773,0,0,0.0018109324069607345
61777,0,0,0.011715129698273844
61784,0,0,0.009989032436962973
61789,0,0,0.03476928515101649
61797,0,0,0.028263540446683257
61799,1,0,0.012286975792719644
61808,1,0,0.329946950423903
61810,0,0,0.00656429037967497
61816,0,0,3.424657534246575e-05
61825,0,0,0.015569014310145825
61843,0,0,0.019276036609049405
61845,0,0,0.03161802267318743
61846,0,0,0.04447727517619149
61847,0,0,0.17424022112479398
61851,0,0,0.026787285420932304
61852,0,0,0.06982290132007235
61855,0,0,0.012226612121427553
61869,0,0,0.020498042044520187
61871,0,0,0.003599049027661905
61878,0,0,0.02205830897833756
61880,0,0,0.030607855204788738
61890,0,0,0.010400471033773988
61898,0,0,0.015096909641577068
61905,0,0,0.010740431180777157
61914,0,0,0.026464665290657496
61917,0,0,0.003971327252150963
61939,0,0,0.004580642695116864
61959,0,0,0.06414150588140784
61962,0,0,0.002770896632121687
61967,0,0,0.002636047227000783
61971,0,0,0.012658482829042977
61976,0,0,0.027250424043061754
61981,0,0,0.11154749643274987
61984,0,0,0.01438574463864243
61985,0,0,0.0040426037619426215
61986,0,0,0.033506597858519255
61987,0,0,0.08107922308647696
61992,0,0,0.0018005956248666965
61994,0,0,0.023186150870126737
61997,0,0,0.2025715564443416
61999,0,0,0.002817712697806224
62000,0,0,0.012273529506148208
62002,0,0,0.14139560020408265
62004,0,0,0.04467228013129309
62015,0,0,0.010859386566183982
62019,0,0,0.0005046343347195516
62025,0,0,0.0022465374596534185
62033,0,0,0.0052651891104442
62034,0,0,0.09931268856674676
62044,0,0,0.0038038901162581336
62047,0,0,0.0005045442177103062
62053,0,0,0.009779544903843486
62054,0,0,0.02628424690668938
62056,1,0,0.07238898100128073
62057,0,0,0.005363651802132434
62061,0,0,0.008013545865151918
62066,0,0,0.030407757571572297
62067,0,0,0.01130282729566266
62071,1,1,0.9769167111893631
62075,0,0,0.008191977089602545
62081,1,1,0.9401502585560337
62089,0,0,0.011443357778410379
62096,0,0,0.003031317204307332
62103,1,0,0.038144174903274326
62119,0,0,0.0019266633460654262
62125,0,0,0.004070554965691779
62137,0,0,0.0006580273346539247
62138,0,0,0.016949415699837586
62141,0,0,0.005942517654279029
62144,0,0,0.014206141239535217
62152,0,0,0.0007942126987214006
62153,0,0,0.013370684444088001
62155,0,0,0.011675521992508925
62157,0,0,0.009512689001389161
62159,0,0,0.03284785469568567
62161,0,0,0.027922869446931852
62163,0,0,0.04261401495263514
62164,1,1,0.9068368594937516
62166,0,0,0.060997185550101946
62171,0,0,0.0026991095063188604
62176,0,0,0.003605743354669316
62182,0,0,0.0031044701091551357
62187,0,0,0.001160531051844445
62189,0,0,0.00048470427182066393
62191,0,0,0.09695604828983263
62198,0,0,0.0014020987105409558
62203,0,0,0.20789055947235532
62215,0,0,0.000692391061704823
62221,0,0,0.029333867805349235
62227,0,0,0.0014403927483953311
62230,0,0,0.006090371699158112
62231,0,0,0.0012985983370725367
62235,0,0,0.04597130075823816
62236,0,0,0.028384352374811125
62243,0,0,0.07250081496818356
62244,0,0,0.0017921334329101318
62253,0,0,0.006862520744186393
62255,0,0,0.00391834802295529
62257,0,0,0.0007226566796537782
62260,0,0,0.0001923076923076923
62261,0,0,0.04066018579282488
62269,0,0,0.007649185547486385
62272,0,0,0.06324306451036758
62276,0,0,0.04461222961178112
62279,0,0,7.603798230036544e-05
62281,1,0,0.2990194346133493
62296,0,0,0.017274109937087244
62304,0,0,0.00574550924758382
62311,0,0,0.010511861625356188
62313,0,0,0.005729375200964429
62314,0,0,0.007919218638577398
62316,0,0,0.023445737068642978
62319,1,1,0.9909824175824176
62320,0,0,0.00830342312856445
62322,1,1,0.9928571428571428
62324,0,0,0.04183088929113862
62330,0,0,0.004788049901041016
62335,0,0,0.004389734260674083
62338,0,0,0.011026971646299484
62339,0,0,0.0013771544245228457
62344,0,0,0.007816614129595638
62349,0,0,0.013231671988514736
62357,0,0,0.03263154021514525
62359,1,1,0.9859824175824176
62363,0,0,0.04159896327089659
62372,0,0,0.04710292382292389
62384,0,0,0.0005831478746821054
62385,0,0,0.0021721457782923233
62395,0,0,0.0018765809747132644
62404,0,0,0.028829186020228898
62406,0,0,0.008607257860185291
62409,0,0,0.004630913926952664
62415,0,0,0.008573513230173503
62418,0,0,0.23544289092993625
62429,0,0,0.011330260479600472
62432,0,0,0.004077961939081673
62433,0,0,0.21587359006040518
62435,0,0,0.01147456668209772
62436,0,0,0.04013151334415579
62440,0,0,0.0010569418579907612
62441,0,0,0.025489256096680277
62442,0,0,0.043822368259668336
62447,0,0,0.005548071333408919
62451,0,0,0.0018195464095590596
62453,0,0,0.32090563767183106
62459,0,0,0.017884542611038886
62473,1,1,0.9395213610982553
62485,1,1,0.9015827922077922
62495,0,0,0.010578996568953584
62496,0,0,0.007821798360240434
62501,1,1,0.8888194191365493
62505,0,0,0.0019856314505268696
62509,0,0,0.003657106861201051
62510,0,0,0.013239744442805203
62514,1,1,0.9647707633109317
62520,0,0,0.0009212297253990599
62525,0,0,0.03016477100930132
62534,0,0,0.0014844201344543651
62536,0,0,0.015007470308893328
62542,0,0,0.04784635424594003
62548,0,0,0.27880261888789415
62550,0,0,0.04126879747641671
62553,0,0,0.062156513677430386
62573,0,0,0.0027495040854911396
62575,0,0,0.009960150861823365
62592,0,0,0.021453496081675284
62595,1,1,0.9858928571428572
62599,1,0,0.14629758669836973
62601,0,0,0.0009950548617712988
62603,0,0,0.0033644113839455263
62608,0,0,0.016330461646024797
62612,0,0,0.006521635762829425
62615,0,0,0.09531801400875649
62620,0,0,0.0034624601204964202
62627,0,0,0.013642775961107207
62642,0,0,0.0005060895166137037
62651,0,0,0.0019682868167350863
62652,0,0,0.0847712416515259
62666,0,0,0.07023172988945257
62669,0,0,0.0011915384362308876
62676,0,0,0.004667319482941996
62677,0,0,0.023541600897494935
62679,0,0,0.05258474903601086
62685,1,1,0.9694903831978136
62695,0,0,0.0014494351984495723
62707,0,0,0.013572478545061026
62710,0,0,0.013004186039257465
62716,0,0,0.0019505405436283593
62720,0,0,0.00046095136603063226
62721,0,0,0.1979828438576222
62723,0,0,0.010857143630977662
62729,0,0,0.004863589345601782
62732,0,0,0.017225287845781544
62740,0,0,0.01167082663313313
62744,0,0,0.010178979717616547
62747,0,0,0.11787198892231954
62753,0,0,0.0029183080160512078
62759,0,0,0.007214278130494022
62761,0,0,0.03552824687101476
62766,0,0,0.026394052631770436
62769,0,0,0.05288445998147998
62782,0,0,0.0012638803564454393
62783,0,0,0.0025538752272781504
62787,0,0,0.002677093958192511
62790,0,0,0.05289045620647905
62795,0,0,0.014350343893402442
62801,0,0,0.14268701297068473
62805,0,0,0.006328141890650183
62808,0,0,0.002112932427196088
62810,0,0,0.1985215968425848
62815,0,0,0.005026353630752333
62821,0,0,0.003127074194093233
62823,0,0,0.0007657971966993143
62824,0,0,0.04054960118925945
62830,0,0,0.014334068020798342
62833,0,0,0.0127682419960725
62834,0,0,0.0020941494650267207
62840,0,0,0.004347105881331118
62845,0,0,0.004305097646789415
62853,0,0,0.001433104804237858
62855,0,0,0.00043926835521862793
62857,0,0,0.01164350055614818
62861,0,0,0.007837283593536333
62862,0,0,0.004581236575788815
62864,0,0,0.0009076679958468037
62869,1,1,0.9462421302789465
62870,0,0,0.0010105720543179472
62884,0,0,0.15999024621888583
62885,0,0,0.004319599712937245
62893,0,0,0.0010446630562219355
62897,0,0,0.005614889284447691
62898,0,0,0.015177965616508606
62909,0,0,0.02103931018220566
62911,0,0,0.030208880389847835
62913,0,0,0.003985083286398878
62916,0,0,0.08282407153911152
62918,0,0,0.07999277001875842
62920,0,0,0.0027569920986078283
62921,0,0,0.007181943678677293
62923,0,0,0.06797274716475533
62926,0,0,0.0026311215037592116
62930,0,0,0.05687621202057694
62932,0,0,0.1614943461561658
62933,0,0,0.010234322391399684
62948,0,0,0.030911517647338096
62953,0,0,0.02794700931870755
62955,1,1,0.9554304270274807
62957,0,0,0.0010116688431351633
62967,0,0,0.008517430705930586
62973,0,0,0.007123233283846933
62990,0,0,0.0007277768223889576
62992,0,0,0.03702791438130839
62995,0,0,0.004718830219685624
62996,0,0,0.001367082148158939
63003,0,0,0.000757799130550733
63013,0,0,0.0011480995197835446
63015,0,0,0.00467898003224952
63016,0,0,0.016592189093912885
63018,0,0,0.011535929820586883
63019,0,0,0.10861673090240093
63022,0,0,0.01935893143218231
63034,0,0,0.0005154226512158814
63044,0,0,0.001848125574475691
63051,1,1,0.9193567408756516
63059,0,0,0.019607307065455767
63061,0,0,0.050001501195338444
63067,0,0,0.14101893265756157
63069,0,0,0.0011714094853500201
63071,0,0,0.08616001952375545
63088,0,0,0.05403616500858895
63089,0,0,0.00995133499263918
63095,0,0,0.0010994744743304087
63097,0,0,0.05085219228590114
63113,0,0,0.0046788102999004025
63130,0,0,0.0005287471015823038
63135,0,0,0.007950344832197566
63137,0,0,0.002862037141801764
63144,0,0,0.34864459899921935
63149,0,0,0.005139113672288861
63158,0,0,0.0018489712716104078
63163,0,0,0.0008879747943287239
63169,0,0,0.006972379265765164
63174,0,0,0.009894150545592154
63180,0,0,0.12547423687139483
63189,0,0,0.005176259518683229
63197,0,0,0.028590515459605878
63207,0,0,0.05083135386487206
63208,0,0,0.0007438228901593983
63211,0,0,0.017867540032112092
63215,0,0,0.002579904848941421
63216,0,0,0.013449904923089893
63218,1,1,0.9087715859733209
63226,0,0,0.11766549808481287
63239,0,0,0.002436587371829887
63241,0,0,0.014320041205347432
63242,1,0,0.0939025916029729
63243,0,0,0.03528596513688949
63252,0,0,0.03691457991369648
63254,1,1,0.9390961372701128
63265,0,0,0.024393426589053236
63266,0,0,0.01147195752676716
63267,0,0,0.19686659531755363
63273,0,0,0.09621070110394284
63276,0,0,0.014419618302173722
63278,0,0,0.004639218185108145
63279,0,0,0.000669014467323647
63283,0,0,0.00017453693410183176
63287,0,0,0.009869951529611272
63288,0,0,0.010557084202549052
63291,0,0,0.004076389921229432
63298,0,0,0.0009413380295168373
63304,0,0,0.013932560952228328
63312,0,0,0.02712150310668912
63314,0,0,0.0016091531386229793
63316,0,0,0.006163389746765403
63318,0,0,0.011411248512663608
63319,0,0,0.03480026344298081
63324,0,0,0.056979446374275836
63337,0,0,0.0029485510422338533
63340,0,0,0.01585579238247441
63352,0,0,0.008717903435014844
63355,0,0,0.010071067756058127
63369,0,0,0.009775166683433478
63375,0,0,0.01761886126731819
63381,0,0,0.009240834415265681
63382,0,0,0.27453244490441775
63383,0,0,0.018669398074218774
63384,0,0,0.07023614273621645
63387,0,0,0.013875548130782735
63391,0,0,0.0034117545379177983
63393,0,0,0.037149436154087494
63396,1,0,0.2521510681937086
63402,0,0,0.01179471864408132
63404,0,0,0.005054360097272816
63405,0,0,0.0019414210443201008
63406,0,0,0.0025717675211606866
63422,0,0,0.08037575931390967
63431,0,0,0.007432027034076959
63433,0,0,0.007812538427815293
63436,0,0,0.0018958634695551372
63451,0,0,0.0037522528579595864
63452,1,0,0.4245001393873671
63461,0,0,0.035950980972590925
63470,0,0,0.01227309581945849
63471,0,0,0.027243992114115278
63472,0,0,0.00197966798510337
63474,0,0,0.004091943429374639
63478,0,0,0.07888544163561806
63482,0,0,0.0011915384362308876
63484,0,0,0.0023850095622489852
63486,0,0,0.0007886737040276656
63487,1,1,0.9265144577644577
63491,0,0,0.013797731651914552
63492,0,0,0.006094921751945323
63498,0,0,0.0020647901610244706
63499,0,0,0.18954283898716048
63512,0,0,0.003422965276204899
63526,0,0,0.0047379688165283965
63528,1,0,0.025562311090644236
63529,0,0,0.03300240303117107
63531,0,0,0.0012626214326233504
63534,0,0,0.011158759363424774
63536,0,0,0.006590217782624336
63546,0,0,0.02506480139373773
63550,0,0,0.0044545626597854585
63551,0,0,0.0033316232929393686
63554,0,0,0.032912070981795195
63562,0,0,0.007494918868573366
63564,0,0,0.09905691429811721
63568,0,0,0.045034602403000036
63572,0,0,0.007740588997874145
63573,0,0,0.08637338427914877
63574,0,0,0.009836738491583384
63582,0,0,0.1233814434945156
63584,0,0,0.014234657277677958
63587,0,0,0.021544743516035764
63590,0,0,0.0707283105639743
63592,0,0,0.0022560342744145593
63600,0,0,0.011087940914338568
63619,0,0,0.004505304398362961
63622,0,0,0.003929405831227305
63623,0,0,0.0008430892282289738
63629,0,0,0.004321278796407974
63630,0,0,0.21104053094345385
63644,1,1,0.9264369983588037
63649,0,0,0.006855293742962736
63674,0,0,0.0015879084849881298
63682,0,0,0.04251854965639843
63686,0,0,0.0018958634695551372
63687,0,0,0.023110422922277687
63689,1,1,0.9489731321755902
63690,0,0,0.04293937262801826
63697,1,1,0.9909824175824176
63703,0,0,0.010174291901700912
63719,0,0,0.02335221751196434
63726,0,0,0.006848761131808447
63728,0,0,0.0006755096226977858
63731,0,0,0.004308788753333079
63736,0,0,0.06396641159159087
63737,0,0,0.039867566655403607
63744,0,0,0.004098606765704388
63746,0,0,0.00421527128483048
63755,0,0,0.008309334822148726
63756,0,0,0.005564301192689666
63757,0,0,0.0038153813709141397
63758,0,0,0.07090862660431967
63767,0,0,0.01712650482541346
63773,0,0,0.0033625985459742815
63775,0,0,0.008719745650078093
63777,0,0,0.011430037326978473
63781,1,0,0.03743316629406529
63783,0,0,0.0005779276985543763
63786,0,0,0.0796124454328185
63787,0,0,0.06752905272717952
63788,0,0,0.0034990292897896713
63789,0,0,0.20438426366440754
63793,0,0,0.07911841466164087
63799,0,0,0.015860571633384363
63802,0,0,0.01180536957369382
63804,0,0,0.0010994744743304087
63817,1,0,0.39649985656092906
63819,0,0,0.03899073149073149
63830,1,1,0.8784713936480546
63840,1,1,0.9329804933664281
63841,0,0,0.005308746753018686
63850,0,0,0.009921692765831141
63852,0,0,0.0035397335392743264
63853,0,0,0.0011106214644524123
63855,0,0,0.0017787710541179466
63858,0,0,0.001067036095667597
63862,0,0,0.008553590120054407
63864,0,0,0.003918824623385857
63867,0,0,0.00614997721336717
63883,0,0,0.20404206049247173
63887,0,0,0.02795473681532966
63893,0,0,0.004714866131780048
63910,0,0,0.11394907107606672
63916,0,0,0.015182179436678394
63919,0,0,0.007337841780568789
63926,0,0,0.021678275536829533
63933,0,0,0.09693835314352447
63935,0,0,0.008453757361990196
63936,0,0,0.00675380623928915
63942,0,0,0.0033888039805346094
63963,1,0,0.2062826633633553
63973,0,0,0.011398733858370725
63975,0,0,0.03149479878634422
63980,0,0,0.0026415160915360726
63990,0,0,0.05331503890934583
63991,0,0,0.1942264614666056
63995,0,0,0.0012639809910561558
63998,0,0,0.03387314376289419
64003,0,0,0.013603705150574885
64007,1,0,0.17888508893400662
64015,0,0,0.017693586586826217
64032,0,0,0.04426837566317857
64043,0,0,0.005693155303204081
64045,0,0,0.23157865189832794
64046,0,0,0.01074180632823985
64048,0,0,0.01394732316322371
64052,0,0,0.05701217706206597
64053,1,0,0.164911530992154
64055,0,0,0.0015026701278547027
64060,0,0,0.0007073835438731984
64064,0,0,0.010842988638190228
64070,0,0,0.0159890669383346
64075,0,0,0.013298412175510055
64084,0,0,0.002360785759844711
64087,0,0,0.025930315944990304
64088,0,0,0.0007246126038583304
64092,0,0,0.013147430411021758
64105,0,0,0.02554748725834323
64109,0,0,0.013919494811721349
64111,0,0,0.00046634279410962665
64122,0,0,0.10592269053821105
64126,0,0,0.024197356505412285
64129,0,0,0.0019296284691123055
64130,1,1,0.9909824175824176
64142,0,0,0.0085672550431822
64143,0,0,0.002252387689273196
64144,0,0,0.09116646772209931
64146,0,0,0.0028407613608288675
64150,0,0,0.010749682655080736
64152,0,0,0.031170664694779866
64153,0,0,0.0021396473626815547
64156,0,0,0.010584865617251839
64157,0,0,0.03428434256407241
64169,0,0,0.04487092155388372
64177,0,0,0.009929169570378116
64180,0,0,0.07932754357508512
64187,0,0,0.07963803723047315
64190,0,0,0.040587847317270886
64191,0,0,0.00172486172930186
64192,0,0,0.030315685318555594
64213,0,0,0.003188140978672688
64219,0,0,0.0100342977183208
64222,0,0,0.0029240633069410726
64227,0,0,0.003007595301681295
64230,0,0,0.12668262576498543
64231,0,0,0.02416025641025641
64237,0,0,0.005722752387629595
64238,0,0,0.0035431111744213817
64240,0,0,0.006509896082165734
64247,0,0,0.009644821825967199
64250,0,0,0.015457835274071553
64252,0,0,0.0032176214810881705
64255,1,1,0.9448530226043904
64256,0,0,0.12501918107070714
64258,0,0,0.014750383800516558
64259,0,0,0.08138926573175562
64262,0,0,0.010286157605205664
64273,0,0,0.037211143762087534
64279,0,0,0.1311131320739477
64285,0,0,0.008443064500203613
64289,0,0,0.005227257531365364
64290,1,1,0.9710793650793651
64291,0,0,0.0007438228901593983
64293,0,0,0.009472919972225742
64298,0,0,0.019891238945608226
64299,0,0,0.019685988349214346
64303,0,0,0.011216814498268932
64309,0,0,0.006981127423417096
64310,0,0,0.005895507729076461
64319,0,0,0.03199594596593725
64320,0,0,0.10240489619484965
64336,0,0,0.010092302197041634
64338,0,0,0.002804007900139117
64343,1,1,0.9671547209009895
64345,0,0,0.014446814222309354
64348,0,0,0.018742770596044445
64355,0,0,0.0005390731589628337
64373,0,0,0.022876405415312103
64375,0,0,0.011707084304812501
64388,0,0,0.0025413449436240865
64389,0,0,0.03720946026889577
64393,0,0,0.004572921699507859
64401,0,0,0.0007715527887538033
64412,0,0,0.002774022152710677
64422,0,0,0.02824893500268271
64424,0,0,0.01373787689492269
64425,0,0,0.0029492960651422402
64430,0,0,0.19038698691694506
64433,0,0,0.00666894322748777
64437,1,1,0.9444452073447097
64443,0,0,0.012341595144827118
64447,0,0,0.09124603703571495
64448,0,0,0.017964617686886664
64452,1,1,1.0
64468,0,0,0.0009083006848753122
64473,0,0,0.011353117694714015
64474,0,0,0.003557841729906953
64482,0,0,0.029188645183466463
64483,0,0,0.0011173964149280046
64489,0,0,0.1352551309635498
64496,0,0,0.008027992621364173
64499,0,0,0.1536345138273502
64506,0,0,0.013416428956876815
64507,0,0,0.017828770997663865
64509,0,0,0.025024592267516525
64511,1,0,0.10497059042227792
64520,1,1,0.9349921309783598
64526,0,0,0.029360182577365893
64530,0,0,0.02147794918526068
64533,1,0,0.32709101765112925
64535,1,0,0.09931103785638276
64536,0,0,0.002919536686263562
64538,0,0,0.01401673775372978
64542,0,0,0.0018511968275469442
64544,1,1,0.9415085283097057
64552,0,0,0.03644055900870723
64568,0,0,0.0075797927873291655
64569,0,0,0.03311570947102803
64577,0,0,0.004239067594382534
64579,0,0,0.0005568488731899933
64580,0,0,0.1535453228049003
64582,0,0,0.07756999740929003
64590,0,0,0.02969343730003798
64592,0,0,0.0009189752934026879
64604,0,0,0.002888888358202438
64607,0,0,0.041117063824627854
64612,0,0,0.006985047754640431
64615,0,0,0.0005831478746821054
64617,0,0,0.0013589178951809427
64639,0,0,0.006933646467938419
64643,0,0,0.04846358883463267
64645,0,0,0.0005215617715617715
64650,1,1,0.9726409071459137
64651,0,0,0.00144967326743443
64653,0,0,0.006131526999793298
64668,0,0,0.015224135342068781
64676,0,0,0.008647200048996589
64694,0,0,0.014685985966303706
64695,0,0,0.0202502291496292
64698,1,0,0.21002375730093714
64704,0,0,0.0019757613025821173
64705,1,1,0.9909824175824176
64712,0,0,0.002248261786257737
64716,0,0,0.08469279171068132
64717,0,0,0.07333954011170966
64720,0,0,0.005419394205078104
64724,0,0,0.0009189752934026879
64725,0,0,0.013925134257473437
64740,0,0,0.0005366014258238524
64745,0,0,0.006668776691772893
64747,0,0,0.007393894844955541
64748,0,0,0.01041448698252637
64757,0,0,0.0029850066010519787
64759,0,0,0.0013810748311446548
64766,0,0,0.03621417794490055
64768,0,0,0.0058297479764866655
64772,0,0,0.021956582889754658
64776,0,0,0.017187235668426008
64777,0,0,0.019080136561815658
64785,0,0,0.0015145195802483019
64794,0,0,0.017368349205965555
64804,0,0,0.009359927296131188
64810,0,0,0.002520055686672213
64818,0,0,0.0009836470643475115
64832,0,0,0.0017028398675900075
64841,0,0,0.0031292273141174504
64846,0,0,0.0007046972279875475
64857,0,0,0.01979265925908785
64863,0,0,0.0036399939722724533
64873,0,0,0.018072949149857007
64878,0,0,0.017650006775649214
64888,0,0,0.0014285714285714286
64901,0,0,0.04032103088938247
64904,0,0,0.0030239604068462798
64907,0,0,0.005729612138768693
64917,1,0,0.2373019229087426
64919,1,0,0.011106319053059376
64920,0,0,0.00615819626440975
64939,0,0,0.0911505675714786
64952,0,0,0.2342882582010098
64954,0,0,0.0029524594082653917
64960,0,0,0.02512725706900256
64961,0,0,0.01091471522937883
64967,0,0,0.002283166214036101
64969,0,0,0.017697145558289003
64972,0,0,0.0012626214326233504
64973,0,0,0.04357650429380585
64976,0,0,0.04620774671109043
64987,1,0,0.3205448454716109
64988,0,0,0.006476811172082164
65001,0,0,0.02879979769417338
65006,0,0,0.0012250279502148131
65012,0,0,0.0023996151173350778
65014,0,0,0.0349076303293023
65018,0,0,0.0004944663026426867
65037,0,0,0.028139426540558395
65039,1,1,0.945752876664254
65041,0,0,0.004135148384992223
65055,0,0,0.13240106415762218
65056,0,0,0.0013165456227367315
65066,0,0,0.008362632212225192
65069,0,0,0.014590752334238833
65078,0,0,0.10730928002825317
65079,0,0,0.00290506900211309
65082,0,0,0.010210577172058581
65091,0,0,0.0010477325695024352
65094,0,0,0.003563546783453616
65097,0,0,0.004165439464942764
65099,0,0,0.01802582355060348
65104,0,0,0.033253827733481955
65114,0,0,0.0760395398363791
65117,0,0,0.008073918322840611
65125,0,0,3.424657534246575e-05
65127,0,0,0.02110676391483284
65133,0,0,0.015664846083992254
65140,0,0,0.16783902714600277
65142,0,0,0.09699064424516438
65144,0,0,0.0019240467865190992
65145,0,0,0.12582154281473257
65149,0,0,0.19257452847176537
65159,0,0,0.003968010781142308
65161,0,0,0.003318673566121228
65163,0,0,0.06950732291103622
65175,0,0,0.006619354797125655
65176,0,0,0.2963391122362329
65178,0,0,0.02964393171525045
65181,0,0,0.01803455477056849
65182,0,0,0.006831815112871826
65183,0,0,0.010783145735636762
65184,0,0,0.006889077039546178
65186,0,0,0.017445940518396444
65192,0,0,0.05730637132319342
65193,1,1,0.9933333333333333
65196,0,0,0.057292031282715136
65203,0,0,0.001987726775155505
65207,0,0,0.009541477589973568
65212,0,0,0.006893563898462587
65221,0,0,0.030571288654224062
65238,0,0,0.0014893617021276594
65240,0,0,0.01674044233938066
65242,0,0,0.0017224060167443198
65243,0,0,0.0007237530823471461
65246,0,0,0.009252389336748622
65256,0,0,0.123760345400896
65257,0,0,0.10811680077659742
65265,0,0,0.002685991244724451
65270,0,0,0.0014127467294410823
65280,0,0,0.003079385108999991
65281,0,0,0.13028656702391023
65284,1,1,0.869538172938173
65287,0,0,0.011020976874275288
65288,0,0,0.00506144410442363
65295,1,1,1.0
65296,1,1,0.9265878025330433
65303,0,0,0.280924214760841
65308,0,0,0.029855336491185026
65310,0,0,0.002758706995785951
65319,0,0,0.013305279145312467
65322,0,0,0.0012942822581725882
65325,0,0,0.0029517092053278184
65331,0,0,0.004627162781552602
65334,0,0,0.2257835555308986
65338,0,0,0.10107838808302538
65340,0,0,0.03342029529198991
65346,0,0,0.33882711996733683
65359,0,0,0.12405036000291254
65361,0,0,0.006849017376919198
65376,0,0,0.006286756798435714
65387,1,1,0.9919230769230769
65392,0,0,0.09295869036298804
65393,0,0,0.018142651979413837
65398,0,0,0.1893286507118195
65399,0,0,0.09119640810248704
65400,0,0,0.015227984153076322
65405,0,0,0.010249673032014179
65407,0,0,0.004272035943344336
65415,0,0,0.019355688390238303
65416,0,0,0.12213357821406123
65419,0,0,0.0007657971966993143
65422,0,0,0.0007589405534328563
65428,0,0,0.009964333211249472
65433,0,0,0.0007755734100868768
65443,0,0,0.008047348144441248
65444,0,0,0.0014577696299594223
65448,1,0,0.15537152139337995
65451,0,0,0.17370687220232311
65452,0,0,0.018983568352097385
65467,0,0,0.0032524672840311287
65468,0,0,0.0007621847047230181
65471,0,0,0.009621121734961165
65473,0,0,0.16108884625725367
65477,0,0,0.01099102203919144
65486,1,1,0.8714088001979582
65490,0,0,0.007901105442690244
65491,0,0,0.0038784876915143886
65492,0,0,0.0009898989659698426
65495,0,0,0.029587997356602114
65498,0,0,0.1995337054717471
65525,0,0,0.010075658635983507
65527,0,0,0.0006341037657410319
65536,0,0,0.005630053321025649
65557,1,1,0.958318353021743
65559,0,0,0.004657458611389927
65560,0,0,0.009957114693721882
65567,1,1,0.9152533577533578
65577,0,0,0.0037643868494887443
65579,0,0,0.0005366014258238524
65582,0,0,0.017963994318108148
65588,0,0,0.05650678164911953
65598,0,0,0.0008070964343767522
65599,0,0,0.04128172959571929
65610,0,0,0.00929557802943865
65614,0,0,0.00048397871917715764
65619,0,0,0.002969304901548125
65620,0,0,0.0790330587970271
65626,0,0,0.01982672773966957
65629,0,0,0.022736744981668583
65630,0,0,0.003434093125005997
65633,0,0,0.000822524104733545
65640,0,0,0.002394461012299085
65651,0,0,0.0018847042432373665
65656,0,0,0.005691516623196303
65662,0,0,0.07983321540529857
65666,0,0,0.025366517567481185
65673,0,0,0.010958112093730654
65676,0,0,0.004929014932260783
65680,0,0,0.0034117587912178443
65683,0,0,0.015569579623306306
65689,0,0,0.032488019973081414
65692,0,0,0.010973123696350342
65698,0,0,0.10111770252078055
65700,0,0,0.0033531070803971895
65704,0,0,0.007626271806600493
65709,0,0,0.001499961442066705
65720,0,0,0.007454460380212346
65724,1,0,0.12458866569917898
65725,0,0,0.0012595510464704915
65732,0,0,0.007795528679067236
65736,0,0,0.029708043399923226
65737,0,0,0.01819167651680096
65783,0,0,0.016324603114245568
65785,0,0,0.00279812697082498
65792,0,0,0.052444383989222375
65793,0,0,0.0025874535500694656
65801,0,0,0.0017049937726737344
65807,0,0,0.1986718446232274
65822,0,0,0.0010093034332326672
65850,0,0,0.0009497483899726706
65859,0,0,0.3209169147529658
65860,0,0,0.004765150805703371
65864,0,0,0.03423094764153514
65867,0,0,0.0005060895166137037
65869,1,1,0.9343028083028082
65880,0,0,0.0006976531719252631
65887,0,0,0.035375441429094795
65891,0,0,0.009547909699459145
65892,1,1,0.9314008152551755
65894,0,0,0.010315892066337418
65908,0,0,0.029676413745458197
65910,0,0,0.14039007089098382
65920,0,0,0.02038572081763511
65921,0,0,0.014633670698814627
65925,1,0,0.29892629749051913
65931,0,0,0.0014653772850723595
65943,0,0,0.002185021196791565
65944,0,0,0.004343065054386133
65954,0,0,0.013850988750256286
65959,0,0,0.00021238169423745497
65960,0,0,0.013832274863295467
65961,0,0,0.026812797680624167
65962,0,0,0.00042918574957667986
65980,0,0,0.042259108583999616
65983,0,0,0.1823526552297644
65995,1,1,0.9230643084296655
65996,0,0,0.006136701217021321
66013,0,0,0.2730501917224754
66017,0,0,0.04622192088730257
66022,0,0,0.015829880427680756
66026,1,1,0.9628935506441124
66032,0,0,0.00536705102502391
66039,0,0,0.009719739593176178
66044,0,0,0.010600114545746813
66049,0,0,0.005620186825092314
66052,0,0,0.06425448355303728
66057,0,0,0.035917488549588115
66067,0,0,0.0007246126038583304
66069,0,0,0.03008735530749662
66073,0,0,0.002559479124069699
66075,0,0,0.0024544761853817917
66076,0,0,0.004054879940588562
66078,0,0,0.021881636815646095
66079,0,0,0.023001926517347893
66090,0,0,0.04331508278736625
66091,0,0,0.0420897518555414
66092,0,0,0.334571233863426
66096,0,0,0.011805322922868731
66098,0,0,0.008177760736598833
66104,0,0,0.0029982429040462267
66106,0,0,0.02131587666757744
66107,0,0,0.007747845078075547
66117,0,0,0.0026377121073336974
66119,0,0,0.0006943062951284417
66128,0,0,0.06781372780436153
66131,0,0,0.01661657001975991
66136,1,0,0.39269156242103054
66146,0,0,0.28808878317325254
66148,0,0,0.0008894905255694536
66153,0,0,0.030261956701554852
66156,0,0,0.0812702878363695
66159,0,0,0.07749090726170114
66160,0,0,0.04654617231879712
66178,0,0,0.004812342038606733
66201,0,0,0.001493327578385181
66210,0,0,0.006053722349127029
66212,0,0,0.07100234249213205
66213,0,0,0.002804007900139117
66215,0,0,0.008242771926166967
66223,0,0,0.009531829594585449
66227,0,0,0.008053771531866219
66238,0,0,0.05480738949785963
66243,0,0,0.05309355322204468
66248,0,0,0.01636478298184492
66249,0,0,0.0009377791958239049
66253,0,0,0.010778671629702101
66255,0,0,0.006007190153090921
66259,0,0,0.2260993423491382
66270,0,0,0.0005831478746821054
66271,0,0,0.00413009469647147
66275,0,0,0.007351769814352802
66276,0,0,0.024322602113477337
66278,0,0,0.04505084919316506
66280,0,0,0.030030437356687752
66281,0,0,0.06847228438786869
66286,0,0,0.14792628458223597
66289,0,0,0.002954345389468322
66300,0,0,0.015208999101022105
66302,0,0,0.07331024802624554
66307,0,0,0.12276282633358374
66308,0,0,0.134825648291258
66314,0,0,0.013345016313243658
66315,0,0,0.007246971675557703
66322,1,1,0.9909824175824176
66323,0,0,0.006024616887294535
66327,0,0,0.1394622447870603
66330,1,1,0.8949950687602972
66332,0,0,0.02491771586391128
66336,0,0,0.04311086553977958
66338,0,0,0.0014434084760081402
66343,1,0,0.041863422365520014
66350,0,0,0.07252398842911509
66352,0,0,0.0076901831849216125
66366,0,0,0.008163829968228835
66372,0,0,0.002486732325170095
66374,0,0,0.016353997983623043
66383,0,0,0.006126120083737981
66388,0,0,0.019724758860841293
66389,0,0,0.02007727166703912
66393,0,0,0.1104685507461392
66394,0,0,0.015774008781354248
66398,0,0,0.0019004370192689819
66399,0,0,0.010260257982332543
66404,1,1,0.9276805601048149
66406,0,0,0.001289805340963508
66435,0,0,0.020543114102990902
66437,0,0,0.07559614721739152
66438,0,0,0.0016643833766892316
66442,0,0,0.00934300852740571
66443,0,0,0.0047631754940469645
66452,0,0,0.016145834562761387
66453,0,0,0.07657940622859935
66458,0,0,0.001188633527662692
66469,0,0,0.007560819480626618
66472,1,1,1.0
66482,0,0,0.019592324039652102
66484,0,0,0.07978455012323062
66488,0,0,0.0040851356041889135
66489,1,1,0.9748516762289157
66497,0,0,0.0020480495410685477
66501,0,0,0.0037553693348202927
66506,0,0,0.04230738174051762
66520,0,0,0.0020194140537867613
66522,0,0,0.10815202009994547
66531,0,0,0.0001735268834511551
66536,1,0,0.08122492493705646
66537,0,0,0.0008376041777252953
66548,1,1,0.9500966094148324
66561,0,0,0.017950772498540532
66562,0,0,0.3260382808481539
66568,0,0,0.024927620236319514
66577,0,0,0.02252275583686252
66579,0,0,0.004786753179143987
66583,0,0,0.013933957762250197
66589,0,0,0.010328416445428128
66590,0,0,0.2590871443196711
66600,0,0,0.003599739304195512
66603,0,0,0.015180565768529506
66611,0,0,0.012035677181939406
66613,0,0,0.005607748074985438
66614,0,0,0.0022956522381738244
66617,0,0,0.012914451866800547
66618,0,0,0.021096476280033596
66627,0,0,0.0015362709420710988
66630,0,0,0.032946367142242285
66637,0,0,0.0030914182881261443
66641,0,0,0.010654120853919686
66660,0,0,0.0034186251017666014
66667,0,0,0.02645697154057666
66673,1,1,0.9380831457189029
66675,0,0,0.016301159398447312
66677,0,0,0.018504495998579996
66696,0,0,0.0027524379862614574
66698,0,0,0.0009377791958239049
66702,0,0,0.001082334964712474
66708,0,0,0.032994792593016395
66717,0,0,0.0015706534853514123
66727,0,0,0.00578462914646341
66732,0,0,0.0026711649053838982
66738,0,0,0.03520139271325487
66739,0,0,0.006979554466837406
66746,0,0,0.12068055766698471
66747,0,0,0.020634289447103965
66748,0,0,0.0038075624431321183
66753,0,0,0.12514651122943352
66758,0,0,0.005379128990657896
66765,0,0,0.000879661543868186
66767,0,0,0.0012740299823633156
66768,0,0,0.0018413992065407258
66769,0,0,0.05995556797894391
66770,0,0,0.010430621742627594
66774,0,0,0.152199167710808
66780,0,0,0.06717520146728956
66785,0,0,0.04007791449799339
66786,0,0,0.1129265742580128
66789,0,0,0.00449935987539933
66791,0,0,0.0007346604526043017
66794,0,0,0.039634351240866776
66798,0,0,0.037095467477509005
66805,0,0,0.09580889425901029
66812,0,0,0.026910208851666145
66814,0,0,0.004461716351545401
66817,0,0,0.01917274538686354
66821,0,0,0.008419625637921972
66824,0,0,0.04747429791247109
66825,0,0,0.0011408013661156253
66828,0,0,0.010020055555682117
66833,0,0,0.005847025893520875
66837,0,0,0.0006967714895870268
66848,0,0,0.0015915073458743839
66849,0,0,0.0034117545379177983
66851,0,0,0.001976301615015096
66856,0,0,0.00797025131370546
66859,0,0,0.02910863571599736
66860,0,0,0.0054970530911372835
66861,0,0,0.00187167703514672
66865,0,0,0.010821014916481575
66874,0,0,0.011367396975033141
66875,0,0,0.00023688023688023688
66888,0,0,0.0024091812516666544
66903,0,0,0.013465922506383907
66906,0,0,0.10922541361817446
66909,0,0,0.004850516342829562
66918,0,0,0.004667319482941996
66919,0,0,0.0014303202711507467
66921,0,0,0.0011471480530243455
66927,0,0,0.0010468552802199986
66937,0,0,0.004643399683749182
66938,0,0,0.014491475949303395
66939,0,0,0.056523991944365595
66950,0,0,0.0009441161443866876
66962,0,0,0.011102873377540188
66973,1,0,0.10029051966981457
66982,1,1,0.9013053292246882
66987,0,0,0.260059406454571
66997,0,0,0.0004695707653111543
67003,0,0,0.031121430636724404
67015,0,0,0.010518486828410493
67020,0,0,0.004193240112921216
67023,1,1,0.9539663450849638
67025,0,0,0.005836721030961892
67029,0,0,0.004457784919172949
67037,0,0,0.001215719669577013
67040,0,0,0.017626903246710745
67054,0,0,0.002029014817877724
67060,0,0,0.0018847042432373665
67087,0,0,0.008305395736728604
67096,1,1,0.9909824175824176
67106,0,0,0.05447880169621595
67109,1,0,0.01412385921418349
67110,0,0,0.0006756241062876471
67111,0,0,0.021817707290749038
67115,0,0,0.010571043616824578
67126,0,0,0.0037585873282943564
67128,0,0,0.003349175903390225
67135,0,0,0.001144518635657877
67136,1,0,0.10827523039929865
67142,0,0,0.0007499902402464828
67149,0,0,0.0012748650945980675
67162,0,0,0.0505379263895232
67171,0,0,0.24407515086771156
67182,0,0,0.0018378607048702782
67188,0,0,0.0005105859721200208
67198,0,0,0.0019414210443201008
67199,0,0,0.06490238026342912
67202,0,0,0.0013480427618358653
67208,0,0,0.2312778918168431
67209,0,0,0.0030411474191521827
67212,0,0,0.0006622926135236698
67219,0,0,0.03138844813234366
67230,0,0,0.0038256410256410256
67264,0,0,0.07292123254778728
67270,0,0,0.296978692721644
67271,0,0,0.0343330752027564
67277,0,0,0.0004695707653111543
67282,0,0,0.0033744816049963103
67285,0,0,0.07345651480196279
67290,0,0,0.009254499938989615
67291,0,0,0.0038021296056301663
67295,0,0,0.017613270833458292
67296,0,0,0.004525820355001835
67300,0,0,0.03868692970760891
67305,0,0,0.005989141471885616
67310,0,0,0.06207814874588252
67318,1,0,0.10522116619442697
67323,0,0,0.03364477508711592
67324,0,0,0.0044071161864379016
67325,0,0,0.01031970737760997
67331,0,0,0.008976005967998057
67337,1,1,0.9440423245490814
67340,0,0,0.00566077660983204
67343,1,1,0.9487469937469936
67346,0,0,0.013338315431165777
67348,0,0,0.004058466565526899
67350,0,0,0.03536982103437191
67356,0,0,0.09116360016363556
67357,0,0,0.0027828279142964323
67358,1,0,0.3804167749255353
67374,0,0,0.031060076967295274
67376,0,0,0.003288232064616624
67392,0,0,0.0003835284367554128
67400,0,0,0.019442743842136637
67401,0,0,0.03989176750781518
67403,0,0,0.14561759342640296
67416,0,0,0.02947657594211667
67421,0,0,0.00044049304713256394
67437,0,0,0.08589028633856097
67442,0,0,0.04854710231308403
67445,0,0,0.017548682660332555
67454,0,0,0.04490241828866926
67455,0,0,0.02487320924198187
67457,0,0,0.0007509782126899748
67469,0,0,0.0035745901516346956
67475,0,0,0.009918026163393207
67480,0,0,0.0018847042432373665
67481,0,0,0.025179959774669136
67483,0,0,0.030719759316384408
67488,0,0,0.060084243647911234
67492,0,0,0.012762967132843021
67503,0,0,0.0013111711539282153
67506,0,0,0.014190788334004702
67509,0,0,0.0012516967138472787
67515,0,0,0.028685218330050433
67518,0,0,0.0022439873970075052
67520,0,0,0.04249374582276623
67535,0,0,0.0011471480530243455
67539,0,0,0.004958573723091545
67542,0,0,0.0014348140867677826
67551,0,0,0.0022987135197062285
67553,0,0,0.009697448680069467
67565,0,0,0.00648110623885719
67567,0,0,0.005548041782069923
67583,0,0,0.00374667703514672
67585,0,0,0.03891314344500146
67588,0,0,0.00087836102691071
67599,0,0,0.0028510770674968306
67602,0,0,0.014316628296615145
67605,0,0,0.004181093082534105
67610,0,0,0.0033763661145289597
67612,0,0,0.0034766325252118977
67620,0,0,0.03326776348118793
67622,0,0,0.004205499610798985
67648,0,0,0.0031416845436440283
67667,0,0,0.008675609302358684
67672,0,0,0.013911436842143908
67677,0,0,0.01626477865979005
67678,0,0,0.014709766261617076
67681,0,0,0.07332448895718943
67686,0,0,0.10941684053796517
67688,1,1,1.0
67700,0,0,0.018501214588260567
67702,0,0,0.031932928402096196
67714,1,1,0.9256380415128582
67715,1,0,0.08798345491661422
67718,0,0,0.03248081826113178
67719,0,0,0.006775237285590486
67735,0,0,0.005707786719504159
67741,0,0,0.0014887551046769048
67747,0,0,0.001715026954158419
67749,0,0,0.0009225041112365928
67754,0,0,0.011215502104637605
67755,0,0,0.008589650984887924
67756,0,0,0.010316169550763567
67765,0,0,0.07214164109171668
67766,0,0,0.12744971191483703
67774,0,0,0.013149838936316301
67776,0,0,0.002727272727272727
67784,0,0,0.008636322794825416
67786,0,0,0.004522022051398894
67790,0,0,0.009351327842896164
67792,0,0,0.029895797039728573
67805,0,0,0.000735897309423708
67809,0,0,0.013861546965043887
67814,0,0,0.0023627899950821652
67818,0,0,0.04118988107469155
67825,0,0,0.030058436218311564
67842,0,0,0.19461120745359445
67848,0,0,0.009757436784743456
67850,0,0,0.002194181857186751
67853,0,0,0.003644440304304289
67854,0,0,0.0005287471015823038
67855,0,0,0.011640253508858509
67856,0,0,0.0015520142617700356
67860,0,0,0.07579711181170792
67863,0,0,0.0014316267635991417
67865,0,0,0.00363186738428464
67873,0,0,0.14443646014816072
67878,0,0,0.009870052333328685
67884,0,0,0.0004742826626551504
67891,0,0,0.021861322531179835
67897,0,0,0.2516237928421639
67901,0,0,0.0010950121352207305
67907,0,0,0.0006999808559360241
67914,0,0,0.2215212834674005
67916,0,0,0.08075586193867375
67920,0,0,0.0008395461833603021
67922,0,0,0.14397853338684616
67928,0,0,0.0037293760649944707
67941,0,0,0.024206127944935246
67945,0,0,0.0019414210443201008
67947,0,0,0.007905563660014618
67956,0,0,0.009196932557542744
67959,0,0,0.013450602231212425
67962,0,0,0.003051539826596551
67966,0,0,0.008037772089490828
67975,0,0,0.030817327095342354
67995,0,0,0.13248156381831624
67998,0,0,0.00048626191232677726
68007,0,0,0.1639733883287547
68019,0,0,0.006403443266052776
68029,0,0,0.0005041153536599972
68030,0,0,0.04151010101010101
68031,0,0,0.0035259871996793433
68042,0,0,0.01081696556167817
68047,0,0,0.0009189752934026879
68049,0,0,0.004051649474924491
68052,0,0,0.0036285781127283058
68053,0,0,0.0004894361215561676
68056,0,0,0.0006173314955713583
68058,0,0,0.015674514743619448
68061,0,0,0.0029158015585822846
68066,0,0,0.0011570078336971253
68073,0,0,0.00023509614668548303
68075,0,0,0.002443874490146939
68076,0,0,0.08773249781990283
68082,0,0,0.0018596930042674203
68084,0,0,0.14349997226588596
68088,0,0,0.003799402702556358
68089,0,0,0.029252129104490196
68091,0,0,0.01051939328512917
68121,0,0,0.002799415823386567
68128,0,0,0.0013548015563340668
68134,0,0,0.0005360589921602984
68137,0,0,0.001430232722927603
68142,0,0,0.006979674919993657
68151,0,0,0.24438151250486834
68154,0,0,0.00046850699107396366
68164,0,0,0.0004774333072060251
68176,0,0,0.010018141751246228
68192,0,0,4.754358161648178e-05
68193,1,1,0.9342711425801131
68198,0,0,0.0036288914040937177
68200,0,0,0.0010822416537732082
68214,0,0,0.004066759986825705
68221,0,0,0.013469437297656048
68224,0,0,0.00589292203166731
68226,1,1,0.9124979987401711
68233,0,0,0.0024281713880223346
68258,0,0,0.0009641696361366908
68259,1,1,0.9909824175824176
68264,0,0,0.0938321735567652
68281,0,0,0.003087658720786451
68282,0,0,0.0039324470932470485
68285,1,0,0.03683072281854509
68300,0,0,0.009942698351046178
68304,0,0,0.007450584617138754
68309,0,0,0.002922667955235616
68313,1,1,0.9045155556727761
68328,0,0,0.08374894019727833
68329,0,0,0.00042918574957667986
68330,0,0,0.03872368639090036
68331,0,0,0.0011714094853500201
68335,0,0,0.17611536054293095
68338,0,0,0.011286282795332413
68343,0,0,0.027107380897790904
68349,0,0,0.006126955580516748
68360,0,0,0.02043448842867589
68373,0,0,0.010845345309351957
68376,0,0,0.016928723024247087
68377,0,0,0.0007794791822838499
68382,0,0,0.0018486010260241016
68393,0,0,0.006283939481026355
68401,0,0,0.018989932657446158
68405,1,1,0.97
68409,0,0,0.005295257560118861
68416,0,0,0.0245928507595871
68422,0,0,0.02481277419397722
68427,0,0,0.003313077765843823
68434,0,0,0.016646988941135112
68435,0,0,0.0020922456205687613
68438,0,0,0.05492838650783942
68440,0,0,0.0068368099257865855
68450,0,0,0.015362205647356153
68459,0,0,0.20706289462054156
68464,0,0,0.09741395547894303
68477,0,0,0.008076992593227523
68478,0,0,0.008409790971674845
68487,0,0,0.0011714094853500201
68488,0,0,0.01961327652168556
68489,0,0,0.005921778957591186
68493,0,0,0.003768784236359411
68498,0,0,0.0029762541872769
68499,0,0,0.008960909250142021
68501,0,0,0.020194240830965045
68504,0,0,0.009392989686285512
68518,0,0,0.018701135341115716
68519,0,0,0.017969976213114403
68521,0,0,0.05612112646063088
68529,0,0,0.007413243942369649
68532,0,0,0.012699456206817214
68540,0,0,0.003586453193824843
68546,0,0,0.00829970609724615
68549,0,0,0.0014358726320425408
68554,0,0,0.003625993510175175
68562,0,0,0.0031369709336480605
68564,0,0,0.00044754722728771704
68569,0,0,0.003117616459432087
68570,0,0,0.1187243935176579
68582,0,0,0.002346316254016088
68583,0,0,0.0037174392431043035
68590,0,0,0.0011390391836030825
68596,0,0,0.001180244735532672
68602,0,0,0.0010766528298991366
68604,0,0,0.015284857642661721
68620,0,0,0.010873003814693449
68622,0,0,0.0019052972450253373
68631,0,0,0.04474966708538777
68643,1,1,0.9126034356087112
68649,0,0,0.0027992819415082453
68658,0,0,0.0037040369234284097
68668,0,0,0.012834353563591038
68670,0,0,0.01685128447976207
68674,0,0,0.0018413992065407258
68678,0,0,0.034448557616446135
68696,0,0,0.010885912630859354
68697,0,0,0.08846654266091218
68705,0,0,0.14591276708050196
68715,0,0,0.009514286487298086
68747,0,0,0.009225351058406632
68751,0,0,0.046572712506098866
68753,0,0,0.046685879022718035
68756,0,0,0.002926406055014089
68764,1,0,0.05563194063813045
68783,1,0,0.19937767067980824
68784,0,0,0.021168647959738707
68785,0,0,0.009135041011080787
68788,0,0,0.0030424554867617814
68790,0,0,0.015204156498856205
68794,1,1,0.9399824175824177
68796,0,0,0.0062492535502523434
68801,0,0,0.02839826770156501
68809,0,0,0.003261527294872956
68812,0,0,0.019670459819029724
68813,0,0,0.0003795774887688419
68815,0,0,0.02004328491571168
68823,0,0,0.0028653220756724444
68825,0,0,0.002115530002070603
68833,0,0,0.0028845718674868313
68834,0,0,0.0009084779045340701
68844,0,0,0.021912846474613303
68845,0,0,0.10943946774142903
68857,0,0,0.01657985909194959
68861,1,1,0.9732199682848927
68874,0,0,0.020442987935432533
68877,0,0,0.0003795774887688419
68887,0,0,0.10544344983150435
68910,0,0,0.02403592015140789
68914,0,0,0.026245263853343696
68918,0,0,0.007750804264854828
68923,0,0,0.00658133771561156
68933,0,0,0.015812380455133567
68934,0,0,0.0037523487773273917
68950,0,0,0.17246130844604232
68951,0,0,0.01351811690022023
68959,0,0,0.002996246792839394
68962,0,0,0.007579708441561307
68966,0,0,0.014316162004643872
68970,0,0,0.030454959095869722
68972,0,0,0.0010408635857021204
68974,0,0,0.013879919424559926
68975,0,0,0.016773824397648147
68992,0,0,0.03530940753338863
68994,0,0,0.1210469414215752
68998,0,0,0.02789879913263792
68999,0,0,0.007832353194032336
69005,0,0,0.06934738636425598
69011,0,0,0.10471170215550694
69026,0,0,0.0014642867776423942
69027,0,0,0.013555581841076554
69035,0,0,0.04843236339027422
69052,0,0,0.21830849956396536
69055,0,0,0.024205117018536403
69056,0,0,0.003328792903173533
69065,0,0,0.024756510481850263
69075,0,0,0.006465740501050366
69081,1,1,0.9229533210819691
69090,1,0,0.13853144969737108
69091,0,0,0.007438913473305473
69094,0,0,0.03168793700621937
69098,0,0,0.10170246045142867
69103,0,0,0.010477086551046552
69104,0,0,0.09733856564481874
69117,0,0,0.014066604523705001
69120,0,0,0.021158324428837038
69122,0,0,0.015227500917411959
69137,0,0,0.004576527685145086
69150,0,0,0.012292627752783652
69155,0,0,0.025100182607566968
69156,0,0,0.003930560982657545
69157,0,0,0.1410738006592448
69158,0,0,0.040076510608277355
69160,0,0,0.014989303737859989
69167,0,0,0.005687837572465904
69171,0,0,0.001018538818553357
69175,0,0,0.15453817548419757
69178,0,0,0.002773250894499309
69179,0,0,0.01313291225639586
69180,0,0,0.0040227744910925406
69183,0,0,0.0568051235131374
69185,0,0,0.0003265368923654195
69188,0,0,0.009914557315113301
69208,1,0,0.3060546823450932
69209,0,0,0.11274889218604947
69210,0,0,0.0041831566412022245
69221,0,0,0.2719964120956844
69222,0,0,0.04835320980677033
69230,0,0,0.0028004557522060504
69231,0,0,0.003379023949115515
69235,1,1,0.9532395267944652
69246,1,1,1.0
69252,0,0,0.04102132373622987
69255,0,0,0.22260634134651336
69257,0,0,0.0014343419924253596
69261,0,0,0.014296504190050989
69264,0,0,0.08425391157111033
69265,0,0,0.09485889550627691
69271,0,0,0.00269311541331892
69277,0,0,0.07499672007332492
69278,0,0,0.11751208493153996
69285,0,0,0.04279015029125781
69287,0,0,0.002836620659327547
69294,0,0,0.004799084249084249
69296,0,0,0.011608806853608166
69303,0,0,0.004598481483020979
69311,0,0,0.006260555748370862
69312,0,0,0.0025514838252870854
69317,0,0,0.0066755766728281585
69319,0,0,0.09118824622015287
69322,0,0,0.0031574034743052236
69327,0,0,0.0015233729577661182
69329,0,0,0.315109099180827
69335,0,0,0.003802683182057837
69338,0,0,0.00012017269557736517
69341,0,0,0.07147566526929866
69344,0,0,0.002782149249210543
69348,0,0,0.0010105720543179472
69350,0,0,0.013463595673701517
69351,0,0,0.0387644129194034
69353,0,0,0.04276501449289983
69369,1,1,0.9222937936106809
69372,0,0,0.0010743484925907
69375,0,0,0.010605055344646553
69382,0,0,0.011717726459945383
69393,0,0,0.02933864750246181
69397,0,0,0.017228827264477622
69400,0,0,0.0038951482099099845
69408,0,0,0.0008014864352297254
69414,0,0,0.0105226225092412
69420,0,0,0.0027599984577691417
69421,0,0,0.10269923224958413
69425,0,0,0.06735928613411107
69433,1,0,0.10084081350322811
69444,0,0,0.007751578727970578
69447,1,1,0.9865112637362636
69449,0,0,0.17119828003847432
69458,0,0,0.09575187328920606
69459,0,0,0.001493327578385181
69465,0,0,0.007561167861863972
69467,0,0,0.0012748650945980675
69468,0,0,0.006401922009532311
69472,0,0,0.007231802045868036
69477,0,0,0.012776092193104398
69479,0,0,0.007794115597241545
69481,0,0,0.014398663896990597
69488,0,0,0.0007393860265199542
69494,1,1,0.8511574495743724
69506,0,0,0.009864454016930216
69512,0,0,0.005683257766945905
69516,1,0,0.055686751987841523
69518,0,0,0.01961714884232957
69522,0,0,0.0009377791958239049
69526,1,1,0.9237515249099539
69533,0,0,0.02274164663947907
69538,0,0,0.07387350941416514
69547,0,0,0.005043360935880969
69548,0,0,0.20165655268776786
69550,0,0,0.017554066461254514
69551,0,0,0.07052609946738125
69552,0,0,0.015064719966043152
69559,0,0,0.003624604426350498
69560,0,0,0.006820406409233225
69563,0,0,0.005667366792416622
69566,0,0,0.13507465133603055
69570,0,0,0.054720040109655164
69572,0,0,0.07531122841599515
69573,0,0,0.004638290473705165
69575,0,0,0.06849910694418158
69595,0,0,0.016262508173309365
69597,0,0,0.006811934946287735
69611,0,0,0.0028609806695004047
69615,0,0,0.031123539166918644
69635,0,0,0.01460749582741315
69641,0,0,0.006133088276444746
69651,0,0,0.008971982947515854
69654,0,0,0.07239605098913038
69660,0,0,0.0007721305439943728
69664,0,0,0.011869664791825527
69666,0,0,0.08011881072218649
69670,1,1,1.0
69675,1,0,0.020256466770668134
69677,0,0,0.021479105274217262
69685,0,0,0.11641492122215663
69687,0,0,0.009079593563973755
69688,0,0,0.035967862360823784
69693,0,0,0.02371474729902417
69694,0,0,0.01579188630343655
69695,0,0,0.004235849056603774
69698,0,0,0.004934116483368274
69704,0,0,0.018031794067119147
69708,0,0,0.03330933722443052
69709,1,1,1.0
69716,0,0,0.012485386720163562
69730,0,0,0.004238324996640308
69731,0,0,0.01627362537994923
69732,0,0,0.0019629766311376902
69737,0,0,0.005292575374526775
69739,0,0,0.006458005854784962
69742,0,0,0.033486461781633746
69745,0,0,0.013016900168485885
69752,0,0,0.08091373029170626
69758,0,0,0.021358036919880315
69762,0,0,0.0013129522270813431
69770,0,0,0.0014094300579036599
69780,0,0,0.06751549672265326
69786,0,0,0.0021309658904117477
69792,0,0,0.00744264908231233
69800,0,0,0.007446533037419811
69806,1,1,0.9038236403567153
69807,0,0,0.010004260061313497
69810,0,0,0.03582744913663872
69815,0,0,0.0014571631635373525
69816,0,0,0.00628310277817555
69819,0,0,0.12632026260891868
69821,0,0,0.0046703781894225135
69824,0,0,0.0031865015460676212
69831,1,1,0.9252647084545252
69834,0,0,0.09256577860025947
69843,1,1,1.0
69844,0,0,0.011137332410727854
69847,0,0,0.0036068441599180208
69848,0,0,0.0007138122157037641
69857,0,0,0.019876511332172865
69861,0,0,0.006587055558831053
69864,0,0,0.05959461094546972
69866,0,0,0.006746781732832902
69867,0,0,0.002646613081604846
69875,0,0,0.0018201410446857475
69876,0,0,0.0031737088773430705
69884,0,0,0.07823142153139692
69894,0,0,0.08730082012170363
69902,0,0,0.42566388704427965
69908,0,0,0.1695384246321862
69910,0,0,0.009931990849140166
69912,0,0,0.012607477248105306
69913,0,0,0.00546681808230677
69926,0,0,0.0024621977328205687
69927,0,0,0.03322680140051873
69928,0,0,0.0013466657959765758
69930,0,0,0.014205033615480658
69932,0,0,0.0030332232934994286
69934,0,0,0.006371133894963465
69936,0,0,0.010501119666762749
69939,1,0,0.2617297271416687
69940,0,0,0.00046095136603063226
69944,0,0,0.00917501700760125
69950,0,0,0.03427507270766327
69960,0,0,0.023922129869979804
69968,0,0,0.19908336041503946
69974,0,0,0.0064014121936362455
69977,0,0,0.013823779095978787
70003,1,0,0.08462086842489003
70015,0,0,0.0013718568159177117
70017,0,0,0.010651036743388995
70021,0,0,0.015234262697721932
70025,0,0,0.40207485908932894
70026,0,0,0.009534030767570438
70028,0,0,0.09260025329384211
70033,0,0,0.00044194230648443724
70038,0,0,0.006125002059663214
70039,0,0,0.023477290316693974
70046,0,0,0.014532248907141833
70048,0,0,0.0028672585570213315
70058,0,0,0.0007499902402464828
70063,0,0,0.009939941041014415
70066,1,1,0.9928571428571428
70073,0,0,0.0035575555714267787
70079,0,0,0.008740966213944438
70080,0,0,0.0008755473709493805
70093,0,0,0.0036934707856175935
70096,0,0,0.0007858132729448604
70104,0,0,0.014372825507493213
70107,0,0,0.02311696391991455
70108,0,0,0.0041200619947321685
70114,0,0,0.1272153880634775
70121,1,1,0.9452727531683337
70123,0,0,0.021203912294671442
70142,0,0,0.011641106615320793
70146,0,0,0.0019414875524414355
70151,0,0,0.006726743042914771
70159,0,0,0.31255173061332814
70160,0,0,0.042968763532996945
70168,0,0,0.0014094300579036599
70171,0,0,0.005740494595295416
70181,0,0,0.008645853270538349
70187,0,0,0.00110989010989011
70193,0,0,0.015127523777835938
70196,0,0,0.006494393012804189
70197,0,0,0.007049981766993002
70200,0,0,0.05909637614152517
70203,0,0,0.0005287471015823038
70217,0,0,0.006616920169554965
70220,0,0,0.010420198578665978
70226,0,0,0.1924891683234634
70234,0,0,0.033661980648697014
70239,0,0,0.04427025779811076
70241,0,0,0.00012160036407887057
70242,0,0,0.04140404137412967
70249,1,0,0.15711024890870895
70253,0,0,0.27513176607979317
70270,0,0,0.002345727420090424
70276,0,0,0.007175291085038124
70281,0,0,0.0043880674825139574
70282,1,1,0.9550778962864355
70283,0,0,0.09036891539832716
70284,0,0,0.009870052333328685
70294,0,0,0.011109754606561726
70303,1,1,0.9339036981269415
70308,0,0,0.011379962647820636
70309,0,0,0.09041968908661006
70312,0,0,0.10936209550831989
70321,0,0,0.008420775231740944
70324,0,0,0.001994267724805507
70325,0,0,0.02391188531645684
70344,0,0,0.01511520099886259
70353,0,0,0.0014273780990762559
70354,0,0,0.012480359728927115
70360,0,0,0.005423027505985346
70362,0,0,0.12697839622540336
70363,1,0,0.14616668591887064
70372,1,1,0.956019902433724
70373,0,0,0.0014200622263543334
70382,1,1,0.9201505332902391
70395,0,0,0.008902695381301881
70400,0,0,0.09634627041912135
70425,0,0,0.004677243499606828
70429,1,1,1.0
70430,0,0,0.02383488121682403
70438,0,0,0.0006659276907098979
70448,0,0,0.09238634463500806
70454,0,0,0.009471605688656418
70458,0,0,0.08238459471262628
70482,0,0,0.004976980119195793
70494,0,0,0.005395544104476537
70495,0,0,0.0011300814229244528
70498,0,0,0.06177777140808443
70499,0,0,0.0019061099952408648
70506,0,0,0.0034274259433294475
70507,0,0,0.0010794471330785765
70513,1,1,0.9909824175824176
70528,0,0,0.005477729491604071
70529,0,0,0.014028931851537536
70530,0,0,0.00016949152542372882
70540,0,0,0.0022888654993849606
70542,0,0,0.0025777225652101133
70545,0,0,0.001940061376698592
70550,0,0,0.36593921068321655
70552,0,0,0.0032042569255739508
70559,0,0,0.0032341393059621237
70565,0,0,0.009563531062164081
70569,0,0,0.004111428910463979
70580,0,0,0.0019768360492183447
70593,0,0,0.13762549169208715
70602,0,0,0.0012545270191433278
70604,0,0,0.08352289209324487
70606,0,0,0.07177425465998324
70609,0,0,0.002961562601220656
70614,0,0,0.002499066721715106
70615,0,0,0.009893303171256168
70621,0,0,0.02128699977614748
70622,0,0,0.0014109986594303598
70623,0,0,0.00312794852274355
70628,0,0,0.002731839679208029
70629,0,0,0.1546617153035688
70630,0,0,0.007284482602634427
70631,0,0,0.045210168301552986
70641,0,0,0.0011979247641162923
70643,0,0,0.0052183811609308895
70656,0,0,0.003938454163363208
70661,0,0,0.013885711356920051
70663,0,0,0.23411505166739816
70668,0,0,0.0035606929560178763
70676,1,1,0.9818718406593406
70677,0,0,0.013676830891866205
70678,0,0,0.03338836607121813
70681,1,1,0.936798375653796
70687,0,0,0.004458678685208942
70705,0,0,2.6857654431512983e-05
70707,0,0,0.0026598658296575913
70712,0,0,0.02128149189235424
70717,0,0,0.027987696291848656
70726,0,0,0.013615745485369944
70733,0,0,0.00044049304713256394
70736,0,0,0.0027877898102878816
70749,0,0,0.0028653220756724444
70755,0,0,0.12313677805000747
70759,0,0,0.053720566062062935
70760,0,0,0.0065484924772177665
70778,0,0,0.15031330846787977
70779,0,0,0.05816670933638991
70785,0,0,0.001046245766361603
70788,0,0,0.03280521465672847
70789,1,1,0.9507692307692308
70792,0,0,0.015004598050031064
70796,0,0,0.01515635877758915
70798,0,0,0.14191004420744494
70811,0,0,0.005826624840045663
70814,0,0,0.09752657686121749
70816,0,0,0.07366724392237325
70817,0,0,0.0988029057906699
70818,0,0,0.00999416238677789
70826,0,0,0.004956912974505307
70829,0,0,0.01764169366151348
70841,1,1,0.9909824175824176
70842,0,0,0.0011820723562302805
70843,0,0,0.001159831342295404
70847,0,0,9.331867779831486e-05
70856,0,0,0.0014669776723170776
70857,0,0,0.006058526886509392
70860,0,0,0.004727838546285847
70861,0,0,0.0034780030738177066
70864,0,0,0.004662684297776515
70874,0,0,0.01795183996772635
70877,0,0,0.07492924416988457
70896,0,0,3.424657534246575e-05
70904,0,0,0.0028248557690559446
70905,0,0,0.01954046029091048
70912,0,0,0.02139656954992082
70920,0,0,0.0049895717281629995
70921,0,0,0.004564453113979555
70922,0,0,0.11572511628467215
70925,0,0,0.010838790205276576
70935,0,0,0.0020831261212605028
70936,0,0,0.0010116688431351633
70939,0,0,0.0011300814229244528
70941,0,0,0.003298356865326149
70948,0,0,0.09202743970843189
70954,0,0,0.001848125574475691
70956,0,0,0.08796548757382468
70964,0,0,0.04194115611846598
70976,0,0,0.0007724733101964511
70977,0,0,0.017695970504907448
70978,0,0,0.0005287471015823038
70985,0,0,0.01812138280153946
70986,0,0,0.003034108053600598
70988,0,0,0.013904332772277093
70989,0,0,0.0027871278704443454
71018,0,0,0.005852029567199775
71025,0,0,0.16950678692817475
71032,0,0,0.04283884739218105
71035,0,0,0.2541173507100667
71042,0,0,0.004740850021622092
71043,0,0,0.008183439184124614
71045,0,0,0.00791938040792422
71048,0,0,0.0014735328629807498
71052,0,0,0.09510239924742209
71059,0,0,0.0016916590837309353
71066,0,0,0.0446037325864654
71072,0,0,0.0035767646571992534
71077,0,0,0.11561975572110246
71080,0,0,0.004164380342433765
71082,0,0,0.4121729352500458
71083,0,0,0.006646004563113749
71089,0,0,0.042605420542754985
71097,0,0,0.004769849472452278
71113,0,0,0.00637148002001747
71127,0,0,0.0020941494650267207
71130,0,0,0.0012516331616489519
71132,0,0,0.0005419831784521088
71139,0,0,0.001260045312746473
71141,0,0,0.0011673102358223356
71143,0,0,0.009090912480131875
71148,0,0,0.02729785882404215
71155,0,0,0.002575757575757576
71156,0,0,0.0031511141703070068
71166,0,0,0.007127648566266543
71168,0,0,0.007486061838171957
71169,0,0,0.016922262347320808
71173,0,0,0.0073419499935689185
71175,0,0,0.03013676140784782
71181,0,0,0.040558364004348355
71186,0,0,0.003358954145130657
71189,0,0,0.005410402359737522
71191,0,0,0.006646372685920569
71193,1,1,0.9350021388387737
71206,0,0,0.10928556423852173
71210,1,1,0.9909824175824176
71220,0,0,0.07194222308227216
71224,0,0,0.00044049304713256394
71238,0,0,0.005183649844381192
71239,0,0,0.002329218662870625
71243,0,0,0.00042918574957667986
71244,0,0,0.006559518437832503
71245,0,0,0.0008791044709978382
71263,0,0,0.00048626191232677726
71270,0,0,0.010107865594221164
71273,1,1,0.9815183428955823
71276,0,0,0.11947480088072363
71283,0,0,0.0038155771317601194
71286,0,0,0.002656343417751559
71287,0,0,0.011186240157506255
71289,1,0,0.0823775525291755
71290,0,0,0.05383138425913589
71292,0,0,0.009776171966757967
71296,0,0,0.023850828279149326
71299,0,0,0.08882727663245571
71303,0,0,0.29792824272483753
71304,0,0,0.0004742826626551504
71312,0,0,0.03694352309087854
71317,0,0,0.012721228208622289
71324,0,0,0.00433072872114111
71325,0,0,0.020322214967984253
71326,1,1,0.9586794540066934
71330,1,1,0.9840593406593406
71334,0,0,0.012556821919017684
71341,0,0,0.010008399855753771
71344,0,0,0.009509722654014887
71350,0,0,0.04338709824203732
71352,0,0,0.0035056460345923883
71355,0,0,0.0014902189354024686
71358,0,0,0.04369725126791029
71367,0,0,0.005530798338389291
71373,1,1,0.9449484529521768
71379,0,0,0.002225322094079045
71385,0,0,0.0005003159514702546
71386,0,0,0.0020653751009232814
71390,0,0,0.0022821847795567785
71391,0,0,0.00566650207145724
71394,0,0,0.0011583985183082899
71401,0,0,0.155547616854573
71406,0,0,0.0784436216157256
71410,1,0,0.17171680297748398
71414,0,0,0.0027592928639397656
71426,0,0,0.002987504662064587
71427,0,0,0.0054883151680875175
71430,0,0,0.0023665494150331757
71436,0,0,0.024207939532732814
71439,0,0,0.09168010089937521
71440,0,0,0.0011591683070606281
71441,0,0,0.03447696657065087
71447,0,0,0.09883049495672218
71448,0,0,0.013415422307712309
71451,0,0,0.07119649458041763
71453,0,0,0.04463670140522516
71461,0,0,0.0008219623665735891
71476,0,0,0.0016216642507631343
71489,1,1,0.9477700525702423
71493,0,0,0.0056690644544015656
71497,0,0,0.09168219441323057
71498,1,0,0.315913845467291
71514,0,0,0.003636893063099987
71517,0,0,0.026103454428025526
71528,0,0,0.0012985983370725367
71531,0,0,0.012474831738791487
71534,0,0,0.009567793596233448
71535,0,0,0.0740544921822915
71536,0,0,0.002404922313993861
71538,1,1,0.8673631184783597
71545,0,0,0.06012624335384371
71550,0,0,0.0006905294310688377
71552,0,0,0.0019414210443201008
71557,0,0,0.22415404584283644
71559,1,0,0.25250469513975976
71565,0,0,0.0008059538639297024
71571,0,0,0.07323542862036153
71572,0,0,0.001246863465619033
71578,0,0,0.015541996609706126
71580,0,0,0.031810070997910056
71582,0,0,0.015497017940952085
71592,0,0,0.004859385129662948
71599,0,0,0.013977948009502507
71602,0,0,0.00574131319642339
71604,0,0,0.0230152728794507
71616,0,0,0.010662333941615134
71624,0,0,0.43977363810816333
71628,0,0,0.0005648739326705138
71630,0,0,0.006844685439176737
71636,0,0,0.007411860235811504
71639,0,0,0.04021503028675652
71656,0,0,0.00044049304713256394
71659,0,0,0.09971262696649084
71662,0,0,0.09545422408734021
71663,0,0,0.013560481663929942
71673,0,0,0.032779706894760126
71674,0,0,0.1452659259459599
71679,0,0,0.054266625326333556
71691,0,0,0.001839470258445352
71697,1,0,0.13788694367020557
71702,0,0,0.00752960259421113
71715,0,0,0.002793843640207693
71722,0,0,0.0005235221888761505
71739,0,0,0.0015326560232129072
71740,0,0,0.0004944663026426867
71743,0,0,0.001568556492652681
71746,0,0,0.029292317494749885
71752,0,0,0.0012237631916737855
71775,1,1,0.9115692640692642
71803,0,0,0.011972149220630618
71805,0,0,0.0461067053722745
71816,1,1,0.9952173913043478
71824,0,0,0.00363186738428464
71835,0,0,0.0032564050233606407
71841,0,0,0.0004559211849441131
71856,0,0,0.0036154131353865497
71857,0,0,0.0311017692099248
71861,0,0,0.005503338106780189
71864,0,0,0.011525566474845605
71867,1,0,0.0908012583215027
71872,0,0,0.002677093958192511
71878,0,0,0.013065649438225413
71880,0,0,0.017249605844355115
71889,0,0,0.010272195239934494
71901,0,0,0.13072769431976988
71911,0,0,0.07584379498461209
71920,0,0,0.009006492380477328
71941,0,0,0.05480524044927318
71942,0,0,0.02248684115184547
71943,0,0,0.023753539933681678
71949,0,0,0.012745752838257608
71954,0,0,0.010115131843604212
71967,0,0,0.05424806745042833
71970,0,0,0.0008786142813372741
71989,0,0,0.007970317875351777
71991,0,0,0.04559185675491311
72010,0,0,0.003522681505340241
72030,0,0,0.2379487290689929
72031,0,0,0.012285302864181353
72032,0,0,0.007448751902553959
72041,0,0,0.00018542010988520125
72044,0,0,0.031984657734284896
72051,0,0,0.009055565045203294
72052,1,1,0.9127568633772012
72058,0,0,0.027890526382892987
72062,0,0,0.0008906742164652038
72065,0,0,0.013459839684624981
72066,0,0,0.008158884815146795
72069,0,0,0.005435361335803365
72076,0,0,0.01212134656934097
72078,0,0,0.0011979553101133633
72081,0,0,0.0017937214912534638
72082,0,0,0.012149857605940461
72083,0,0,0.0005862630638909772
72084,0,0,0.022094403822802307
72087,0,0,0.026810824577452964
72101,0,0,0.0029625964029248325
72107,0,0,0.001561570254210318
72116,1,1,0.8903088001180106
72119,0,0,0.2956624073294116
72128,0,0,0.025409431265175884
72137,0,0,0.002530281317696571
72140,0,0,0.05633234938606974
72141,0,0,0.01245463117663843
72149,0,0,0.0005287471015823038
72153,0,0,0.00024937877911473553
72158,0,0,0.04895045424727048
72160,0,0,0.001235846347015207
72182,0,0,0.006504302173796676
72183,0,0,0.00326125195339787
72184,0,0,0.001204599310072853
72196,0,0,0.0018562904339629077
72201,0,0,0.04265502207101375
72203,0,0,0.03484776484652919
72204,0,0,0.010370158544562134
72208,0,0,0.0010919013151325387
72212,0,0,0.02378997307096682
72213,0,0,0.0023433763749402202
72222,0,0,0.002144152057847602
72227,0,0,0.016667946085472528
72249,0,0,0.00012658227848101267
72250,0,0,0.008218141678822703
72251,0,0,0.0010511857736555522
72259,0,0,0.008721052184475215
72263,0,0,2.6857654431512983e-05
72265,0,0,0.0037382573140022977
72266,0,0,0.018897886729747824
72268,0,0,0.03751327148164386
72269,0,0,0.0012472637873691425
72273,0,0,0.0016140813605343746
72277,0,0,0.00561607447332995
72285,0,0,0.08420238541391167
72301,0,0,0.02253631190551053
72305,0,0,0.001135344809590889
72307,0,0,0.0009659697774391439
72309,0,0,0.09944139278653955
72311,0,0,0.06687155904421847
72315,0,0,0.007972971514205453
72326,0,0,0.0018566217511961668
72328,0,0,0.0021113718285588044
72350,0,0,0.05106161128163574
72351,0,0,0.006706888369844967
72359,0,0,0.0062116169308427185
72361,1,0,0.33064983955407806
72362,0,0,0.11384201504030403
72365,1,1,0.9247790677496426
72372,0,0,0.0070853169221933784
72377,0,0,0.02217394598865187
72378,0,0,0.09389474725673631
72383,0,0,0.0043909178895683
72387,0,0,0.007050454007029673
72391,0,0,0.0036430539993213096
72392,0,0,0.01319568540939753
72396,0,0,0.05105345572662327
72398,0,0,0.02783059765622482
72399,0,0,0.04327969931769183
72407,0,0,0.003627446286675204
72410,0,0,0.00046895006494096774
72423,0,0,0.018310732574052496
72424,0,0,0.010343077376990884
72432,0,0,0.10372736624129264
72435,0,0,0.24994202936559695
72436,1,1,1.0
72439,0,0,2.6857654431512983e-05
72445,0,0,0.011339761668622866
72450,0,0,0.03225592767878383
72454,0,0,0.003584976079977637
72455,0,0,0.01217542087259178
72470,0,0,0.0065510572243571595
72474,0,0,0.005270947559234506
72508,0,0,0.0024177775886350533
72509,0,0,0.24719844487559717
72517,0,0,0.012161726817485025
72528,0,0,0.0850750497140448
72536,0,0,0.01080015435935857
72537,0,0,0.004994764150846819
72541,0,0,0.00041636220723481593
72544,0,0,0.011159585988928746
72545,0,0,0.01363983996346805
72546,0,0,0.004542468960751459
72549,0,0,0.01320722181873588
72555,0,0,0.25295716560169396
72559,0,0,0.0015259680676753403
72572,0,0,0.08700189907487359
72574,0,0,0.0031050467810502637
72579,0,0,0.0004695707653111543
72587,0,0,0.000468160647871244
72601,0,0,0.007037293118711371
72606,0,0,0.04243458471789881
72611,0,0,0.0375797757748256
72615,1,1,0.9829978177850518
72618,0,0,0.0056282388578339435
72649,0,0,0.007121887750010503
72655,0,0,0.0017419581561962584
72659,0,0,0.005711914112512333
72665,0,0,0.0051394438899345874
72671,0,0,0.000862962263000183
72673,0,0,0.001920319243038952
72674,0,0,0.0013934974984309214
72676,0,0,0.024281332149577936
72688,0,0,0.0019505405436283593
72689,1,1,0.9345210289113862
72694,0,0,0.0025907944763165947
72697,0,0,0.013408502768147392
72704,0,0,0.0037590377568557827
72709,0,0,0.012320735311456235
72713,0,0,0.09761581967164684
72714,0,0,0.01094532013111641
72715,0,0,0.005736135543777768
72721,0,0,0.008959673509562584
72725,0,0,0.0018562904339629077
72731,0,0,0.0034139923547026624
72734,0,0,0.0030296002522204445
72747,0,0,0.005523618816283227
72750,0,0,0.06294810274036367
72754,0,0,0.00251641424817517
72755,0,0,0.007908098445115305
72761,0,0,0.0005287471015823038
72762,0,0,0.013957671036105563
72769,0,0,0.013860507882285331
72773,0,0,0.08100811231205966
72775,0,0,0.012098627349014991
72776,1,0,0.19785086286018605
72781,0,0,0.009122132883693578
72782,0,0,0.025114157206118072
72783,0,0,0.008123496919275209
72784,1,0,0.3864049652924843
72812,0,0,0.000871902940135979
72822,0,0,0.028079957689567937
72830,0,0,0.19861498041399936
72832,0,0,0.04347691292425893
72834,0,0,0.001800858679756468
72840,0,0,0.06918480640018643
72848,0,0,0.0010235521459135107
72856,0,0,0.3303900942657236
72873,0,0,0.013292239835713517
72877,0,0,0.07987804418960937
72886,0,0,0.048124374273865345
72888,1,1,0.9895538461538461
72890,0,0,0.002325310744563712
72892,0,0,0.02464299254503133
72894,0,0,0.07380981302652165
72914,1,1,0.9946666666666666
72915,0,0,0.016180002662514514
72917,0,0,0.12188980516503628
72921,0,0,0.023472817625010415
72922,0,0,0.009143346645981336
72925,0,0,0.041501128195345835
72927,0,0,0.0005154226512158814
72937,0,0,0.05995662900560203
72956,0,0,0.012438586556767793
72960,0,0,0.0038600734541803473
72963,0,0,0.0007798367073428381
72969,0,0,0.0062097709790894465
72970,0,0,0.03112677971312693
72974,0,0,0.063558700664126
72975,1,0,0.13144873335002166
72977,0,0,0.02690710723679121
72979,0,0,0.009384545870387668
72980,0,0,0.01509305449118727
72998,0,0,0.013101644221994255
73014,0,0,0.0017787710541179466
73017,1,1,0.9909824175824176
73019,0,0,0.0006825036145820368
73024,0,0,0.0022163189904987174
73031,0,0,0.010737738137429812
73038,0,0,0.001975012428886892
73045,0,0,0.0004695707653111543
73047,0,0,0.0009526453270727216
73057,0,0,0.0007908168074831599
73085,0,0,0.034714854912745334
73088,0,0,0.0011425728321466028
73092,0,0,0.009022572232804423
73115,0,0,0.006281456499836171
73123,0,0,0.061403652488705246
73132,0,0,0.0023757254900740377
73138,0,0,0.011581511859422484
73144,1,1,0.9505744619624794
73159,1,0,0.04340566116491027
73161,0,0,0.011653400518164977
73166,0,0,0.00046634279410962665
73171,0,0,0.03835266734066835
73185,0,0,0.0028136269831692895
73193,0,0,0.051992332934658034
73196,0,0,0.0025084545527001693
73217,0,0,0.004625113477122956
73222,0,0,0.01144152988306458
73225,0,0,0.012346190226598698
73240,0,0,0.07888818561377996
73241,0,0,0.0031936816341568484
73258,0,0,0.025494320880429133
73260,0,0,0.11568903769709926
73265,0,0,0.003269492376707711
73271,0,0,0.0003795774887688419
73276,0,0,0.0022867924444922782
73279,0,0,0.009852475817258732
73285,0,0,0.004987010149169498
73289,0,0,0.07428447436577043
73290,0,0,0.002251257669501544
73292,0,0,0.0011205728937276637
73297,0,0,0.010023759684792029
73302,0,0,0.0072838026788140465
73312,0,0,0.005857417011777615
73328,0,0,0.0014642867776423942
73331,0,0,0.005736571489016549
73334,0,0,0.029023444610787145
73349,0,0,0.002209581548789147
73350,0,0,0.013129390223592503
73360,0,0,0.00296842827436993
73366,0,0,0.004419009572598897
73368,0,0,0.0028318450635253962
73369,1,1,0.9471994837647011
73372,0,0,0.002101340931013751
73377,0,0,0.10275374159279224
73393,0,0,0.0414220071150142
73396,0,0,0.16875860133834858
73399,1,1,0.947394687496992
73404,0,0,0.0008699704546959218
73407,0,0,0.002854200433396572
73410,0,0,0.04801388372589779
73411,0,0,0.03882428668526009
73415,0,0,0.07366441578232048
73416,0,0,0.0007346604526043017
73422,0,0,0.12645900044841776
73435,0,0,0.0033580540136793845
73436,0,0,0.008956892950776648
73441,0,0,0.0035708277736891158
73454,1,1,0.9682426163677634
73458,0,0,0.02896293111212958
73460,0,0,0.0023825948185290475
73466,0,0,0.0040016369059196755
73470,0,0,0.00935973029905889
73489,0,0,0.03235723149223104
73496,1,1,0.9028324793489035
73504,0,0,0.0012228906970130462
73518,0,0,0.0032950694518352475
73520,0,0,0.014188304807315059
73529,0,0,0.0024544761853817917
73530,0,0,0.08597261002444068
73532,0,0,0.01903990886766872
73536,0,0,0.01854694531416823
73540,0,0,0.01309589491343832
73551,0,0,0.0016189727765707597
73552,0,0,0.004220191121802706
73558,0,0,0.010093832297980656
73567,0,0,0.0020138403110491958
73569,0,0,0.001970079456697504
73570,0,0,0.0006268254104459961
73572,0,0,0.0017787710541179466
73582,0,0,0.007731519209510056
73585,0,0,0.009765948870182504
73587,0,0,0.005638462417237899
73591,0,0,0.03893057780156834
73597,0,0,0.0030226615766014986
73602,0,0,0.0015102714151137714
73605,0,0,0.0004731908289577631
73614,0,0,0.05259638167277658
73622,0,0,0.0027828279142964323
73644,0,0,0.10878750203595365
73647,0,0,0.00046634279410962665
73648,0,0,0.003665262041163782
73651,0,0,0.09099768339472057
73654,0,0,0.048616949891494274
73655,1,1,0.9313489218185738
73661,0,0,0.03877150283141412
73663,0,0,0.41248504480064907
73673,0,0,0.08759903616638359
73679,0,0,0.017358293529272747
73682,0,0,0.0214519954798376
73685,0,0,0.006417892733529068
73690,1,1,0.9642803974029198
73697,0,0,0.008884565079663837
73699,0,0,0.002861700089434016
73708,0,0,0.007388059669752494
73712,0,0,0.007107021378337608
73713,0,0,0.031041467933558137
73725,0,0,0.01367686202686203
73728,0,0,0.06998411841385371
73737,0,0,0.3077396688743586
73742,0,0,0.010936404010171707
73743,0,0,0.0012572116266736106
73745,0,0,0.047571131255301706
73746,0,0,0.0008182805664912127
73752,0,0,0.011265866936514239
73755,0,0,0.0018451892264810628
73759,0,0,0.0004684675198674542
73760,0,0,0.05818387523245178
73761,0,0,0.00674625697765796
73765,0,0,0.07004021266842125
73778,0,0,0.0023912874454765655
73787,0,0,0.007129507287902282
73789,0,0,0.011832268730362859
73805,0,0,0.0005475422585811796
73809,0,0,0.00964924665893827
73820,0,0,0.009126742083130345
73825,0,0,0.047807246442962865
73826,0,0,0.009947051090852487
73830,0,0,0.0006856187425726386
73841,0,0,0.0034536777810631482
73843,0,0,0.1300559812883705
73850,0,0,0.0004731908289577631
73852,0,0,0.00042918574957667986
73855,0,0,0.10445213695433588
73857,0,0,0.19905199502533077
73858,0,0,0.005036276144685917
73868,0,0,0.02857609863157332
73885,0,0,0.005576404919344215
73898,0,0,0.010071113102763924
73899,1,1,0.9663251500272777
73908,0,0,0.2989493581063555
73913,1,1,1.0
73914,0,0,0.0038003640315869697
73922,0,0,0.005338439945633847
73923,0,0,0.006676986938851043
73924,0,0,0.003694334478256347
73934,1,1,0.9441229843654554
73945,1,1,0.9383353422693129
73947,0,0,0.00595055925890796
73956,0,0,0.37907435917323845
73968,0,0,0.011557313525156496
73973,0,0,0.01665008169314376
73983,0,0,0.015281124674179828
73988,0,0,0.020766673007236097
73991,0,0,0.0015608474642115804
73992,0,0,0.002881620901321892
73995,0,0,0.00394256996607891
73996,0,0,0.002967434197626706
73998,0,0,0.0022457940552056696
74002,0,0,0.0006629832160954926
74006,0,0,0.009057215605611147
74008,0,0,0.00951359579185054
74017,0,0,0.007813680951004546
74018,0,0,0.0022931550320170373
74019,0,0,0.016228600000263108
74021,0,0,0.0074388633986117595
74024,0,0,0.0024536987839355955
74028,0,0,0.0990541583300403
74036,0,0,0.00048626191232677726
74042,0,0,0.08310962046564967
74043,0,0,0.004319716872398401
74044,0,0,0.19980313780667225
74052,0,0,0.05403089996568301
74053,0,0,0.007276479028753124
74054,1,0,0.1583531770718694
74062,0,0,0.0009508823955854701
74072,0,0,0.001520421808900435
74074,0,0,0.0011471480530243455
74087,0,0,0.0003795774887688419
74094,0,0,0.029252442828881953
74101,0,0,0.08620108562972462
74103,0,0,0.01859963747547208
74107,0,0,0.004576154848900403
74114,0,0,0.0020831261212605028
74129,0,0,0.0018472538578845007
74130,0,0,0.01701673314200924
74134,0,0,0.0009189752934026879
74138,0,0,0.003235138536017285
74141,0,0,0.0019892608134713455
74144,0,0,0.011692851124323127
74147,0,0,0.03415540237090061
74150,0,0,0.0010439388863529824
74165,1,1,0.9823274468221836
74175,0,0,0.003681010573182221
74178,0,0,0.01590846708163282
74184,0,0,0.032975366980500326
74194,0,0,0.002256659918448636
74195,0,0,0.003542416653581644
74196,0,0,0.0011913795365171614
74204,0,0,0.027889720664074066
74208,1,0,0.10422246671100549
74210,0,0,0.014143536898800017
74216,0,0,0.01326952377468004
74221,0,0,0.021384187490897596
74227,0,0,0.00573212238811536
74231,0,0,0.005356239154068188
74240,0,0,0.07353279524264367
74241,0,0,0.0480388404881856
74262,0,0,0.049300876282800256
74268,0,0,0.013327430411717084
74283,0,0,0.018364883334081962
74287,0,0,0.006968735637357179
74290,0,0,0.05468133048981888
74297,0,0,0.03919330010059663
74308,0,0,0.04788680625056376
74309,0,0,0.07097841835096323
74312,0,0,0.00475585808206132
74330,0,0,0.00019124602507461757
74331,0,0,0.017960423062707096
74343,0,0,0.10295824921967284
74344,0,0,0.005669105047607044
74345,0,0,0.037388835546653246
74351,0,0,0.01009770319122243
74354,1,0,0.09576938302778636
74371,0,0,0.010675288688851165
74380,0,0,0.06384958701276765
74399,0,0,0.03182409561880074
74402,0,0,0.02406970472361141
74405,0,0,0.00648226465038737
74409,0,0,0.0007571276120061999
74411,0,0,0.14451207765152738
74414,0,0,0.001799394179896692
74421,0,0,0.27338369681090113
74423,0,0,0.14654958759756156
74437,0,0,0.00896229243354871
74461,1,0,0.14056039282867988
74473,0,0,0.0257141790352267
74475,0,0,0.037798995907724106
74476,0,0,0.002067327325571574
74478,0,0,0.009254694030889271
74479,0,0,0.0017135744784176025
74480,0,0,0.0032855238017920735
74505,0,0,0.20574280397854341
74508,0,0,0.02890084801768105
74515,0,0,0.01751256518067312
74517,0,0,0.0032931747474374273
74519,1,0,0.02324675364034231
74528,0,0,0.001499961442066705
74532,0,0,0.007733885517524901
74534,0,0,0.013681034193516876
74541,1,0,0.11627204898300075
74546,0,0,0.006321067756058122
74551,0,0,0.001876293425547937
74558,0,0,0.0010822416537732082
74559,0,0,0.018060787125769757
74562,0,0,0.00323794283739712
74586,0,0,0.17501442382551274
74593,0,0,0.04589992185082788
74595,0,0,0.021494490434532637
74598,0,0,0.11297228439742694
74599,0,0,0.0395806078492451
74607,0,0,0.01704899493016648
74610,1,1,0.9902173913043478
74611,0,0,0.0003994014124917516
74618,0,0,0.01450043397160295
74622,0,0,0.017071378979585824
74640,1,1,1.0
74648,0,0,0.0982939850151409
74651,0,0,0.0005287471015823038
74660,0,0,0.006749256915059267
74669,0,0,0.0017874901959563905
74675,0,0,0.011386330700852938
74680,0,0,0.007434917399360392
74684,0,0,0.014316054150980027
74692,0,0,0.0030853831823017615
74693,0,0,0.060899249054336684
74697,1,1,0.945196661525609
74702,0,0,0.00439754918979643
74711,0,0,0.015729641894989703
74718,0,0,0.006536883786774317
74725,1,0,0.27469785225408905
74732,0,0,0.0036964002208164475
74738,0,0,0.0827846207285514
74739,0,0,0.009447321200414251
74740,0,0,0.01848500711875133
74741,0,0,0.10909167422365253
74757,0,0,0.009463369773219226
74762,0,0,0.04194663700741422
74765,0,0,0.007948616184557005
74768,0,0,0.07856770792051888
74774,0,0,0.04325618889910709
74776,0,0,0.0015641368152505312
74779,0,0,0.013172772374296602
74782,0,0,0.16644433078127086
74784,1,1,0.9115538889976782
74786,0,0,0.011205170504198583
74787,1,1,0.9075573307344191
74789,0,0,0.010816708666008422
74797,0,0,0.0003144002477852203
74803,0,0,0.00575739928307123
74810,0,0,0.0017886178861788618
74811,0,0,0.011624184934177759
74818,0,0,0.001227251010245971
74819,0,0,0.001310200236706815
74830,0,0,0.010540124363575654
74839,0,0,0.0025140033217889435
74840,0,0,0.02298454645340808
74845,0,0,0.0005105859721200208
74853,0,0,0.05737697513251166
74858,0,0,0.02036551325136645
74859,0,0,0.12203199655844056
74867,0,0,0.003604979586794674
74868,0,0,0.0020550251467591828
74879,0,0,0.011423428229075668
74880,0,0,0.012606505843407816
74885,0,0,0.01058720479212382
74888,0,0,0.0005287471015823038
74889,0,0,0.10390440859996442
74890,1,1,0.9118647583163583
74891,0,0,0.0442177963751868
74893,0,0,0.0028114277557515443
74894,0,0,0.17217892739741747
74895,0,0,0.008596237718473388
74897,0,0,0.004265175870610523
74909,0,0,0.05562236950351205
74910,1,1,0.981934490481523
74912,0,0,0.0005499904789613998
74922,0,0,0.01606704186164339
74930,0,0,0.018736852237555866
74931,0,0,0.0014067527909869604
74932,0,0,0.07894893988499695
74944,1,1,0.9762400318979266
74949,0,0,0.007361212941955393
74954,0,0,0.003584976079977637
74955,0,0,0.06434330196086872
74957,0,0,0.005778394208321238
74961,0,0,0.14066005377912566
74965,0,0,0.11034606578394943
74969,0,0,0.0057885285947617245
74970,0,0,0.21529770564560166
74973,1,1,0.9213972191930206
74978,0,0,0.0010365174457212009
74981,0,0,0.030916843873763592
75011,0,0,0.07294636281855371
75027,0,0,0.0026760447611277527
75028,0,0,0.011096281986779985
75034,0,0,0.0014610335523874212
75035,0,0,0.0009322997437691103
75038,0,0,0.013345142886618222
75039,0,0,0.040796058562371715
75046,0,0,0.001721371858578059
75049,0,0,0.008213143322666528
75050,0,0,0.00629281968408301
75064,0,0,0.011019310566739684
75073,0,0,0.0006104729577844716
75076,0,0,0.0010159048372620676
75080,0,0,0.19789771860107702
75106,0,0,0.05516925561897497
75109,1,1,0.9650791983926694
75113,0,0,0.01778667451086798
75120,0,0,0.10368138318182842
75121,0,0,0.10246236608224389
75127,0,0,0.0013639201689731285
75128,0,0,0.011703419622733371
75132,0,0,0.0019856314505268696
75135,0,0,0.0007532743150265845
75143,0,0,0.02095775875977344
75149,0,0,0.002007206618756971
75153,0,0,0.00853514824196657
75157,0,0,0.015928891217278394
75166,0,0,0.0009380631992804358
75168,0,0,0.0009380631992804358
75180,0,0,0.006559518437832503
75193,0,0,0.004069210135709696
75195,0,0,0.003892222133385132
75205,0,0,0.0029366612731357416
75208,0,0,0.0012097113797132975
75210,0,0,0.004439088112504168
75219,0,0,0.013854575721138775
75223,0,0,0.02267702795681161
75231,0,0,0.0011471640621912263
75248,0,0,0.12393575090979211
75281,0,0,0.0005045442177103062
75283,0,0,0.0008358485550999674
75284,0,0,0.0026465333435952386
75286,0,0,0.005898699085111367
75289,0,0,0.003955225661504726
75297,0,0,0.02398670520139269
75302,0,0,0.019752661808565455
75303,0,0,0.011179108772877255
75306,0,0,0.0031369709336480605
75307,0,0,0.00345918753594792
75316,0,0,0.008641896806483513
75328,1,1,0.9662693825629622
75329,0,0,0.004036092110038965
75331,0,0,0.02788539217128353
75356,0,0,0.006776165268288847
75363,0,0,0.002793843640207693
75371,0,0,0.00048626191232677726
75374,0,0,0.1306350579139044
75376,0,0,0.0020639231324988067
75377,1,0,0.12941849385374532
75386,0,0,0.006227229286996317
75389,0,0,0.000495018302302757
75392,0,0,0.08019622315448093
75393,0,0,0.19059823122619807
75398,0,0,0.015334473673355229
75399,0,0,0.004636403291332213
75404,0,0,0.013634840085690858
75405,0,0,0.040701272649814164
75417,0,0,0.025632957885465667
75422,0,0,0.023779485815917115
75435,0,0,0.01886221273520716
75437,0,0,0.0040804171412520025
75440,0,0,0.003419197803868366
75441,0,0,0.011467640634684174
75446,0,0,0.001233994613858478
75456,0,0,0.09549176824744295
75460,0,0,0.1001882561183224
75461,0,0,0.2921712824658698
75467,0,0,0.18382877424547592
75473,0,0,0.014529710964822827
75474,0,0,0.2535176841671357
75477,0,0,0.015215215891855855
75478,0,0,0.003549578189117441
75480,0,0,0.0403931484917051
75488,0,0,0.2283859702856276
75494,0,0,0.006671401306364327
75502,0,0,0.019021275829227646
75504,0,0,0.00043010167068100054
75507,0,0,0.0004588545248436012
75508,1,1,0.9399361111111111
75511,0,0,0.026366605521070143
75512,0,0,0.0020675678248962505
75523,0,0,0.004178467164645526
75531,0,0,0.007532096073953525
75537,0,0,0.025217952960154087
75548,0,0,0.0015036789166441517
75552,0,0,0.005053245585512452
75558,0,0,0.011325855004858188
75560,0,0,0.006398904985555589
75561,0,0,0.04074778554977691
75563,0,0,0.0028349522047353393
75571,0,0,0.02012775680293778
75573,0,0,0.0005287471015823038
75581,0,0,0.018929845254940257
75582,0,0,0.027354444645159612
75586,0,0,7.380073800738007e-05
75588,0,0,0.00040738090370067467
75593,0,0,0.0024281713880223346
75599,0,0,0.013760453930119926
75625,0,0,0.19715839525982937
75632,0,0,2.6857654431512983e-05
75640,0,0,0.007709594012380923
75642,0,0,0.050014189099499735
75644,0,0,0.015217030312297812
75650,0,0,0.10434575838498089
75660,0,0,0.008016957994560144
75663,0,0,0.009677767945772197
75666,1,1,1.0
75692,0,0,0.0008667649084606744
75699,0,0,0.002727772790555258
75700,0,0,0.001388300914595485
75702,0,0,0.0006780102621920816
75703,0,0,0.004304990207348362
75709,0,0,0.0019196653586016157
75714,0,0,0.0003732858370758189
75717,0,0,0.013024228298024
75719,0,0,0.011514324651175665
75722,0,0,0.007812024276457085
75723,0,0,0.006150703172406163
75726,0,0,0.04657056759936811
75728,0,0,0.00803734817982737
75746,0,0,0.0031336535475888134
75752,0,0,0.0047035857827401086
75758,0,0,0.002452215115367905
75766,0,0,0.0006804509879553807
75769,0,0,0.13942960147434036
75770,0,0,0.0033644113839455263
75777,0,0,0.025267484214184545
75781,0,0,0.014561764181921408
75790,0,0,0.005533533531248518
75792,0,0,0.012746106721846808
75794,0,0,0.0008752867595788074
75816,0,0,0.005714297234702609
75820,0,0,0.000612759021863082
75823,1,1,0.9354254699613936
75833,0,0,0.0041656585153560625
75840,0,0,0.168005470981001
75848,0,0,0.04941178998872859
75851,0,0,0.011225691533970284
75856,0,0,0.002094772787614503
75870,0,0,0.00263987185353739
75871,0,0,0.03975955275660237
75878,1,1,1.0
75880,0,0,0.2899281959460232
75885,0,0,0.007702855893343185
75887,0,0,0.005941926108789033
75893,1,1,0.9779775866645432
75900,0,0,0.0017224060167443198
75903,0,0,0.011658681373693938
75906,0,0,0.05802742751280276
75910,0,0,0.014062604475469318
75915,0,0,0.034174866417692
75920,1,1,0.9665214675066932
75941,0,0,0.0010379846608264734
75944,0,0,0.03790802482251805
75951,0,0,0.06363780277125736
75957,1,0,0.11973469393999264
75971,0,0,0.019266457588513773
75979,0,0,0.0032981742907136837
75991,0,0,0.005920108724055402
75992,0,0,0.008929578062480188
75994,0,0,0.012390125020037966
75997,0,0,0.010235014087482992
76000,0,0,0.04154733812310814
76002,0,0,0.043614025339960276
76007,0,0,0.07760858015586189
76008,0,0,0.0046395766553187015
76010,0,0,0.03156966711261891
76011,0,0,0.003628120181485664
76021,0,0,0.001018538818553357
76037,0,0,0.0004774333072060251
76046,0,0,0.013583586822732792
76059,0,0,0.17521675355124813
76060,0,0,0.008050064238551988
76066,0,0,0.0709594877955968
76075,0,0,0.005501298959580683
76079,0,0,0.0009076679958468037
76088,0,0,0.011415014050967174
76113,0,0,0.13976831687791694
76114,0,0,0.01652144849421413
76115,0,0,0.003408816281017219
76116,0,0,0.0016319755924195127
76117,0,0,0.0004559211849441131
76122,1,1,0.9909824175824176
76125,0,0,0.03321853198527795
76127,0,0,0.003686496427212787
76135,0,0,0.004632000382360627
76147,0,0,0.04049420108984738
76155,0,0,0.11860327268859507
76161,0,0,0.03138928174487728
76163,0,0,0.0026721418709932925
76166,1,1,0.9374877168004063
76170,1,1,0.9039879190321485
76171,0,0,0.15104742785732264
76172,1,0,0.09040297899640282
76175,0,0,0.02735463807852585
76176,0,0,0.06524761950062273
76179,0,0,0.020211940137205883
76187,0,0,0.014366843862654726
76202,0,0,0.08223577657926877
76211,0,0,0.05609821249587803
76215,0,0,0.0015182291133955406
76226,0,0,0.014538787722977963
76229,0,0,0.010289230624493117
76235,0,0,0.028652744648853045
76254,0,0,0.037630224274907906
76258,0,0,0.00391223251344944
76264,0,0,0.037358294557598384
76266,0,0,0.02705019725967991
76267,0,0,0.001781693753865374
76268,1,0,0.01786059600031327
76273,0,0,0.010251454053634902
76291,0,0,0.002863311906696632
76302,0,0,0.004835939831137888
76309,0,0,0.0007018367286247219
76316,0,0,0.00630237398070864
76319,0,0,0.06949885562877568
76320,0,0,0.002008798476792956
76321,1,0,0.055650616469835504
76324,0,0,0.002795682512805806
76325,0,0,0.020013764227525325
76326,0,0,0.03374731773128299
76327,0,0,0.015786502638639906
76328,0,0,0.0079648511218262
76332,0,0,0.009142035959701327
76333,0,0,0.005872516904245003
76353,0,0,0.15334559177344725
76355,0,0,0.010791934235194992
76356,0,0,0.021700388190553362
76359,0,0,0.03645253523779185
76374,1,1,0.9302694970364471
76382,0,0,0.000677234988265782
76384,0,0,0.0012486665833686844
76389,0,0,0.0025706929092220217
76391,1,0,0.10713501168668926
76395,0,0,0.007095928872220809
76396,0,0,0.06512449655886833
76398,0,0,0.0333068949491532
76408,0,0,0.0014303202711507467
76415,0,0,0.2484398236172775
76416,0,0,0.0012228906970130462
76425,0,0,0.0006824134663904574
76430,0,0,0.0021945478461599384
76438,0,0,0.004915032087087144
76443,0,0,0.0010538857220467816
76453,0,0,0.007148746418744334
76455,0,0,0.19025515525982228
76457,0,0,0.00865738391026983
76464,0,0,0.0005154226512158814
76465,1,1,0.8952825205594779
76468,0,0,0.0004695707653111543
76473,0,0,0.003463643798326261
76476,0,0,0.13352222454333965
76480,0,0,0.0015219621618038218
76485,1,1,1.0
76486,0,0,0.00545343517361403
76497,0,0,0.005745275304385778
76498,0,0,0.04238095636247069
76499,0,0,0.13787921130420902
76503,0,0,0.0029747041208729973
76505,0,0,0.003325783841898474
76507,0,0,0.022255825215229133
76508,0,0,0.008093516914266663
76516,0,0,0.06737031882209898
76519,0,0,0.0014008179611093405
76520,0,0,0.08854015287294185
76522,1,1,0.9615870065922378
76524,0,0,0.13673032670469043
76527,0,0,0.06370287229782555
76536,1,1,0.9740110352383989
76537,0,0,0.0007468894327931574
76550,0,0,0.017430215132896092
76553,0,0,0.05855237594209224
76555,0,0,0.1890164934771525
76556,0,0,0.0019085524856835559
76562,0,0,0.041694230563204676
76564,0,0,0.20856016802993818
76572,0,0,0.018793526175212974
76576,0,0,0.013606129148886436
76579,0,0,0.07991061388487278
76594,0,0,0.015357036785738848
76604,0,0,0.0045819888873569565
76610,0,0,0.0
76611,0,0,0.14007400656839653
76615,0,0,0.004600569435181556
76616,0,0,0.011554534640208579
76619,0,0,0.002080669002373776
76630,0,0,0.012622537060928278
76635,0,0,0.0013069252854848161
76636,0,0,0.027227675236483923
76651,1,1,0.9587207048885262
76656,0,0,0.28600730308351524
76682,0,0,0.015812962668544605
76688,0,0,0.008817928210977585
76694,0,0,0.23733356781342482
76696,0,0,0.08759505892658068
76701,0,0,0.0025246894845793355
76710,0,0,0.0004588545248436012
76714,0,0,0.060584762377678715
76716,0,0,0.062045431832937224
76717,1,0,0.2293356599729875
76721,0,0,0.0014505794299577376
76724,0,0,0.04012141936964075
76727,1,1,0.9526347707692392
76737,0,0,0.004957747774358293
76742,0,0,0.18591134837863987
76746,0,0,0.0012097113797132975
76747,0,0,0.15260404587652032
76759,0,0,0.016932079152650843
76761,0,0,0.0018968224318324895
76783,0,0,0.002916770751988107
76786,0,0,0.007624101419606871
76790,0,0,0.0030468321848990954
76794,0,0,0.004242651820303029
76797,0,0,0.009104324692836537
76800,0,0,0.003267644304307353
76805,0,0,0.004753109717643596
76810,1,1,1.0
76812,0,0,0.16322135424601125
76814,0,0,0.23732123299208033
76825,0,0,0.004002241142521602
76841,0,0,0.00551665107543497
76848,0,0,0.0006141548881518371
76858,0,0,0.002624558992543569
76860,0,0,0.13399302491961873
76862,0,0,2.6857654431512983e-05
76870,0,0,0.004402611940415494
76871,0,0,0.006170994721839431
76874,0,0,0.0007115671005726573
76894,0,0,0.01088681127863948
76896,0,0,0.003782530012031667
76904,0,0,0.0011714094853500201
76906,0,0,0.015767129130162826
76911,0,0,0.0035768910415274685
76912,0,0,0.02633858785759849
76914,1,1,0.956658035638058
76918,0,0,0.0004429270837037827
76923,1,1,0.9471483532807062
76925,0,0,0.02817719814666226
76928,0,0,0.005971328058538488
76932,0,0,0.024349869773801394
76939,0,0,0.02645741394195216
76947,0,0,0.05559403937470663
76955,0,0,0.03323541412713185
76962,0,0,0.0049114201261464705
76964,1,0,0.22545249888987748
76978,0,0,0.08588460102222223
76982,0,0,0.024014659148462833
76991,0,0,0.008714714666449002
76992,0,0,0.0013742098532700722
76998,0,0,0.01939542751282829
76999,0,0,0.011865899719244144
77012,0,0,0.001018538818553357
77014,0,0,0.01659825699786072
77020,0,0,0.0014466815697438628
77022,0,0,0.005512713007479408
77024,0,0,0.0030691428088103724
77034,0,0,0.0024435864435424274
77047,1,1,0.9633041474654379
77059,0,0,0.043210475321284046
77060,0,0,0.010818519319678034
77061,1,1,0.9572078754578754
77073,0,0,0.010462039826972948
77083,0,0,0.012471327449763396
77089,0,0,0.008031888207723176
77097,0,0,0.0027822490124415206
77099,0,0,0.0015089331260099456
77103,0,0,0.01688246007695639
77104,0,0,0.0015222585001621592
77110,0,0,0.008214307667386497
77115,0,0,0.00023236846669271295
77127,0,0,0.0032677717562149106
77134,0,0,0.01856026505330329
77139,0,0,0.0012985983370725367
77140,0,0,0.010832078616789023
77141,0,0,0.008432755897258889
77146,0,0,0.007860814519404099
77151,0,0,0.028922913767624205
77157,0,0,0.001215719669577013
77164,0,0,0.005221117038532249
77165,0,0,0.004164751419673817
77171,1,1,0.9561051949419038
77173,0,0,0.006403406112910173
77180,0,0,0.01237196082593168
77184,0,0,0.024740747409004636
77197,0,0,0.003259379906419966
77202,1,1,0.9399387892017071
77205,0,0,0.08860097685577317
77206,0,0,0.0018981255744756908
77210,0,0,0.018269829407846373
77224,0,0,0.01654224884253572
77227,0,0,0.010400046655556366
77228,0,0,0.01324597490251992
77234,1,1,0.9917857142857143
77236,0,0,0.02379370709788104
77239,0,0,0.02199953453540509
77246,1,0,0.11251077308622831
77247,1,0,0.25459998694043234
77251,0,0,0.03703240104330063
77254,0,0,0.04119241036502985
77255,0,0,0.0034145828793876063
77266,0,0,0.0068511168941624255
77267,0,0,0.08552450813102602
77275,0,0,0.017114050056237496
77287,0,0,0.007354797430845196
77299,0,0,0.005941487668026308
77304,0,0,0.0036128393358257627
77312,1,1,0.9909824175824176
77313,0,0,0.01236024841482945
77324,0,0,0.009189080172435153
77326,0,0,0.023086899060624565
77330,0,0,0.004573958063778224
77333,0,0,0.0005890943025533824
77336,0,0,0.01671287931262227
77340,0,0,0.00984067111456598
77342,0,0,0.014401890587898116
77343,0,0,0.07861799501174739
77344,0,0,5.045408678102927e-06
77359,0,0,0.002552304346721536
77365,0,0,0.010676875908087434
77369,0,0,0.00843759576048669
77381,0,0,0.06673929557731462
77386,0,0,0.00813909445255336
77387,0,0,0.000761915711485186
77395,0,0,0.009883012107656856
77400,1,0,0.21747346082405258
77404,0,0,0.02130418171235742
77406,0,0,0.006573673008872755
77407,0,0,0.0010629580799507755
77409,0,0,0.0011781886693279105
77414,0,0,0.11105512000423141
77417,0,0,0.0175891005271791
77420,0,0,0.01699776269272574
77423,0,0,0.1427611653118196
77427,0,0,0.16730783959595058
77449,0,0,0.0048090291926809635
77457,0,0,0.0011148568826668708
77465,0,0,0.07657782917150768
77477,0,0,0.1019276422997751
77491,1,1,0.8948118050422674
77494,0,0,0.0009898989659698426
77496,0,0,0.0010094606342783427
77497,0,0,0.03947639380161236
77504,0,0,0.0883374799579858
77506,0,0,0.0006297241737933639
77512,0,0,0.040006871123991664
77517,0,0,0.08285535655359645
77518,0,0,0.006239665322862913
77520,0,0,0.005963825058271533
77523,0,0,0.0675934827673514
77524,0,0,0.0031390813335526054
77525,0,0,0.0714780809430128
77529,0,0,0.001825739464802742
77538,0,0,0.010316632104475889
77548,0,0,0.10880329993470886
77549,0,0,0.034273216498828564
77565,0,0,0.0005257616477612446
77567,0,0,0.001987071100426795
77571,0,0,0.01336876192487183
77585,0,0,0.0004894361215561676
77589,0,0,0.04428851074676471
77603,0,0,0.003923269981300811
77612,1,1,0.985909090909091
77618,0,0,0.001018538818553357
77638,0,0,0.0011371973654150083
77640,0,0,0.02492006949674443
77641,0,0,0.007866378573925683
77643,0,0,0.003057698744382823
77646,0,0,0.004822090242865105
77655,0,0,0.005129849990218383
77657,0,0,0.018488610398501304
77667,0,0,0.001925761302582117
77673,0,0,0.005354055377074797
77683,0,0,0.0026256459358528945
77685,0,0,0.28588844556091414
77690,0,0,0.0062097709790894465
77692,0,0,0.0011606437315635689
77719,0,0,0.004579925964515808
77723,0,0,0.015639045665288388
77726,0,0,0.016251630863926815
77733,0,0,0.02719071370289623
77741,0,0,0.013204674938167054
77742,0,0,0.04060895458726731
77746,0,0,0.0011940656032766292
77749,0,0,0.002609107503884478
77757,0,0,0.003476949611212159
77758,0,0,0.01663233693643786
77760,0,0,0.027155002142815198
77762,0,0,0.0014189657971620487
77767,0,0,0.12467688042073471
77772,0,0,0.0009380631992804358
77785,0,0,0.09217018907189724
77788,0,0,0.003507638196367248
77794,0,0,0.001423538270870325
77820,0,0,0.00042918574957667986
77837,0,0,0.118471796410499
77840,0,0,0.01431928035362949
77844,0,0,0.0011005190409411221
77847,0,0,0.037416082354911714
77856,0,0,0.0011449243947609436
77867,0,0,0.026479100242514462
77868,0,0,0.01353421731231351
77870,0,0,0.025316266373815028
77871,0,0,0.08674800902680017
77879,0,0,0.013454891075239566
77882,0,0,0.006905706084197914
77884,0,0,0.0327435995841727
77894,0,0,0.18309572232844054
77897,0,0,0.01843212127272597
77903,0,0,0.21659152955661246
77911,0,0,0.10391604414732497
77912,0,0,0.024100348891026524
77914,0,0,0.005088392502039713
77916,0,0,0.1118410711361511
77921,0,0,0.010016430555510793
77929,0,0,0.07815011042038343
77930,0,0,0.02383403400965844
77937,0,0,0.006710592284955288
77938,0,0,0.00029375311696965245
77943,0,0,0.002487551741460422
77945,1,0,0.1307652302362353
77947,0,0,0.029344983812974693
77948,0,0,0.00600815235728971
77952,0,0,0.17010315757657252
77966,0,0,0.0018044666692379363
77967,0,0,0.005244624014007604
77972,1,1,0.9385368173821438
77973,0,0,0.011468435546702727
77975,0,0,0.04510200769632629
77985,0,0,0.0007494148190506886
77987,0,0,0.0020831261212605028
77988,0,0,0.000822405391338078
78004,0,0,0.008526441412003583
78005,0,0,0.0022306642613610732
78007,0,0,0.19804057146997617
78010,0,0,0.022894519437645026
78015,0,0,0.13692929177808916
78017,0,0,0.057677253719075894
78020,0,0,0.00787585301258686
78023,0,0,0.16879251404955034
78026,1,0,0.0872829553526135
78030,0,0,0.0004523480245560347
78034,0,0,0.03723154929163732
78035,0,0,0.008727395565911967
78040,0,0,0.01929465898679543
78045,0,0,0.05125565337285266
78051,0,0,0.006993031757335396
78059,0,0,0.005416084299438474
78061,0,0,0.008506931094807393
78066,0,0,0.002634226515322211
78078,0,0,0.03847397964580066
78080,1,1,0.965895299145299
78089,0,0,0.007070748114850975
78096,0,0,0.03764948006916422
78116,0,0,0.19615918860908896
78123,0,0,0.004732230561384051
78125,0,0,0.2363133148213517
78126,0,0,0.010571747711851038
78141,0,0,0.013736348840968075
78164,0,0,0.0006147101254141888
78171,0,0,0.0001256611697815364
78180,0,0,0.0005154226512158814
78182,0,0,0.00405962116878619
78188,0,0,0.0037141893854483227
78203,0,0,0.022752893142567787
78205,0,0,0.004402362056238994
78207,0,0,0.07576456355606455
78214,0,0,0.00669235488754636
78216,0,0,0.06541850410786608
78222,0,0,0.13696552859160818
78229,0,0,0.17876809653084405
78230,0,0,0.0007668579839541352
78239,0,0,0.019361676182027217
78241,0,0,0.0007037582102684073
78247,0,0,0.004100488891673624
78248,0,0,0.058196985086418046
78249,0,0,0.01534878319146133
78261,0,0,0.002896273727760692
78264,0,0,0.012436282386320947
78265,0,0,0.14082108976847293
78278,0,0,0.035575504809707954
78283,0,0,0.000675186012523365
78303,0,0,0.013790309232674196
78309,0,0,0.012038060559552175
78311,0,0,0.002003727986543936
78312,0,0,0.0030858386422469557
78319,0,0,0.0011816720414888095
78327,0,0,0.06383483320212281
78332,0,0,0.003972905293345495
78336,0,0,0.0584274392146368
78342,0,0,0.002276477231922939
78352,0,0,0.19839601755407701
78354,0,0,0.0007499902402464828
78357,0,0,0.0014142190856001257
78358,0,0,0.0029961634636928285
78360,0,0,0.0008631412100912939
78363,0,0,0.003470776294808457
78365,0,0,0.0004944663026426867
78370,0,0,0.011854583235526468
78379,0,0,0.0039783014866490805
78407,0,0,0.006374437437072975
78412,0,0,0.01696142984365551
78414,1,1,0.9518518814518814
78425,0,0,0.006023795507908512
78430,0,0,0.006955866615933065
78436,1,1,0.99
78439,0,0,0.003752605795288722
78442,1,1,0.9627234344796685
78444,0,0,0.1054561170997824
78446,0,0,0.029024138423802
78449,0,0,0.023859167813776713
78450,0,0,0.01605225939674081
78451,0,0,0.0019528929802255562
78452,0,0,0.08026386244882543
78456,0,0,0.03771333514806821
78464,0,0,0.0005041153536599972
78465,1,1,0.9583080808080808
78467,0,0,0.015105989063636114
78472,1,1,0.9119363430686961
78475,0,0,0.1067315253857902
78480,0,0,0.24698154687427668
78492,0,0,0.0015961333359046032
78498,0,0,0.17174101610322196
78500,0,0,0.0037101418483310874
78508,0,0,0.19761769247363584
78511,0,0,0.0691524721384085
78514,0,0,0.21269321972546146
78518,0,0,0.014908905596884032
78519,1,0,0.06455393548942528
78520,0,0,0.0041469478739597524
78525,0,0,0.005617507006383511
78526,0,0,0.027961766678153217
78530,0,0,0.0031200537070853614
78535,0,0,0.006905744983791369
78558,0,0,0.06606974775360695
78561,0,0,0.02420554353405345
78569,0,0,0.004273496174520494
78574,0,0,0.022326802365924544
78580,0,0,0.006688559247126747
78582,0,0,0.28469466243060265
78583,1,0,0.13966996709738402
78584,0,0,0.0023482677926804905
78601,0,0,0.08993914249857772
78604,0,0,0.007575589982019548
78617,1,1,1.0
78629,0,0,0.004881495791628641
78635,1,1,0.9185554056859714
78637,0,0,0.002350819118177039
78649,0,0,0.00873801681658231
78650,0,0,0.019726548135267613
78651,0,0,0.004029750784438296
78656,0,0,0.028978425727875772
78661,0,0,0.0007215617715617715
78668,0,0,0.00800263825577486
78671,1,1,0.9283948482863148
78672,0,0,0.01487996457071113
78677,0,0,0.1438533485717266
78688,0,0,0.010731547060802604
78692,0,0,0.00044049304713256394
78696,0,0,0.007567153680443091
78709,0,0,0.03896847861758216
78712,1,1,0.9815183428955823
78719,0,0,0.06508312275959334
78721,0,0,0.002343145769643092
78734,0,0,0.10570679768888377
78735,0,0,0.008864130879156227
78736,0,0,0.008751074382065653
78738,0,0,0.000834487958106446
78743,0,0,0.003789136435580186
78749,0,0,0.006188547385816931
78752,0,0,0.09549655659416464
78754,1,1,0.9545816745224797
78755,0,0,0.11444684405572522
78760,0,0,0.027932179326972107
78769,0,0,0.004718506573249679
78782,0,0,0.00042918574957667986
78790,0,0,0.0829816360170693
78811,0,0,0.002313961222752134
78812,0,0,0.06497823634701173
78816,0,0,0.001204599310072853
78818,1,1,0.9004397844850875
78826,0,0,0.0016958439110701148
78830,0,0,0.0433100423843316
78836,1,0,0.14569414171095849
78838,0,0,0.2128206047934078
78844,0,0,0.08602318366083983
78846,0,0,0.0021052227599305112
78848,0,0,0.028048208734358936
78853,0,0,0.006587925892961783
78854,0,0,0.0027019563581269605
78855,0,0,0.006448196523958432
78866,0,0,0.002451651085531245
78871,0,0,0.005245482177298143
78885,0,0,0.04868735138879888
78909,0,0,0.2275984391677654
78912,0,0,0.0005154226512158814
78920,0,0,0.00350125206081894
78924,0,0,0.009482825447026073
78931,0,0,0.012311448253315286
78934,0,0,0.034532447680054694
78939,0,0,0.059857339557479045
78948,0,0,0.010741410444318008
78959,0,0,0.001649361376993362
78963,0,0,0.007134018457508876
78973,0,0,0.005826751604925787
78975,0,0,0.005559545717792297
78993,1,1,0.875946196867771
79009,0,0,0.0008836687211069559
79025,0,0,0.022724918013469174
79026,0,0,0.002110956626824969
79028,0,0,0.001298770229856605
79037,0,0,0.04550611234464222
79043,0,0,0.027646391135716545
79045,0,0,0.017466688614997623
79046,0,0,0.013503843282165785
79058,0,0,0.05032301251467899
79067,0,0,0.013731232652253544
79072,0,0,0.04492383169862412
79076,0,0,0.002952004632236241
79078,0,0,0.009960150861823365
79081,0,0,0.0022708260302718875
79100,0,0,0.03319599402687203
79105,0,0,0.04951915467830904
79106,0,0,0.001165861158652805
79107,0,0,0.004461782879945877
79108,0,0,0.021695558294237624
79120,0,0,0.0035525799013355268
79125,0,0,0.015271472524797882
79127,0,0,0.06646884329584435
79128,1,0,0.01838904575492041
79131,0,0,0.024291659662337886
79140,0,0,0.010740654334089175
79147,0,0,0.17226809233428572
79149,1,0,0.0612292408408381
79158,0,0,0.0222174315452157
79176,0,0,0.022137848919050643
79179,0,0,0.009863084395500626
79185,0,0,0.017073320894887934
79186,0,0,0.011562742235597771
79187,1,1,0.9137127259994906
79189,0,0,0.0070292470545078355
79191,0,0,0.03196717822724042
79195,0,0,0.004279821656026167
79204,0,0,0.04837456749596521
79208,0,0,0.13180640086078774
79211,0,0,0.006206619810129011
79212,0,0,0.0022867924444922782
79214,0,0,0.0014554290830029416
79216,0,0,0.10134004754806675
79225,0,0,0.0027085334385624302
79240,0,0,0.0034722359275768653
79251,0,0,0.0020831261212605028
79255,0,0,0.0011263738172635146
79259,0,0,0.1108083458623995
79289,0,0,0.0021060042944409914
79291,0,0,0.009661012575050695
79305,0,0,0.004547696809199934
79310,0,0,0.01219574500892022
79314,0,0,0.0029196579232765364
79320,0,0,0.01611131831807711
79321,0,0,0.023244291806017534
79326,0,0,0.0009189752934026879
79327,0,0,0.07257436074112836
79330,0,0,0.005962669717251684
79334,0,0,0.0029561607604027275
79344,0,0,0.008908112419116427
79347,1,0,0.10814910566846941
79349,0,0,0.04527875000971871
79354,0,0,0.00879080379618526
79356,0,0,0.005233923172066526
79366,0,0,0.0024513541146104897
79370,0,0,0.009742105907672523
79372,0,0,0.0074047647256277336
79375,0,0,0.00274191643302377
79381,0,0,0.005047182456839772
79385,0,0,0.016677407281445837
79397,0,0,0.022614290834280282
79399,0,0,0.004091830967759697
79401,0,0,0.021188891986234006
79407,0,0,0.004383285434684492
79412,0,0,0.013472301636502806
79421,0,0,0.0013527727137662864
79422,0,0,0.0037797876798024797
79424,0,0,0.06966570747674299
79430,0,0,0.04610247802981864
79433,0,0,0.013196881890363298
79441,0,0,0.011152444518477246
79447,0,0,0.000495018302302757
79448,0,0,0.0004894361215561676
79466,0,0,0.04579862748076751
79467,0,0,0.20017683978925072
79476,0,0,0.022107854044628374
79482,0,0,0.0049215419504188875
79488,0,0,0.05920498617903231
79495,0,0,0.013567100289202822
79502,1,0,0.0255020495743705
79506,0,0,0.008896359823106716
79510,0,0,0.10176428053292799
79511,1,1,1.0
79513,0,0,0.03262862124573934
79515,0,0,0.002080669002373776
79519,0,0,0.0006849082694273837
79521,0,0,0.08374108686910445
79524,0,0,0.0033957012438098092
79526,0,0,0.053349419361102685
79529,0,0,0.013924939378420747
79533,0,0,0.0007269252625384807
79534,0,0,0.04361994815371406
79541,0,0,0.004421935194963296
79542,0,0,0.01217107482572581
79550,0,0,0.048570897349981615
79552,0,0,0.0008752867595788074
79557,0,0,0.0009739423070025373
79571,0,0,0.00039391293828758034
79572,0,0,0.0009605707959883632
79573,0,0,0.004189852554304668
79584,0,0,0.0008589947027610998
79589,0,0,0.0018120898596945658
79594,0,0,0.0190448527313093
79595,0,0,0.09342873879191942
79598,0,0,0.001637704376186394
79612,0,0,0.0066197272031315955
79620,0,0,0.023067033406398613
79623,0,0,0.18062397231593136
79625,1,1,0.9413884573108291
79638,0,0,0.015767930122143288
79642,0,0,0.006859868093914804
79646,0,0,0.0669545787029804
79650,0,0,0.006683600059170397
79654,0,0,0.00441805787768142
79659,0,0,0.0008777340306172767
79662,0,0,0.005079011164403099
79667,0,0,0.001940061376698592
79669,0,0,0.04612901564376466
79678,1,1,0.9520937996615416
79679,0,0,0.00274476735188868
79681,0,0,0.0020968593715612765
79693,0,0,0.00044049304713256394
79709,0,0,0.004601769813795976
79719,0,0,0.0004742826626551504
79727,0,0,0.013800213027082803
79730,0,0,0.0704176971659352
79735,0,0,0.022448420263234604
79739,0,0,0.0012349087083702982
79740,0,0,0.03856401705529613
79742,0,0,0.0013912826936182466
79749,0,0,0.0016319755924195127
79752,0,0,0.0005154226512158814
79754,0,0,0.024880595435680507
79761,0,0,0.0019062372749290657
79763,0,0,0.013261407980719113
79764,0,0,0.0005154226512158814
79777,0,0,0.0007329484506684113
79781,0,0,0.047698953914999856
79783,0,0,0.002428824920255545
79790,0,0,0.012089649825532851
79799,0,0,0.002607631822058495
79800,0,0,0.008120278791585748
79807,0,0,0.0059252156709369615
79809,1,1,0.9766967032967032
79811,1,0,0.0832225498854842
79814,0,0,0.0005154226512158814
79818,0,0,0.0006290483120095855
79821,0,0,0.0034689580921943393
79823,0,0,0.10832876115436095
79825,0,0,0.1174632403295365
79830,0,0,0.0005287471015823038
79833,0,0,0.03030705485538511
79838,1,1,0.9480009056327944
79839,0,0,0.12797896630556124
79841,0,0,0.0020156681923422636
79843,0,0,0.0030530457240988606
79847,0,0,0.0012097113797132975
79850,0,0,0.035471616623741424
79864,1,1,0.9066612356383352
79866,0,0,0.051268803612980224
79869,0,0,0.06933785202668935
79878,0,0,0.03059423489782687
79879,0,0,0.013756070163923672
79889,0,0,0.00010206550569819993
79911,0,0,0.005268729417951435
79912,0,0,0.014422010581739862
79919,0,0,0.0017004279756555607
79924,0,0,0.010587273793456413
79934,0,0,0.015628869919721827
79940,0,0,0.004922499234277211
79941,0,0,0.008291403618910106
79954,0,0,0.0172580850522027
79967,1,0,0.13888082211887634
79968,0,0,0.029026208481261348
79970,0,0,0.13823190510428773
79971,0,0,0.017483135816731585
79975,0,0,0.07752116068680753
79983,0,0,0.027274364084741553
79986,0,0,0.02719909184484301
79989,0,0,0.25065509178835016
79992,0,0,0.010981294702732345
79995,1,1,1.0
80000,0,0,0.0022375678824579364
80016,0,0,0.0066006130464175946
80021,1,0,0.005295296841934022
80022,0,0,0.019838090911923307
80026,0,0,0.009328788505530986
80035,0,0,0.0028372295427498443
80036,0,0,0.08821883774954242
80042,0,0,0.004143440356768533
80043,0,0,0.004576527685145086
80044,0,0,0.05065905789014774
80054,0,0,0.01380717669561244
80059,1,1,0.889358599140536
80065,0,0,0.07891346799435035
80084,0,0,0.00611363362907687
80086,1,1,0.975796079968188
80091,0,0,0.0034924330737761433
80097,0,0,0.2948635798006777
80100,0,0,0.0008289261969642904
80108,0,0,0.058646863810524114
80127,0,0,0.08451609096624724
80134,0,0,0.0015041797166606466
80141,0,0,0.06393549856808373
80144,0,0,0.00032261314582968125
80154,0,0,0.007451966867341028
80155,0,0,0.048182672190718215
80160,0,0,0.0064910093311642105
80167,1,1,0.9460775133217397
80185,0,0,0.00906841534548023
80186,0,0,0.0037526402379171792
80203,0,0,0.004222557780701726
80209,1,1,0.9012272270304676
80217,0,0,0.01333517533231235
80219,0,0,0.007509088295878639
80225,0,0,0.06757431597014102
80238,0,0,0.00216910378136457
80243,0,0,0.00618387581726839
80247,0,0,0.11585704998552447
80249,0,0,0.0068104038504674495
80254,0,0,0.1188549440561105
80261,0,0,0.004300802758113189
80262,0,0,0.08473840280548128
80265,0,0,0.015202659423198378
80273,0,0,0.0010589159031333005
80286,0,0,0.025802614154601472
80296,0,0,0.026581576543477037
80303,0,0,0.0007018367286247219
80315,0,0,0.006102080140110884
80321,0,0,0.00014086225941479662
80335,0,0,0.008787161588195291
80340,0,0,0.0006744055374736882
80349,0,0,0.008896221264648065
80351,0,0,0.0005076860379301006
80357,0,0,0.009193146927220296
80359,1,1,0.9352454576334749
80376,0,0,0.04888976406671902
80377,0,0,0.01879053818387993
80394,0,0,0.005943310081948336
80406,0,0,0.0013532946238386818
80414,0,0,0.014971803463730456
80417,0,0,0.06417745377167719
80418,0,0,0.00617541972829534
80420,0,0,0.0019856314505268696
80428,0,0,0.009619337096540743
80430,0,0,0.0002668954625381395
80432,0,0,0.003424281187397692
80435,0,0,0.0510736034839163
80442,0,0,0.002946667137734048
80446,0,0,0.0019722395576034367
80449,0,0,0.024418252326788913
80462,0,0,0.011202409955067326
80466,0,0,0.01236982590657907
80472,0,0,0.025427616669873743
80475,1,0,0.12026064107307635
80484,0,0,0.0027249030344122173
80487,0,0,0.010930224798162223
80489,0,0,0.011883481768115878
80491,0,0,0.009034302493309944
80499,0,0,0.01136351271101422
80502,0,0,0.0014735328629807498
80509,0,0,0.0017433488994959018
80512,0,0,0.03507423998684172
80513,0,0,0.2435606901547437
80521,0,0,0.11416019132157247
80534,0,0,0.006355661881977673
80550,0,0,0.011244331108278499
80553,0,0,0.013845350140226493
80556,0,0,0.0030084398578918807
80563,0,0,0.01897298622934447
80578,0,0,0.0034981019876982795
80579,0,0,0.0771558475875267
80584,0,0,0.004407799614712611
80589,0,0,0.021340656134051852
80590,0,0,0.0019216430848684198
80591,0,0,0.008676407539769759
80601,0,0,0.0013740538839476244
80602,0,0,0.034880853375453554
80606,1,0,0.25740251258670205
80612,0,0,0.03169786738077037
80617,0,0,0.002022947907473481
80619,0,0,0.0032451473930025176
80620,0,0,0.0250615666075281
80623,0,0,0.005540915813784546
80625,0,0,0.0019047619047619048
80631,1,0,0.27905062083352977
80647,0,0,0.00850960716441541
80650,1,1,0.9305468043386351
80653,0,0,0.0015042754792982747
80655,0,0,0.028336601413318646
80656,0,0,0.0018112938078726386
80665,0,0,0.0005060895166137037
80672,0,0,0.013595016024019252
80679,0,0,0.014991537511482548
80681,1,1,0.9592315568901513
80686,1,1,0.9370290889665891
80687,0,0,0.052547475987391644
80693,0,0,0.010381017456445644
80695,0,0,0.0010563410183297155
80706,0,0,0.0011737673964138753
80710,0,0,0.00018406076633342927
80718,0,0,0.009662526505952595
80724,0,0,0.0043880674825139574
80739,0,0,0.020888111977248908
80742,1,0,0.29105699777110416
80757,0,0,0.05829421529283229
80761,1,1,0.9162272466131813
80777,0,0,0.000622910951775009
80780,0,0,0.08746797972388816
80784,0,0,0.006759000972552346
80791,0,0,0.021952195571518108
80794,0,0,0.0
80802,0,0,0.0038194664342155876
80803,0,0,0.009342965730529767
80804,0,0,0.021354783880617057
80806,0,0,0.009663407258548681
80809,0,0,0.0034204868321532195
80812,1,1,0.9584322623095018
80814,0,0,0.007093962077711985
80815,0,0,0.021797264882829345
80820,0,0,0.00437942548249059
80821,0,0,0.21273457193152256
80822,0,0,0.014501073606742044
80823,0,0,0.008064982095760868
80834,0,0,0.0013144608581373732
80845,0,0,0.0032667199909719095
80850,1,1,0.9909824175824176
80856,0,0,0.006991116544945005
80858,0,0,0.001108162452958326
80866,0,0,0.3293977694731028
80873,0,0,0.003365346678583778
80874,0,0,0.09895835206551648
80882,0,0,0.020275308200015378
80893,0,0,0.0030497556769648487
80894,0,0,0.09124924158511634
80895,0,0,0.04713360985027456
80922,1,1,1.0
80932,0,0,0.015076763053424546
80935,1,0,0.10967018226533849
80936,1,1,0.9183986467890043
80938,0,0,0.08341359534183494
80940,0,0,0.00042842639593908635
80942,0,0,0.0003062696965569259
80945,0,0,0.009157171850737295
80952,0,0,0.12130951310055442
80958,0,0,0.0038125855848739317
80965,0,0,0.008527027778108206
80969,1,0,0.20916058071747926
80973,0,0,0.22563642887088295
80975,1,0,0.18551124246627346
80977,0,0,0.0290177198501114
80987,0,0,0.06711398116218464
80990,0,0,0.0109742970295445
80991,0,0,0.0021601373155329924
80996,0,0,0.01361856629681608
81008,0,0,0.07852353649936415
81015,0,0,0.10085069291212281
81018,0,0,0.0030450481508430146
81046,0,0,0.01567647534013863
81048,0,0,0.2364695908898026
81053,0,0,0.010080485111201966
81060,1,1,0.9889411764705883
81063,1,0,0.1085790365618412
81071,0,0,0.0014026441590603129
81074,0,0,0.02000596845766518
81077,0,0,0.05551564862013212
81079,0,0,0.10699175735578026
81082,0,0,0.007021109143048323
81092,0,0,0.0003948059054596294
81103,0,0,0.07561826196502082
81108,0,0,0.0018948920396073402
81110,0,0,0.006720972299296294
81127,0,0,0.04771930040362891
81132,0,0,0.002852206035641359
81147,1,1,1.0
81148,0,0,0.001141668600969551
81151,0,0,0.2292483506343957
81160,0,0,0.23801089891823324
81161,0,0,0.01740797832406732
81166,0,0,0.0036632696298136134
81169,0,0,0.07538599019307148
81175,0,0,0.0053949419876593305
81176,0,0,0.006221040814049437
81183,1,1,0.9909824175824176
81184,0,0,0.006012054617946636
81185,0,0,0.006333606164030701
81186,0,0,0.000622910951775009
81190,1,0,0.242725701043509
81197,0,0,0.007542558089842023
81213,1,0,0.11710521790267524
81214,0,0,0.022099741627348048
81222,0,0,0.011076157954613069
81225,0,0,0.025101959870005054
81231,0,0,0.14036524132894362
81236,0,0,0.0746101910267523
81243,0,0,0.011730572619335468
81244,0,0,0.005145943203037791
81245,1,1,0.9663397714670109
81246,0,0,0.007438913473305473
81252,0,0,0.0027407159912882003
81257,0,0,0.2056544411723384
81258,0,0,0.0013375192964552069
81264,0,0,0.001509024802298127
81267,1,1,0.9756710373472955
81270,0,0,0.005072324457692862
81271,0,0,0.026490787415206656
81277,0,0,0.02306829376836732
81278,0,0,0.20956246842806497
81288,0,0,0.0010018297730049665
81295,0,0,0.010793942930172029
81296,1,1,0.965065237660147
81298,0,0,0.0008925822280232032
81302,0,0,0.007648809523809523
81307,0,0,0.016674904370745928
81316,0,0,0.08357527708850052
81320,0,0,0.000827929854120342
81329,1,1,0.9420662831320726
81330,0,0,0.0432819493942507
81332,0,0,0.007860989458896288
81333,0,0,0.010036888744775777
81334,0,0,0.045458649011505814
81335,0,0,0.00042918574957667986
81346,1,1,0.9119966871363929
81351,0,0,0.004159409556367103
81364,0,0,0.05011990056808871
81371,1,1,0.9171327234981049
81385,0,0,0.009958038825208205
81387,0,0,0.006505406391059966
81397,1,1,0.9560085480134768
81401,0,0,0.004369600902025402
81402,0,0,0.008542133120510468
81403,0,0,0.31851148706676213
81405,0,0,0.090820861845951
81407,1,1,0.8994905869324475
81408,0,0,0.01292398531034809
81411,0,0,0.19201660183427535
81419,0,0,0.08292042924532936
81422,0,0,0.004094320312633705
81423,0,0,0.0022066314245250424
81426,0,0,0.006327041935950457
81427,0,0,0.0256015717528218
81430,0,0,0.060217095900547815
81450,0,0,0.029235048515855996
81459,0,0,0.0318158547975795
81469,0,0,0.004595087904216208
81481,0,0,0.009713073501137958
81482,0,0,0.004362736283275071
81494,0,0,0.3208226003891246
81495,0,0,0.0236174082766207
81501,0,0,0.02353411057872605
81507,1,0,0.013003186996021569
81509,0,0,0.03374335050449907
81511,0,0,0.05031049163358592
81517,0,0,0.0014470002794266027
81521,0,0,0.0050587551353613236
81528,0,0,0.011803070091917308
81530,0,0,0.032449782634501746
81535,0,0,0.021116392735970244
81538,0,0,0.0004632769335004337
81545,0,0,0.003960171206835331
81565,0,0,0.02370779945206372
81573,0,0,0.008025658330727313
81574,1,1,0.901236266940002
81579,0,0,0.0022956522381738244
81583,0,0,0.009474630783587025
81590,0,0,0.00784768675963489
81602,0,0,0.021660728752627766
81614,1,1,0.9744909719023491
81615,0,0,0.11313811709968354
81616,0,0,0.006743041660677097
81617,0,0,0.009919532897240662
81619,0,0,0.0019172205619809944
81620,0,0,0.02239581515782244
81622,0,0,0.29052802751152695
81626,0,0,0.01907153876357611
81631,1,1,0.9378658427019323
81638,1,0,0.09106315950876365
81646,0,0,0.009768480994115652
81647,1,0,0.15980189796427796
81648,0,0,0.1411081031842066
81655,0,0,0.0021052227599305112
81658,0,0,0.006341567606046611
81661,0,0,0.0004082211434195819
81669,0,0,0.010769230818869753
81684,0,0,0.037300070967952584
81691,0,0,0.0008430892282289738
81701,0,0,0.005775387271093083
81702,1,0,0.13878897236996612
81704,0,0,0.13911595303604904
81709,0,0,0.00802882719067137
81710,0,0,0.0013207163055958635
81716,0,0,0.0407014005926188
81720,0,0,0.09915078480483247
81722,0,0,0.3852790857483759
81723,0,0,0.05944997668058715
81725,0,0,0.0014603503465893972
81727,0,0,0.0035284350225013926
81729,0,0,0.18891608655972378
81731,0,0,0.0027534159646176036
81739,0,0,0.04238192986210861
81741,1,1,0.9909824175824176
81743,0,0,0.009219279290393591
81744,0,0,0.0010718187825341783
81750,0,0,0.024157394152903206
81751,0,0,0.09509390014956226
81752,0,0,0.006055456169305964
81754,0,0,0.010233577460746632
81755,0,0,0.05131156377008633
81761,0,0,0.012228053473785647
81762,0,0,0.0012097113797132975
81773,0,0,0.0030856464135888724
81775,0,0,0.006864468864468865
81782,0,0,0.000677234988265782
81783,0,0,0.018359208648686436
81784,0,0,0.05147665108076954
81785,1,1,0.9175911548952328
81813,0,0,0.05677858393066953
81832,0,0,0.006006933154380541
81836,0,0,0.0031357134488233453
81839,0,0,0.007136113388688126
81851,0,0,0.007155543583446907
81854,0,0,0.009225676449232546
81863,0,0,0.0038777293381317564
81868,0,0,0.051194316814660815
81869,0,0,0.08468855198193344
81870,0,0,0.0014144391783394868
81874,0,0,0.21872666340722272
81875,0,0,0.018032412371739373
81878,0,0,0.0011386703832388211
81890,1,1,0.95067959891908
81895,0,0,0.01032583563087559
81896,0,0,0.004126127389594078
81900,0,0,0.05110345706992038
81910,0,0,0.07770163495529872
81918,0,0,0.07750671715879365
81943,0,0,0.02787559195563449
81947,1,1,0.9440053749889956
81948,0,0,0.1291881629328221
81949,0,0,0.12011610839573336
81953,0,0,0.08547114575181071
81955,0,0,0.06375059406251006
81967,0,0,0.004170021405637373
81969,0,0,0.04400425493783496
81970,0,0,0.030824863691459696
81973,0,0,0.011133654304612217
81975,0,0,0.0014904063045841263
82002,0,0,0.001315123980508424
82003,0,0,0.010998186949766637
82004,0,0,0.05943908196320368
82006,0,0,0.003005219097239628
82009,0,0,0.001428766604613317
82012,0,0,0.0030163834071459815
82019,0,0,0.0009990181807241053
82023,0,0,0.023268381307727338
82024,0,0,0.0041502328388386975
82027,0,0,0.040173417475751184
82029,0,0,0.0013203466110806223
82039,0,0,0.010689993677010822
82041,0,0,0.011536438943079408
82042,0,0,0.05988744581654229
82043,0,0,5.045408678102927e-06
82045,0,0,0.06708523518910668
82051,0,0,0.0034140316467011216
82053,0,0,0.001621082485623257
82054,0,0,0.005460879755174131
82058,0,0,0.004343979039682816
82062,0,0,0.009622470509665198
82067,0,0,0.28793909415763796
82075,0,0,0.0011623511401454656
82085,0,0,0.01482999026851242
82091,0,0,0.025303647377668465
82095,0,0,0.024634183804260527
82099,0,0,0.0031925537492066484
82101,1,0,0.20647320420618165
82109,0,0,0.2670232845691921
82119,0,0,0.006844685439176737
82126,0,0,0.009609111304410133
82135,0,0,0.008864130879156227
82150,0,0,0.013956748389793407
82159,0,0,0.00585072522703884
82161,0,0,0.0005855248821924452
82162,0,0,0.006159386850249313
82165,0,0,0.24482802726398156
82181,0,0,0.0021495300732673212
82183,0,0,0.0023214493250986188
82187,1,1,0.9889285714285715
82191,0,0,0.004001565894739959
82200,0,0,0.04738581912217354
82204,0,0,0.00044528592900268247
82207,0,0,0.011631393085888241
82210,1,0,0.23051061004832074
82212,0,0,0.007961130417310603
82219,0,0,0.0017787710541179466
82221,0,0,0.006178769842169257
82224,0,0,0.0031416845436440283
82231,0,0,0.011407687887565451
82237,0,0,0.04532739575881541
82241,0,0,0.002840099586664462
82242,0,0,0.007905563660014618
82243,0,0,0.003201430401305398
82248,0,0,0.00373362193343787
82249,0,0,0.0030444800201272697
82250,0,0,0.009262743984347841
82255,0,0,0.23307635968140378
82261,0,0,0.003993915978188608
82263,0,0,0.0008174127947818084
82266,0,0,0.005913825412841861
82268,0,0,0.04634557819904574
82269,0,0,0.07198720050068562
82271,0,0,0.1651782439560814
82278,0,0,0.09847523705186223
82291,0,0,0.0073460843288583174
82293,0,0,0.0055296332112734796
82295,0,0,0.3856119373706362
82308,0,0,0.008046606379167784
82314,0,0,0.0012329120905018292
82332,0,0,0.005868908523565598
82337,0,0,0.0887056543090563
82338,0,0,0.06365542282569063
82347,0,0,0.0018470280580180182
82365,0,0,0.004557441051949772
82366,0,0,0.10555101473765476
82367,0,0,0.010676197951153057
82373,1,1,0.9790357671002832
82377,0,0,0.24922766562123408
82379,0,0,0.034629381746360106
82388,0,0,0.011756739519690355
82403,0,0,0.12892221484624394
82405,0,0,0.06844037819590557
82408,0,0,0.0010794471330785765
82414,0,0,0.004567562959595302
82416,0,0,0.003984626774938834
82420,1,1,0.9393766254045656
82421,0,0,0.07023000359071238
82422,0,0,0.0012713334471678567
82432,0,0,0.0036313255364302786
82436,0,0,0.07776228350239692
82437,0,0,0.007283124665891844
82440,1,1,1.0
82441,0,0,0.020203048716329913
82445,0,0,0.011561630692562986
82458,1,1,0.99625
82460,0,0,0.003946213420347764
82464,1,1,0.9431228198769833
82465,0,0,0.02174414713790974
82476,0,0,0.02662172607870837
82479,0,0,0.002007206618756971
82480,0,0,0.23094251357431694
82481,0,0,0.003612343232508421
82482,0,0,0.01950943205574091
82483,0,0,0.016828935011630672
82491,0,0,0.007589188860040599
82492,0,0,0.0013934974984309214
82493,0,0,0.0014067527909869604
82496,0,0,0.007140242114061421
82500,0,0,0.003188545623429656
82502,1,0,0.09905829960752997
82508,1,1,0.9394912733035798
82513,0,0,0.001736758619381338
82520,0,0,0.006719529106231173
82536,0,0,0.006430574736217307
82537,0,0,0.0011239021158675115
82543,0,0,0.006027059487227562
82551,0,0,0.0020335300464479796
82553,0,0,0.00581910326596165
82555,0,0,0.04355441165587875
82558,0,0,0.0012461574431151066
82561,0,0,0.0010235521459135107
82579,0,0,0.021740321390871818
82581,0,0,0.025087195600604142
82582,0,0,0.0005890943025533824
82599,0,0,0.003971088496825302
82602,1,1,0.9909824175824176
82608,0,0,0.008443751069024369
82617,0,0,0.026379033780755186
82618,0,0,0.08243271013646548
82623,0,0,0.005630663848812515
82624,1,0,0.3032871973998003
82625,0,0,0.0020653751009232814
82630,0,0,0.004884161068397638
82635,0,0,0.006873285214962538
82637,0,0,0.006156938319699998
82645,1,1,1.0
82649,0,0,0.17435437418298946
82650,0,0,0.0244207199171109
82652,0,0,0.002103356187308891
82655,1,0,0.026454663685086532
82658,0,0,0.029922596913107148
82665,0,0,0.006458244915962107
82669,1,1,0.9255954836811311
82671,0,0,0.009665030092821639
82679,0,0,0.005104412890662566
82680,1,1,0.9404149013504566
82683,0,0,0.10488899654318587
82685,0,0,0.012177343590558729
82697,0,0,0.10862678046274732
82702,1,0,0.08051425431776249
82705,0,0,0.32781707939384785
82709,0,0,0.010370519070509072
82711,0,0,0.00706799867064532
82716,1,0,0.1318493599911023
82720,0,0,0.12287108074634878
82721,0,0,0.0019523815596237202
82731,0,0,0.012011340646446867
82754,0,0,0.07442071274854785
82770,0,0,0.0110894837017695
82771,0,0,0.020186578386996317
82775,1,1,0.9111453400944918
82776,0,0,0.002620733689074545
82779,1,1,0.5122125221667758
82790,0,0,0.030129617497975856
82793,0,0,0.0005315712447373333
82804,0,0,0.003220878891541063
82805,0,0,0.045322486435744026
82809,0,0,0.00044528592900268247
82812,0,0,0.00044049304713256394
82815,0,0,0.0008937363940128527
82821,0,0,0.06816715612197403
82830,0,0,0.0005287471015823038
82846,1,1,0.9909824175824176
82862,0,0,0.002640655824382602
82873,0,0,0.010304165627267419
82878,0,0,0.0011741402503664688
82879,1,0,0.19977077447452124
82887,0,0,0.06821759134638511
82899,0,0,0.016069714311707093
82910,0,0,0.0035508187800393077
82917,0,0,0.005276066060801418
82930,0,0,0.14885379001031993
82931,0,0,0.052965982049124956
82932,0,0,0.012908735231329791
82935,0,0,0.021672829909282435
82936,0,0,0.011191044917525405
82940,0,0,0.00884906500336135
82944,0,0,0.01002545556345453
82951,0,0,0.0013850927175304316
82964,0,0,0.05474037228110997
82965,0,0,0.00782887113855739
82976,0,0,0.03800973034910131
82978,0,0,0.104753266490479
83003,0,0,0.046857738568232055
83006,0,0,0.0010290315979683052
83007,0,0,0.007257857163040636
83008,0,0,0.003363224227639577
83011,0,0,0.14259284371768252
83031,0,0,0.0067568534247276005
83038,0,0,0.006350431919351794
83039,0,0,0.06796247818992385
83046,0,0,0.3506337709358806
83054,0,0,0.013716941783768226
83057,0,0,0.005371285322254179
83061,0,0,0.3088643921436735
83066,0,0,0.0090459626296678
83067,0,0,0.017036130935724293
83068,0,0,0.0026421443641433053
83078,0,0,0.0051320135975496265
83080,1,1,0.973649568042021
83084,0,0,0.011345477183759903
83087,1,0,0.19146389108492395
83088,0,0,0.018434250242360995
83090,1,1,0.9816912068253749
83092,0,0,0.15557550020713865
83096,0,0,0.0012157340756493269
83105,0,0,0.0009189752934026879
83109,0,0,0.0018970784196453922
83116,0,0,0.005988498237633185
83121,0,0,0.0036934707856175935
83125,1,0,0.06399302547150694
83138,0,0,0.0032981742907136837
83139,0,0,0.0012308826694395693
83145,0,0,0.005706673030572931
83151,0,0,0.01567531117971962
83155,0,0,0.005652469593086059
83165,0,0,0.007699413848313919
83168,0,0,0.0029614310817353716
83172,0,0,0.04427135594212728
83174,0,0,0.0005552500798766378
83180,0,0,0.012813292037006492
83184,0,0,0.04510733730776439
83185,0,0,0.0007760720401329848
83186,0,0,0.09028191974128243
83193,0,0,0.003216288970184508
83199,0,0,0.005674062784513606
83205,0,0,0.022409183988481306
83206,0,0,0.004819319771218273
83218,0,0,0.015873985404724685
83237,0,0,0.01859237266464365
83242,0,0,0.048299848288540705
83244,0,0,0.00935715575689931
83254,0,0,0.003253462511686867
83256,0,0,0.006121569385410043
83258,0,0,0.011927165856905715
83270,1,1,0.8825621857588476
83276,1,1,0.9293041834779728
83277,0,0,0.03223062722662787
83284,0,0,0.0376254084776484
83289,0,0,0.01761948079835436
83290,1,1,0.9344537485622157
83293,0,0,0.044617533184720976
83295,0,0,0.001987071100426795
83306,0,0,0.028843283660446317
83309,0,0,0.19931751298472744
83310,0,0,0.010513297441593525
83311,0,0,0.002256503930899529
83312,0,0,0.018031597058358304
83318,0,0,0.0052942171587168066
83324,0,0,0.0059425837775724365
83329,0,0,0.001925761302582117
83331,0,0,0.023820286458527306
83333,0,0,0.0019708416008559506
83335,0,0,0.0012813433374358194
83347,0,0,0.017966813836961793
83352,0,0,0.0018550836083879101
83353,0,0,0.000495018302302757
83355,0,0,0.0032628136955298198
83357,0,0,0.0014610335523874212
83361,0,0,0.008037541190885747
83366,0,0,0.1727832297809141
83372,0,0,0.009159719764759431
83374,0,0,0.16401466676421214
83378,0,0,0.0013953821428354322
83381,0,0,0.0005315712447373333
83383,0,0,0.020304849096694774
83391,0,0,0.0016216642507631343
83396,0,0,0.0009376684874725714
83400,0,0,0.03066407018547019
83404,0,0,0.003429958143550996
83406,1,1,0.8931883366809004
83417,0,0,0.10282001863511545
83424,0,0,0.0018280100250029944
83425,0,0,0.013961412708707634
83429,0,0,0.014542824491122607
83434,0,0,0.018364883334081962
83436,0,0,0.0025910917984463024
83439,0,0,0.22338314316846145
83444,0,0,0.06630555906915483
83450,0,0,0.00023509614668548303
83460,0,0,0.005877807603238139
83464,0,0,0.0066733190330492366
83477,0,0,0.023102379054800046
83479,0,0,0.011847748755876315
83491,0,0,0.05647973324728394
83496,0,0,0.12182364522404804
83500,0,0,0.007672198870182504
83502,0,0,0.005500475582367274
83504,0,0,0.008107612857321964
83514,0,0,0.030788457976059922
83516,0,0,0.0095832713804668
83517,0,0,0.0021184867564046895
83530,0,0,0.024994632197548113
83538,0,0,0.01221184149876303
83541,0,0,0.011513100697032935
83543,0,0,0.0007248915509390796
83549,0,0,0.002067327325571574
83552,0,0,0.008797347959903635
83558,0,0,0.19382796310680747
83559,0,0,0.029484787928183938
83565,1,1,0.9599432840083163
83566,1,0,0.10571495039895427
83573,0,0,0.0005041153536599972
83576,0,0,0.042600228871815374
83584,0,0,0.00410945683376953
83594,0,0,0.0006776299141323482
83598,0,0,0.09857110978868334
83600,0,0,0.0027220856865443864
83603,0,0,0.015060075866938796
83604,0,0,0.10482091834188362
83605,0,0,0.012846527006256983
83608,0,0,0.010823944979947302
83613,1,0,0.1514740988653312
83614,0,0,0.004733448706989577
83621,0,0,0.008986958032020318
83623,0,0,0.010287245429429293
83629,0,0,0.39267210032010547
83640,0,0,0.07363846671375132
83643,0,0,0.0006849082694273837
83644,1,1,0.9699217042401201
83648,0,0,0.00243767029512551
83651,0,0,0.003016114227360395
83653,0,0,0.0026310798723814845
83656,1,1,0.9851967032967033
83659,0,0,0.008157094880845508
83662,0,0,0.010499646412809602
83666,0,0,0.009264436941833695
83669,0,0,0.17535758279473945
83673,0,0,0.006473653010790924
83676,0,0,0.025817210168061027
83678,0,0,0.001194809561215235
83682,0,0,0.0050458882622916226
83684,1,1,0.8993903318903318
83686,0,0,0.0028205771701806295
83687,0,0,0.0033833494766062973
83699,0,0,0.001291487413890164
83702,0,0,0.007067974506046583
83721,0,0,0.04604014599589647
83727,0,0,0.0017644857943049015
83728,0,0,0.01187790317689428
83731,0,0,0.0013165968288403281
83735,0,0,0.04533465860521778
83736,0,0,0.21152231483076345
83737,0,0,0.14707145701464683
83747,0,0,0.020492217438382303
83748,1,1,0.9641785160557554
83756,0,0,0.02470904615763474
83757,0,0,0.05910069630170396
83772,0,0,0.0032012388181853367
83774,0,0,0.002196566644444102
83777,0,0,0.048034777497783815
83791,0,0,0.019744889017922814
83793,0,0,0.017392543240391384
83803,0,0,0.016741243673302538
83806,0,0,0.002855248962214674
83810,0,0,0.0028232546727066953
83814,0,0,0.010109276310595756
83816,0,0,0.019675337490431405
83819,0,0,0.13122795978299456
83826,0,0,0.00046850699107396366
83832,0,0,0.00046095136603063226
83844,0,0,0.0010994744743304087
83851,0,0,0.07848234972825814
83858,0,0,0.004223687013371676
83861,1,0,0.09165645797235086
83863,0,0,0.02790803133040459
83866,0,0,0.008402165814233377
83870,0,0,0.09129183988450185
83871,0,0,0.0038291442642852352
83873,0,0,0.02857363229175303
83875,0,0,0.009340436218263422
83882,1,1,1.0
83888,0,0,0.020734560999911687
83902,0,0,0.002783066817393859
83906,0,0,0.0012119477182749138
83918,0,0,0.013707694386899106
83924,1,1,1.0
83926,0,0,0.007496092730072401
83933,1,1,0.9652695968473901
83939,0,0,0.0026495987993856566
83940,0,0,0.0012106933691538924
83943,0,0,0.015117171127509536
83946,1,1,1.0
83952,0,0,0.0945858296600231
83956,0,0,0.0037327697152829175
83971,0,0,0.0011965589965783337
83975,0,0,0.0006794318809667641
83979,0,0,0.0006913160431869485
83983,0,0,0.1182880669415536
83988,1,0,0.08412091078881245
83989,0,0,0.003398444622398853
83996,0,0,0.006616920169554965
83998,0,0,0.04580071954382832
84009,0,0,0.021858838760382252
84011,0,0,0.056393704356296065
84015,0,0,0.0016216642507631343
84020,0,0,0.004165750689732558
84022,0,0,0.006650205225849212
84024,0,0,0.000633104910463398
84025,0,0,0.002424766832534019
84028,0,0,0.0013797577238900988
84029,0,0,0.0477429886673849
84032,0,0,0.24692786305064413
84033,0,0,0.021280941625573
84044,0,0,0.0097223128775993
84048,1,0,0.41134497937568987
84055,0,0,0.01759850204527541
84063,0,0,0.0038158987188380723
84068,0,0,0.004061385700776503
84071,0,0,0.003716696220736808
84076,0,0,0.004385831246263818
84078,0,0,0.07252036618711567
84091,0,0,0.000677234988265782
84093,0,0,0.04136077288314152
84097,0,0,0.03276542169145961
84098,1,0,0.11747257671890496
84102,0,0,0.00795335357835206
84112,0,0,4.8543689320388346e-05
84116,0,0,0.08624238997056034
84123,0,0,0.008484692014170124
84125,0,0,0.16182821558416605
84128,0,0,0.022489199908221305
84132,0,0,0.04968353451840255
84135,0,0,0.002595484794058037
84147,0,0,0.010350650512342076
84149,0,0,0.0006784686187501391
84161,0,0,0.0021052227599305112
84162,0,0,0.00840610645868568
84175,0,0,0.05684864237778143
84177,0,0,0.1615101205277501
84179,0,0,0.0025743459258444528
84180,0,0,0.011233476692411941
84183,0,0,0.00951952929461766
84189,1,1,0.9627520593706781
84198,0,0,0.003014979651033443
84206,0,0,0.020709481002501123
84208,1,1,0.943970673117732
84210,0,0,0.002788365059680323
84213,0,0,0.010605096778413044
84219,0,0,0.0038294453153491946
84224,0,0,0.0025013310403084587
84236,0,0,0.0015663262571372417
84242,0,0,0.0025816877523150176
84245,1,1,0.9289216762404263
84246,0,0,0.05049259849034283
84247,0,0,0.008826322887737516
84248,0,0,0.015516497348315702
84250,0,0,0.0055563755344413225
84251,0,0,0.08019818997082048
84253,0,0,0.10103638008358373
84256,0,0,0.10945357136849211
84258,0,0,0.0032546698891988608
84269,0,0,0.020242118065781054
84272,0,0,0.0005154226512158814
84273,0,0,0.01393241982178025
84283,0,0,0.003616026003784027
84284,0,0,0.021625119967388723
84291,0,0,0.032675095224268494
84293,0,0,0.07767040760676544
84295,0,0,0.000720150678785185
84296,0,0,0.004391497222793188
84297,0,0,7.8846146685483e-05
84307,0,0,0.002874458204471266
84324,0,0,0.10258829711603522
84353,0,0,0.008724751712175901
84356,1,0,0.326733514860515
84364,0,0,0.01473223590361738
84369,0,0,0.025569581170541728
84381,0,0,0.029042267832472136
84389,0,0,0.01102453413439371
84397,0,0,0.00267101565718931
84401,0,0,0.014511794402088435
84404,0,0,0.25498395427620696
84406,0,0,0.001775977330855689
84424,0,0,0.009389538214664126
84426,0,0,0.0019914210443201016
84427,0,0,0.05372121813028802
84428,0,0,0.10736962408665018
84440,0,0,0.0033719676681416805
84448,0,0,0.0019414210443201008
84449,0,0,0.0006268254104459961
84451,0,0,0.014131986555062955
84455,0,0,0.031831200535148194
84458,0,0,0.04339406255235856
84463,0,0,0.04564911804863346
84468,0,0,0.005393688499334157
84479,0,0,0.002387829267791135
84481,0,0,0.061852147964241475
84482,0,0,0.0064639193738033505
84488,0,0,0.003313133745774615
84493,0,0,0.0030668263579947735
84499,0,0,0.019609528755049448
84506,0,0,0.0873919523461518
84516,0,0,0.05731854497982727
84517,0,0,0.014642790930245144
84523,1,0,0.23692010055351392
84525,0,0,0.0009802632060691634
84530,0,0,0.0012812424707936718
84531,0,0,0.009897069041663216
84533,0,0,0.005534850980697618
84537,1,1,0.9601630870089298
84543,1,1,0.9750317683556894
84544,0,0,0.008177272155990229
84556,0,0,0.20801817393051414
84557,0,0,0.005521865606567759
84572,0,0,0.003164224338837987
84596,0,0,0.027296927437705266
84606,0,0,0.0011472806453839074
84608,0,0,0.008865248549554708
84610,0,0,0.008743678645389174
84612,1,1,0.9329136992040218
84623,0,0,0.013457379251323988
84629,0,0,0.0010093034332326672
84644,0,0,0.005531305711857839
84647,0,0,0.024884231083152984
84649,0,0,0.000692391061704823
84652,0,0,0.0012216630061109184
84660,0,0,0.036975283122651886
84673,0,0,0.055751607844031395
84675,0,0,0.07231070817129835
84680,0,0,0.05669523693342051
84683,0,0,0.040137998956161
84684,0,0,0.02780388580053488
84689,0,0,0.0005154226512158814
84704,0,0,0.006090938033166471
84714,0,0,0.0027939613569545434
84718,0,0,0.14256501991034
84721,0,0,0.03146221053629716
84725,0,0,0.0011005190409411221
84728,0,0,0.015393545708578699
84729,0,0,0.11008604334023156
84730,0,0,0.000612759021863082
84733,0,0,0.05361989803493336
84736,0,0,0.01951326458384423
84737,0,0,0.017217232192251172
84739,0,0,0.044413542042410305
84742,0,0,0.011409841215537786
84743,0,0,0.014219083405853976
84746,1,0,0.08022637295924741
84752,0,0,0.0004731908289577631
84756,0,0,0.013418583694896258
84757,0,0,0.014263238217104473
84773,0,0,0.12588157256815577
84777,0,0,0.1554231816013376
84782,1,0,0.08931264111085112
84793,0,0,0.03193865450362127
84797,0,0,0.003389754676012685
84802,0,0,0.00553618087817382
84818,0,0,0.041091891897232447
84820,0,0,0.01590541596525192
84822,0,0,0.0071298569551290205
84826,0,0,0.043373453818065365
84835,0,0,0.05667813447103178
84839,0,0,0.0011405000907842183
84840,0,0,0.02559984669161173
84842,0,0,0.08306629180688674
84846,1,1,1.0
84853,0,0,0.011622867646785271
84857,0,0,0.06473741581210775
84863,0,0,0.17536137411121341
84866,1,1,0.9367331686963025
84868,0,0,0.2440711244960625
84869,0,0,0.026546145666782775
84874,0,0,0.008133439675941998
84883,0,0,0.03825497434886273
84888,0,0,0.02582682728657408
84894,0,0,0.334185951955931
84897,0,0,0.005482066591442828
84899,0,0,0.026128956553834497
84908,0,0,0.04418993811895647
84911,0,0,0.002758706995785951
84918,0,0,0.07459870278214334
84927,0,0,0.1272314341190328
84937,0,0,0.03449997960291212
84938,0,0,0.03970160819427109
84939,0,0,0.0005815972222222223
84953,0,0,0.03395968437468398
84957,0,0,0.147593038667759
84971,0,0,0.002735182204253795
84973,0,0,0.009552555293952466
84976,0,0,0.021697994105081553
84979,0,0,0.0034530063060656895
84990,0,0,0.0407750913260072
85004,0,0,0.002947181153455121
85021,0,0,0.08944975303600536
85029,0,0,0.020176134339655115
85030,0,0,0.004750575082443094
85033,0,0,0.003267444063590607
85035,0,0,0.0011275820039121278
85039,0,0,0.0038414190256507723
85040,0,0,0.000468160647871244
85042,0,0,0.0013148125992617963
85044,0,0,0.17823740532823862
85047,0,0,0.02034399507694
85063,1,0,0.08074148041810814
85070,0,0,0.011259804560512822
85088,0,0,0.0026447302466665605
85090,0,0,0.008539098016921239
85092,0,0,0.01775777638066384
85097,0,0,0.021338178656079117
85100,0,0,0.00042842639593908635
85103,0,0,0.06994881923715225
85105,0,0,0.022612066573723895
85110,0,0,0.03059428319945715
85114,0,0,0.001142676817469803
85115,0,0,0.03335794277671444
85124,0,0,0.0031095114983400447
85131,0,0,0.0652660653019331
85134,0,0,0.01846493427807925
85139,0,0,0.004916985418099961
85142,0,0,0.013416294166891192
85145,0,0,0.0030262394750056962
85155,0,0,0.001611725276468279
85171,0,0,0.0037764366841639817
85178,0,0,0.019835879672547012
85181,1,1,0.9328060330192686
85183,1,1,0.8810342676534969
85185,0,0,0.052315888365037325
85212,0,0,0.08395504740750673
85213,1,0,0.2107223921249783
85214,0,0,0.025130750926988667
85219,0,0,0.0017999565149875215
85221,0,0,0.029380953470313716
85231,0,0,0.00543167279341243
85233,0,0,0.0
85238,0,0,0.011578966976492286
85245,0,0,0.012813573494957027
85248,0,0,0.0036615719558957954
85249,0,0,0.006126144002867668
85254,0,0,0.002458808978280706
85256,0,0,0.0018565156384548545
85257,0,0,0.005172615360943607
85263,0,0,0.0023091424874494863
85266,0,0,0.013543875624527477
85268,0,0,0.04468757986447267
85270,0,0,0.04878428333731161
85287,0,0,0.007601508844673501
85289,0,0,0.011171719272858673
85294,0,0,0.0035883564485230425
85309,0,0,0.008534134573650962
85320,0,0,0.007672198870182504
85343,0,0,0.005359043541224535
85347,0,0,0.004055561401240896
85348,0,0,0.004418223783822076
85350,0,0,0.00019124602507461757
85355,0,0,0.04605010459555725
85365,0,0,0.0012557265711717227
85372,0,0,0.07191522346010194
85376,0,0,0.09993263135258815
85382,0,0,0.0022052590221193456
85383,0,0,0.0897710313389175
85391,0,0,0.0010749000278133824
85396,0,0,0.017245440935680784
85399,0,0,0.10810953601283244
85403,0,0,0.004104550263493181
85405,0,0,0.01996388912523935
85412,0,0,0.012343130946382444
85414,0,0,0.003705823428882129
85417,0,0,0.002762330813102681
85429,0,0,0.003924178899987626
85434,0,0,0.10391378124146002
85439,0,0,0.007751870763398944
85443,0,0,0.010823944979947302
85447,0,0,0.013401717440558911
85451,0,0,0.01796365623403265
85453,1,1,0.9387313266443702
85455,0,0,0.0025827343113987906
85456,0,0,0.21012031437236334
85457,0,0,0.008866282566846956
85459,0,0,0.00882133368159434
85460,1,1,0.9433356117566645
85462,0,0,0.010845197350201778
85468,0,0,0.3623010967310528
85480,0,0,0.003235516441912221
85487,0,0,0.0034117587912178443
85492,0,0,0.005674472593256846
85497,0,0,0.003483684629578489
85498,0,0,0.008739033651941305
85500,0,0,0.12907611743611316
85504,0,0,0.00702291712921106
85505,1,1,1.0
85509,0,0,0.005997409738228709
85524,0,0,0.08370869704355827
85525,0,0,0.016259729779162298
85532,0,0,0.2323649488542549
85536,0,0,0.00206643773536484
85537,0,0,0.04268783097947303
85539,0,0,0.014736160715771073
85541,0,0,0.0016143580706102934
85542,0,0,0.010394576648132627
85547,0,0,0.1535021184484418
85556,0,0,0.01523522605742535
85568,0,0,0.008317680054335544
85569,0,0,0.03593450648073701
85572,0,0,0.025346776220313064
85582,0,0,0.001864912259127017
85588,0,0,0.10597585743457724
85589,0,0,0.003627446286675204
85590,0,0,0.00163797262434341
85611,0,0,0.001975043734305403
85612,0,0,0.09250240765219839
85613,0,0,0.03533413400958152
85617,1,0,0.019268235428327587
85625,0,0,0.0007277768223889576
85627,0,0,0.002228393347150298
85641,1,1,0.8873285463013464
85643,0,0,0.043516776508060746
85650,0,0,0.003458282943868948
85653,0,0,0.27926181895058433
85656,0,0,0.4169362562873106
85658,0,0,0.024358574680728086
85662,0,0,7.380073800738007e-05
85679,0,0,0.000675186012523365
85691,0,0,0.002381954105302585
85696,0,0,0.014433496879588196
85702,0,0,0.02210350288288126
85708,0,0,0.0016689558503975078
85709,0,0,0.04015160743826933
85713,0,0,0.0023557070052270474
85719,0,0,0.0014008179611093405
85742,0,0,0.001817403068266773
85747,0,0,0.00432353785552439
85762,0,0,0.001460603870167897
85767,0,0,0.2948682571373283
85771,0,0,0.13063322481258677
85775,0,0,0.003414062968337969
85777,1,0,0.15563609163643596
85783,0,0,0.003314169585853342
85784,0,0,0.13539662683176837
85791,0,0,0.0015869136725759523
85806,0,0,0.0028484555389378797
85814,0,0,0.0032276096619856132
85833,0,0,0.0734712307321463
85841,0,0,0.004215537775104655
85857,0,0,0.14819634904732262
85862,0,0,0.002961541194374687
85865,0,0,0.006976607051157854
85867,0,0,0.029237627635231633
85869,1,1,0.917703572657133
85871,0,0,0.09442784533889306
85874,0,0,0.0008127937327856097
85887,0,0,0.0010010962718725424
85894,0,0,0.022956332655025634
85897,0,0,0.0021101654312146727
85898,0,0,0.0013665291119586214
85900,0,0,0.00334616312516095
85904,0,0,0.00039391293828758034
85914,0,0,0.0055667652593615145
85917,0,0,0.010648341886668767
85919,0,0,0.010319462800136016
85923,0,0,0.0027594044301370974
85924,0,0,0.0015879084849881298
85931,0,0,0.008140171937454947
85932,0,0,0.014000671885957248
85937,0,0,0.01093573774681783
85940,1,1,1.0
85954,0,0,0.029037190211469242
85958,0,0,0.00822572316076931
85968,0,0,0.06686678720843538
85973,0,0,0.008770824398145175
85979,0,0,0.011209729729302462
85980,1,0,0.24249219180918596
85983,0,0,0.003575243877015107
85988,0,0,0.03619926504482646
86000,0,0,0.02557298715071428
86005,0,0,0.04597270187949821
86009,0,0,0.0021396473626815547
86036,0,0,0.001219205769233494
86040,0,0,0.004178625910727794
86050,0,0,0.001239333221737407
86053,0,0,0.0018195464095590596
86054,0,0,0.014050672127082163
86055,0,0,0.0022219591451981503
86056,0,0,0.06326719326783904
86057,0,0,0.01718752014166633
86064,0,0,0.0035674894167795975
86065,0,0,0.0023346795525894795
86079,0,0,0.006042614703062419
86088,0,0,0.04829589913865415
86091,0,0,0.028406401000702023
86094,0,0,0.01099488455569061
86096,0,0,0.003084147635199954
86103,0,0,0.005145066793256457
86110,0,0,0.0007115671005726573
86116,0,0,0.08369178769880149
86129,0,0,0.00048470427182066393
86131,0,0,0.0010116688431351633
86132,0,0,0.0006803482587064677
86142,0,0,0.0007470629091095118
86145,0,0,0.020343587985653375
86152,0,0,0.012694722192047219
86170,0,0,0.03426910951945302
86172,0,0,0.003680819152320371
86174,0,0,0.007058575102043223
86181,0,0,0.009199785681353413
86187,0,0,0.002327027261905486
86191,0,0,0.07916722037864493
86193,0,0,0.021153063112885753
86200,0,0,0.0855130584109194
86203,0,0,0.004000440703853529
86213,1,1,0.9822802197802198
86215,0,0,0.014843526197765983
86233,0,0,0.03167615560666298
86241,0,0,0.005318114792888287
86242,0,0,0.04103156040549008
86244,0,0,0.007034797988768845
86250,0,0,0.1814018300438257
86257,0,0,0.008534173673050179
86266,0,0,0.0045437352484653006
86269,0,0,0.0017271613155987683
86272,0,0,0.18629070837020112
86278,0,0,0.0012097113797132975
86279,0,0,0.24989869307216409
86283,0,0,0.041562449389074295
86302,0,0,0.05587083005044896
86305,0,0,0.016616037705096693
86307,0,0,0.010656273149324144
86316,0,0,0.08999572819136815
86318,0,0,0.0030454765135884848
86325,0,0,0.025588443260982637
86326,0,0,0.011188165023348962
86337,0,0,0.020125505576490173
86339,0,0,0.0018369946009146349
86346,0,0,0.04408986357439109
86350,0,0,0.0030672835935993833
86355,0,0,0.001846356216821145
86363,0,0,0.3850627051800803
86367,0,0,0.004911865875857773
86373,0,0,0.03475373471973187
86379,0,0,0.000776510872242678
86381,0,0,0.0015337388074299681
86382,0,0,0.05958575270319785
86386,0,0,0.0807506002389513
86404,0,0,0.018553253382352645
86418,0,0,0.008375042274274979
86419,0,0,0.013355307376972441
86427,1,1,0.9405194109106375
86430,0,0,0.006475619103754403
86437,0,0,0.006873954460253038
86441,0,0,0.0051449619993316365
86442,0,0,0.007768522809105627
86449,1,1,1.0
86451,0,0,0.004734704723961563
86470,0,0,0.006008707878367616
86472,0,0,0.015607796875075554
86478,0,0,0.005254603213054318
86483,0,0,0.002797658889249609
86485,0,0,0.029287464979213116
86490,0,0,0.0038548757340262905
86492,0,0,0.0023271063614790687
86493,0,0,0.0038961349848185517
86495,0,0,0.002124745097917175
86499,0,0,0.0073663148979902894
86509,0,0,0.012196180848642511
86510,0,0,0.0036978297856198766
86513,0,0,0.010090462735176832
86514,0,0,0.0020831261212605028
86522,0,0,0.0004731908289577631
86524,0,0,0.020626366016742736
86533,0,0,0.0031820101193497053
86535,1,1,0.9256660413523258
86536,0,0,0.007024528673981754
86539,0,0,0.09524410925756509
86544,0,0,0.03519413601465833
86557,0,0,0.010389144695053264
86560,0,0,0.018914421496715787
86562,0,0,0.009244851716302797
86566,0,0,0.002838425886713042
86567,0,0,0.12935064843708372
86573,1,1,1.0
86575,0,0,0.03526987887299645
86578,0,0,0.2369376927326158
86581,0,0,0.0035182355133094325
86586,0,0,0.0005041153536599972
86589,0,0,0.013557326215089706
86595,0,0,0.04091096571318497
86604,0,0,0.001194809561215235
86605,0,0,0.005126188903517628
86617,0,0,0.0017357368529751403
86619,0,0,0.012424091407076166
86622,0,0,0.0031280455193649663
86623,0,0,0.0033423782444921
86626,0,0,0.07280562235879819
86629,0,0,0.01851128118778953
86631,1,0,0.06506846367606797
86639,0,0,0.0044599763797468425
86647,0,0,0.18214282264360024
86651,0,0,0.05468173756459182
86660,0,0,0.00042918574957667986
86666,0,0,0.03492847210105864
86667,0,0,0.004752135942170243
86669,0,0,0.010474359733223623
86673,0,0,0.006288402058967195
86683,0,0,0.04286097804418199
86685,0,0,0.1653565152686211
86687,0,0,0.0009763403687773739
86697,0,0,0.00045660886305247064
86699,0,0,0.005053725497354885
86701,0,0,0.20570933732112182
86710,0,0,0.0009412600273002062
86714,0,0,0.011626987958667094
86716,0,0,0.011414820418890283
86722,0,0,0.009636681076469143
86724,0,0,0.02044709464352001
86729,0,0,0.04591383690674388
86730,0,0,0.020767586883247285
86732,0,0,0.0022849964166690136
86733,0,0,0.007369667992882823
86734,0,0,0.00013405902110504099
86742,0,0,0.0075977531897940655
86748,0,0,0.0028118196554634193
86754,0,0,0.1283602345642854
86755,0,0,0.008279823548943232
86757,0,0,0.0033325315518385936
86760,0,0,0.02026626894178234
86775,0,0,0.007202550209519869
86786,0,0,0.0012400123097932247
86787,0,0,0.023282264318156644
86792,0,0,0.09406301920720601
86801,1,0,0.08305162660919978
86821,0,0,0.016475325293076198
86826,0,0,0.07613720176861269
86828,0,0,0.0013165968288403281
86829,0,0,0.04027907290620118
86835,0,0,0.002730979440248663
86842,1,0,0.2519066277786935
86849,0,0,0.03530017756649704
86857,0,0,0.14218352135733023
86859,0,0,0.20830009534298724
86860,0,0,0.00900754649676963
86863,0,0,0.001311514223464983
86866,0,0,0.009151149921086697
86869,1,1,0.9738051784816492
86870,0,0,0.00048470427182066393
86873,0,0,0.019690768479899094
86880,0,0,0.02469558939757805
86883,0,0,0.0008595741894969309
86884,0,0,0.09523890696993903
86885,1,1,0.9909824175824176
86889,0,0,0.0187478070336897
86890,0,0,0.0776933196388121
86906,0,0,0.01606166231164443
86908,0,0,0.0032780104712149065
86922,0,0,0.17292196337094434
86924,0,0,0.010401261673707706
86926,0,0,0.005619881207883069
86933,0,0,0.004932302287671979
86937,0,0,0.013557874482497283
86946,0,0,0.04729149340604377
86948,0,0,0.0036102756497294356
86954,0,0,0.023140435187898673
86956,0,0,0.004196625335702717
86957,1,1,0.9096265432985475
86959,0,0,0.017218653682056252
86962,0,0,0.009598814239802075
86971,0,0,0.06928103079285004
86973,0,0,0.0013934974984309214
86977,0,0,0.0004894361215561676
86981,0,0,0.009739508056122923
86984,0,0,0.03198950605211703
86986,0,0,0.1028940498788257
86993,1,1,1.0
87000,0,0,0.007200496366878539
87011,0,0,0.0017990965118085483
87015,0,0,0.0417721648760087
87019,0,0,0.0013726509062735545
87020,0,0,0.004906066621403745
87021,0,0,0.03318526347970725
87041,0,0,0.0033616470699560207
87043,0,0,0.013299916734077998
87049,0,0,0.004573217420225786
87056,0,0,0.22072760066522423
87057,0,0,0.03571958552833793
87058,0,0,0.001987726775155505
87066,0,0,0.027229069680431938
87070,0,0,0.009723211955066195
87084,0,0,0.024748340664033287
87094,1,1,0.9391623376623376
87095,0,0,0.005025199476666302
87098,0,0,0.027660911223817513
87099,0,0,0.012914834981001084
87114,0,0,0.004542468960751459
87115,0,0,0.01693307544890911
87121,0,0,0.001119529203090684
87122,0,0,0.013630957642990516
87127,0,0,0.00491079521355695
87131,1,1,0.9486840321597938
87132,0,0,0.02414291396314574
87138,0,0,0.06358506396568049
87147,0,0,0.10819457992341983
87154,0,0,0.023813594303853273
87157,0,0,0.007270518252810145
87161,0,0,0.005414609260509212
87173,0,0,0.019522945240509886
87174,0,0,0.004402678428483871
87175,0,0,0.34671819043783203
87182,0,0,0.00303482803177068
87186,0,0,0.06263611068163215
87187,0,0,0.0012055825378732732
87191,0,0,0.03415499154351626
87214,0,0,0.001649361376993362
87220,0,0,0.010480561125131514
87221,1,1,0.9881252747252748
87223,0,0,0.0035365491488753816
87225,1,0,0.07354271204068166
87227,0,0,0.006703236520234156
87229,0,0,0.004028392453459924
87235,0,0,0.006087247814584731
87240,0,0,0.08436329562137074
87245,0,0,0.06127008712536047
87247,0,0,0.002279055520496609
87248,0,0,0.0014887551046769048
87257,0,0,0.17137207981602193
87270,0,0,0.1261942833794377
87272,0,0,0.006066743975647198
87274,0,0,0.08371244571987292
87276,0,0,0.00012658227848101267
87282,0,0,0.03680506200659367
87288,0,0,0.00042918574957667986
87289,0,0,0.007565064729390233
87298,0,0,0.002688074598302811
87301,0,0,0.004162867679073686
87302,0,0,0.006400526357127696
87303,0,0,0.0007547425040797805
87308,1,1,0.9759144395004771
87312,0,0,0.07547506653912288
87313,0,0,0.03989816173820981
87315,0,0,0.0019414210443201008
87326,1,1,0.9516374483085892
87333,0,0,0.00014086225941479662
87334,0,0,0.00642146957343496
87336,0,0,0.0052684245432171395
87339,0,0,0.007348229202963507
87351,0,0,0.005334772559814396
87352,0,0,0.006733519185619969
87353,0,0,0.010343131669681928
87355,0,0,0.0024066838482789342
87366,0,0,0.002021969736389358
87371,0,0,0.04002309224765747
87372,0,0,0.02889166639079994
87375,0,0,0.008116602902996588
87378,0,0,0.002094772787614503
87394,0,0,0.0053518207353258325
87397,0,0,0.008774355437401675
87401,1,1,0.9052642599546771
87406,0,0,0.05186155783266863
87407,0,0,0.012270353774968136
87411,1,0,0.03089932656892322
87414,0,0,0.02282189672942219
87432,0,0,0.08256650826045914
87435,0,0,0.00789127133078544
87441,0,0,0.004495989897437424
87462,1,1,0.9368912955694826
87464,0,0,0.003483684629578489
87476,0,0,0.0005592360368639502
87479,0,0,0.023322632183460517
87480,0,0,0.00900754649676963
87481,0,0,0.0072565077650159635
87483,0,0,0.01056682034005607
87497,1,1,0.9909824175824176
87499,0,0,0.004343065054386133
87510,0,0,0.022865494805768573
87518,0,0,0.01922548439374864
87521,0,0,0.09784406406985262
87525,0,0,0.0005041153536599972
87536,0,0,0.05887426545128939
87544,0,0,0.01650464052583179
87545,0,0,0.10060361491253113
87552,1,1,0.98375
87559,0,0,0.003950080554529308
87564,0,0,0.002373142533832203
87579,0,0,0.02687446258280995
87580,0,0,0.020069497944647196
87583,0,0,0.16315575811600794
87585,0,0,0.007649450889272954
87593,0,0,0.0033596006936593916
87596,0,0,0.011022293943551378
87598,0,0,0.0934858566869822
87600,0,0,0.008053771531866219
87609,0,0,0.001093188410294173
87618,0,0,0.0015879084849881298
87621,0,0,0.008905818217173438
87624,0,0,0.0014753214223273774
87633,0,0,0.024742881362326496
87635,0,0,0.007177876515427561
87636,0,0,0.006019261379314662
87648,0,0,0.013173972876206856
87650,1,0,0.09303550084573786
87653,1,0,0.04260094877127778
87655,0,0,0.0022052590221193456
87658,0,0,0.02851604390736478
87661,0,0,0.0011557787726554317
87667,0,0,0.0019109127331999327
87669,0,0,0.003766220112611508
87671,0,0,0.005138680173111158
87676,0,0,0.004329815100970499
87683,0,0,0.05764212059938893
87684,0,0,0.01074491860160744
87686,0,0,0.0217805718220173
87687,0,0,0.003831659909826316
87688,1,0,0.15765116726693343
87689,0,0,0.0017933686759913946
87690,0,0,0.004117078562431054
87691,0,0,0.008045660485752587
87694,0,0,0.009506555024860266
87699,1,1,0.9638557297901158
87706,0,0,0.04759564097107591
87707,0,0,0.05514110193543335
87708,0,0,0.006230876763099295
87710,0,0,0.011643528456299243
87713,0,0,0.0032138751345200424
87714,0,0,0.05925493366105806
87728,0,0,0.03655042328176251
87730,0,0,0.007827868146493484
87732,0,0,0.039784966143157324
87740,0,0,0.039620979356635375
87752,0,0,0.00255530865185036
87761,0,0,0.002151522183818082
87763,0,0,0.07716446228306474
87770,0,0,0.014057120417540776
87780,0,0,0.0010821115662749208
87787,1,1,0.935408064158064
87807,0,0,0.1307352238145079
87809,0,0,0.0037526767123359293
87813,0,0,0.02314024039144146
87820,1,0,0.2668061564411161
87823,0,0,0.016476343653260825
87829,0,0,0.005348113802480724
87834,0,0,0.00044049304713256394
87839,0,0,0.005012299434672883
87843,0,0,0.10904920120307178
87846,0,0,0.0004894361215561676
87850,0,0,0.007429306987637801
87853,0,0,0.0034084838122007055
87857,0,0,0.22785930860682235
87870,0,0,0.10827420385242319
87871,0,0,0.0012926315682954457
87876,0,0,0.014558129952984066
87889,0,0,0.10876335692783645
87891,0,0,0.10226907516491045
87892,0,0,0.010824835568010496
87915,0,0,0.010607586056869145
87917,0,0,0.02345199440481289
87931,0,0,0.05242432416818353
87937,0,0,0.0005003159514702546
87942,0,0,0.008632472044665551
87944,0,0,0.0029859845592248354
87948,0,0,0.0038022255371117524
87950,0,0,0.0030864270334426858
87960,0,0,0.0006029730582244764
87961,0,0,0.007181079698868554
87963,0,0,0.004370240911928953
87966,0,0,0.011405959980328572
87968,0,0,0.29441396821503096
87973,0,0,0.011062433284452616
87983,0,0,0.07430287385817201
87985,0,0,0.0012531061444178437
87989,0,0,0.016418554884392735
88002,0,0,0.008681350863659027
88007,0,0,0.015886686723958342
88008,0,0,0.013107401935274572
88013,0,0,0.0050310318436196
88018,0,0,0.0023746116008341272
88021,0,0,0.006105362196532951
88023,0,0,0.00348017046117161
88033,0,0,0.02015524198643024
88035,0,0,0.0004975692098826614
88037,0,0,0.01692869341802194
88042,0,0,0.2085501130388908
88043,0,0,0.015695908237864008
88046,0,0,0.0018293481873719818
88048,0,0,0.004245258647596326
88049,1,1,0.9383661859455059
88056,0,0,0.002721100006621073
88065,0,0,0.011549704566895767
88066,0,0,0.07792780195515324
88076,0,0,0.0005287471015823038
88083,0,0,0.0015217307229829897
88087,1,1,0.9466884713035215
88092,0,0,0.025012514615065803
88093,0,0,0.0018167186827263244
88095,0,0,0.005365300490979857
88100,0,0,0.02962782406991067
88105,0,0,0.009666788571046971
88116,0,0,0.11941461912861007
88123,0,0,0.12009010693880472
88126,0,0,0.05720603281721047
88127,0,0,0.008517937257898707
88142,0,0,0.001876293425547937
88149,0,0,0.006661807089405581
88156,0,0,0.03508898013231141
88173,0,0,0.0004588545248436012
88184,0,0,0.0123436396378942
88188,0,0,0.03176891991197207
88189,1,1,1.0
88197,0,0,0.0028440147262533255
88202,0,0,0.00046634279410962665
88203,1,1,0.9277296468351595
88210,0,0,0.04038405404358251
88215,0,0,0.13013419928895445
88224,0,0,0.004073403419243349
88230,0,0,0.002276268638700549
88232,1,1,0.9322691201621736
88239,0,0,0.003469425086150605
88244,0,0,0.0005831478746821054
88246,0,0,0.007405031642442409
88248,0,0,0.025043922257049527
88250,0,0,0.021364877513146256
88251,0,0,0.03372644067471044
88253,1,1,0.995
88264,1,1,0.9492547778230613
88276,0,0,0.0006993290558433901
88278,0,0,0.0025885677968241166
88294,0,0,0.004660286519232429
88306,0,0,0.006894214326123094
88309,1,1,0.9909824175824176
88314,0,0,0.0046302698365603065
88329,0,0,0.03664620886093033
88336,1,1,0.9881493506493507
88338,0,0,0.06059937631500179
88341,0,0,0.009652669138483075
88350,0,0,0.017755385478359764
88358,0,0,0.14604294609147167
88363,0,0,0.017672539242614305
88370,0,0,0.0052128001476590335
88371,0,0,0.0006117631996298162
88373,0,0,0.06844789163926086
88378,0,0,0.008389897147724684
88381,1,1,0.9072161034214068
88386,1,1,0.8909505736730314
88399,0,0,0.02335215904336544
88401,0,0,0.00661819732541954
88407,0,0,0.00023158199449992763
88408,0,0,0.0367247008645987
88419,0,0,0.06233356966368525
88420,0,0,0.062319086824858226
88421,1,1,0.9677373082613588
88422,0,0,0.09217544214641235
88426,0,0,0.003979871185646541
88428,0,0,0.006928920024795591
88436,0,0,0.02067053024154078
88442,0,0,0.16053091187421478
88444,0,0,0.0037766080756656047
88449,0,0,0.0011289453691453017
88450,0,0,0.0006659276907098979
88460,0,0,0.0020345944581590526
88462,0,0,0.019706769156432134
88483,0,0,0.014836170589965569
88492,0,0,0.0005154226512158814
88497,0,0,0.09246825696578083
88499,1,1,0.9043957607652806
88501,0,0,0.0013699345552662437
88504,0,0,0.0632337949343345
88506,0,0,0.06516643535133686
88522,0,0,0.010613263568721578
88525,0,0,0.010357368358788673
88527,0,0,0.04282014821722606
88531,0,0,0.01471043748045341
88536,0,0,0.001896990495932606
88539,0,0,0.010362355648066725
88542,0,0,0.014359039458756167
88547,1,1,0.9492207041154752
88554,0,0,0.03721406898156022
88558,0,0,0.002434802148537499
88567,0,0,0.00037709617255011053
88570,0,0,0.0004894361215561676
88572,0,0,0.017438567929035004
88574,0,0,0.001380926598114237
88575,0,0,0.0062055859075018475
88578,0,0,0.006326959174305586
88588,0,0,0.011411242334424398
88591,0,0,0.06532191943231068
88592,0,0,0.24172096657330758
88599,0,0,0.08901422185469146
88600,0,0,0.0017625914989117509
88601,0,0,0.0014753214223273774
88602,0,0,0.0030463516923816118
88604,0,0,0.03722354748294393
88608,0,0,0.0013908281742303983
88612,0,0,0.053599321690996134
88616,0,0,0.016307893441438834
88619,0,0,0.01655325560567144
88621,0,0,0.013417975585686423
88623,0,0,0.01450122999478787
88624,0,0,0.0013069252854848161
88631,0,0,0.04282389669069283
88637,0,0,0.024193099057405028
88643,0,0,0.000468160647871244
88661,0,0,0.009852710616450296
88672,1,0,0.33150518162215126
88674,0,0,0.012146284135774885
88680,0,0,0.035717072249183024
88683,0,0,0.007640824079629479
88692,0,0,0.013772918762977584
88696,0,0,0.0023693094273403376
88704,0,0,0.20461272839172598
88709,1,0,0.14572926288310328
88711,0,0,0.06576421688936074
88714,0,0,0.0002289027788237066
88716,0,0,0.06005187871217177
88719,0,0,0.11796333247337655
88720,0,0,0.1791686090490988
88721,1,0,0.055234702559086656
88726,0,0,0.001940061376698592
88727,1,0,0.26238734123196744
88739,0,0,0.006418363199950291
88740,0,0,0.0013181539411729686
88744,0,0,0.004393875241073401
88746,0,0,0.03270718658885207
88749,0,0,0.0015560453406581849
88754,0,0,0.18598307374913225
88765,0,0,0.0025870255618724632
88790,0,0,0.026284462996859097
88796,0,0,0.0010508615662749208
88799,0,0,0.0011915384362308876
88803,0,0,0.21630278810675596
88810,0,0,0.03135237210452156
88812,0,0,0.004036316596268218
88817,0,0,0.006582311171137987
88818,0,0,0.0076546168194450495
88827,0,0,0.003405214807356431
88830,1,0,0.2551061830413275
88832,0,0,0.06831333544390086
88837,0,0,0.013696616805685125
88838,0,0,0.006956236079668018
88842,0,0,0.18299031863034995
88843,0,0,0.000289888727174391
88846,0,0,0.10392907689103223
88849,0,0,0.002727772790555258
88853,0,0,0.0027330353260984464
88854,0,0,0.029543956023363127
88859,1,1,0.9941666666666668
88874,0,0,0.002458937822816992
88878,0,0,0.00498659741896097
88881,0,0,0.004569342258797345
88884,0,0,0.0007725820411040514
88885,0,0,0.002897887936736992
88889,0,0,0.013684509953365669
88898,0,0,0.15186395296521954
88907,0,0,0.0005041153536599972
88908,0,0,0.0008219623665735891
88910,0,0,0.07298119998845677
88912,0,0,0.008306653368631898
88914,0,0,0.07828643130818637
88917,0,0,0.019880834366344084
88918,0,0,0.05901587965524113
88922,0,0,0.25756258596047027
88925,0,0,0.026764020328931312
88935,0,0,0.003425083241584267
88951,0,0,0.0036558976345071386
88959,0,0,0.007434917399360392
88962,0,0,0.007287666668027526
88971,0,0,0.013808449076278722
88975,0,0,0.011589309947011
88978,0,0,0.05145885060782085
88980,0,0,0.0047551500184325685
88985,0,0,0.002450647608394328
88986,0,0,0.006770270473787421
88994,0,0,0.0005777870049974984
88997,0,0,0.018306279862324904
89004,1,1,0.9392807691711265
89014,0,0,0.08103163935302599
89020,0,0,0.0069631946667201225
89031,0,0,0.0036222017175483105
89032,1,1,0.9649744517229464
89036,0,0,0.07209025645744846
89037,0,0,0.0038523294182663285
89045,0,0,0.0020999971962678957
89049,0,0,0.004531739033964837
89054,0,0,0.001093188410294173
89059,0,0,0.005719123596155823
89060,0,0,0.02211473126404163
89061,0,0,0.034964127020845746
89065,0,0,0.00044049304713256394
89074,0,0,0.036620955222630265
89075,0,0,0.008489191743952611
89080,0,0,0.046972396951029116
89081,0,0,0.005646273043310665
89084,1,0,0.13545057040227051
89085,0,0,0.005491036330762158
89101,0,0,0.18119672742491552
89111,0,0,0.003017676767676768
89116,0,0,0.007467406164051464
89120,0,0,0.0071691047684704105
89131,0,0,0.03485103521759338
89138,0,0,0.009660551807403724
89148,0,0,0.005354200492933865
89149,0,0,0.31756270352115723
89153,1,0,0.28472462595953807
89169,0,0,0.0016335636922427488
89178,1,1,0.9709824175824175
89183,0,0,0.006638113661844425
89188,0,0,0.012451423240509029
89196,0,0,0.03333441871227381
89198,0,0,0.0077534828781719925
89203,0,0,0.0021057050010659696
89204,0,0,0.003599049027661905
89206,0,0,0.00378489602750392
89208,0,0,0.0025320003753480217
89213,0,0,0.02346410464212919
89214,0,0,0.002603059348350219
89216,0,0,0.00536858722820078
89236,0,0,0.01116515339852854
89244,0,0,0.0027881024265331744
89245,0,0,0.001401078156470288
89255,0,0,0.14004511049941046
89261,0,0,0.027295693820826326
89262,0,0,0.006100875601926906
89279,0,0,0.034530766182897445
89283,0,0,0.0004828029693861927
89288,0,0,0.16903603365873207
89290,0,0,0.004641180601731393
89292,0,0,0.0074012707909543365
89298,0,0,0.0123557793823233
89304,0,0,0.0005154226512158814
89305,0,0,0.0051879573486470175
89318,0,0,0.0007259748678268743
89325,0,0,0.020206689798834106
89332,0,0,0.0014788049440319707
89336,0,0,0.0023634482147432165
89337,0,0,0.02012158369163527
89341,0,0,0.01992928020504959
89345,0,0,0.0030695528394340476
89346,0,0,0.007287801558403293
89347,0,0,0.013656094198970521
89354,1,1,0.9554230359468918
89355,0,0,0.025278964556111852
89356,1,1,1.0
89365,0,0,0.0027594571078960197
89373,1,0,0.028039105127873408
89375,0,0,0.005316545298645682
89378,0,0,0.0028976888565143397
89379,0,0,0.00436656200326766
89382,1,0,0.128049229926112
89387,0,0,0.005493472324500895
89390,0,0,0.05796106336867353
89394,0,0,0.003070319485995932
89395,1,0,0.10388707870029311
89397,0,0,0.0019736010717333616
89403,1,1,0.9909824175824176
89413,0,0,0.010656428039417902
89423,0,0,0.08755581376367534
89424,0,0,0.0005287471015823038
89442,0,0,0.48739654624008905
89446,1,0,0.10919464307641798
89450,0,0,0.1960512379351289
89456,0,0,0.0035752914388898407
89462,0,0,0.0006029730582244764
89463,0,0,0.014022293442472765
89468,0,0,0.003995737341678964
89470,0,0,0.0030622754422099724
89473,0,0,3.424657534246575e-05
89474,0,0,0.0007115953293092297
89487,1,1,0.8705745009779493
89489,0,0,0.014503573516004217
89491,1,1,0.5695295279286211
89492,0,0,0.00044049304713256394
89506,0,0,0.13941554584012536
89519,0,0,0.05779590796881719
89520,1,0,0.21854528165874185
89526,0,0,0.003541870293823848
89540,0,0,0.009279943931555736
89543,0,0,0.06138109397778359
89546,0,0,0.019849746792506163
89547,0,0,0.0074082266344758065
89557,0,0,0.01305427929711589
89560,0,0,0.05487828348963124
89561,0,0,0.003785472470982955
89563,0,0,0.007748587488724927
89567,0,0,0.008930589102518934
89568,0,0,0.02171584559357703
89575,0,0,0.004470963459155875
89577,0,0,0.00016995458416122625
89584,0,0,0.0019414210443201008
89590,0,0,0.0022457940552056696
89593,0,0,0.21844700727680635
89594,0,0,0.139638944161743
89595,0,0,0.0028987674065565905
89596,0,0,0.0019482045740605435
89598,0,0,0.004224325629142831
89600,0,0,0.11802602699092178
89607,0,0,0.0036606211452293053
89612,1,1,0.9696239495798319
89617,0,0,0.009050365719945502
89618,0,0,0.0007259748678268743
89620,0,0,0.008982398040194165
89621,1,1,0.9442595974245721
89622,0,0,0.002588807100409511
89635,0,0,0.0018382948636417563
89636,0,0,0.019050908099405937
89660,0,0,0.002808106249047908
89661,0,0,0.004472554493744897
89673,0,0,0.009337976033628207
89674,0,0,0.0015119359956735545
89676,0,0,0.07291272482175365
89678,0,0,0.0049718392500776
89684,1,0,0.052706824176642936
89695,0,0,0.03656233136971066
89698,0,0,3.424657534246575e-05
89704,0,0,0.0009399586411150527
89710,0,0,0.0015353058833967694
89712,0,0,0.0025654535911665854
89717,0,0,0.008445677966683834
89718,0,0,0.08724772375364642
89723,0,0,0.013428504112329957
89724,0,0,0.030441769125176283
89725,0,0,0.0632069896524937
89729,0,0,0.0014206742541683312
89730,0,0,0.015132357487725755
89755,1,0,0.06377587919160495
89761,0,0,0.001471981492304803
89783,0,0,0.0010822416537732082
89784,0,0,0.000822405391338078
89785,0,0,0.0017294680340418664
89805,0,0,0.0007715527887538033
89813,0,0,0.04950681629878131
89814,0,0,0.01000284749223782
89819,0,0,0.02048687458048963
89826,0,0,0.018776172337434237
89843,0,0,0.022344836448307044
89845,1,1,0.930794367328578
89849,0,0,0.0008395461833603021
89858,0,0,0.023322329200325967
89865,0,0,0.05829316938253503
89874,0,0,0.002925861480575105
89882,0,0,0.08837953712953713
89901,0,0,0.02021749770548468
89908,0,0,0.01615981812584856
89912,0,0,0.0004731908289577631
89916,0,0,0.009701002956353238
89919,0,0,0.011782831749497341
89923,0,0,0.030607767778890137
89928,0,0,0.02810720504883096
89929,0,0,0.016475777321620918
89933,0,0,0.0011965589965783337
89947,0,0,0.21260314607965283
89973,0,0,0.08074230505273934
89980,0,0,0.0040713795928600085
89992,0,0,0.011826114858337391
90005,0,0,0.0079748320263349
90007,0,0,0.06015748755961421
90020,0,0,0.05407898895262859
90024,0,0,0.0030730179180675256
90030,0,0,0.020283915534437515
90036,0,0,0.15441026984822723
90040,0,0,0.005197768109207353
90044,0,0,0.00046634279410962665
90046,1,1,0.9370692323050812
90052,0,0,7.380073800738007e-05
90054,0,0,0.06372480132462717
90056,0,0,0.0017357246470577614
90057,0,0,0.0008862955136334797
90071,0,0,0.0019278643159509304
90073,1,0,0.17954615988875836
90074,0,0,0.015041478854728323
90080,0,0,0.01781940771053829
90082,1,1,0.9909824175824176
90092,0,0,0.013446643193063972
90093,0,0,0.31268966640191787
90094,0,0,0.0015290295389508359
90095,1,1,0.9453803318904634
90096,0,0,0.0025947302466665604
90097,0,0,0.06770716724281745
90113,0,0,0.016853160199423026
90116,0,0,0.0356848142415513
90119,0,0,0.019207098450741606
90120,0,0,0.0015547935735487973
90128,0,0,0.0012686129508505779
90143,0,0,0.045740656212059916
90152,0,0,0.009164957433677675
90166,0,0,0.0004944663026426867
90169,0,0,0.005350982005170234
90173,0,0,0.010693225763847418
90177,0,0,0.05571043978507523
90179,0,0,0.0030211970392792055
90181,0,0,0.006043910680400133
90186,0,0,0.4507448083913518
90191,0,0,0.0016143580706102934
90199,0,0,0.0050281833512885775
90203,0,0,0.04656331485621168
90216,1,1,0.9156100628913945
90232,0,0,0.33771045812945877
90240,1,1,0.9726490968194469
90251,0,0,0.0738667080806143
90257,0,0,0.005316771538381127
90258,0,0,0.042568260493896615
90259,0,0,0.01908215673756308
90261,0,0,0.0013778892534936293
90263,0,0,0.009328277993770487
90264,1,0,0.27632053355285324
90277,0,0,0.041187418736806924
90282,0,0,0.05245586473909501
90288,0,0,0.02022323289911226
90292,0,0,0.017062990573443265
90302,0,0,0.006655501446454719
90307,0,0,0.03524305614793357
90314,0,0,0.013033317257553674
90323,0,0,0.0032018494469907587
90332,0,0,0.05298168223918604
90343,0,0,0.024636138378172485
90358,1,1,0.9515312309397614
90365,0,0,0.027201742329612144
90372,0,0,0.0014109986594303598
90386,0,0,0.001343919305453354
90390,0,0,0.10719983641786401
90391,1,1,1.0
90395,0,0,0.003605213709962886
90399,0,0,0.0005154226512158814
90403,0,0,0.04267059003313688
90417,0,0,0.07745049873755058
90421,0,0,0.00048626191232677726
90422,0,0,0.06821781953070867
90423,0,0,0.004973237900223481
90425,0,0,0.06632260821392805
90427,0,0,0.022032634545500817
90435,0,0,0.029101999890959282
90437,0,0,0.004196850832189429
90443,0,0,0.0012291554324167214
90447,1,1,1.0
90448,0,0,0.03261731004051674
90449,0,0,0.003993915978188608
90451,0,0,0.01179942656123421
90452,0,0,0.003079668934398672
90455,0,0,0.0024473496959824376
90462,0,0,0.08146957037527365
90477,0,0,0.015579632442565943
90481,0,0,0.0804462044006196
90487,0,0,0.0039029301343017995
90488,0,0,0.003618960687865533
90489,1,1,0.8987229479978249
90493,0,0,0.012204704141364889
90499,0,0,0.007278154094834579
90500,0,0,0.017834999546939335
90504,0,0,0.012520310599433268
90505,0,0,0.09994386708914556
90506,0,0,0.0006905294310688377
90512,0,0,0.0200017185444254
90515,1,0,0.04404798476469916
90530,0,0,0.0004367261510651308
90532,0,0,0.006040536388106636
90537,0,0,0.20902288246942632
90542,1,1,0.9587659874079327
90557,0,0,0.0012559471919727247
90560,0,0,0.007926978872879619
90562,0,0,0.001848125574475691
90563,0,0,0.0335528721434266
90564,0,0,0.006401377194752332
90567,1,1,0.9471967032967032
90568,0,0,0.011164143348774181
90570,0,0,0.15480951351531597
90572,0,0,0.012731450965936301
90582,0,0,0.008091930057772853
90583,0,0,0.0004812200035912745
90587,0,0,0.013622258124164718
90589,0,0,0.013393347821985478
90591,0,0,0.0032374995172608956
90608,0,0,0.0017034097806105002
90612,0,0,0.004528238922898199
90615,1,1,0.9640851410379285
90625,0,0,0.007745716768466592
90627,0,0,0.006300243273386794
90633,0,0,0.0698267933422771
90634,0,0,0.00449676538006082
90638,0,0,0.012511435473661368
90646,0,0,0.021409376880526493
90651,0,0,0.002920856176371657
90652,1,0,0.10668338187791963
90653,0,0,0.07764217527310148
90657,0,0,0.10053085420052034
90658,1,0,0.11259542726461264
90670,0,0,0.00656429037967497
90677,0,0,0.06467829886136862
90678,0,0,0.26260197234228455
90699,0,0,0.003638591057656747
90702,0,0,0.004131332993668111
90703,0,0,0.1524495674209806
90704,0,0,0.0004696772325951657
90707,0,0,0.01034857670405549
90709,0,0,0.005465273719361491
90715,0,0,0.0028698228374128536
90725,0,0,0.030431222643230074
90736,0,0,0.0005287471015823038
90738,0,0,0.006464481924561255
90741,0,0,0.04768257510192128
90751,0,0,0.012454726363106223
90764,0,0,0.01172109560223198
90767,0,0,0.0012370290220886661
90768,0,0,0.03803960004070241
90769,0,0,0.0004652568033343254
90770,0,0,0.01621618120808986
90774,0,0,0.001021344383380518
90777,0,0,0.035024165660994304
90790,0,0,0.020790735590230945
90796,0,0,0.00028909321752279815
90800,0,0,0.009899881034150761
90803,1,1,0.9467760998445158
90804,0,0,0.07811479407318772
90808,0,0,0.04496939041783138
90810,0,0,0.0031292273141174504
90816,0,0,0.006877327101629558
90817,0,0,0.14818591730439995
90821,0,0,0.013519002540075337
90835,0,0,0.0034597725598143956
90839,0,0,0.016497369731516297
90840,0,0,0.003935988927305637
90842,0,0,0.006655338663062085
90844,0,0,0.005451929344815415
90852,0,0,0.002607631822058495
90854,0,0,0.0008894905255694536
90861,0,0,0.0509495202542182
90866,0,0,0.0005041153536599972
90880,0,0,0.17403365877659005
90896,0,0,0.07281088006361001
90900,0,0,0.00289121875152911
90901,0,0,0.0021598131881363294
90902,0,0,0.007746190797850927
90903,0,0,0.04033917254336295
90919,0,0,0.0022953499993294242
90923,0,0,0.010637151344250364
90924,0,0,0.0014453007961919972
90925,0,0,0.0030680098359161362
90926,0,0,0.042949707350631645
90928,0,0,0.03885706971140982
90933,0,0,0.0033054626080020917
90937,0,0,0.004732450557505264
90966,0,0,0.003879846950901081
90967,0,0,0.00019977412059129826
90969,0,0,0.03516862559622682
90986,0,0,0.013509652639566978
90989,0,0,0.001093188410294173
90991,0,0,0.004048409168340561
90993,0,0,0.006341454626044065
91005,0,0,0.04209364069336846
91008,0,0,0.010571866283107405
91011,0,0,0.005077700771001063
91012,0,0,0.09126209931635168
91014,1,1,0.9573157509157508
91015,0,0,0.0009225782540617884
91021,0,0,0.042499161969610386
91024,0,0,4.8543689320388346e-05
91025,0,0,0.0016143580706102934
91026,0,0,0.050751910806399
91027,0,0,0.0038461538461538464
91032,0,0,0.018838620271006502
91057,0,0,0.003051539826596551
91058,0,0,0.009005477263876169
91063,0,0,0.2814650255669885
91065,0,0,0.027484856455726243
91072,1,1,0.8812817182817184
91074,0,0,0.22078609951449427
91083,0,0,0.015197993676916663
91084,0,0,0.007437249941759843
91090,0,0,0.015337274783022185
91091,0,0,0.050919342410742405
91096,0,0,0.001160531051844445
91098,0,0,0.005208533791991723
91118,0,0,0.007743450590747762
91120,0,0,0.04319899590836166
91121,1,1,0.9714967032967032
91126,0,0,0.034540685388940895
91127,1,0,0.3046092155992046
91131,0,0,0.01230101103785566
91135,0,0,0.011859821797203091
91142,0,0,0.0055599976898833515
91154,0,0,0.00766978851339484
91169,0,0,0.006214347796196931
91174,0,0,0.003957716800024478
91176,0,0,0.017950589028299952
91177,1,0,0.39788894803533803
91179,1,1,0.9735779520123381
91183,0,0,0.009788015661467498
91199,0,0,0.011897600955777783
91201,0,0,0.0627145843878235
91216,0,0,0.03133179754180368
91230,0,0,0.04621163959307063
91241,0,0,0.017843066694328776
91244,0,0,0.002034861105277948
91265,0,0,0.011906597720742564
91268,0,0,0.11016392084233248
91269,0,0,0.0014502251219049313
91275,1,1,0.9393297457355207
91285,0,0,0.07640837445162672
91287,0,0,0.0004774333072060251
91288,0,0,0.19300540758227627
91296,0,0,0.09457898589645851
91302,0,0,0.08912490677232482
91309,0,0,0.0004894361215561676
91314,0,0,0.00046634279410962665
91317,0,0,0.0014003696734213083
91325,0,0,0.003690225886920414
91332,0,0,0.0019531462192442497
91344,0,0,0.0036103538997398917
91346,0,0,0.03695754902711597
91352,0,0,0.0019496125128728257
91353,0,0,0.002231954215502428
91354,0,0,0.08251075239216116
91355,0,0,0.0011148568826668708
91358,0,0,0.0034941467312480166
91363,0,0,0.044377069663379135
91367,0,0,0.0070313762934881415
91370,0,0,0.15420559322534066
91380,1,0,0.1132189105898464
91382,0,0,0.0007631864218762557
91390,0,0,0.003328792903173533
91393,0,0,0.0018566217511961668
91396,0,0,0.00035029843385991466
91398,0,0,0.0282838166331678
91408,0,0,0.020329975430066507
91413,0,0,0.03704302948819619
91418,0,0,0.02886267508059547
91434,0,0,0.008993594423065911
91440,0,0,0.0006967714895870268
91441,0,0,0.004389765405411683
91443,0,0,0.0016285335111562297
91447,0,0,0.06119787112919183
91452,0,0,0.01728126499673379
91455,0,0,0.015906443646251142
91459,1,1,0.9564844109790919
91460,0,0,0.0028435736899520684
91466,0,0,0.03201995011918618
91471,1,1,0.9434330447518745
91498,1,1,0.9204030658035386
91503,0,0,0.2227996281679332
91506,0,0,0.0033093271500051822
91516,0,0,0.006812662055725608
91525,0,0,0.0013717173570496615
91547,0,0,0.004147453591918203
91553,0,0,0.033902944603592625
91570,0,0,0.01592684976681224
91573,0,0,0.025636543352730686
91578,0,0,0.10004069825090765
91587,0,0,0.005006690662546306
91589,0,0,0.003018206747506063
91596,0,0,0.020862864295782844
91603,0,0,0.00885155456341708
91608,0,0,0.012288567430882424
91613,0,0,0.005381193181069423
91624,1,1,0.9901266666666666
91627,0,0,0.03879374727131752
91636,0,0,0.003706510835647426
91642,1,1,0.9822222222222223
91644,0,0,0.009684683502618401
91652,1,0,0.013427060448621055
91659,0,0,0.055214952772619945
91669,0,0,0.045168167361228376
91671,0,0,0.1584550443690323
91672,0,0,0.0063945313038502975
91677,0,0,0.0017486258356578005
91678,0,0,0.06834880463673168
91680,0,0,0.02114535067745376
91685,0,0,0.0004731908289577631
91688,0,0,0.009710449098602388
91689,0,0,0.01919203028780228
91691,1,1,0.9909824175824176
91695,0,0,0.062454998739097885
91707,0,0,0.002991425736131233
91709,0,0,0.00144967326743443
91715,0,0,0.04802740822133621
91716,0,0,0.06887354637867174
91717,0,0,0.0048559327153087535
91719,0,0,0.0020556884763159107
91730,1,1,0.9557442268515799
91731,0,0,0.13889584365907848
91734,0,0,0.004721676071395234
91737,0,0,0.03888653280681226
91744,1,1,1.0
91751,1,1,1.0
91752,0,0,0.0009832175686435235
91761,0,0,0.0227844596773102
91773,0,0,0.0018472188362925468
91784,0,0,0.0032778087759869736
91793,0,0,0.010417936106643983
91794,0,0,0.30304495821775174
91798,0,0,0.03343245603164252
91801,0,0,0.018481090332093136
91804,0,0,0.005076626081755898
91818,0,0,0.027012847071020765
91825,0,0,0.002699962332794947
91827,0,0,0.010256842810751933
91831,0,0,0.01809948306689403
91833,0,0,0.17940152460048656
91835,0,0,0.006281199382678766
91837,0,0,0.002526219649647417
91838,0,0,0.02303763281255232
91841,0,0,0.0023598038924766214
91850,0,0,0.06430022236241108
91861,0,0,0.06462884476118431
91873,0,0,0.0025980520420656517
91874,0,0,0.002993181623766027
91877,0,0,0.03228821985204702
91879,0,0,0.007760030992827269
91885,0,0,0.0015219621618038218
91888,0,0,0.002961562601220656
91896,0,0,0.00959272696860377
91906,1,1,0.9512348668280873
91918,0,0,0.0009666202049717196
91924,0,0,0.019258910924196574
91927,0,0,0.024425397280713655
91932,0,0,0.0009322997437691103
91933,0,0,0.007216209613762824
91936,0,0,0.1291306713180897
91939,0,0,0.013690562083145317
91943,0,0,0.06747565157746434
91948,0,0,0.0020476137731334303
91950,0,0,0.0063075858280364295
91951,0,0,0.017114085882846707
91952,0,0,0.0034084196222651676
91953,0,0,0.13307923631715254
91954,0,0,9.331867779831486e-05
91955,0,0,0.04698570651284358
91957,0,0,0.0068846222892766165
91964,0,0,0.039219192330689205
91971,1,1,0.939849019298004
91977,0,0,0.007434928366083278
91980,0,0,0.0041903892789234955
91987,0,0,0.05281462098721223
91991,0,0,0.007539857181128818
91992,0,0,0.0006629351087246585
91993,0,0,0.005442172692398942
91994,0,0,0.011157460358543985
91999,0,0,0.004207465843939704
92001,0,0,0.022834395535315077
92004,0,0,0.013738921460069338
92007,0,0,0.016669656434684335
92008,0,0,0.056127525378804305
92015,0,0,0.002554620042005211
92024,0,0,0.0166655558431501
92027,0,0,0.0017635066900387334
92032,0,0,0.0033635558133304627
92041,0,0,0.006555971448898098
92043,0,0,0.0009693877551020407
92048,0,0,0.003985073372662728
92052,0,0,0.021361993746484727
92056,1,1,0.9682222222222221
92061,0,0,0.011424200421557474
92069,0,0,0.020592820291329857
92076,0,0,0.0034992177898301767
92087,1,1,0.8864606527459469
92090,0,0,0.0006587487470807577
92096,0,0,0.0010288720126307926
92106,0,0,0.00944929819728419
92110,0,0,0.023944498204636774
92125,0,0,0.06470483148961288
92131,0,0,0.001848125574475691
92132,0,0,0.006864490191182687
92137,1,0,0.17110792246553125
92139,0,0,0.011096281986779985
92140,0,0,0.0012393768503985356
92147,0,0,0.10181225874872835
92153,0,0,0.12429616811455334
92154,0,0,0.029909130182072464
92155,1,1,0.9891883116883116
92157,0,0,0.01827099083257036
92158,0,0,0.03578913956645187
92159,0,0,0.008873557120517676
92160,0,0,0.013042282004071822
92164,0,0,0.009903005725663092
92173,0,0,0.04125857428345674
92180,0,0,0.004690141673390825
92181,1,1,0.9909824175824176
92183,0,0,0.012118042248706589
92188,1,1,0.9762584586466165
92189,0,0,0.010087524530867063
92209,0,0,0.0005890943025533824
92214,1,1,0.9432660242683797
92239,0,0,0.03677381749119066
92242,0,0,0.0022066314245250424
92251,0,0,0.008289008765999181
92252,0,0,0.00825917396245008
92265,0,0,0.023207621365378316
92269,0,0,0.020111624804663043
92270,0,0,0.022156922510653244
92272,0,0,0.08906195877417405
92274,1,1,0.9438065476190478
92288,0,0,0.2584410204788641
92294,0,0,0.03340648521701213
92298,0,0,0.002130817836445712
92303,0,0,0.05535716994097061
92309,0,0,0.021821269831921498
92313,0,0,0.007793900069563407
92314,0,0,0.000495018302302757
92318,0,0,0.003640461618340034
92326,0,0,0.0014456027047051972
92355,0,0,0.1342862052055256
92362,1,1,0.9559093038525874
92364,0,0,0.20976898447473885
92368,0,0,0.003606735332528539
92377,0,0,0.00489129172492295
92389,1,1,0.9264032592756848
92395,0,0,0.02569188983690342
92398,0,0,0.04314644564649691
92407,1,1,0.9909824175824176
92409,0,0,0.01054084939311104
92412,1,1,0.9838248337028824
92414,0,0,0.003352120444693124
92425,0,0,0.007620014325930169
92434,0,0,0.004477514768086179
92456,0,0,0.0132172033008647
92480,1,1,0.9909824175824176
92486,0,0,0.006216463061447151
92494,0,0,0.01767980037017816
92495,0,0,0.0017918438039529986
92499,0,0,0.0004742826626551504
92500,0,0,0.010214622223580397
92507,0,0,0.20732857922138526
92508,0,0,0.14945567837442575
92520,0,0,0.0009226949008540206
92523,0,0,0.01404655361495482
92551,0,0,0.011216814498268932
92552,0,0,0.00419341011518209
92561,0,0,0.05897548154157875
92571,0,0,0.0374592897382259
92572,0,0,0.00888680026694481
92573,1,1,0.9235348813743633
92577,0,0,0.3066584907203513
92578,0,0,0.0004742826626551504
92585,0,0,0.06328886703414965
92588,0,0,0.00557600396917099
92595,0,0,0.0007715527887538033
92600,0,0,0.0007891265156404914
92601,0,0,0.003003741196449535
92606,0,0,0.005663145589359906
92607,0,0,0.12821244282920216
92609,1,1,0.9509192630286379
92614,0,0,0.000932214363163497
92615,0,0,0.015737317267208326
92624,0,0,0.0032064619522828176
92628,0,0,0.0010993997967910535
92629,0,0,0.009210512170067521
92637,0,0,0.01905482811938812
92653,0,0,0.014525125267928768
92659,0,0,0.0031737088773430705
92661,0,0,0.012109558540030884
92662,0,0,0.009273040968693143
92663,1,0,0.056058045974134656
92666,0,0,0.0011679191439948192
92668,0,0,0.007616440780782338
92669,0,0,0.008055775124604404
92672,1,1,0.9342381631786868
92678,0,0,0.002774262348388145
92679,0,0,0.049327973463460045
92696,0,0,0.0068157319790530255
92699,0,0,0.006325357666697297
92707,1,0,0.03350035594084887
92711,0,0,0.004600498394125567
92729,0,0,0.019981733770717703
92730,0,0,0.029267153622527898
92731,0,0,0.24956528830533467
92735,0,0,0.0036892202333085955
92742,0,0,0.00796546670980779
92751,0,0,0.042714968960859384
92752,0,0,0.007260642266168527
92758,0,1,0.5395754576594579
92761,0,0,0.0013290859064925614
92770,1,1,0.9577630850024293
92779,0,0,0.001137394638703657
92781,0,0,0.00743769567345466
92782,0,0,0.01674366715057065
92785,0,0,0.001887730197363946
92787,0,0,0.004395498322555388
92790,0,0,0.001648605500349144
92799,0,0,0.014448076998643717
92814,0,0,0.12232098193245737
92823,0,0,0.058179154876073634
92828,0,0,0.01318162290948683
92834,0,0,0.0032995795271016887
92839,0,0,0.000495018302302757
92841,0,0,0.009739620841624129
92842,0,0,0.011267390091972983
92845,0,0,0.023415125116522804
92846,0,0,0.0030358019376284617
92851,0,0,0.025685268418693497
92858,0,0,0.01025202462584045
92859,0,0,0.014649193710366054
92862,0,0,0.0046501902406737685
92867,0,0,0.10908004599956213
92875,0,0,0.00599754498862868
92876,0,0,0.07507501682279455
92878,1,1,0.9335264865854704
92891,0,0,0.019171858733956354
92892,0,0,0.002751136685995813
92893,0,0,0.12283416115493435
92894,0,0,0.018719875601075565
92917,0,0,0.00869033574501754
92920,0,0,0.03920887117774297
92937,0,0,0.0005287471015823038
92940,0,0,0.020751421580245743
92947,0,0,0.007255249809944394
92949,0,0,0.0018102452494908286
92950,0,0,0.02437035002451684
92954,1,1,0.9787272727272728
92955,0,0,0.009732408632858548
92958,0,0,0.013848636855505884
92961,0,0,0.10711036262222912
92965,0,0,0.010034902138147207
92970,0,0,0.15324266293648917
92975,1,1,0.8931614582982728
92976,0,0,0.009374724773839289
92981,1,0,0.47045064297067385
92988,1,1,0.9975
92996,1,1,0.9744701216287679
93004,0,0,0.03310145433647104
93010,0,0,0.0015362709420710988
93019,0,0,0.006572089248190392
93024,0,0,0.014940218922746343
93033,0,0,0.06498998881147754
93042,0,0,0.013027632869372823
93047,0,0,0.016582296307173658
93059,0,0,0.008666151179327938
93062,0,0,0.010614053825014293
93066,0,0,0.0043930089283416044
93068,0,0,0.059106926406926406
93072,1,0,0.13803802400667423
93075,0,0,0.0004894361215561676
93080,0,0,0.08995690719675453
93082,0,0,0.010235233973419713
93090,0,0,0.05933419615003732
93097,0,0,0.003031658006444253
93102,0,0,0.011726259458355832
93117,0,0,0.01845685443234317
93124,0,0,0.02329154112614995
93128,0,0,0.08022155620643606
93129,0,0,0.0007354036951250746
93134,0,0,0.000677234988265782
93135,0,0,0.04143991510311808
93138,0,0,0.0030468321848990954
93140,0,0,0.24269684467515532
93143,0,0,0.01236946150401415
93146,0,0,0.005457551445185099
93148,0,0,0.0021428571428571425
93157,0,0,0.12195859591310045
93161,0,0,0.11683390515526357
93177,0,0,0.0714113902147488
93178,1,1,0.9684269064269064
93179,0,0,0.1115975513005379
93182,0,0,0.017537304056270284
93183,0,0,0.0005295907615597987
93185,0,0,0.0010822416537732082
93189,0,0,0.00501081274162291
93191,0,0,0.001034715280145711
93194,0,0,0.0004559211849441131
93196,0,0,0.00481983280105518
93202,0,0,0.011991227254413105
93205,0,0,0.0034828429548313562
93208,0,0,0.0045217550308886975
93211,0,0,0.005687874752442054
93218,0,0,0.0019037609935116453
93221,0,0,0.013909092816649813
93222,0,0,0.0010833854079695536
93240,0,0,0.0017990458373006756
93243,0,0,0.014323923099382328
93250,1,0,0.2583966735562199
93259,0,0,0.17071042253095908
93261,0,0,0.023869640667848246
93269,0,0,0.1503258855599664
93270,0,0,0.0031598703906798114
93283,0,0,0.003652962249122206
93293,0,0,0.1384008483916267
93300,0,0,0.006576037214508589
93303,0,0,0.01794226464629456
93304,0,0,0.009462289698389687
93306,0,0,0.0059590805857595575
93309,0,0,0.007146836792114142
93313,0,0,0.12017695930191545
93330,0,0,0.0017009496106239635
93332,0,0,0.0007850258899231697
93335,0,0,0.001904627473988798
93337,0,0,0.006986993234300179
93340,0,0,0.0031573780060705227
93342,0,0,0.00040689410092395163
93343,0,0,0.07217100758444399
93349,0,0,0.005876688330175547
93351,0,0,0.0003896520997911444
93368,0,0,0.009415683508044202
93369,0,0,0.02211089321991723
93377,0,0,0.08744557091373828
93380,0,0,0.05180858338550212
93388,0,0,0.039739591570269454
93389,0,0,0.005867594767976119
93398,0,0,0.00042918574957667986
93406,0,0,0.014524278430625785
93410,0,0,0.010442230384722535
93413,0,0,0.0015660810116431359
93416,0,0,0.0009832175686435235
93426,0,0,0.002783682648858275
93449,0,0,0.09721866957834141
93451,0,0,0.0032338990321106476
93453,0,0,0.0014669776723170776
93458,0,0,0.003262435627358523
93461,0,0,0.003402467152423902
93470,0,0,0.002219526643109954
93471,0,0,0.0022867924444922782
93472,0,0,0.002212143698223079
93480,0,0,0.004528229165924668
93482,0,0,0.030355771597585828
93483,0,0,0.02311289351380146
93484,0,0,0.040672103657566294
93494,0,0,0.006571620283155252
93496,0,0,0.009033064657401814
93501,0,0,0.00963673835808574
93505,0,0,0.0006463065799992989
93506,0,0,0.00980527397742254
93509,0,0,0.01703710800862183
93516,0,0,0.002929125000107217
93517,0,0,0.002042561066864376
93518,0,0,0.007832902578061208
93525,0,0,0.00046095136603063226
93535,0,0,0.0008306647235177009
93537,0,0,0.010197580895252944
93541,0,0,0.008051374373011861
93546,0,0,0.020885844970347022
93547,0,0,0.0049466916678757265
93557,0,0,0.060795282151652044
93563,0,0,0.09795490542953625
93577,0,0,0.0007346604526043017
93579,0,0,0.015303145471317104
93590,0,0,0.0027289775483367103
93600,0,0,0.004442933288017742
93613,0,0,0.002885018463674507
93614,0,0,0.017341318832566656
93615,0,0,0.005032803532215757
93623,0,0,0.052143356228739
93625,0,0,0.04118446327972238
93631,1,1,0.9391392201204141
93636,0,0,0.07376289549171838
93650,0,0,0.000263163320788837
93655,0,0,0.005242418966040817
93659,0,0,0.0021598131881363294
93668,0,0,0.04167695358926429
93669,0,0,0.0011656379303027944
93675,0,0,0.013300218446171382
93676,0,0,0.004395883744493946
93681,0,0,0.002922748084197417
93691,0,0,0.03355283701561395
93695,0,0,0.02375967121055167
93699,0,0,0.02493806270737119
93702,0,0,0.004354153992587192
93707,0,0,0.01557154492684034
93708,0,0,0.011824263478219717
93718,0,0,0.00865190075210813
93720,0,0,0.0024905601498118883
93721,0,0,0.009752803264945676
93724,0,0,0.007341917367449906
93727,0,0,0.08602220157122298
93738,0,0,0.003228339513215925
93744,0,0,0.006640531430149355
93748,0,0,0.0008631236158185671
93754,0,0,0.007754018536691776
93756,0,0,0.07971736254489536
93761,0,0,0.0006731839950843794
93768,0,0,0.003756545243862811
93769,0,0,0.0063471752397895485
93770,0,0,0.0018511968275469442
93771,0,0,0.02142763327484554
93778,0,0,0.11623637791654744
93779,0,0,0.0049533146591970115
93786,0,0,0.014797215545584356
93789,1,1,0.9847324175824176
93804,0,0,0.0018235398715184795
93842,0,0,0.022968135081964075
93845,0,0,0.09073841687689313
93847,0,0,0.0006659276907098979
93854,0,0,0.0012853142477530577
93861,0,0,0.05593856037116129
93866,0,0,0.0025020606550964298
93870,0,0,0.01540548012444821
93874,0,0,0.000495018302302757
93881,0,0,0.0006698330637654119
93886,0,0,0.13351787713093866
93887,0,0,0.005684749560360695
93892,0,0,0.008340241274018046
93895,0,0,0.0019407478090503574
93902,0,0,0.000674563150004831
93906,0,0,0.008356574756642608
93909,0,0,0.007235168746217281
93910,0,0,0.0031916446664610504
93925,0,0,0.12286913901321174
93931,0,0,0.011441383477215841
93935,0,0,0.01885828825548311
93943,0,0,0.005572063397581183
93944,0,0,0.06218563021583748
93948,0,0,0.003528489367269004
93949,0,0,0.027123153630732103
93953,0,0,0.009442341509459247
93956,1,1,0.9209892049531676
93974,0,0,0.12030366946852772
93981,0,0,0.05435150478474143
93998,0,0,0.010138654088863963
93999,0,0,0.02159419406520385
94003,0,0,0.12497675783118754
94009,0,0,0.0014008179611093405
94014,0,0,0.0019414210443201008
94030,0,0,0.0007908168074831599
94034,0,0,0.0007709551824715367
94050,1,1,1.0
94052,0,0,0.00043793748442422844
94059,0,0,0.0038276902557677667
94061,1,0,0.015942217800954294
94067,0,0,0.00561859341400955
94076,0,0,0.00465802938081069
94077,1,0,0.14426969344086096
94104,0,0,0.011141975990836089
94111,0,0,0.0047747748896746385
94115,0,0,0.00044049304713256394
94122,0,0,0.002194181857186751
94124,0,0,0.16461764993292122
94129,0,0,0.08143628353027774
94136,0,0,0.17956663664304337
94137,0,0,0.04560616073543255
94144,0,0,0.010630337922269752
94150,0,0,0.03641709215255279
94151,0,0,0.0165040911672037
94152,0,0,0.15480329459841846
94153,0,0,0.1200183695208962
94154,0,0,0.001545074883235853
94162,0,0,0.00565445146909924
94163,0,0,0.011692062958885663
94168,0,0,0.00048626191232677726
94174,0,0,0.05719581751502352
94175,0,0,0.0016500982307826376
94181,0,0,0.001811214309599521
94188,0,0,0.011380961072688444
94191,0,0,0.004232804077345283
94208,0,0,0.0037522116949993073
94220,0,0,0.010406145092857035
94222,0,0,0.01966486218939899
94226,0,0,0.0022549053999747913
94229,0,0,0.1585550034250811
94235,0,0,0.012955632263027731
94236,0,0,0.13853224898147254
94247,0,0,0.12581447633018844
94253,0,0,0.0531782794332194
94256,0,0,0.007973242501758758
94270,0,0,0.0161148318129334
94277,0,0,0.001925761302582117
94281,0,0,0.011377437347086081
94290,0,0,0.049542232482330556
94300,1,1,0.9493225382865009
94301,0,0,3.424657534246575e-05
94303,0,0,0.004995828491321174
94307,0,0,0.09029100434987981
94313,0,0,0.016107743865348127
94318,0,0,0.004203343422483169
94320,0,0,0.0005107238122995028
94324,0,0,0.0012203331669757118
94329,0,0,0.005303340580697718
94334,1,1,0.9838248337028824
94339,0,0,0.10081263120901875
94343,0,0,0.01916089268534356
94344,0,0,0.018013147959419093
94347,0,0,0.008211023328801545
94353,0,0,0.0029734764823566417
94357,0,0,0.027367599793094787
94360,0,0,0.004165638333698598
94361,0,0,0.004832903674055634
94365,0,0,0.001800858679756468
94367,1,1,0.9909824175824176
94372,0,0,0.017552522828863146
94373,1,1,0.9902958579881657
94375,0,0,0.0032638706879090855
94380,1,1,0.9317134139126619
94388,0,0,0.002987821123990341
94402,0,0,0.016220334116384575
94404,0,0,0.10545569003160854
94410,0,0,0.0
94411,0,0,0.0011263738172635146
94413,0,0,0.05754805290939823
94419,0,0,0.05839113251265496
94426,0,0,0.0009189752934026879
94431,0,0,0.07031415115160013
94433,0,0,0.0015902392718795406
94442,0,0,0.0019458160760518451
94443,0,0,0.030317895381755635
94448,0,0,0.004690648319908783
94451,0,0,0.03683744996321331
94453,0,0,0.3216989707387355
94457,0,0,0.08942876905101828
94464,0,0,0.004980272063445753
94471,0,0,0.0009710329006272345
94477,0,0,0.0022868958997991256
94479,0,0,0.030408659212434755
94482,1,0,0.2805869801495424
94485,1,1,0.9158454414657794
94498,0,0,0.006097699977204623
94500,0,0,0.004270827938211039
94507,0,0,0.002848969068934411
94512,0,0,0.013925105290001407
94516,0,0,0.007491525639808249
94521,0,0,0.048591454211145926
94525,0,0,0.0010794471330785765
94526,0,0,0.021791189265658838
94535,0,0,0.07006839786542547
94544,0,0,0.06758583361766438
94545,0,0,0.008590756533934511
94547,0,0,0.12064279084214874
94549,0,0,0.024623300107710945
94564,0,0,0.0925210523764015
94570,1,1,0.9909824175824176
94571,1,1,0.9142981567452153
94588,0,0,0.015522101909406248
94597,0,0,0.0014539980716378074
94600,0,0,0.013639697268157667
94603,0,0,0.006844685439176737
94607,1,1,0.9452384611672224
94609,0,0,0.01764436700451767
94610,0,0,0.0004347453394240447
94612,0,0,0.32273820972035877
94616,0,0,0.04370585619675467
94624,0,0,0.003206740385003193
94628,0,0,0.0014342408860611585
94631,1,0,0.06466430182170449
94632,0,0,0.0036058480229552896
94633,0,0,0.0033930059975319886
94635,0,0,0.0507790966070538
94645,0,0,0.09194872651266803
94661,0,0,0.04489418581656646
94663,0,0,0.05915495832808639
94670,0,0,0.00011645962732919254
94673,0,0,0.035611044101667995
94676,0,0,0.011628909778248977
94681,0,0,0.005001424770463888
94688,0,0,0.0023277032415566115
94691,0,0,0.0031059472764983142
94697,0,0,0.0013515679393331273
94701,0,0,0.018655913301998256
94705,0,0,0.013464484348094606
94712,0,0,0.034608409078745614
94720,0,0,0.013605055369429218
94722,1,1,0.9897008196721312
94723,0,0,0.24957708848211188
94733,0,0,0.04468632432215519
94737,0,0,0.058161662349509397
94740,0,0,0.022692516139188053
94742,0,0,0.0014100727781752728
94753,0,0,0.007355682912142274
94758,0,0,0.025957149604428374
94769,0,0,0.0007522480003461086
94777,1,1,0.9096297008547009
94778,0,0,0.008404304235446101
94779,0,0,0.001904718005718862
94782,0,0,0.0044711388358632306
94797,0,0,0.03090210077055208
94800,0,0,0.040415753933747925
94808,0,0,0.002509009227962789
94811,0,0,0.004607439019713616
94817,0,0,0.12490034123148723
94821,0,0,0.043644064143086865
94822,0,0,0.08687174030209893
94823,0,0,0.00614531888585913
94824,0,0,0.03644268051112047
94825,0,0,0.03226110796269101
94826,1,0,0.1454951025026643
94830,0,0,0.000757799130550733
94836,0,0,0.20367787051293576
94837,0,0,0.0035443462773597275
94843,0,0,0.003378984630197181
94845,0,0,0.06172148644222794
94846,0,0,0.0008749225279273968
94853,0,0,0.006071384672385529
94864,0,0,0.01174398803773046
94888,0,0,0.015561671211519048
94890,0,0,0.009114966434415258
94895,0,0,0.03787416132051503
94896,0,0,0.00567457528546855
94897,0,0,0.006674151606265441
94898,0,0,0.001925761302582117
94899,0,0,0.008831028054837575
94904,0,0,0.029035284378961
94905,0,0,0.01162850844198203
94906,0,0,0.003033475146679641
94914,0,0,0.00048470427182066393
94916,0,0,0.010797733224377841
94937,0,0,0.007938285318040838
94949,0,0,0.007944827486430613
94953,0,0,0.004172963657372835
94966,0,0,0.007375328873930036
94970,0,0,0.13490284416871254
94975,0,0,0.03837172598939425
94978,0,0,0.0010832485908769016
94984,0,0,0.003515443091046575
94985,0,0,0.006617307040252567
94996,0,0,0.027982485012925978
95004,0,0,0.018369125505931026
95005,0,0,0.0010103734926523596
95008,0,0,0.005146182786809513
95028,1,1,0.926772977161617
95037,0,0,0.054982156124520266
95038,0,0,0.053958506621844385
95041,1,1,1.0
95045,0,0,0.018341306673833796
95046,0,0,0.3053919095598756
95049,0,0,0.0036359922362233688
95050,0,0,0.00871234059669558
95051,0,0,0.0532155074845889
95052,0,0,0.13571191573061167
95058,0,0,0.014423746941833659
95069,1,1,0.9757142857142856
95070,1,1,0.9671044638973325
95086,0,0,0.01617134910562357
95087,0,0,0.24321262572368063
95089,0,0,0.004028837852883084
95095,1,0,0.07996601643129449
95099,0,0,0.0065113795791830655
95105,0,0,0.016156723092918514
95108,0,0,0.0074337758749731956
95113,0,0,0.009816537098070632
95118,0,0,0.0080502069774253
95121,0,0,0.013072805329285226
95122,0,0,0.0021014889254719173
95126,0,0,0.0020653751009232814
95127,0,0,0.022517542106077027
95149,1,1,0.9909824175824176
95151,0,0,0.0026942013131084452
95160,0,0,0.00019997555925520424
95161,0,0,0.0015442365412509183
95162,0,0,0.05761843109775075
95167,0,0,0.18156963845597887
95170,0,0,0.0008484641984977808
95171,0,0,0.00400219533597288
95172,0,0,0.0032018494469907587
95174,0,0,0.0074585264925428165
95175,0,0,0.18786562129922682
95179,0,0,0.021267937943642453
95181,1,1,0.9606190144041807
95191,0,0,0.004641448557504702
95193,0,0,0.11916029059184634
95199,0,0,0.13867765324103717
95202,0,0,0.0036899307238180356
95205,0,0,0.00794483760712503
95207,0,0,0.008247327723330481
95218,0,0,0.015233863725669842
95219,0,0,0.00932762320656796
95243,0,0,0.019348881070115384
95268,0,0,0.006200217305086176
95288,0,0,0.006395827584883076
95289,0,0,0.0015036789166441517
95290,0,0,0.11147559906007737
95297,0,0,0.00549082409124154
95319,0,0,0.08571428823728498
95324,0,0,0.015160435396472362
95362,0,0,0.003147046619601844
95373,1,0,0.088343135655094
95377,0,0,0.036702097276126
95379,0,0,0.02969435989660575
95380,0,0,0.02058686695003556
95382,0,0,0.0023522404950972733
95386,0,0,0.01919052022553475
95387,0,0,0.013564032881022568
95389,1,1,0.9396823593073594
95390,0,0,0.016015872518285016
95397,0,0,0.02004744207083784
95398,0,0,0.008521881409968025
95409,1,1,1.0
95412,0,0,0.03232816182891214
95414,0,0,0.0005154226512158814
95422,0,0,0.030975472891486108
95426,0,0,0.008224465342250267
95436,0,0,0.19861728720204955
95450,0,0,0.01453403297484816
95455,0,0,0.010126223305815928
95460,0,0,0.01968068015941466
95461,0,0,0.02261581463806633
95472,0,0,0.02126813186813187
95479,0,0,0.004722114553667448
95480,0,0,0.0003795774887688419
95482,0,0,0.084169415279708
95491,0,0,0.016905680330736396
95494,0,0,0.015034881286826998
95498,0,0,0.009332684983671773
95501,0,0,0.019926634101456467
95506,0,0,0.0009601802268279106
95515,1,0,0.15082587928479646
95517,1,0,0.07394764132713803
95518,0,0,0.04024539854085309
95520,0,0,0.0813691840208854
95527,0,0,0.010938145753448168
95541,0,0,0.0038284561694728715
95545,0,0,0.01122566672143234
95546,0,0,0.0033807628586606468
95571,0,0,0.12458968540487841
95572,0,0,0.0055184868284104925
95576,0,0,0.004000803731452521
95579,0,0,0.003144061490967875
95580,0,0,0.004887616534348889
95590,0,0,0.061187194916243
95609,0,0,0.005173404533379051
95610,0,0,0.008272885728356418
95619,0,0,0.13325683434474375
95634,0,0,0.012759139499193464
95648,0,0,0.004487261887007066
95661,0,0,0.004238597850014154
95676,1,1,0.9106880543572461
95686,0,0,0.0004820641161248047
95689,0,0,0.34765343527234355
95707,0,0,0.18774511455705656
95711,0,0,0.009369677533655531
95716,0,0,0.0011610441947080387
95722,0,0,0.11219430867453248
95725,1,1,0.9558125185369358
95727,0,0,0.00589292203166731
95729,0,0,0.050997672368266495
95732,0,0,0.0010508615662749208
95735,0,0,0.0008358485550999674
95741,0,0,0.14284495022623944
95750,0,0,0.008128012482951698
95753,0,0,0.009867057769135882
95758,0,0,0.0312727700426995
95760,0,0,0.0016629256893407518
95765,0,0,0.03333680203585339
95772,0,0,0.00258137398848524
95780,0,0,0.006948445787871734
95789,0,0,0.06859949415857168
95795,0,0,0.0075348428585390835
95804,0,0,0.006031511896083939
95811,0,0,0.006219266458840435
95814,0,0,0.0008908881951046322
95826,0,0,0.009977709460526752
95829,0,0,0.0054146881086163945
95834,0,0,0.0017536560167443196
95836,1,1,0.8611868869925593
95838,0,0,0.01934355612562744
95851,0,0,0.15100804016905275
95856,0,0,0.00043611771066775324
95863,0,0,0.002926305577390104
95874,0,0,0.0031780194585800227
95876,0,0,0.00399414432639053
95886,0,0,0.02326100444208622
95898,1,0,0.09205670056627285
95899,0,0,0.04240482043074227
95902,0,0,0.004183273658031169
95911,0,0,0.004707133150181472
95916,0,0,0.002067814582421324
95918,1,1,0.9765866914103924
95919,0,0,0.002101037336944002
95932,0,0,0.04710409798607976
95940,0,0,0.009232444035050037
95950,0,0,0.019478299792325803
95954,0,0,0.046984694232938475
95955,0,0,0.012114899471939524
95964,0,0,0.018562814313
95982,0,0,0.07351394181301181
95987,0,0,0.001160531051844445
95989,0,0,0.010733429737204227
95990,0,0,0.0011781886693279105
95995,0,0,0.19812447435643524
95999,0,0,0.020347883242000462
96003,0,0,0.011212043843299588
96008,0,0,0.00690288096658459
96009,0,0,0.004388426399505777
96021,0,0,0.0013290403430331781
96044,0,0,0.007211738762413087
96051,0,0,0.006158458523317847
96061,0,0,0.0023651099201306676
96064,0,0,0.008846763583936448
96066,0,0,0.3098842869922504
96071,0,0,0.0013322583794013547
96088,0,0,0.010755597447105233
96097,0,0,0.013292239835713517
96099,0,0,0.0010789649006931498
96100,0,0,0.020669802143349517
96102,0,0,0.011907881833770758
96103,0,0,0.002961330147121409
96105,0,0,0.001144518635657877
96114,0,0,0.015615660942642431
96120,0,0,0.030743889739929333
96123,0,0,0.0680357132160446
96138,0,0,0.002225607863999977
96142,0,0,0.0004632769335004337
96143,0,0,0.012147970852161703
96146,0,0,0.002484372654548228
96147,0,0,0.01859468143072398
96159,0,0,0.08930130622156607
96170,0,0,0.02218919302339522
96172,1,1,0.9595875576036866
96174,0,0,0.0036041569632578978
96176,0,0,0.0027315819944999276
96182,1,1,0.9618269327386975
96190,0,0,0.05179628393997724
96192,0,0,0.008469422427752261
96193,0,0,0.005234903504860265
96194,0,0,0.030363278516873773
96200,0,0,0.09892362167514758
96202,0,0,0.10240725142937823
96214,0,0,0.1625266982976347
96216,0,0,0.019340626569566723
96218,0,0,0.024228867436047394
96222,0,0,0.0013129522270813431
96224,0,0,0.19641834488080723
96231,0,0,0.012091914764211469
96240,0,0,0.0020248071394104563
96241,0,0,0.0027851176870678164
96243,0,0,0.0057435872588145155
96251,0,0,0.018009178661589693
96256,0,0,0.005581893755635598
96257,0,0,0.0004888300244432426
96259,0,0,0.0015517630006142704
96269,0,0,0.031854761787104266
96270,1,1,0.9150215213853522
96271,0,0,0.0023275554356138733
96286,1,1,0.894700180985401
96302,0,0,0.004414359845117192
96305,0,0,0.0114133085602615
96314,0,0,0.014045628895295805
96316,0,0,0.06349869601504017
96317,0,0,0.0695165401347926
96320,0,0,0.023197735013507567
96321,0,0,0.005906320730930049
96326,0,0,0.012515557778718949
96328,0,0,0.18985878262687556
96332,0,0,0.02480609320722506
96359,0,0,0.001160531051844445
96363,0,0,0.05532044703764655
96364,0,0,0.0033683419531576404
96365,0,0,0.07586583264269735
96370,0,0,0.004814312796016229
96375,0,0,0.0059214228355904475
96386,0,0,0.004264448407229593
96387,1,0,0.40714471843968814
96396,0,0,0.09734329628782028
96407,0,0,0.016197009696926418
96417,0,0,0.027110161776803234
96445,0,0,0.09645352118472696
96450,0,0,0.0009863647345691863
96454,0,0,0.002586757545283226
96460,0,0,0.020163006039035217
96464,0,0,0.005135048658234259
96465,0,0,0.003792615292475848
96466,0,0,0.020156645939913297
96469,1,1,0.9433280835967628
96470,0,0,0.0019914210443201016
96473,0,0,0.0022152272066565805
96495,0,0,0.0015807264014811185
96496,0,0,0.028247473868503188
96498,0,0,0.058162264746712114
96500,0,0,0.0045078112704757135
96501,0,0,0.0757625015826639
96507,0,0,0.02385388204171259
96515,0,0,0.02662984231976471
96522,1,0,0.27329803514762013
96523,0,0,0.25450118383561227
96527,0,0,0.0008153995174266685
96528,0,0,0.1271783447358458
96529,0,0,0.0011542843125898065
96535,0,0,0.16622026510216947
96538,0,0,0.012941650114084718
96541,0,0,0.0012275238091290935
96545,0,0,0.0021131774097002186
96549,0,0,0.01697452424761034
96552,0,0,0.0001256611697815364
96553,0,0,0.05980551537270424
96554,0,0,0.004976925707359272
96568,0,0,0.052383777072454896
96571,0,0,0.0041656585153560625
96572,0,0,0.0020647901610244706
96575,0,0,0.007613396400303387
96579,0,0,0.001925761302582117
96588,0,0,0.00847497655812327
96600,0,0,0.021836013089343225
96608,0,0,0.04137264420975262
96619,0,0,0.015188040269401057
96629,0,0,0.002506259295913168
96632,0,0,0.0021447527201183293
96637,0,0,0.002428824920255545
96670,0,0,0.0008210726747680871
96674,0,0,0.08297160221697199
96676,0,0,0.002915884325289598
96677,0,0,0.0048420008121539074
96682,1,0,0.24133515617824103
96683,0,0,0.0014202777542712127
96685,0,0,0.018146651675949813
96691,0,0,0.003296505984193302
96694,0,0,0.011561181576496266
96697,0,0,0.0036325274787995295
96705,0,0,0.028384246299599056
96707,0,0,0.003807971438319229
96708,0,0,0.0011673102358223356
96714,1,1,1.0
96715,0,0,0.0024234224931295218
96738,0,0,0.21965791627051756
96741,0,0,0.11817901999681565
96744,0,0,0.006891500853583755
96752,0,0,0.0015687471224088917
96756,0,0,0.06029091621923712
96760,0,0,1.9569471624266145e-05
96773,0,0,0.038652751108405076
96774,0,0,0.024276963222286403
96782,0,0,0.07384579750715395
96783,1,0,0.21942473736746984
96789,0,0,0.0011176087968413667
96791,1,1,0.9627077130553259
96794,0,0,0.0012132069086035853
96801,1,1,0.9475334537668942
96802,0,0,0.0238732382942231
96810,0,0,0.00459082189533316
96812,0,0,0.008596237718473388
96822,0,0,0.009997917079316547
96830,0,0,0.004290788879150777
96832,0,0,0.011974209522530472
96843,0,0,0.14262942297761314
96845,0,0,0.07329386927839823
96848,0,0,0.002861700089434016
96856,0,0,0.06984247331308803
96857,1,0,0.013633661561644618
96862,0,0,0.0012694183149116309
96867,0,0,0.06812019807217984
96868,0,0,0.006809816261773142
96877,0,0,0.004907541208973394
96887,0,0,0.09068411332084265
96894,0,0,0.09076297947618023
96906,1,1,0.9906578947368422
96923,0,0,0.015306903680957667
96924,0,0,0.0036759474659619484
96926,0,0,0.022904633823431997
96930,0,0,0.06677373272268543
96931,0,0,0.003796581321897221
96937,0,0,0.008546347991925834
96941,0,0,0.1263374773672953
96943,0,0,0.004155138677871144
96946,0,0,0.010750131491808675
96948,0,0,0.0012926315682954457
96949,0,0,0.21699765746064015
96963,0,0,0.051280075193996376
96976,0,0,0.17864708713869834
96982,0,0,0.0006905294310688377
96983,0,0,0.009858749676706366
96986,0,0,0.022247429242668103
96996,0,0,0.0019856314505268696
97013,0,0,0.04052291379493065
97015,0,0,0.05473824434817036
97018,0,0,0.023917493511030202
97026,0,0,0.020592096621613175
97027,0,0,0.0034421355395298173
97038,0,0,0.006107263118447765
97041,0,0,0.04309696700700509
97046,0,0,0.0008358485550999674
97048,0,0,0.0032665357163103657
97049,0,0,0.002443831604035277
97051,0,0,0.08466310265215732
97052,0,0,0.0043560412090550265
97058,0,0,0.030083835282511642
97065,0,0,0.0023983340751199604
97081,0,0,0.001241694599434263
97089,0,0,0.007789541584243571
97094,0,0,0.10327705024523123
97096,0,0,0.0013214830535849362
97098,0,0,0.010298398078652937
97099,0,0,0.009462990957996886
97102,1,1,0.948521442187762
97111,0,0,0.020079288239657215
97117,0,0,0.003109429137652926
97119,0,0,0.0002838269697722355
97120,1,1,0.9656209069981465
97127,0,0,0.07987998284904126
97131,0,0,0.017953283798497838
97135,0,0,0.03600588510805616
97141,1,0,0.07493265847954374
97148,0,0,0.015346782239024935
97153,1,1,0.9510288212624891
97156,1,1,0.9302982677095111
97159,0,0,0.005936400387854469
97160,0,0,0.02744071369001473
97165,0,0,0.010664824265301166
97168,0,0,0.012174437416316998
97183,0,0,0.015554940458899187
97204,0,0,0.0043195654957453485
97205,0,0,0.0030178732302720453
97215,0,0,0.00580062489619672
97222,0,0,0.021562501242822635
97229,0,0,0.011951032553167745
97233,0,0,0.01848050011708017
97234,0,0,0.0011915384362308876
97240,1,1,0.9000770562770561
97259,0,0,0.11702320333736894
97264,0,0,0.007249184130409733
97267,1,1,1.0
97270,0,0,0.0967646707722637
97276,0,0,0.005361277298156389
97278,0,0,0.010101936452382266
97279,0,0,0.021216866098012755
97280,0,0,0.015740568970103567
97284,0,0,0.006119106542501911
97285,0,0,0.05633671540802529
97288,0,0,0.005598661694903977
97301,0,0,0.0015089331260099456
97302,0,0,0.0017527924960929258
97314,0,0,0.00048397871917715764
97320,0,0,0.004131819472489923
97331,0,0,0.03421474982354666
97339,0,0,0.012382747598218053
97351,0,0,0.019213603868230796
97358,0,0,0.0015294256920526555
97364,1,1,0.9639935401309877
97365,0,0,0.0016216642507631343
97366,0,0,0.018771036716462935
97378,0,0,0.020081702261949698
97380,0,0,0.0020541818260456546
97395,0,0,0.04039257897524357
97397,1,1,0.8626292064142375
97408,0,0,0.008101487772252667
97409,0,0,0.0026760447611277527
97412,1,1,0.9909824175824176
97429,1,1,1.0
97443,0,0,0.03648144851037573
97446,0,0,0.00739747411397778
97449,0,0,0.0014788049440319707
97452,1,1,0.9464561779565573
97467,0,0,0.06931688463671198
97470,0,0,0.008010794404255641
97473,0,0,0.0036594195955511615
97479,0,0,0.0012369674628586638
97481,0,0,0.04570039612495151
97487,0,0,0.001390230959141255
97501,0,0,0.008069431170301105
97512,0,0,0.034706759827623335
97513,0,0,0.07090082779951173
97514,0,0,0.0039637023346445165
97525,0,0,0.0013978626375728293
97543,1,1,0.9570090187590188
97545,0,0,0.02882700210909714
97546,0,0,0.007219400371925353
97557,0,0,0.017939638171938565
97561,0,0,0.002451042079361579
97568,0,0,0.11387734218138215
97570,1,1,1.0
97571,0,0,0.15066164570388477
97573,0,0,0.0019910229571751693
97581,0,0,0.04158472098155564
97583,0,0,0.0006824487071632253
97585,0,0,0.015221405596884032
97593,0,0,0.011066432134415178
97598,0,0,0.0012595314338913588
97603,0,0,0.0007616564974823951
97615,0,0,0.0008413490075618333
97619,0,0,0.0027236368077181413
97621,0,0,0.01250252803199648
97622,0,0,0.0035635693419537122
97626,0,0,0.0020639231324988067
97628,0,0,0.005817313501503051
97632,0,0,0.0027031380370473473
97633,0,0,0.0316434663762073
97641,0,0,0.033762925981943685
97642,0,0,0.012174515047026992
97643,0,0,0.0033163250896765806
97657,0,0,0.017889609382862385
97661,0,0,0.03445015495652276
97670,1,1,0.9560673274094327
97679,0,0,0.0038535910771635923
97688,1,1,0.9909824175824176
97689,0,0,0.01742603654033277
97696,0,0,0.055031523956172466
97697,0,0,0.03688441626737268
97698,0,0,0.12809584241614602
97704,0,0,0.0005279527944339123
97705,0,0,0.00334385587872244
97715,0,0,0.0053008253372712096
97717,0,0,0.014216302440681096
97718,0,0,0.04379441776502759
97720,0,0,0.006293131450348554
97723,0,0,0.007201470276590603
97724,0,0,0.010605389460612008
97733,0,0,0.036931756897302444
97736,0,0,0.03499065089543551
97741,0,0,0.0005045442177103062
97745,0,0,0.02907209189534378
97748,0,0,0.0004612436836775843
97753,0,0,0.011158193133624367
97754,0,0,0.02612888983128955
97762,0,0,7.603798230036544e-05
97763,0,0,0.052526605385283635
97769,0,0,0.020061611157196558
97770,0,0,0.012866905059301475
97777,0,0,0.0028689402265091855
97785,0,0,0.0018518510833799478
97786,0,0,0.0022828032389903352
97810,0,0,0.06060951267305038
97813,0,0,0.0022929226689418956
97817,0,0,0.08563125465485683
97819,0,0,0.00359487466252347
97823,0,0,0.006265481759814464
97839,0,0,0.0012525129182197987
97840,0,0,0.010210146174270844
97849,0,0,0.004182908103494618
97853,0,0,0.0052299522691092275
97854,1,1,0.9669700899881982
97855,0,0,0.01928964534878799
97869,0,0,0.040543218979167656
97873,0,0,0.0044177238621884735
97874,1,1,0.949391569668809
97883,0,0,0.006128214453271087
97886,0,0,0.016422523839540282
97893,0,0,0.0017987441130298272
97901,0,0,0.005429268009570264
97903,0,0,0.004082676182175997
97904,0,0,0.04607385109152611
97910,0,0,0.017681894020255117
97911,0,0,0.01987590451941343
97914,0,0,0.0021157166973204285
97915,0,0,0.001174860817768742
97916,0,0,0.024476994026199426
97929,0,0,0.03398530039414251
97934,0,0,0.01333372222456406
97940,0,0,0.0035512346787338533
97944,0,0,0.0019974965599432455
97952,1,0,0.1073979298403527
97959,0,0,0.026253536110414744
97966,0,0,0.058519936262164764
97968,1,1,1.0
97972,0,0,0.017919026919140338
97973,0,0,0.021186171677592527
97975,0,0,0.027087626792898955
97978,0,0,0.017745034230060183
97983,0,0,0.0007861397003404459
97984,0,0,0.010483403135479026
97999,0,0,0.09824476038304722
98012,0,0,0.0020660865612011836
98013,0,0,0.0011111111111111111
98020,0,0,0.004820633111792926
98026,0,0,0.02970843449918927
98034,1,0,0.16812215932914654
98035,0,0,0.013129389771471383
98040,0,0,0.015845955558756165
98042,0,0,0.1462464924046372
98043,0,0,0.014189232696694752
98049,0,0,0.07014859234948721
98052,0,0,0.0697276935653025
98053,0,0,0.010018156998269077
98055,0,0,0.0028787878787878782
98056,0,0,0.0007722650037992787
98058,0,0,0.001641796402688422
98068,0,0,0.054711808097137486
98076,0,0,0.06826997494722105
98082,0,0,0.024938056677429286
98083,0,0,0.012946979244843665
98093,0,0,0.11965321358778003
98096,0,0,0.024657652443782773
98098,0,0,0.006916456467831999
98100,0,0,0.002078784368534396
98102,0,0,0.003640316237421502
98111,1,1,0.9868647705235941
98115,0,0,0.010958934233946994
98116,1,1,1.0
98123,0,0,0.008211693206755381
98134,0,0,0.0012942822581725882
98136,0,0,0.0020156681923422636
98139,0,0,0.012663130999818209
98144,0,0,0.0004742826626551504
98146,0,0,0.1217304827415534
98149,0,0,0.03483957168667495
98165,0,0,0.07146216135584461
98168,0,0,0.0007407254772552068
98173,0,0,0.0030455218645240134
98179,0,0,0.0033736236110497183
98183,0,0,0.006388648284702122
98189,0,0,0.1081928787641116
98197,0,0,0.11070218026197161
98200,0,0,0.11388535919898421
98205,0,0,0.005733364573895373
98206,0,0,0.13788370633600985
98208,0,0,0.18068721974828364
98227,0,0,0.01665660390374092
98241,0,0,0.03372048730234583
98242,0,0,0.052992352973159955
98247,0,0,0.006730432134771941
98252,0,0,0.034608948061191386
98254,0,0,0.008752843250242663
98255,0,0,0.10519053486914076
98257,0,0,0.011047036014527185
98260,0,0,0.11763662803774003
98272,0,0,0.01137507931155677
98281,0,0,0.11991706328239342
98284,0,0,0.040571337435825576
98286,0,0,0.005113017706074919
98291,0,0,0.010676472461629807
98309,0,0,0.0019359195189401122
98310,0,0,0.1251202785787172
98320,0,0,0.0004944663026426867
98324,0,0,0.0005380626131082878
98336,0,0,0.11616419617799316
98349,0,0,0.001333963933209729
98359,0,0,0.000677234988265782
98364,0,0,0.022148954785612185
98370,0,0,0.0005335809465988927
98380,0,0,0.0016151116361026838
98381,0,0,0.0033019554886206076
98382,1,1,0.9612214525768727
98384,0,0,0.01137477929400292
98386,0,0,0.00046850699107396366
98396,0,0,0.0006213252820594312
98400,0,0,0.000734342975806266
98413,0,0,0.019754510745373544
98422,0,0,0.12290694320330892
98423,0,0,0.0005060895166137037
98425,1,0,0.2624550442103971
98426,1,0,0.05987932612492139
98427,0,0,0.026850543070735807
98431,0,0,0.00404266820006853
98433,0,0,0.0072499999999999995
98439,0,0,0.04491003894772788
98446,0,0,0.0142449027758677
98447,0,0,0.007011632164812779
98459,0,0,0.18904008103157313
98466,0,0,0.014148963489894324
98471,0,0,0.0121120166829107
98477,1,1,0.9532374608326927
98479,0,0,0.07474172388612522
98487,0,0,0.04249354495782331
98496,0,0,0.0030932330037178705
98505,0,0,0.02920531228847676
98506,0,0,0.0067288167910013194
98507,0,0,0.0012797149014877618
98517,0,0,0.004422008745516682
98521,0,0,0.026774693265960457
98523,0,0,0.0015560453406581849
98525,0,0,0.004638365623544741
98526,0,0,0.004460870831665787
98527,1,0,0.1521182747504732
98534,0,0,0.005433927992581606
98539,0,0,0.01751093277617051
98541,0,0,0.01399145907281986
98550,1,0,0.11898365936493852
98557,0,0,0.023102842070555282
98559,0,0,0.026773660823609227
98562,0,0,0.018414930538741884
98566,0,0,0.0018899103897566747
98570,0,0,0.01712294371987587
98571,0,0,0.22616222665956745
98574,0,0,0.041756009756765716
98577,0,0,0.06714890139190394
98583,0,0,0.008906022117418559
98589,0,0,0.0014642867776423942
98590,0,0,0.027535678166750014
98608,0,0,0.05410712308507724
98609,0,0,0.0377219375409318
98615,0,0,0.008134330854015402
98616,0,0,0.003196689058579443
98617,0,0,0.14397269916074265
98619,0,0,0.1127030083600495
98620,0,0,0.0008576162140135054
98622,0,0,0.06789141093256584
98623,0,0,0.03776282238845576
98624,0,0,0.010747933740677973
98639,0,0,0.08478185704496365
98653,0,0,0.00886434828408393
98658,0,0,0.020528674551634322
98659,0,0,0.004760158070814395
98666,0,0,0.003445022675733126
98678,0,0,0.0031573780060705227
98683,0,0,0.022517465790086722
98685,0,0,0.1908177059582404
98689,0,0,0.20777818130485598
98696,1,1,0.9912987012987015
98703,0,0,0.0035104542868388457
98704,0,0,0.010696867711958285
98707,0,0,0.01907131818122909
98711,0,0,0.0004944663026426867
98716,0,0,0.012008204333298625
98718,0,0,0.004246334801015595
98721,0,0,0.006500802487574706
98726,0,0,0.0049880952380952385
98733,0,0,0.00687518324451083
98734,0,0,0.0028084865591298104
98738,0,0,0.11800349424184726
98752,0,0,0.018560217560633342
98757,0,0,0.0011460682473714916
98780,1,0,0.18101277524109805
98781,0,0,0.0016209382217812745
98789,0,0,0.10106956030742503
98794,0,0,0.008716839305407816
98796,0,0,0.0007398439168798512
98798,0,0,0.0063795023601871705
98799,0,0,0.012601254018789919
98807,0,0,0.22447894434913052
98810,1,1,1.0
98813,0,0,0.0012516967138472787
98817,0,0,0.03809888256992678
98821,0,0,0.018239418188717427
98830,0,0,0.0002715570311219288
98835,0,0,0.04166880137017877
98839,0,0,0.047415364634087534
98841,0,0,0.005044218173109299
98845,0,0,0.0013129522270813431
98852,0,0,0.0012228906970130462
98863,0,0,0.011863940177230206
98865,0,0,0.00354631342996965
98868,0,0,0.007504665152852835
98872,0,0,0.0015096842477134121
98873,0,0,0.16501258953750234
98874,0,0,0.0028549371065451105
98878,0,0,0.06512133079579513
98887,0,0,0.0020288349368330267
98892,0,0,0.00395163905267283
98895,0,0,0.0017703060413185093
98899,0,0,0.0025907639996558124
98903,0,0,0.06304310290046712
98910,0,0,0.041048061560982056
98916,0,0,0.026315958307545916
98919,0,0,0.07108984261431561
98922,0,0,0.012416778644631034
98925,0,0,0.0349174027766449
98927,0,0,0.0358626849845652
98928,0,1,0.5452120236756075
98931,1,1,0.9978571428571428
98942,1,0,0.06607557785846321
98943,0,0,0.0009377791958239049
98947,0,0,0.014642168677065703
98957,1,0,0.13233260439271505
98958,0,0,0.010876558609428816
98959,0,0,0.0005552500798766378
98962,0,0,0.01235461021896005
98969,0,0,0.008934974521666606
98978,0,0,0.0047640166514077865
98983,0,0,0.0026598658296575913
98986,0,0,0.002402070361791741
98987,0,0,0.01883302546954923
98988,0,0,0.1518567253676137
98997,0,0,0.010857680697520168
99006,0,0,0.004163921167957895
99007,0,0,0.003989741371277745
99011,0,0,0.028565871525012963
99012,0,0,0.016563512655588145
99014,0,0,0.16018308105097245
99016,0,0,0.01402725593305591
99018,0,0,0.0023546782408859776
99020,0,0,0.006617307040252567
99023,0,0,0.06301735606453295
99049,0,0,0.08408549478323624
99052,0,0,0.0023215311324737854
99060,0,0,0.03877026094638508
99061,0,0,0.0012525129182197987
99062,0,0,0.02384771287375695
99074,1,1,1.0
99082,0,0,0.0066920751611712305
99087,0,0,0.003485141571772035
99090,0,0,0.004969259574438601
99093,0,0,0.0072308204318769975
99095,0,0,0.002067327325571574
99096,0,0,0.009562412463246016
99100,0,0,0.00016995458416122625
99106,0,0,0.0018343436444513716
99116,1,0,0.19961750107981668
99121,0,0,0.024413803583596672
99133,0,0,0.0116195893352794
99134,0,0,0.03098127214413268
99136,0,0,0.029169966133301563
99152,0,0,0.003383358202016908
99158,0,0,0.0007858132729448604
99159,0,0,0.0001735268834511551
99166,0,0,0.01708356567803839
99167,1,0,0.18375689952369328
99179,0,0,0.006464481924561255
99186,0,0,0.06454694762444442
99188,0,0,0.031343789746415135
99200,0,0,0.007767751129481796
99201,0,0,0.016091964729259813
99210,0,0,0.026280107099226076
99213,0,0,0.005853764830928933
99223,1,0,0.046118309717349044
99224,0,0,0.012086148892390536
99228,1,1,0.9358308134394342
99234,0,0,0.1869049289915193
99235,0,0,0.00493476971712162
99242,0,0,0.00023158199449992763
99261,0,0,0.012953608793457078
99265,0,0,0.006411622174485289
99269,0,0,0.0007571276120061999
99272,0,0,0.003624604426350498
99284,0,0,0.003971088496825302
99293,0,0,0.006996922000117273
99294,0,0,0.001848125574475691
99296,1,0,0.21657016354931496
99302,0,0,0.002401919339211946
99307,0,0,0.015637408472288724
99310,0,0,0.018898382226784402
99313,0,0,0.06368779336235982
99317,0,0,0.0017285819541431335
99318,0,0,0.0033534161638056133
99320,0,0,0.011032792862188669
99326,0,0,0.03684836810649319
99337,0,0,0.010955994691194801
99342,0,0,0.0020156681923422636
99352,1,0,0.03385209151676796
99358,0,0,0.021695158527567666
99365,0,0,0.18307425933823493
99366,0,0,0.07504069454582857
99370,0,0,0.047259678304351904
99379,0,0,0.06819358493827093
99380,0,0,0.0050485295788031724
99383,0,0,0.006048637866224399
99391,0,0,0.004837272992666616
99393,0,0,0.01386475426874835
99394,0,0,0.003849530069108044
99395,1,1,0.9815183428955823
99400,0,0,0.001825739464802742
99402,0,0,0.09225822471297426
99405,0,0,0.002272723803005671
99407,0,0,0.02376106606553997
99421,0,0,0.003459976443712207
99423,0,0,0.009452614254632891
99424,0,0,0.005212374006314192
99425,0,0,0.009281533713878515
99451,0,0,0.022264395631670392
99459,0,0,0.003303445375675196
99471,0,0,0.09337784454279474
99472,0,0,0.0954317260006088
99479,0,0,0.033059265103040116
99481,0,0,0.2636839892619209
99484,0,0,0.30525477549804925
99486,0,0,0.006956332183563812
99491,0,0,0.020635006907055668
99495,0,0,0.007234737545101518
99498,0,0,0.015274892010231158
99499,0,0,0.026706907141377977
99504,0,0,0.24368492490078178
99505,0,0,0.005822475853105422
99507,0,0,0.011713023509094618
99512,1,1,1.0
99516,0,0,0.03642633388697604
99518,1,1,0.9482938705432643
99523,1,1,0.9154481792717086
99524,0,0,0.006458005854784962
99531,0,0,0.1518162124181243
99535,0,0,0.0006803482587064677
99541,0,0,0.002991118062786267
99542,0,0,0.02010938776692349
99551,0,0,0.003500106554022571
99553,0,0,0.34488201011319186
99557,1,1,0.9925
99558,0,0,0.0011471480530243455
99560,0,0,0.09083783607073302
99565,0,0,0.003523228683762898
99568,0,0,0.0009413380295168373
99573,0,0,0.07056327167128623
99577,0,0,0.008266115834074482
99578,0,0,0.0037087054747115666
99583,0,0,0.028730712749448176
99591,0,0,0.0004894361215561676
99605,1,0,0.3546777372247427
99609,0,0,0.0005041153536599972
99611,0,0,0.0011549634939926584
99615,0,0,0.0010235521459135107
99622,0,0,0.032108345564530585
99624,0,0,0.010835506077795248
99630,1,1,0.9010723304473305
99638,0,0,0.03113713835694438
99641,0,0,0.008205808952777099
99645,0,0,0.004628069323396477
99647,0,0,0.0056332739328046055
99653,0,0,0.002994604268293377
99655,0,0,0.011989382185426776
99663,1,1,1.0
99664,0,0,0.009970914295627142
99666,0,0,0.02070028409114815
99667,0,0,0.027323339947387608
99684,0,0,0.024840505771017513
99687,0,0,0.004357787589909853
99697,0,0,0.007216399012217728
99700,0,0,0.08759729630401857
99705,0,0,0.02536880620056938
99712,0,0,0.1876504444740261
99713,0,0,0.0015756394181513022
99715,1,1,0.9731966673849025
99725,0,0,0.16508677590015208
99727,0,0,0.030660331083213133
99734,0,0,0.14516857891088086
99741,0,0,0.005138436005107449
99745,0,0,0.08567496092407484
99748,0,0,0.0940605363036156
99751,0,0,0.022388571162340595
99756,0,0,0.009752534050614775
99765,0,0,0.006053845098679234
99769,0,0,0.016841208992098705
99770,0,0,0.05129762455669021
99771,0,0,0.057248806418366494
99775,0,0,0.009865421455938696
99780,0,0,0.0017794957406150186
99797,0,0,0.002214195284411251
99800,0,0,0.0012805183544065868
99801,0,0,0.012193734549254508
99812,0,0,0.0037526402379171792
99816,0,0,0.00804626933892244
99819,1,1,0.9449484529521768
99821,0,0,0.016512832453977024
99823,0,0,4.9751243781094526e-05
99828,0,0,0.010802991271984353
99829,1,0,0.15870017369678494
99838,0,0,0.06623128967987842
99840,0,0,0.010615204628017579
99847,0,0,0.0023709689662646575
99849,0,0,0.006624242997027217
99857,0,0,0.0031595049413053783
99859,0,0,0.04843678875011642
99866,0,0,0.024508507649590484
99869,0,0,0.01949993253283097
99878,0,0,0.009210735221242508
99880,0,0,0.04315253938694135
99883,0,0,0.002723153978232844
99899,0,0,0.0031698285680797672
99916,0,0,0.0014189657971620487
99932,0,0,0.0017681691549712147
99939,0,0,0.0008690107519638739
99941,0,0,0.007306452606349524
99942,0,0,0.061003220039769976
99948,0,0,0.03624650870897579
99950,0,0,0.006343238444116249
99951,0,0,0.11690272076435976
99971,0,0,0.013339761089295268
99974,0,0,0.05586700713000215
99976,0,0,0.0026712418607690285
99979,1,1,0.9642247360482655
99981,0,0,0.002481284974623082
99987,0,0,0.0029236531333732348
99994,0,0,0.0012119065909064934
99997,0,0,0.17787430446792513
