raw_row_id,actual,predicted,score
2,0,0,0.0068064921746004165
5,0,0,4.344990883980981e-08
16,0,0,0.022523603565761746
19,0,0,2.9092749048665856e-12
21,0,0,3.758026972141048e-09
23,0,0,0.2770738616775339
28,0,0,1.319817859891621e-09
30,0,0,6.398890283616083e-09
38,1,1,0.9999999918054742
39,0,0,0.05990658903722241
41,0,0,0.004081959800845655
46,0,0,8.114008894520423e-11
49,0,0,1.5330080901444283e-06
52,0,0,5.778992609626427e-08
53,1,1,0.9988282385900126
56,0,0,0.013970077800733952
57,0,0,1.1091418351540848e-12
62,0,0,0.00878352239641751
63,0,0,0.07664084101897521
65,0,0,0.33640460953197865
67,0,0,3.0652075532901114e-11
71,0,0,4.3779785845870346e-11
73,0,0,1.0155251901455958e-13
82,0,0,3.0064153210099345e-07
85,0,0,0.08918726086051139
88,0,0,5.086871234745351e-08
106,0,0,8.27412625563146e-12
123,0,0,1.636563018202171e-05
124,0,0,0.00020694231571150948
130,0,0,1.7004852352409101e-06
140,0,0,0.4152756420065992
141,0,0,0.011604658637201427
145,0,0,0.1120613429226632
149,0,0,2.972491941115611e-12
153,0,0,2.0782984722785192e-07
155,0,0,0.0028416275347492963
165,0,0,8.645688755481997e-09
171,0,0,1.0132536862367134e-09
173,0,0,0.00790501250036971
178,0,0,1.2162914468570032e-12
181,0,0,0.013007908035791344
182,0,0,1.3089736593848162e-10
188,0,0,0.006143620451244518
193,0,0,0.07928991173862643
197,0,0,0.20589190043988012
203,0,0,9.300128982015465e-14
204,0,0,8.861116374736095e-17
212,0,0,0.2063902860214606
213,0,0,0.3163605096463216
223,0,0,4.2381318661568615e-05
225,0,0,0.26850925105631596
226,0,0,3.215704794902402e-10
227,0,0,0.00917059477392453
229,0,0,0.01194844836644714
231,0,0,0.007699150696099227
235,0,0,0.00032752017876240303
250,0,0,0.06252718450478413
251,0,0,0.004437885987212654
253,1,0,0.09642544664617514
259,0,0,0.10301763362347391
262,1,0,0.14919704438134748
263,0,0,1.214162022793714e-21
270,0,0,0.0041936405990939665
272,0,0,0.07060698279817779
281,0,0,0.00874006810379562
286,0,0,9.581838405503002e-08
304,0,0,3.415195781488855e-05
309,0,0,5.315730502517713e-07
310,0,0,3.94123238711254e-11
315,0,0,1.1810160934623464e-11
323,0,0,1.9061676830500682e-08
325,0,0,9.727439962957813e-05
330,0,0,0.0005854154833744683
331,0,0,2.125011064489402e-12
335,0,0,0.013194364465443807
336,0,0,0.08549279861254995
348,0,0,1.2461393548053612e-16
349,0,0,1.6995029998391243e-11
350,1,0,0.2893688355454419
360,0,0,0.00016661860735133806
368,0,0,7.458216243579818e-07
371,0,0,5.6386547447053096e-08
373,0,0,0.20793061467473925
391,0,0,0.19729980535390046
392,1,0,0.026940947908393065
397,0,0,1.21762663830341e-19
398,0,0,5.159209540167867e-06
400,0,0,0.07387701024433234
402,0,0,8.437451633704487e-07
404,0,0,0.003227709557617516
420,0,0,0.3312964219516877
422,0,0,3.1843820279967198e-09
425,0,0,8.608648740354498e-13
426,0,0,0.06772328799197017
432,0,0,0.03224070007645961
441,0,0,0.0015146743972201653
450,0,0,3.6565582695857676e-07
453,0,0,8.404443863476773e-07
467,0,0,3.515958600429737e-07
473,0,0,9.81508709804617e-06
475,0,0,1.3587211376769406e-06
481,0,0,0.020821514790790738
483,0,0,4.276484057433049e-06
484,0,0,9.509897111202508e-13
486,0,0,1.175251132072387e-05
494,0,0,0.1660213511034095
505,0,0,0.18010800684736067
529,0,0,2.677348149267148e-10
535,0,0,0.060468108786188655
537,0,0,2.7924408612588253e-05
538,0,0,0.0018309148672879688
541,0,0,2.36865101831149e-09
542,0,0,0.13850193298797783
546,0,0,5.2698244929531945e-11
554,0,0,1.9043941815479402e-06
558,0,0,2.8434449081521373e-06
563,0,0,8.36241452417104e-11
567,1,0,0.28490358147447925
568,0,0,0.13659053694354287
577,0,0,4.176664195065294e-15
578,0,0,0.0017526409886619045
579,0,0,0.003699656702472547
585,0,0,1.7108198532638831e-09
586,0,0,2.426208890452608e-08
590,1,1,0.854387128438358
605,0,0,1.1527256072191111e-06
608,0,0,0.025076854620686862
611,0,0,0.2527075135581332
613,0,0,3.765506012342861e-17
614,0,0,0.08129708106336395
620,0,0,4.0602274775594825e-13
622,0,0,0.16561670141042098
624,0,0,0.0122482008296935
625,0,0,0.05161145684495782
643,0,0,6.890017464342016e-16
645,0,0,0.007876062667081471
647,0,0,9.984490479415948e-07
651,0,0,3.0329223185735485e-14
652,0,0,0.00010704876470391877
654,0,0,0.0021023710524966576
667,0,0,0.02538665027249727
673,0,0,1.6002072935021167e-06
678,0,0,0.004490004202014497
694,0,0,0.003447644433536965
696,0,0,0.2732905913477709
697,0,0,0.1518670940707299
699,1,0,0.034314410304521044
701,0,0,8.519557479351925e-06
708,0,0,0.028361623578529102
717,0,0,4.999792318987952e-06
723,0,0,1.4797454123326304e-12
724,0,0,5.670021242109691e-10
726,0,0,9.549062375120513e-07
734,0,0,0.018798896757296787
735,0,0,1.4737215126298146e-09
750,0,0,4.4263799304552423e-07
758,0,0,3.193074409510168e-14
759,0,0,7.455525537253263e-12
761,0,0,1.922339801343492e-16
762,0,0,7.518632251039566e-06
763,1,0,0.3661581191037943
773,0,0,0.21153649002087055
775,0,0,0.015579550611380041
787,0,0,1.0695252730654862e-07
789,0,0,6.547764890561441e-08
797,0,0,0.03781890007596582
798,0,0,3.658020490748468e-10
801,0,0,2.6121276652901396e-17
809,0,0,7.277088600654594e-08
827,0,0,3.0371126002387395e-05
829,0,0,0.09497069411221498
832,0,0,7.648153354449964e-10
837,0,0,0.023312989876990445
839,0,0,1.62114513592557e-11
841,0,0,2.1990226425214812e-10
853,0,0,8.813534923651414e-10
858,0,0,8.311916163262505e-06
864,0,0,1.7333509888699204e-09
870,0,0,1.0863085953790014e-05
871,0,0,7.780175909389428e-12
873,0,0,0.026254676815207365
878,0,0,1.890834394619157e-06
887,0,0,6.831195037698622e-11
895,1,1,1.0
898,0,0,3.8559673568165674e-08
899,0,0,0.04451559268707634
905,1,0,0.02006817887372386
910,0,0,0.011765163228152915
911,0,0,0.13214394667665205
916,0,0,8.7328280400945e-11
923,0,0,1.3642889944718754e-08
932,0,0,2.8696439513978203e-11
937,0,0,0.09722648255365827
939,0,0,0.0021488258836387347
942,0,0,1.3048425746099167e-07
943,0,0,0.0018863782135905788
945,0,0,1.949881292184745e-05
948,0,0,2.5160118350939836e-17
949,0,0,3.547715297280123e-07
957,0,0,7.929182831981346e-12
962,0,0,0.00010994613808310968
967,0,0,0.10930506838274881
968,0,0,3.204694718048517e-16
971,0,0,2.91142277857433e-08
973,0,0,7.588006481779293e-11
982,0,0,0.05475391348832635
984,0,0,6.54845588204984e-06
989,0,0,2.858222061512624e-10
990,0,0,0.27491244029593404
997,0,0,2.625952642317165e-08
998,0,1,0.5399910461475128
999,1,0,0.04467442781750891
1004,0,0,2.8183718593456107e-06
1007,0,0,1.0019099584627445e-13
1012,0,0,2.1728626512493765e-15
1022,1,1,0.9999999999999487
1029,0,0,1.2226832712855376e-09
1031,0,0,8.967703831230229e-17
1032,0,0,1.1064544576799187e-09
1041,0,0,8.10885125174575e-14
1043,0,0,9.000756688842608e-09
1054,0,0,6.278738964995305e-08
1059,0,0,2.426640283883182e-10
1067,0,0,3.912599372638055e-12
1068,0,0,7.280362377079745e-11
1073,0,0,6.141579767588559e-09
1078,0,0,0.04794032452448425
1084,0,0,0.050995707023346284
1094,0,0,0.008867958064897282
1097,0,0,1.3256905440477205e-08
1101,0,0,0.01417877181475416
1102,0,0,4.7681988774529083e-08
1103,0,0,0.03211345749692932
1134,0,0,0.00012041049603794949
1142,0,0,0.11614193071398714
1144,0,0,6.398267946997231e-10
1148,0,0,0.03480889759023473
1151,0,0,0.010054492136547516
1155,0,0,4.784411480429811e-09
1161,0,0,0.003935769434814205
1163,0,0,0.05144497814939471
1165,0,0,0.009973976538909994
1168,0,0,0.1200197685554533
1169,0,0,1.0156087550257699e-05
1175,0,0,0.016330191941934892
1176,0,0,0.012940538184431787
1178,0,0,2.3431206183342848e-08
1186,0,0,0.023381014579117308
1191,0,0,7.030021385345644e-08
1192,0,0,0.01090722666323671
1200,0,0,1.4231402177516583e-12
1203,0,0,8.657573722844158e-07
1208,0,0,4.4890887327569784e-07
1212,0,0,0.08917200933417478
1215,0,0,1.7773601876056575e-12
1227,0,0,2.2063667129235714e-07
1230,0,0,0.007304125053536316
1231,1,1,1.0
1232,0,0,0.000318985824762151
1233,0,0,0.09993090344896023
1235,0,0,1.8824986408007545e-09
1237,0,0,0.0036866764821424634
1243,0,0,8.163570130089503e-08
1254,0,0,0.043968985935267345
1255,0,0,3.206604117462178e-14
1264,0,0,7.076177395239934e-06
1265,0,0,1.6696576705112618e-08
1266,0,0,0.07574167601298454
1273,0,0,0.30962789640280286
1286,0,0,0.08286858023668812
1293,0,0,1.95375464335655e-06
1304,0,0,1.1406283616105833e-05
1316,0,0,9.839609853431973e-18
1320,0,0,4.6013655010248943e-11
1321,0,0,1.3458894234715848e-07
1323,0,0,0.003793846457975453
1327,0,0,0.032779149457396184
1332,1,1,1.0
1333,0,0,0.05630063926792238
1335,0,0,0.028787753767086047
1350,0,0,1.0312417204235457e-12
1351,0,0,0.016808158737642787
1354,0,0,0.0041552074567858316
1356,0,0,6.654194808582287e-05
1357,0,0,0.07901960228978226
1367,0,0,4.542373244879501e-05
1369,1,1,1.0
1379,0,0,1.1253142270181721e-10
1385,0,0,0.17173752612562843
1389,1,1,0.9999999999999982
1400,0,0,5.9261275089700943e-08
1405,0,0,0.13995353720580803
1408,0,0,1.4448963961717431e-05
1416,0,0,0.1999304492267036
1423,0,0,1.3185991671378666e-09
1425,0,0,0.00022130799035109422
1430,0,0,0.22163538660617205
1431,0,0,5.59165451847758e-12
1434,0,0,0.0027093187956500186
1436,0,0,9.220162345539231e-05
1437,0,0,0.05563919236134231
1440,0,0,1.799256319272486e-05
1444,0,0,5.692956357678956e-10
1448,0,0,0.10074673758625342
1456,1,1,1.0
1459,0,0,0.11604074582432791
1467,0,0,0.011450625874185796
1468,0,0,1.5348408303568818e-05
1481,0,0,0.00617421220538271
1482,0,0,6.925475215918088e-07
1486,0,0,4.2865692118227836e-08
1487,0,0,5.34012277502377e-06
1495,0,0,9.301251113951261e-07
1503,0,0,0.09134952694521681
1506,0,0,8.624011023661416e-09
1507,0,0,4.2087479105604126e-05
1509,0,0,0.012829570333571419
1520,0,0,0.13427735496932622
1532,0,0,2.7886458776829023e-08
1534,0,0,3.1537270820248068e-12
1538,0,0,0.0093749075243243
1539,0,0,6.652581971151059e-08
1563,0,0,6.769647060931335e-11
1567,0,0,2.9577161878616654e-11
1568,0,0,0.016406267435417267
1571,1,1,0.9999999999997433
1572,0,0,0.018904988361412356
1589,0,0,7.919845896823311e-05
1595,0,0,1.6444998015112681e-06
1596,0,0,1.7717144177944353e-08
1597,0,0,7.720135218011349e-09
1602,0,0,2.2686443838318622e-10
1604,0,0,0.00027854662600508654
1613,0,0,0.007244963241021643
1619,0,0,0.0008699785610074871
1642,0,0,1.7783200888696738e-07
1645,0,0,0.23165343372834316
1650,0,0,0.060211029531925156
1652,0,0,1.965645889157407e-05
1655,1,1,0.9777918925836543
1657,0,0,1.3064414750980686e-07
1667,0,0,4.4748250974682025e-14
1671,0,0,5.359117453763405e-07
1676,0,0,0.016385543049779728
1681,0,0,0.12485323943685138
1682,0,0,0.18780314612497578
1683,0,0,2.6166243820054387e-05
1686,0,0,5.471219465928778e-09
1688,0,0,0.06409853936559817
1698,0,0,0.016661244592126596
1706,0,0,5.680523278673748e-15
1707,0,0,6.487423079629196e-08
1709,0,0,0.011706034517293679
1716,0,0,6.950301326005515e-11
1723,1,1,0.9999999999999993
1728,0,0,0.2724087677411918
1734,0,0,7.230954091712326e-09
1736,1,0,0.01857133970696868
1741,0,0,0.06444058657308875
1743,0,0,2.1577236958230952e-11
1745,0,0,1.8000508016060637e-07
1751,0,0,1.8365324542886243e-08
1752,1,1,0.9999999999999689
1755,0,0,2.5301616260225967e-13
1761,0,0,9.089860227790867e-16
1763,0,0,7.730588318949737e-17
1766,0,0,0.19228026546877244
1771,0,0,9.026417922871156e-12
1774,0,0,0.2925404020765409
1777,0,0,0.029989883224453093
1779,0,0,4.167211933906565e-11
1784,0,0,6.0927723021369956e-05
1787,0,0,1.242238856639868e-13
1788,0,0,6.429607841247774e-10
1794,1,1,0.9322577910442962
1805,0,0,8.864188257684062e-10
1807,0,0,1.7361493906133716e-08
1810,0,0,1.2281372243454754e-07
1813,0,0,0.014193559001095701
1814,0,0,5.800369865251414e-09
1819,0,0,0.0036767413083949475
1820,0,0,7.241571819463159e-05
1821,0,0,1.5777622334781578e-15
1826,0,0,3.361504594159973e-15
1832,0,0,0.0001824243586541733
1837,0,0,3.69531286247093e-14
1840,1,0,0.2446286635064036
1859,0,0,0.07868151673970768
1860,0,0,9.636820537790186e-16
1867,0,0,1.6787220751639218e-05
1868,0,0,0.00043340498572185096
1876,0,0,3.781166501487844e-10
1880,0,0,0.06763197117128729
1895,0,0,0.006076667136508677
1903,1,1,0.9999999844836107
1910,0,0,0.10541762513402274
1913,0,0,2.185552896389163e-09
1919,0,0,2.2144484311601807e-11
1923,0,0,0.028062064204239106
1925,1,0,0.11532705571261759
1927,0,0,1.5000634397895876e-11
1928,0,0,6.801206581904495e-10
1930,0,0,2.088489193450789e-06
1934,0,0,1.2633772917049774e-05
1937,1,1,0.9997624718967202
1944,0,0,0.008563682257319155
1947,0,0,0.20879311701064796
1955,0,0,0.028721809301287152
1958,0,0,7.432975533480481e-17
1959,0,0,0.023701434467796302
1960,0,0,0.007599229089539075
1961,1,0,0.03445963445577062
1964,0,0,0.030231853221745965
1970,0,0,1.8084454144053278e-12
1980,0,0,0.02894056839989612
1983,0,0,0.0848309321126576
1994,0,0,1.0555270820313602e-15
1995,0,0,0.15171450394298697
1997,0,0,0.00019048215419454625
2002,0,0,0.063316080944245
2010,0,0,3.649034912450346e-14
2013,0,0,0.033818632242391324
2014,0,0,0.05707928092243815
2025,0,0,2.000263157752281e-12
2027,0,0,0.019651560260638367
2031,0,0,0.2923419936153392
2047,0,0,1.473563342282104e-08
2050,0,0,0.11034748613369955
2057,0,0,0.008612855923080854
2064,0,0,2.117319850687483e-16
2066,0,0,0.005588287386131547
2068,0,0,4.689010383988334e-10
2077,0,0,0.07530035043717477
2078,0,0,0.03631013129698022
2082,0,0,5.790272448664288e-07
2090,0,0,0.02055174834869749
2092,0,0,4.613081788405685e-10
2093,0,0,0.005658090747630255
2102,0,0,2.965159778038251e-10
2105,0,0,2.78153892010722e-09
2106,0,0,2.3441000366032814e-05
2108,0,0,0.005860519286103829
2110,0,0,1.859066977680739e-08
2111,0,0,0.0012358387410410726
2113,1,0,0.32146039021346184
2120,0,0,0.008689327957004191
2121,0,0,3.6115302867790276e-07
2124,0,0,0.0047308114658922715
2130,0,0,1.2352761107869822e-05
2138,0,0,4.1928523301760405e-08
2139,0,0,0.01077418399247628
2140,0,0,0.009013276596669012
2152,0,0,0.4482652040878064
2154,0,0,0.0588803313458536
2160,0,0,1.5272922365663352e-12
2172,0,0,4.783048878989361e-09
2173,0,0,1.0857262082988595e-06
2175,0,0,0.015825222257502936
2180,0,0,0.03780501310766726
2182,0,0,0.13263930544443436
2183,0,0,2.363037074646467e-06
2190,0,0,1.2064836927325562e-06
2191,0,0,5.508319306184078e-13
2194,0,0,0.006034901764640209
2206,0,0,3.073087332423025e-09
2208,0,0,0.009470394975205026
2210,0,0,2.8307411457796446e-13
2211,0,0,3.216513625848981e-05
2212,0,0,0.029827100626753766
2215,0,0,6.324666600215141e-11
2219,0,0,1.1955482138226385e-08
2220,0,0,1.2237576767178462e-07
2231,0,0,6.789556941411401e-15
2233,0,0,0.005308261834270178
2240,0,0,4.80413175496521e-12
2247,0,0,1.1101182701307236e-06
2251,0,0,3.186537608173869e-07
2257,0,0,8.961337489305033e-05
2265,0,0,0.17914862486520602
2278,0,0,7.201748870009286e-14
2281,0,0,2.91215557678182e-08
2296,0,0,0.03467473308225211
2299,0,0,1.6173435360058176e-08
2303,0,0,6.135824151521453e-08
2305,1,1,1.0
2307,0,0,0.03720025077244319
2309,0,0,1.4717456599985148e-07
2310,0,0,0.011140021862734792
2312,0,0,0.05453442692094158
2325,0,0,6.339208278926628e-06
2330,0,0,0.0034883301730279904
2331,0,0,0.22963234058879986
2350,1,1,1.0
2356,0,0,6.414189236690379e-17
2360,1,1,1.0
2366,0,0,6.341541759750321e-05
2370,0,0,4.921392212026373e-14
2376,0,0,0.02062892423527589
2381,0,0,1.0982876769999684e-07
2388,0,0,3.5051063018862383e-06
2389,0,0,1.821192270136502e-06
2392,0,0,2.3603490046996667e-08
2400,0,0,0.19653836610354672
2409,0,0,3.1937951342986665e-06
2411,0,0,0.2541155704277024
2412,0,0,3.694874123629649e-08
2414,0,0,6.564305202114758e-07
2417,0,0,2.076859169160264e-06
2418,0,0,1.5677119498322227e-13
2434,0,0,0.20538707034631087
2440,0,0,7.484747197968208e-07
2460,0,0,5.757026170175975e-10
2461,0,0,0.09850734117777267
2462,1,1,0.9999999879536675
2464,0,0,5.3184897031922984e-08
2469,0,0,2.0698156899890878e-07
2475,0,0,0.010040559355731855
2478,0,0,3.0065478567789884e-11
2479,0,0,9.696491541180468e-15
2482,0,0,1.3905118033982116e-12
2493,0,0,8.099574141816721e-09
2503,0,0,7.685521080645576e-13
2513,0,0,1.1124943370702428e-06
2520,1,1,1.0
2541,1,1,1.0
2544,1,1,0.9997542155523029
2546,0,0,0.01336771817795682
2569,0,0,0.0037245586465476086
2570,0,0,0.028103147262898025
2574,0,0,2.3338858467969238e-08
2581,0,0,0.07531722965714077
2586,0,0,3.4654026926708325e-07
2590,0,0,0.23834452948650026
2600,0,0,0.007941597169021547
2601,0,0,6.208696273130535e-11
2603,0,0,4.4048156280844385e-20
2604,0,0,0.007142225406312038
2614,1,1,1.0
2615,0,0,0.009176587182928941
2619,0,0,2.8228910773770262e-09
2620,1,0,0.24652664188206322
2623,0,0,9.864941661631788e-11
2624,1,1,0.9989903635724809
2628,0,0,1.8219478297506505e-08
2630,0,0,1.0662038988590608e-09
2636,0,0,0.14971486867911996
2637,0,0,0.1430369687137509
2643,0,0,0.008755318100860431
2649,0,0,8.825381742967653e-09
2655,0,0,7.292073073430014e-09
2662,0,0,2.602641222693136e-06
2669,0,0,2.064713562746941e-12
2672,0,0,2.6977830936935062e-05
2674,0,0,1.4881120134597203e-10
2682,0,0,7.773335782220442e-09
2688,0,0,5.690083568927866e-14
2697,0,0,5.341037686733558e-07
2698,0,0,0.009255572838549567
2700,0,0,5.954133733036956e-07
2705,0,0,3.9973854795039244e-07
2706,0,0,0.11003099665555206
2707,0,0,0.0009196376073409027
2709,0,0,0.09059424630459831
2713,0,0,8.005580342095908e-07
2716,0,0,1.8082695325739297e-10
2717,0,0,3.324517014929644e-05
2721,0,0,8.707249193110885e-18
2731,0,0,5.308893613059799e-11
2733,1,1,1.0
2736,0,0,5.8855859936076576e-05
2758,0,0,0.29997282945197357
2775,0,0,4.385082750171967e-08
2778,0,0,7.557166080706843e-06
2786,1,0,0.1712741694309604
2790,0,0,0.09628313861906951
2792,0,0,0.0040325645131943305
2804,0,0,0.0021592529047037
2805,0,0,0.00988008753459953
2808,0,0,1.8551574017486592e-06
2810,0,0,0.04423160314040871
2817,1,0,0.2190812493273371
2819,0,0,1.9111672878151226e-13
2821,0,0,0.021570811930434548
2822,0,0,1.538707790619991e-08
2824,1,1,1.0
2828,0,0,0.04283608216583882
2835,0,0,4.047926314865231e-11
2836,0,0,0.016737170310735152
2844,0,0,2.0635072512727668e-07
2846,0,0,0.0901167545752317
2852,0,0,1.1155248038940586e-09
2853,0,0,3.6828295995501907e-13
2855,0,0,0.002270470350550164
2856,0,0,0.015881818531182024
2863,0,0,2.317965011685652e-12
2867,0,0,7.20673758290652e-11
2879,0,0,4.6762656273763195e-05
2890,0,0,7.374126177446366e-12
2897,0,0,0.012803623973432834
2904,0,0,0.1318172968205948
2905,0,0,5.166379600245644e-06
2916,0,0,0.010485749200820448
2921,0,0,5.228079264540949e-12
2924,1,1,1.0
2928,0,0,1.3724507113187383e-05
2934,0,0,8.998355200996388e-05
2935,0,0,2.341225089795117e-11
2938,0,0,0.06804104929420617
2940,0,0,2.6381412774923183e-05
2948,0,0,0.06290929323219259
2959,0,0,9.296056822749247e-16
2961,0,0,6.45446550591073e-06
2962,0,0,1.2708329531061173e-07
2975,0,0,2.767239921280617e-10
2979,0,0,0.14696625377874978
2984,0,0,9.386887451059459e-07
2985,1,0,0.17774463931988577
2986,0,0,6.61500421200357e-14
2988,0,0,6.055032739404342e-12
3002,1,1,0.9999999999999987
3010,0,0,0.044913745550863506
3016,0,0,1.8443286363462745e-07
3018,0,0,1.920876082989514e-11
3036,0,0,0.010732598313987622
3038,0,0,0.022450490767748153
3048,0,0,0.21861095363093153
3050,1,1,0.999999988304563
3054,0,0,0.0003898969661506413
3061,0,0,6.644048279194197e-09
3071,0,0,0.04250269788914768
3078,0,0,0.20651349306946673
3079,0,0,0.04958218688053124
3080,0,0,3.199576616048481e-08
3088,0,0,0.040673663206387566
3089,0,0,3.3436045390335143e-10
3090,0,0,0.15547768528202924
3100,1,1,1.0
3104,0,0,0.03306997788165467
3121,0,0,0.03639372946079351
3123,0,0,3.6895419913836314e-11
3125,0,0,1.6092168156570673e-10
3134,0,0,0.14736588672698672
3137,0,0,4.584633060017518e-07
3145,0,0,0.0027775687335204226
3151,0,0,2.654822734229074e-07
3156,0,0,3.4143476470489145e-08
3158,0,0,1.459525192481925e-07
3168,0,0,0.00016469570972005887
3169,0,0,1.3039383035158336e-09
3174,0,0,6.184648473660223e-10
3176,0,0,0.07526761674996882
3177,0,0,0.1251777677861744
3179,0,0,1.7980252825782345e-14
3182,0,0,0.011787460280292525
3198,0,0,0.000290266159267694
3207,0,0,3.91971068981391e-14
3208,0,0,0.11965930066122135
3209,0,0,2.9401494644409085e-11
3213,0,0,5.866655650141316e-06
3217,0,0,1.2340179702951233e-09
3228,0,0,6.048374987595362e-09
3233,1,1,1.0
3245,0,0,4.1927337305953365e-05
3249,0,0,2.553465478995424e-13
3252,1,1,1.0
3256,0,0,0.10748233288351165
3257,0,0,0.021477455171246718
3264,0,0,2.495467298494422e-08
3266,0,0,2.683106452693826e-11
3273,0,0,0.20888160094726727
3279,0,0,8.248115754565283e-07
3281,0,0,1.4381362475508676e-18
3284,0,0,3.60189705933902e-07
3290,0,0,0.08230819437379175
3302,0,0,6.91829524267505e-07
3306,0,0,9.714700116184085e-13
3314,0,0,0.019801291812784918
3319,0,0,0.06917289413280284
3334,0,0,0.006941479982439395
3341,1,0,0.04879337712599973
3343,0,0,9.942341821217636e-05
3345,0,0,1.1157273045503966e-06
3350,0,0,1.0164683868658926e-05
3354,0,0,0.06847684064595573
3355,0,0,0.12825253378670667
3358,0,0,0.0036053086389510308
3363,0,0,0.003511513153302623
3364,0,0,4.0917056571789955e-09
3369,0,0,0.055967419523071896
3382,0,0,2.848402746349233e-11
3385,0,0,0.002120736573703217
3388,0,0,0.22098462037305236
3390,0,0,0.08311430255031019
3392,0,0,1.0614742899038795e-07
3393,0,0,0.026593320828329235
3395,0,0,6.172808540667494e-07
3397,0,0,0.2876847616172295
3398,0,0,2.5219630136171183e-06
3403,0,0,1.644315198236796e-05
3414,0,0,2.5370455152376814e-11
3422,0,0,6.573039953266485e-16
3431,0,0,5.285653737000722e-10
3433,1,1,0.9999999952055636
3438,0,0,6.2450005283569275e-06
3445,0,0,1.7257024560960953e-06
3456,0,0,7.797134495864215e-17
3458,0,0,5.5354301737978134e-14
3473,0,0,3.1791787489602083e-10
3479,0,0,7.085294035531746e-06
3480,1,1,1.0
3490,0,0,0.10475445711270501
3494,0,0,1.1643261655537505e-05
3495,1,1,0.9999999940769728
3506,0,0,0.0038679797178710006
3508,0,0,2.2120384534107426e-06
3509,0,0,1.2499310973144426e-10
3510,0,0,1.5103907251099958e-14
3512,0,0,0.000904696842956093
3514,0,0,0.07699817426379675
3517,0,0,2.0532956441127258e-11
3519,0,0,0.12238761758435066
3521,0,0,1.0578452892847713e-05
3523,0,0,3.9783312395893014e-07
3524,0,0,2.235995299312324e-11
3531,0,0,3.741678343570859e-07
3535,0,0,4.498335192704878e-13
3536,1,1,0.9999807457296481
3546,0,0,2.1770475770977856e-13
3549,0,0,5.8608624139543e-07
3553,0,0,1.7102220270482852e-13
3557,0,0,6.475919808108401e-09
3561,0,0,2.263043878818446e-09
3562,0,0,1.2930333471621779e-12
3578,0,0,4.518761179159386e-12
3581,0,0,0.04429699230794763
3583,0,0,0.2636170697008102
3585,0,0,0.16256138290997846
3590,0,0,0.006706879214650675
3594,0,0,5.524966829864485e-07
3596,0,0,1.3359596433569984e-09
3608,0,0,1.6029614567156196e-07
3614,0,0,4.3007056616629074e-12
3616,0,0,2.246948475744005e-09
3632,0,0,1.7124070420182313e-07
3637,0,0,6.364518928234286e-09
3642,0,0,3.700399966803709e-07
3646,0,0,0.00947938235477507
3647,0,0,2.6709746435950346e-08
3650,0,0,2.3550183559045488e-11
3653,0,0,1.8030307721238327e-05
3654,0,0,0.2583167293449732
3658,0,0,0.04015112421055705
3659,0,0,0.0011745607885472542
3660,0,0,0.03333218018311061
3665,0,0,4.032830667306091e-05
3666,0,0,8.150862617091131e-11
3670,0,0,0.08515736094981297
3675,0,0,1.9875050030220982e-05
3688,0,0,1.555178256071635e-12
3694,0,0,5.775025722428923e-09
3703,0,0,3.1833574239461067e-07
3706,0,0,3.822854029936136e-09
3717,0,0,4.042472367922261e-06
3721,0,0,1.3863712736165232e-06
3724,0,0,7.178043179694658e-05
3737,0,0,3.759946100431869e-17
3738,0,0,0.018921976559208548
3740,0,0,0.07099661159278316
3745,0,0,4.7531228670014734e-07
3748,0,0,2.0283215204746843e-16
3753,0,0,0.003102142290103873
3765,0,0,0.1182895851592141
3771,0,0,0.02454174821077545
3772,0,0,0.07912803686156201
3775,0,0,0.012080152265430405
3779,0,0,3.4503814222997445e-12
3781,1,1,0.9999999999999973
3784,0,0,1.144907558017374e-09
3786,0,0,5.0878437342651506e-08
3790,0,0,2.316938786788994e-12
3791,0,0,1.4803123373245687e-05
3803,0,0,9.120303031864613e-05
3810,0,0,3.863311078103449e-12
3813,1,1,0.9270143427505936
3817,0,0,0.24769244811095065
3826,0,0,0.02858421474434875
3829,0,0,1.0170641341730575e-05
3833,0,0,0.02834751315052718
3839,0,0,0.020771996985259382
3858,0,0,2.0951809689336784e-05
3859,0,0,6.410829214722849e-14
3861,0,0,1.0637591923836645e-05
3862,0,0,3.471681042927671e-12
3873,0,0,1.8677259176241653e-07
3878,0,0,6.377101457924435e-11
3882,1,0,0.1778140413192253
3884,0,0,2.038595318161873e-05
3892,1,1,1.0
3893,0,0,2.0239570770425885e-12
3899,0,0,0.01020139617053292
3909,0,0,0.016587284582842532
3912,0,0,0.02296967646890811
3920,0,0,9.244786211955083e-13
3922,1,1,0.9983916688467093
3926,0,0,1.3502945265385472e-14
3928,0,0,2.4062559588623444e-12
3929,0,0,0.006234602040860602
3945,0,0,1.4991264369796765e-05
3951,0,0,0.005030573561601383
3953,0,0,0.0063038071664131
3954,0,0,7.10043900531591e-08
3962,0,0,0.11937401723273845
3978,0,0,0.2708297084583824
3982,0,0,2.3645676155747056e-06
3984,0,0,1.2062900087846903e-08
3988,0,0,0.18061696425172966
3989,0,0,0.11554663141500522
3990,0,0,2.58027990200059e-10
3999,0,0,0.29767711172156625
4000,0,0,0.0094361803237336
4005,0,0,0.010696691030677037
4010,0,0,5.749134149998138e-10
4014,0,0,2.905606230413513e-08
4018,0,0,1.5810981714084895e-08
4020,0,0,2.010197370842668e-08
4025,0,0,0.14147705939560284
4040,0,0,5.670929438667027e-13
4042,0,0,0.27052931087268484
4045,0,0,0.0022005599185234634
4046,0,0,0.09883264882450175
4049,0,0,0.07689889431621055
4052,0,0,1.1212348823751707e-11
4053,0,0,0.00971673802330467
4057,0,0,0.015090209387754844
4072,0,0,0.00040663740233577066
4075,0,0,4.012300302363491e-08
4083,0,0,1.3254046074245864e-06
4085,0,0,0.008679970995255295
4090,0,0,9.779236840098986e-07
4094,0,0,8.299414195743234e-09
4102,0,0,3.1853790431934544e-12
4110,1,0,0.2544124035300895
4111,0,0,0.12801956227328487
4112,0,0,0.13494179638056525
4116,0,0,2.5944340556252392e-05
4119,0,0,3.289838473934964e-08
4120,0,0,6.751056447071019e-11
4125,0,0,0.09813853322272971
4127,0,0,2.5565530871331e-13
4132,0,0,4.02588994501723e-15
4137,0,0,2.027344044158985e-09
4142,0,0,8.327448027684952e-12
4143,0,0,0.04273926471760741
4145,0,0,2.427518936669464e-08
4147,0,0,2.891015283775135e-07
4154,0,0,0.004060917930983884
4155,0,0,1.302701042703249e-09
4169,0,0,7.72033498472941e-07
4173,0,0,1.6438183920646892e-12
4182,0,0,1.0475507537065365e-07
4183,0,0,0.04702722996499961
4184,0,0,9.565988602700253e-17
4185,0,0,7.837334198342162e-06
4196,1,1,0.9999999980150607
4198,0,0,0.10089371921521989
4199,0,0,3.561351145425293e-10
4202,1,1,1.0
4204,0,0,8.587418194585551e-16
4206,0,0,0.0010217279544744132
4208,0,0,0.2790895142160182
4217,0,0,4.5477717615662306e-05
4221,0,0,0.05502800467369032
4227,0,0,1.0568818648325306e-09
4229,0,0,2.2582064570513426e-12
4246,0,0,0.026329190029944362
4249,0,0,0.03497819214197095
4250,0,0,0.005968644602857386
4257,1,0,0.109857763573364
4260,0,0,1.3697206127679073e-12
4262,0,0,2.8177521194685004e-17
4264,0,0,3.4582355336967367e-13
4266,0,0,0.05332667058000213
4272,0,0,6.143782572013016e-11
4273,0,0,3.042460707108753e-07
4274,1,0,0.08176012656501892
4279,0,0,1.2470193570693782e-08
4287,0,0,0.06734205301261093
4311,0,0,3.631807721883406e-08
4319,0,0,0.000320414598807306
4321,0,0,0.0045099227227971585
4323,0,0,2.47733581188148e-05
4324,0,0,0.0945268128939473
4340,0,0,0.012068671039534127
4344,0,0,0.046979564357795676
4347,0,0,0.15696048316875139
4357,0,0,3.252576905819918e-08
4358,0,0,0.3581083209328878
4360,0,0,2.2887939936928937e-11
4363,0,0,0.004401270332242523
4368,0,0,2.596476884184816e-15
4369,0,0,2.4368812521100957e-06
4373,0,0,2.2873866303858347e-09
4375,0,0,0.016752840557359597
4380,0,0,0.006028341853445838
4388,0,0,0.0018196841144401078
4389,0,0,0.0063137665954907845
4390,1,1,1.0
4395,0,0,7.412225507710498e-16
4397,0,0,5.1896423162181e-07
4400,0,0,1.3554175843247942e-13
4403,0,0,0.0867802522679243
4407,0,0,0.0029537937793627333
4408,0,0,7.086037358634995e-09
4410,0,0,4.0103591035104105e-12
4414,0,0,0.008204376290952414
4415,1,1,1.0
4417,0,0,1.4024941976853221e-08
4419,0,0,1.7191264724427438e-09
4422,0,0,1.8569610179149627e-08
4435,0,0,0.005359070799171267
4448,0,0,0.03340924820006602
4466,0,0,0.003620900698190524
4470,0,0,0.018552124551017908
4472,0,0,2.780119969475924e-17
4485,0,0,0.0025790339403152156
4493,0,0,1.7930911783544566e-06
4502,0,0,4.570127209108354e-13
4512,0,0,0.0003593156319352057
4513,0,0,0.0036431486357460735
4515,1,0,0.17991056371054778
4517,0,0,5.5245632957740285e-08
4520,0,0,0.010861685125729374
4528,0,0,8.292140543231772e-12
4537,0,0,1.3749141324333629e-05
4538,0,0,4.5720677746203254e-06
4540,0,0,1.5598640184829873e-06
4541,0,0,3.8068775843670273e-06
4543,0,0,2.665421083165432e-18
4544,0,0,0.0011010356624828587
4545,0,0,0.1020946155744736
4548,0,0,4.550963706139251e-05
4558,0,0,7.539204355816824e-09
4567,1,1,0.9999999999998919
4568,0,0,2.6933162830548958e-06
4569,1,1,0.9999999999998028
4587,0,0,0.0018797005735930994
4591,0,0,0.004335292996123309
4607,0,0,3.0622907266607644e-16
4631,0,0,0.07275475111307954
4653,0,0,8.035434653105574e-17
4658,0,0,0.07714367740497827
4676,0,0,1.3065188101372784e-06
4678,0,0,6.26658525320652e-06
4681,0,0,2.5295326164883697e-05
4682,0,0,0.0003944792025165235
4685,0,0,0.44441442955850036
4694,0,0,3.2907932718479336e-16
4711,0,0,0.015687459885051658
4722,0,0,0.03597078715612513
4723,0,0,2.044468874853981e-09
4725,0,0,4.690371939254944e-07
4727,0,0,1.0508007337324584e-12
4736,0,0,0.0646317254613657
4739,0,0,7.5165035942227035e-16
4743,0,0,0.07133155904580525
4746,0,0,8.888557727343244e-10
4749,0,0,0.027337908417730938
4754,0,0,8.546391758224637e-08
4757,0,0,0.002436322998556751
4759,0,0,1.0072319369310693e-06
4780,0,0,6.573572189940638e-10
4781,0,0,7.12010847919618e-07
4784,0,0,4.1349804530159947e-07
4788,1,1,1.0
4789,0,0,0.09864828702390259
4790,0,0,3.6310870847316137e-06
4796,1,0,0.18226958500194188
4801,0,0,7.380111348764031e-13
4802,0,0,8.62499729510809e-09
4803,0,0,2.693218486321038e-12
4811,0,0,7.929621130539045e-07
4812,0,0,4.6775460723494314e-05
4814,0,0,6.098268945883804e-12
4816,0,0,0.03748714079845586
4828,1,0,0.17391558596186468
4829,0,0,7.946323040730037e-14
4845,0,0,1.1101410784566271e-10
4850,0,0,0.20640916975359108
4862,0,0,8.389777811983925e-11
4863,0,0,0.008616552111995034
4866,0,0,2.529810949494639e-06
4868,1,1,0.9562033458820604
4870,0,0,0.0018181422494890312
4872,0,0,1.0370236829790624e-05
4873,0,0,0.0006249308170635587
4875,0,0,0.015685077718873636
4879,0,0,0.07325938790539277
4892,0,0,1.5610348764079257e-12
4896,0,0,0.09352434521039218
4908,0,0,0.2685839931779796
4912,0,0,6.305801910101667e-05
4915,0,0,0.050608318674232544
4916,0,0,2.965599698696683e-15
4920,0,0,1.4480150165642412e-06
4926,0,0,1.4717309873069157e-07
4933,0,0,9.427088970530662e-13
4934,0,0,0.17041907802217973
4939,0,0,4.957223719984202e-08
4947,0,0,0.3115267277314972
4952,0,0,0.003125683980184427
4962,0,0,0.01122152411233769
4963,0,0,0.21955047255798685
4973,0,0,5.72549270035301e-08
4976,0,0,0.08978743866631528
4979,0,0,0.021168585704508924
4983,0,0,5.253183865957214e-07
4990,0,0,0.3089160506036851
4996,1,0,0.037219422978211764
4999,0,0,0.0364667866835458
5000,0,0,1.6022206313660902e-05
5017,0,0,0.031332773987140454
5026,0,0,6.071004840802468e-19
5031,0,0,3.8810125201487994e-08
5032,0,0,0.054918123208927666
5046,0,0,0.0007822580125818199
5048,0,0,0.030800607292049927
5051,0,0,0.2767953812205674
5052,0,0,0.00047244302275677386
5054,0,0,1.9259839573827712e-12
5058,0,0,1.395994254967741e-11
5063,0,0,1.6232270833521062e-06
5073,0,0,7.038404458782112e-07
5080,0,0,3.6608053743978953e-09
5082,0,0,1.6413165409434657e-06
5085,0,0,5.2441718350039935e-05
5086,0,0,1.8909707750820971e-07
5092,1,1,0.9999999805127949
5097,0,0,1.4462155202156494e-09
5102,0,0,0.14635980052596426
5104,0,0,0.24826325122123086
5112,0,0,0.0032339316648753004
5132,1,1,0.9999999999999998
5133,0,0,0.19036058034827072
5134,0,0,6.040573968778282e-10
5135,0,0,0.10726209249282538
5140,0,0,0.23659623130052548
5145,0,0,5.562014901579416e-19
5153,1,1,0.9999999999999993
5155,0,0,0.21408081343625385
5156,0,0,0.03784539783358367
5163,0,0,3.215752687548724e-08
5166,0,0,0.003205689765989596
5184,0,0,9.88739163017719e-14
5185,0,0,0.11870026731069185
5188,0,0,5.438233347919708e-06
5210,0,0,0.008711652581145531
5213,0,0,9.406403518504545e-14
5214,0,0,0.1225016274829437
5215,0,0,1.002829870285124e-15
5220,0,0,2.004908312997497e-08
5225,0,0,4.012620400023293e-13
5226,0,0,0.0068613370385549885
5228,0,0,5.885854815478054e-08
5229,0,0,4.5992460142421027e-08
5231,0,0,0.1614024560132213
5233,0,0,1.1465280291546462e-07
5236,1,1,1.0
5251,0,0,4.248492813604222e-15
5252,0,0,1.2960772612654103e-10
5259,0,0,0.00810119314616045
5261,0,0,0.055549837862167654
5263,1,1,0.9992884674606706
5264,0,0,0.01133169194260482
5265,0,0,3.8276168606769914e-05
5272,0,0,0.015486893169839016
5273,0,0,4.461044568113462e-08
5278,0,0,0.08001456951107895
5284,0,0,6.581144200890176e-08
5297,0,0,1.6734775130672451e-10
5300,0,0,6.5970432438715854e-12
5304,0,0,9.243679047635475e-05
5307,0,0,2.0387590031152513e-13
5310,0,0,3.3375854589800357e-09
5312,0,0,1.053424780859434e-12
5314,0,0,2.4165626192658495e-11
5315,0,0,0.006232380533089625
5318,0,0,0.03410446154372277
5330,0,0,5.856519659437796e-08
5335,0,0,2.8792158498306565e-06
5337,0,0,4.754509388607082e-08
5338,0,0,1.672192857631449e-12
5342,1,1,0.9999999999999976
5349,0,0,0.07811645028181578
5359,1,1,0.99998617283739
5367,0,0,0.033356000188142346
5371,0,0,0.018752399783935815
5378,0,0,6.008827582775965e-07
5380,0,0,7.465286189215769e-08
5382,0,0,2.452821816788075e-09
5384,1,0,0.3162711760796823
5385,0,0,8.806047166731389e-06
5404,0,0,2.2267453724394142e-11
5406,0,0,5.3078320042892313e-17
5408,0,0,1.8580910545865052e-09
5409,0,0,3.5286198345743315e-07
5411,0,0,1.8193931913281653e-10
5415,0,0,8.198115240239352e-07
5417,1,1,0.9999999999975242
5421,0,0,4.997050824174048e-12
5429,0,0,0.029864227173905963
5431,1,1,1.0
5432,0,0,0.01021058266181693
5436,0,0,0.013203628229642302
5440,0,0,1.2867587139644531e-12
5447,0,0,1.525493729126886e-06
5450,0,0,9.172434102616769e-05
5451,0,0,0.004529757153651431
5457,0,0,4.158193840855277e-09
5459,0,0,7.619721046761121e-06
5476,0,0,4.69425719710431e-15
5480,0,0,7.012889751086138e-14
5486,0,0,0.0027244209289011647
5488,0,0,0.034990354038040065
5495,0,0,0.16262562909715378
5499,0,0,0.04879768616796088
5504,0,0,4.118359931307695e-12
5512,0,0,4.918517769613208e-10
5518,0,0,3.488810227563441e-08
5521,1,1,1.0
5525,0,0,0.004167893437662713
5527,0,0,1.400158661710052e-07
5533,0,0,5.857448596348642e-17
5537,1,1,1.0
5538,0,0,6.783213724079575e-18
5540,0,0,2.9013566524598662e-06
5550,1,1,1.0
5558,0,0,0.0005786323977325496
5561,0,0,1.1129946126904821e-13
5564,1,1,0.9205194313491369
5565,0,0,2.5011223775688584e-13
5567,0,0,0.07021774832584374
5580,0,0,0.04031747423546503
5582,0,0,2.0297328101034708e-07
5585,0,0,6.179889042729531e-05
5591,0,0,4.3634478625271455e-08
5604,0,0,0.022355815731952694
5610,0,0,1.4489598232383291e-08
5612,0,0,2.34888494561803e-08
5616,0,0,4.594570687901764e-15
5617,0,0,0.1697814707039019
5629,0,0,0.18529159148762447
5635,0,0,4.497170325722871e-09
5640,0,0,5.483547029819985e-06
5652,0,0,2.288027323942026e-11
5658,0,0,0.016728337662416045
5660,0,0,1.109409714523894e-06
5666,0,0,1.5026920919020737e-13
5679,0,0,0.013149878299677897
5680,0,0,2.4747037240821303e-07
5686,0,0,0.3652767998307369
5692,0,0,0.03358168902901904
5704,0,0,2.4147056184206663e-08
5706,0,0,2.678261306093545e-08
5708,0,0,0.002847436339611994
5713,0,0,1.2051607870474107e-09
5714,1,1,0.999999998224699
5723,0,0,0.008087818961970255
5726,0,0,0.22611210972537
5729,0,0,1.5763144212331207e-10
5730,0,0,0.004926869256681402
5737,1,1,1.0
5750,0,0,0.020648085693232655
5757,0,0,0.09024346644498503
5759,0,0,5.171458155574058e-05
5760,0,0,2.160270372127126e-11
5761,0,0,1.8679384029453924e-12
5767,0,0,0.002873905902604488
5769,0,0,3.2410072654632524e-06
5770,0,0,0.26409228549264624
5775,0,0,4.684881461552258e-21
5778,0,0,2.8969060314188433e-12
5787,0,0,7.864914114473371e-07
5790,0,0,5.558594725099065e-07
5792,0,0,3.3581243390923134e-06
5793,0,0,4.84997225521249e-10
5801,0,0,0.004993151314461903
5804,0,0,1.0863630753090795e-14
5806,0,0,0.09369156292154476
5808,0,0,0.00016223612128771147
5816,0,0,3.959097358566644e-09
5823,0,0,5.595952378719462e-13
5826,0,0,1.98719195068997e-07
5831,0,0,1.1331796990045964e-15
5832,0,0,3.175005475984176e-07
5834,0,0,1.0409592511236656e-07
5837,0,0,0.05307690316295952
5838,0,0,6.674360948900062e-15
5845,0,0,0.08652515194938273
5846,1,1,0.9999999999999998
5871,0,0,3.5051905899429805e-05
5873,0,0,5.339199627771927e-07
5879,0,0,6.484324781039471e-06
5886,0,0,0.002829479261616835
5887,0,0,0.0224844424941092
5888,0,0,4.516615352550285e-14
5893,0,0,3.722026348769316e-08
5900,0,0,1.478911137175583e-09
5903,0,0,0.0912340762788958
5905,0,0,2.0316658576738298e-08
5910,0,0,2.2585505382039848e-17
5912,0,0,0.04476469398238999
5918,0,0,4.667998004382336e-09
5923,0,0,1.26056563583377e-11
5924,1,1,1.0
5927,0,0,0.0006623865297516683
5936,0,0,0.014371815210041678
5937,0,0,9.61073800174307e-07
5938,0,0,0.2115961129484236
5941,0,0,0.061463486022354165
5943,0,0,2.1840467847767195e-08
5948,0,0,1.0479606898947731e-10
5953,0,0,0.0028473151601255222
5955,1,1,0.999999999998701
5964,0,0,2.100605178989174e-11
5967,0,0,0.001790014925960134
5971,0,0,4.385313266945948e-12
5975,0,0,0.055529088100740934
5978,0,0,0.10847744053925415
5980,0,0,0.013918103515760732
5986,0,0,2.4058428684535768e-08
5987,0,0,0.00014940878604435
5989,0,0,0.014707758104071983
5998,0,0,0.048908155516336795
5999,0,0,4.231719500797249e-14
6006,0,0,4.29281347038937e-09
6008,0,0,0.018368815384053515
6020,0,0,4.025801515953103e-13
6022,1,0,0.18581347659675576
6027,0,0,7.80949775909712e-07
6028,0,0,0.15449539402484888
6034,0,0,1.2204549502702695e-16
6038,0,0,4.7780336528600964e-11
6042,0,0,2.754371396606201e-07
6043,0,0,0.13181635888341064
6050,0,0,0.004406333398758625
6059,0,0,6.179522016547443e-10
6060,1,1,1.0
6065,0,0,1.5743349521954486e-13
6075,0,0,0.010249594143732442
6076,0,0,1.3811144941458951e-09
6081,0,0,2.0975344923255955e-08
6086,0,0,3.267610781514411e-16
6090,0,0,4.621257072415797e-13
6091,0,0,2.7344286841581822e-11
6092,0,0,1.902569215883773e-05
6118,0,0,0.23048992298029697
6120,0,0,0.1486023165891986
6122,0,0,1.8123656568421325e-15
6123,0,0,0.0043948705034618325
6126,1,1,1.0
6128,0,0,7.203381164770751e-10
6131,0,0,2.3906313862347993e-15
6134,0,0,4.082694378360467e-06
6138,0,0,4.878602564163637e-12
6146,0,0,6.195963805921129e-06
6148,0,0,4.801353460725854e-11
6152,0,0,4.962064725824068e-11
6158,0,0,1.7550906250904916e-06
6159,0,0,9.17180823666993e-05
6160,0,0,1.4022886412692023e-07
6161,0,0,8.329997824144316e-13
6167,0,0,3.83683540329224e-14
6170,0,0,1.4456930761007237e-11
6172,0,0,2.0904503139447602e-12
6174,0,0,5.3329096609043606e-15
6178,0,0,1.6505112421244513e-05
6179,1,1,0.9999985968338567
6183,0,0,3.840879982887609e-14
6184,0,0,0.0004281310105953145
6185,0,0,0.3959219293799976
6190,1,1,1.0
6191,1,1,0.8054117368277504
6192,0,0,1.7027427766824593e-06
6196,0,0,0.004493818929892578
6209,1,1,1.0
6215,0,0,8.160089021141006e-14
6216,0,0,5.50262998067414e-10
6226,0,0,1.3277262973648897e-12
6227,1,0,0.10093805729253218
6229,0,0,0.005067937644008485
6236,0,0,0.01088040737817672
6243,0,0,1.0838442228857364e-09
6253,0,0,0.02462083396506603
6257,0,0,1.5708000133946916e-11
6260,0,0,1.4109090700599624e-18
6262,1,1,1.0
6263,0,0,0.03632239259743789
6265,0,0,5.8486084757143834e-09
6266,0,0,0.003207179396886982
6267,0,0,1.9369947576890535e-15
6279,0,0,1.4745245512027156e-09
6284,0,0,0.0018169788401120482
6287,1,0,0.2186200435000422
6291,0,0,2.8901452077106783e-13
6297,0,0,0.08768135264971313
6300,0,0,2.8020897913851615e-08
6307,1,1,0.9724662278099224
6310,0,0,2.382157239202636e-06
6313,0,0,2.927028436402391e-07
6320,0,0,0.08640812512701988
6322,0,0,2.665455720070387e-12
6327,0,0,4.0584311907945725e-08
6329,0,0,2.2032134755247073e-09
6347,0,0,0.12912981619594438
6352,0,0,0.005457282192118519
6354,0,0,1.3234188929066292e-06
6356,1,0,0.35358687279325357
6362,0,0,4.816577067912136e-13
6365,1,0,0.3180681042760269
6374,0,0,2.6634443778480693e-07
6378,0,0,3.4961085980696396e-10
6383,0,0,2.4835828012543793e-08
6388,0,0,0.00468618988972823
6394,0,0,1.580094032599499e-07
6395,0,0,1.1809458653243878e-08
6401,0,0,0.0032149799625677427
6404,1,1,1.0
6414,0,0,0.1359339079889864
6415,0,0,0.006651130358479026
6418,0,0,1.7271733983194362e-08
6422,0,0,2.6855452199060116e-11
6425,0,0,4.0551384873791504e-09
6426,0,0,1.2539284629840353e-13
6428,0,0,5.619310707352352e-10
6431,0,0,0.49514778254711883
6435,0,0,0.05245602962790033
6453,0,0,5.002662407494593e-07
6463,0,0,0.2443542028589638
6464,1,1,0.9999999998407896
6484,0,0,7.376569750573992e-11
6485,1,0,0.033946781438655184
6488,0,0,0.08484746260202679
6489,0,0,0.3857389936665451
6490,0,0,0.005165253960187418
6491,0,0,0.012931662396977314
6492,0,0,0.09138161637782072
6497,0,0,7.61466263968059e-13
6503,0,0,5.97528925185373e-05
6504,0,0,2.7943726498239633e-09
6505,0,0,8.539116785842366e-07
6521,0,0,0.021674768059675394
6523,1,1,0.9999999999997751
6538,0,0,2.806511487248095e-07
6541,0,0,1.0174187108674545e-07
6542,0,0,0.3343469798484324
6546,0,0,1.5685682670455489e-06
6547,0,0,6.281802660697684e-08
6548,0,0,2.712916983337475e-16
6549,0,0,0.029843532201860742
6550,0,0,0.018519564355794858
6562,0,0,0.16539971071990356
6567,0,0,9.358540336192106e-11
6569,0,0,0.016808364356320146
6571,0,0,3.624676663523497e-08
6574,0,0,0.3257529966587536
6577,0,0,3.507337782039794e-10
6581,0,0,0.00021202792597981243
6597,0,0,6.538230507569599e-06
6602,0,0,0.00678200441377733
6613,0,0,0.003436921378514445
6617,0,0,0.063975957959116
6620,0,0,0.2404971080514271
6627,0,0,5.633089745213561e-07
6632,0,0,0.16898234862082503
6638,0,0,1.5271999973506792e-12
6640,0,0,0.00042735381526390993
6648,0,0,0.006188317125218716
6651,0,0,8.716198511636245e-09
6652,1,1,0.9992371527120502
6655,0,0,0.08757503274246192
6658,0,0,3.3303846439768283e-06
6662,0,0,0.11496986480300748
6665,0,0,1.1614873134262413e-09
6676,0,0,0.017715688366187306
6683,1,0,0.2521846904699693
6684,0,0,0.00014526978464477326
6689,0,0,1.989297106585757e-06
6691,0,0,0.031668249968076496
6694,0,0,9.193628804532857e-06
6700,0,0,3.8281232339935534e-05
6701,0,0,1.4515604810287487e-07
6703,0,0,6.344747312724767e-05
6705,0,0,1.8506505781233313e-20
6714,0,0,9.113390822548681e-09
6719,0,0,0.3764246634157747
6721,0,0,5.116567129075583e-07
6728,0,0,3.338379523886104e-17
6732,1,1,0.999999946963536
6738,0,0,3.2013927962053878e-06
6740,0,0,8.593948322821227e-14
6745,0,0,0.008155899653640556
6750,0,0,1.043981272840486e-11
6757,0,0,4.602664955076481e-05
6766,0,0,0.1305226671234506
6771,0,0,0.12543210578244945
6773,0,0,0.10330193978502553
6781,0,0,1.9191089985644064e-08
6788,0,0,6.843443934755102e-07
6793,0,0,1.1745377295274497e-11
6801,1,0,0.02417040784062239
6817,0,0,2.9413500911803614e-12
6842,0,0,0.04122025724342179
6848,0,0,2.2461023260931513e-07
6850,0,0,0.01657354503985211
6851,0,0,1.523301496289651e-09
6859,0,0,2.0994973299338902e-10
6886,0,0,2.7127527271665893e-11
6888,0,0,0.0018392773650762722
6892,0,0,1.153418842581219e-13
6898,0,0,2.341236894728237e-11
6901,1,1,0.9999999911648066
6908,0,0,0.14030042055445585
6911,0,0,3.0442470529094195e-14
6912,0,0,0.009751290805175323
6932,0,0,0.03408810350698614
6942,0,0,0.12481034986606927
6943,0,0,0.02350713046024831
6960,0,0,1.2904437175219227e-10
6974,0,0,0.027857106401031267
6976,1,0,0.09719957054981151
6978,0,0,2.0837637553331748e-10
6980,0,0,0.2524181847572927
6986,0,0,0.36704016961515074
6990,1,0,0.2939942350954977
7006,0,0,0.00023651361371148201
7010,0,0,0.005635982082703264
7014,0,0,0.1861368419701655
7017,0,0,0.038492185384500305
7018,0,0,0.056992546809400996
7022,0,0,1.3007695308247375e-05
7024,0,0,3.8757545252680456e-09
7032,0,0,0.06162165397908372
7036,0,0,8.234397759145418e-09
7044,0,0,0.04112639695181647
7049,1,1,0.9999999999999991
7050,0,0,4.3953061695037616e-10
7053,1,0,0.017419022757044704
7055,0,0,1.7393514743559608e-08
7057,0,0,0.016179605269531196
7061,0,0,8.444022261105298e-07
7063,0,0,1.2102105071769336e-11
7065,0,0,5.651571954098344e-12
7074,1,1,0.9999999999999993
7089,1,1,0.8314778894061875
7095,0,0,0.13675656625090704
7102,0,0,3.4956607302882905e-07
7105,0,0,1.7504525016470308e-05
7107,0,0,2.0651533630642454e-05
7114,0,0,1.45380424290513e-07
7115,0,0,0.19576731517647733
7121,0,0,4.908067641111866e-05
7126,0,0,2.2123024351693293e-11
7127,0,0,0.22639573314042294
7128,0,0,0.24316153120878847
7129,0,0,0.001957920578340034
7130,0,0,4.692346467089111e-12
7134,0,0,5.6218117563374303e-11
7135,0,0,7.048557971644753e-12
7148,0,0,8.290032756633247e-06
7152,0,0,6.578206334391554e-08
7176,0,0,0.011965884098890054
7183,0,0,4.837687602697613e-08
7188,0,0,0.312688407994282
7189,1,1,0.9999999999999996
7196,0,0,0.00673690169725014
7200,0,0,1.918519395608028e-09
7207,0,0,0.07877273325374132
7211,0,0,9.070790809029408e-15
7216,0,0,2.212290819535276e-10
7222,0,0,0.028959521351503325
7230,0,0,0.029430320964562048
7233,0,0,0.10703028378618255
7235,0,0,1.041522501398412e-14
7236,0,0,4.297644172004883e-06
7240,0,0,0.058955669793591424
7243,1,1,1.0
7245,0,0,1.2137746856777884e-09
7248,0,0,3.3073049230744176e-05
7252,0,0,3.181820781501529e-12
7256,0,0,0.0008553830848139857
7259,0,0,2.9266154830393877e-10
7260,0,0,5.569256001715191e-17
7261,0,0,6.590084487441174e-11
7262,0,0,9.616730569593264e-15
7283,0,0,0.0929298454918339
7284,0,0,0.09305328281423658
7286,0,0,6.115127677917939e-07
7287,0,0,0.004298073904511296
7288,0,0,0.06929093926116245
7303,0,0,1.3494260908239405e-07
7304,0,0,0.03793129682272029
7312,0,0,0.0023869694415914267
7314,0,0,0.07350961354733383
7315,0,0,3.8731960436101854e-08
7317,0,0,7.669179373050007e-06
7318,0,0,9.853633165497508e-10
7319,0,0,0.2575761816813143
7321,0,0,1.3952507192418485e-06
7328,0,0,2.496966791270907e-12
7329,0,0,0.2578841104470316
7333,0,0,3.3570909011472925e-11
7335,0,0,3.816799576120957e-09
7345,0,0,0.1382003773176525
7352,0,0,7.516431426668336e-17
7357,0,0,0.043459649342898095
7387,0,0,1.8348270501727518e-05
7394,0,0,0.0953051555488599
7400,0,0,0.07342278326958203
7405,0,0,1.9839691936080236e-12
7411,0,0,0.0248119717155976
7416,0,0,4.550113694199296e-07
7418,0,0,1.1706236389456787e-10
7421,0,0,0.32525483973280156
7426,1,1,0.999999999998429
7430,0,0,5.813055395920808e-08
7436,0,0,0.28756835408469833
7451,0,0,4.264082429193868e-18
7452,0,0,2.6317412816216564e-08
7456,1,1,0.9999999999999982
7460,0,0,1.7404318760729942e-10
7463,0,0,0.028059145162833175
7465,0,0,1.1231952152804736e-15
7469,0,0,8.796696909663704e-14
7471,0,0,1.4525447287993358e-09
7472,0,0,7.37268789352051e-13
7478,0,0,0.007208268450404441
7481,0,0,5.780528297296918e-14
7484,0,0,2.2731698824456135e-17
7485,1,1,1.0
7487,0,0,1.3876930876382e-09
7489,0,0,2.814652720797982e-10
7492,0,0,9.649168563200497e-16
7493,0,0,5.222775447845631e-06
7497,0,0,6.522557939219068e-13
7498,0,0,0.14719279769476334
7508,0,0,4.756138635966886e-18
7512,0,0,0.3215378053436085
7515,0,0,4.4713404107485945e-07
7519,0,0,0.03426866286208398
7520,0,0,0.08891603324666643
7521,0,0,5.3215553384629626e-08
7526,0,0,8.50896847988268e-17
7532,0,0,2.062275048575046e-13
7538,0,0,1.7190411561155502e-08
7542,0,0,1.09599378520048e-06
7545,0,0,0.01243098959295727
7546,0,0,0.012552302905917573
7551,0,0,6.311681067499339e-07
7552,0,0,2.8285873119264594e-06
7554,0,0,0.013943933290389591
7555,0,0,1.729926021672211e-07
7562,0,0,1.0638619656199379e-11
7587,0,0,0.0006757361077195579
7589,0,0,0.09678098463629864
7596,0,0,2.2323415704116274e-07
7602,0,0,9.28179748264893e-11
7603,0,0,1.5582212980265922e-16
7605,0,0,9.763703869215838e-08
7612,1,1,0.9999999958820616
7619,0,0,0.0026151209447742496
7626,0,0,0.13956073970024085
7627,0,0,1.868327039218242e-08
7635,0,0,4.713308341249343e-11
7638,0,0,0.16419848745604285
7639,0,0,1.634815731754559e-06
7649,0,0,0.051854261845169364
7651,1,0,0.1679024733711378
7657,0,0,2.269881977055379e-09
7662,0,0,5.771750717740398e-07
7666,1,1,0.9081936330622227
7670,0,0,0.0006423584733036893
7671,0,0,0.005334370420625261
7673,0,0,8.238269505884696e-05
7674,0,0,0.04731226266020849
7682,0,0,0.018547460550952462
7687,0,0,2.5471685687257735e-08
7701,0,0,7.53733597710334e-07
7711,0,0,3.1284456601167037e-16
7713,0,0,5.414060680834692e-06
7720,0,0,0.116018701230678
7722,0,0,6.554605557578893e-12
7725,0,0,0.007086624926778812
7731,0,0,0.0051465105226145245
7739,0,0,9.568566128094765e-06
7745,0,0,3.4101031319620627e-07
7746,1,1,1.0
7752,0,0,0.0020578089457180034
7753,0,0,9.102759276971283e-13
7754,0,0,3.1236524311428845e-07
7757,0,0,1.2857937852129487e-12
7763,1,1,0.9999999993667792
7776,0,0,4.6742581592914024e-11
7777,0,0,5.626314668779992e-09
7780,0,0,4.856542392898535e-13
7785,0,0,1.1702418872070218e-13
7788,0,0,2.628779766258515e-11
7796,0,0,7.556921704892548e-07
7797,0,0,8.243104560248686e-12
7799,0,0,6.941452603778285e-06
7800,0,0,1.0246255155590764e-14
7812,0,0,0.01374212287605274
7813,1,0,0.011207368379374992
7815,0,0,3.060687308774238e-09
7827,0,0,7.232087320733163e-06
7830,0,0,0.0012899166790343805
7837,1,1,0.9999999999999944
7838,0,0,1.5895076573463477e-15
7845,1,1,0.9709655397517003
7849,0,0,0.0002300711127550023
7854,0,0,0.004771477926500847
7858,0,0,2.1683893438017603e-09
7859,0,0,7.502645529092398e-10
7860,1,1,0.9999999999999998
7862,0,0,1.5140795180989492e-06
7866,0,0,5.062878498416855e-06
7874,0,0,0.30380745432851713
7885,0,0,0.004634352073067706
7886,0,0,0.005736542490709899
7889,0,0,2.0383507316644643e-10
7895,0,0,3.7230917386283143e-07
7896,0,0,2.1728135148239768e-12
7902,0,0,0.00946897557417756
7915,0,0,1.947200764246657e-06
7916,0,0,3.4647386981348745e-08
7917,0,0,4.885488351716679e-08
7921,0,0,9.743085891169059e-09
7934,0,0,3.0010678664866727e-14
7938,0,0,0.08731553086426656
7940,0,0,1.468029474416567e-09
7941,0,0,8.558519148555649e-10
7947,0,0,0.00010032286219571378
7950,0,0,1.7258637937491368e-06
7955,0,0,1.3684032030516448e-09
7960,0,0,0.000811214663016447
7961,0,0,1.627800438976437e-07
7964,0,0,0.0433489429074257
7969,0,0,1.3726710503555974e-11
7970,0,0,9.967679779214518e-05
7974,0,0,9.956749151266893e-15
7978,0,0,3.441650605530149e-11
7983,0,0,1.5082767852244918e-11
7994,0,0,2.555412120631401e-13
7996,0,0,5.087347284766354e-10
7998,1,1,1.0
8005,0,0,0.025953668415156953
8006,0,0,0.1765287541423588
8014,0,0,1.1315900819848202e-05
8015,0,0,3.2141954348220526e-10
8019,0,0,7.11274341745461e-10
8020,0,0,0.0036315867282532325
8027,0,0,4.734493525240995e-15
8028,0,0,0.004074514154338576
8042,0,0,5.0057431380007235e-08
8044,0,0,1.432959118839899e-07
8046,0,0,0.08340775037282248
8074,0,0,3.706050893382148e-12
8079,1,0,0.2357944585921051
8082,0,0,0.11632117341035995
8084,0,0,5.650451289938811e-05
8087,0,0,1.46014079300545e-08
8090,0,0,3.6079606362035775e-11
8092,0,0,1.3808419294358397e-07
8095,0,0,0.05465474832382953
8106,0,0,8.766744138483643e-09
8107,0,0,2.2136335445129156e-08
8109,0,0,2.95086047109913e-06
8110,0,0,1.663958854938696e-08
8113,0,0,2.58790518335443e-14
8117,0,0,0.003800090387777643
8122,0,0,4.909996737026378e-07
8126,0,0,0.009847627276785922
8132,0,0,1.1676908907469416e-10
8133,0,0,1.7901443015387292e-06
8134,0,0,6.5051865881160485e-12
8138,0,0,0.011932154179565892
8139,0,0,4.791961528614477e-07
8140,0,0,0.005223990262118467
8147,0,0,1.46308719157279e-06
8149,1,1,1.0
8152,0,0,4.637061173687534e-12
8157,0,0,0.001504924857422045
8163,0,0,4.042793403303904e-07
8166,0,0,0.014289823877547965
8167,0,0,3.8088709782209916e-11
8175,0,0,0.07242109821029595
8177,0,0,0.19384483694125199
8178,0,0,4.0155589694650113e-07
8179,0,0,3.60974355418208e-13
8186,0,0,0.010832675281304513
8189,0,0,7.613132370333841e-07
8193,0,0,0.0011292271717446207
8195,0,0,0.09303689253478413
8204,0,0,1.2369327302786355e-07
8207,0,0,1.6540573406988817e-11
8208,0,0,4.0858511456458685e-14
8209,0,0,3.5719339055738547e-16
8213,0,0,0.015552973852906882
8219,1,1,0.9999999998429399
8230,0,0,5.761510579169549e-13
8235,0,0,0.0003138161881340486
8236,0,0,1.0807983628514052e-10
8237,0,0,3.750846030427844e-12
8239,0,0,0.005756785771525768
8246,0,0,0.010247339502352135
8250,0,0,6.739763639100084e-10
8253,0,0,2.8293813618385215e-11
8256,0,0,0.01161285025685703
8266,1,0,0.04169420023420592
8271,1,1,0.9999999892738743
8274,0,0,3.513234434638614e-10
8276,0,0,1.0619518555365754e-13
8279,0,0,0.2796756010339729
8284,0,0,0.357066972751314
8285,0,0,0.0405637219611719
8287,0,0,0.12167403253472503
8298,0,0,0.12698809871251227
8303,0,0,6.206062520281762e-13
8304,0,0,0.0014264478016204228
8306,0,0,6.51019339913005e-08
8311,1,1,0.999999999635057
8317,0,0,4.5480874377176205e-06
8320,0,0,2.3307165195145325e-07
8322,0,0,0.0964473487458911
8352,0,0,1.315396167671622e-15
8356,0,0,1.312106972546494e-12
8359,1,0,0.22862313062358308
8362,0,0,6.812414700771587e-13
8371,0,0,0.007210832008754777
8373,1,1,0.9999999961819899
8374,0,0,7.7080074792119e-14
8380,1,1,1.0
8383,0,0,8.227537289922712e-16
8384,1,0,0.12239012002095828
8400,0,0,0.08286729309264139
8403,0,0,2.5187027911922926e-07
8409,0,0,3.5499049971543506e-12
8412,0,0,0.010720084526267742
8424,0,0,1.6732394998257105e-08
8426,0,0,8.156024529884044e-12
8427,0,0,0.014330017941265236
8431,0,0,0.0026473054651924392
8437,0,0,0.009562438182902346
8441,0,0,3.21499373789828e-05
8445,1,0,0.16635224689198044
8453,0,0,1.0169601305094145e-11
8460,0,0,9.116923489866555e-08
8468,0,0,2.973987469458931e-08
8470,0,0,0.1748255909510836
8474,0,0,1.288321612186194e-10
8476,0,0,0.27682818072853294
8482,0,0,7.821755862102505e-16
8483,0,0,4.572805335074059e-07
8489,0,0,3.8841344770342635e-20
8510,0,0,0.036280428642855446
8519,1,1,1.0
8525,0,0,2.2891711169359963e-14
8526,0,0,1.932039201075355e-08
8534,0,0,9.688547261385014e-06
8547,0,0,0.09940089306820994
8564,0,0,9.17442083006171e-13
8576,0,0,1.700813923546413e-13
8581,0,0,0.3936766637313103
8583,0,0,1.8767475967302187e-13
8584,0,0,8.294863942296126e-12
8585,0,0,2.7446930911676437e-06
8591,1,1,0.9999999762335593
8592,0,0,0.03011294817113364
8593,0,0,1.1891942183979798e-08
8594,0,0,0.0038879872556954738
8613,0,0,0.007120552534243257
8614,0,0,2.2714152677557066e-11
8616,0,0,0.19605146392835493
8619,0,0,5.400824349904814e-08
8620,0,0,0.01341992571612738
8628,0,0,5.457120900353657e-06
8629,0,0,2.6553782014770318e-14
8630,0,0,0.014306427601828457
8633,0,0,5.045769844441396e-07
8636,0,0,1.04010891345143e-06
8639,0,0,1.2127418739718828e-09
8640,0,0,0.12610924085344663
8650,0,0,2.684094518773824e-10
8651,0,0,3.199078650777168e-12
8652,0,0,0.00140898784211279
8667,0,0,0.048792311066250295
8671,0,0,0.07903562521710318
8678,0,0,5.768228815442712e-09
8680,0,0,0.2615370606082243
8682,0,0,3.413202549106335e-08
8684,0,0,0.1400192102290116
8688,0,0,3.965397807650163e-12
8689,0,0,2.6314701506175075e-05
8691,0,0,1.0447000054366544e-08
8697,0,0,0.22953232693419637
8707,0,0,1.0177655711107866e-06
8713,0,0,4.542418151074012e-08
8715,0,0,8.907230818706688e-18
8716,0,0,3.8901951735167254e-07
8721,0,0,3.7090873490332897e-11
8727,1,1,1.0
8729,0,0,4.393362558785086e-08
8732,0,0,0.010016724053648497
8736,0,0,0.10939356095416153
8741,0,0,6.73385779356362e-05
8747,0,0,0.00907574798450095
8750,0,0,4.2551305171950195e-18
8752,0,0,0.037627963241361057
8758,0,0,1.865854405375048e-10
8761,0,0,0.0006882455552727789
8762,0,0,1.6111050871182044e-12
8764,0,0,0.002024706318125124
8778,0,0,4.129163081210584e-09
8779,1,1,1.0
8787,0,0,3.4855224531855853e-07
8792,0,0,3.060516800653108e-12
8796,0,0,0.10390007366116924
8798,0,0,1.821704212096035e-08
8801,0,0,0.13754522433989191
8803,0,0,0.00019815711551207093
8804,1,1,0.999530085804645
8811,0,0,4.408787510255331e-10
8819,0,0,0.0043570308041965865
8821,0,0,1.1730345285811507e-10
8831,1,1,0.999999999452513
8834,0,0,5.306743355913746e-10
8837,0,0,0.0341472301583913
8841,0,0,0.002165665458532421
8845,0,0,0.006639069858108135
8849,0,0,0.1509063977763407
8861,0,0,7.214464078529926e-11
8868,0,0,0.10315571109422711
8870,0,0,8.723137343101984e-05
8871,0,0,0.017695428786583093
8876,0,0,0.12074419838534581
8877,0,0,0.10129635688012827
8878,0,0,0.22143375533621515
8880,0,0,0.04237504061547137
8883,0,0,5.659422534198526e-08
8906,0,0,6.537306053974879e-09
8907,0,0,4.9387027932625285e-19
8910,1,1,1.0
8912,0,0,2.2369398142897364e-07
8913,0,0,0.1032354622472786
8914,0,0,0.0015910588654921825
8915,1,0,0.38219648271339507
8924,0,0,0.0007847850364156263
8926,0,0,1.0696548927055625e-06
8929,1,0,0.057537807290390736
8930,0,0,0.00012297775188406456
8932,0,0,1.3586202413538778e-09
8937,0,0,1.0463078134541974e-07
8951,1,1,0.9933364837619963
8959,0,0,0.016152216832227895
8966,0,0,0.1804359313919025
8974,0,0,2.0968147069166844e-08
8979,0,0,3.814147327994637e-10
8984,0,0,1.4082853678342035e-09
8989,0,0,0.027602334381258396
8990,0,0,1.340910539570545e-18
8993,0,0,0.03071292719515543
8996,1,1,1.0
9011,0,0,7.07513081712326e-07
9015,0,0,9.976755084194887e-10
9016,1,1,1.0
9017,0,0,1.009278917254582e-13
9029,0,0,1.2362914764513109e-11
9041,0,0,1.3205144252923503e-12
9044,0,0,0.002271656079364005
9050,1,0,0.30042809913329266
9069,0,0,0.03627843953703958
9070,0,0,8.836927666971441e-06
9072,1,1,0.9999999999999054
9078,0,0,6.942534204633331e-08
9080,0,0,1.3319123841055415e-06
9081,0,0,0.0034650751418840715
9082,0,0,0.00457231977637748
9088,0,0,6.185954591734981e-12
9090,0,0,5.2762741689899535e-08
9091,0,0,0.12425840208592501
9093,0,0,1.9289103064093664e-13
9101,0,0,2.0789815206854078e-17
9102,0,0,9.353452572812996e-07
9105,0,0,0.21873794535848576
9124,0,0,0.04353589443169136
9127,0,0,0.2670479927189489
9134,0,0,4.4247130173493983e-14
9135,0,0,0.10820297158136788
9136,0,0,1.498489421873048e-09
9140,0,0,0.23173563145068432
9141,0,0,1.1844605877281704e-06
9148,0,0,6.346180191560107e-08
9154,0,0,0.009844313782474544
9162,0,0,0.012209992286719165
9163,0,0,1.1011486077913137e-14
9164,0,0,7.12734754744088e-10
9169,0,0,0.0011385733924069946
9181,0,0,0.016428509315701587
9202,0,0,0.1615914542524663
9203,0,0,4.850279340801006e-09
9218,0,0,1.5322147328228107e-09
9219,0,0,1.6189238172502096e-12
9228,0,0,0.14137677414034908
9231,0,0,0.03898527849678094
9239,0,0,0.0007877691066388997
9255,0,0,0.0019761192820849285
9258,0,0,0.019145869910422716
9260,0,0,6.825378692704094e-09
9261,0,0,0.3540418325983217
9276,0,0,3.326163650004565e-10
9282,0,0,1.9068193045535505e-17
9288,0,0,4.284528709820033e-06
9290,0,0,0.00018347329364968643
9308,1,1,1.0
9310,0,0,0.0749652763060525
9316,0,0,5.008149551791076e-07
9319,0,0,0.0006858511002593687
9332,0,0,1.2725598872021476e-05
9334,0,0,2.1428230844427245e-07
9341,0,0,1.3572537124280347e-08
9344,0,0,1.029224508632567e-06
9346,0,0,0.01678492892959463
9350,1,1,0.9636560961552012
9358,0,0,0.00020085776475185858
9363,0,0,8.420238978234218e-10
9373,0,0,0.002807799766503758
9374,0,0,0.0003785744307097758
9377,0,0,7.243158708715486e-12
9385,0,0,0.08927326390841027
9391,0,0,0.0004249434314629551
9394,0,0,2.008387637162734e-15
9413,0,0,2.3356254664876545e-11
9421,0,0,0.016505874373236258
9425,0,0,0.013755056664970356
9426,0,0,5.3648477614730255e-09
9430,0,0,2.387520652547986e-09
9431,0,0,0.0016930957523818512
9432,0,0,2.929435859024069e-06
9435,0,0,4.092215408982954e-06
9436,0,0,0.0018938795168233153
9444,0,0,0.020588222140156983
9452,1,0,0.008872732411632295
9455,0,0,0.053750533667066
9459,0,0,0.12557690363222404
9468,0,0,3.7826255303999234e-10
9472,0,0,3.431709278884514e-12
9474,1,1,1.0
9475,0,0,0.09271401435502505
9489,0,0,1.938145430933619e-06
9495,0,0,0.020534779083517623
9496,0,0,0.1250086966316394
9500,1,0,0.17683215188617626
9501,0,0,2.691520936961801e-16
9507,0,0,0.00220095332645472
9514,0,0,4.247123322768133e-08
9524,0,0,1.086175108294595e-11
9525,0,0,0.004412340930385799
9530,0,0,0.02402133662741447
9537,0,0,1.8978682147305585e-05
9540,0,0,7.362400212249587e-06
9554,0,0,0.0018978326284662293
9565,0,0,8.134197054422593e-13
9572,0,0,0.46889439884875617
9573,0,0,0.039300012132548315
9574,0,0,0.008173758143682906
9578,0,0,5.60279473440317e-08
9581,0,0,2.3053302166324158e-15
9582,0,0,2.3839136301237433e-06
9585,0,0,2.562732169123925e-10
9588,0,0,2.3914330219119574e-07
9589,0,0,8.85254798128345e-10
9593,0,0,1.0707990102743103e-05
9594,0,0,2.3920500952295797e-05
9597,0,0,0.007238996271299865
9601,0,0,0.14803038100668298
9610,0,0,1.0659987527889084e-11
9611,0,0,7.991808076721215e-11
9615,0,0,0.20875335423867408
9621,0,0,0.019154530857377748
9626,0,0,9.929770863848124e-10
9628,1,0,0.2329198917596088
9630,0,0,0.005199007573715842
9636,0,0,0.22401160339269932
9646,0,0,6.743119442026527e-07
9649,0,0,0.38072821492751646
9668,0,0,0.013051278721366105
9670,0,0,2.7619480701079895e-09
9673,0,0,3.727356517787277e-09
9680,0,0,1.1347931748709296e-06
9684,0,0,0.05040227929492399
9686,0,0,0.027007694308690336
9693,0,0,0.017332987212299613
9698,0,0,0.00011197279938211877
9703,0,0,0.01829270791700265
9715,0,0,4.295039187981932e-09
9717,0,0,6.763668864057517e-08
9721,0,0,3.785570918815392e-12
9734,0,0,7.755941569404537e-17
9745,0,0,1.8142114268776776e-11
9762,0,0,0.16392450841467393
9775,0,0,2.3056945569361658e-12
9781,0,0,0.003717730333999382
9794,0,0,4.0217642034790364e-08
9804,0,0,0.005254013207793255
9809,0,0,0.014680563733873235
9815,0,0,4.703897123661914e-09
9819,1,1,0.9999949158982266
9823,0,0,6.297996311923925e-12
9836,0,0,0.012579025836676442
9837,0,0,0.16033799079466482
9838,0,0,9.275262227049736e-05
9840,0,0,0.004344931743639815
9842,0,0,1.7057254222963912e-06
9859,0,0,0.10252406989030464
9874,0,0,0.05440991783465928
9876,0,0,0.010761613680924532
9882,0,0,2.691641049410496e-11
9891,0,0,0.01101696788597576
9892,0,0,0.08411549691914283
9895,0,0,8.703503872178522e-15
9899,0,0,0.09881948247061519
9909,0,0,2.0367334603110878e-12
9910,0,0,1.0089547589015044e-06
9915,0,0,3.485087505506668e-13
9931,0,0,1.110672186211383e-20
9939,0,0,7.74501200487409e-06
9945,0,0,9.40794800848785e-11
9946,0,0,0.02082906525094509
9947,0,0,0.1927689060665226
9966,0,0,7.710628038754516e-12
9974,0,0,1.8774611431814848e-08
9977,0,0,1.1210126597043647e-05
9978,0,0,2.4646910211026673e-18
9979,0,0,0.31785630085261907
9980,0,0,8.090577511004538e-07
9990,0,0,0.00501485939346526
9998,0,0,0.2433694162812573
10010,0,0,9.744003058289921e-05
10011,0,0,0.004778441088163795
10013,0,0,5.293488584237405e-08
10014,0,0,7.984760788216599e-07
10015,1,1,1.0
10018,0,0,0.06926307863797225
10021,0,0,1.0807647757189371e-12
10026,0,0,2.768113165730782e-16
10031,1,0,0.12708648581251494
10035,0,0,6.236791503617793e-08
10038,0,0,1.1444673974717995e-11
10045,0,0,2.1426581484160964e-10
10054,0,0,0.12681886089247088
10076,1,0,0.07932081513705776
10084,0,0,0.01851797933057062
10087,0,0,0.07340187524289432
10096,0,0,0.006435675368462097
10099,0,0,0.015842899338113337
10101,0,0,2.1234938002245037e-05
10107,0,0,0.07650421109198552
10113,0,0,0.11003806075787255
10117,0,0,0.003837035703075094
10132,0,0,8.257463694323632e-14
10134,0,0,2.273260346017409e-07
10135,0,0,4.813053992753746e-13
10139,0,0,9.834894025180774e-08
10147,0,0,1.867221851328682e-06
10149,0,0,0.1532966882346958
10155,0,0,0.02677641311152474
10161,0,0,0.07169628329263017
10164,1,1,1.0
10165,0,0,1.0090813529536753e-12
10169,0,0,2.1084261394027757e-05
10179,0,0,4.67843195047204e-06
10185,0,0,8.40859718090784e-06
10188,0,0,0.057035386518213375
10191,0,0,1.4445595172053234e-08
10192,0,0,0.05229900395129534
10198,0,0,0.0027402107801312216
10200,0,0,0.015159564348645486
10201,0,0,4.757058864954373e-21
10203,0,0,0.01268519228742666
10206,0,0,4.372458868551195e-06
10216,0,0,1.365967713310877e-05
10226,0,0,0.04590775275851645
10233,0,0,1.3744591155000433e-10
10234,0,0,8.394943439988765e-09
10237,0,0,1.0422477478106706e-07
10252,0,0,2.528956355001235e-07
10258,0,0,5.805601939476242e-14
10266,0,0,1.9186165217817288e-09
10267,0,0,0.028609969113334955
10268,0,0,1.0804214028457697e-12
10271,0,0,0.0020143691871631762
10274,0,0,0.0016445807743834986
10275,0,0,0.07034119474169842
10277,0,0,1.394923738277217e-08
10279,0,0,0.17417069052562767
10290,0,0,6.432036887676514e-10
10291,0,0,7.977583781105827e-08
10300,0,0,1.0571481595698236e-05
10303,0,0,1.796735601659313e-07
10318,0,0,2.644832459018852e-09
10320,0,0,1.7833498163483192e-12
10321,0,0,4.051196937684658e-05
10323,1,1,1.0
10329,0,0,0.06425060293022049
10330,0,0,0.12970051266794685
10334,0,0,8.383126911684238e-06
10340,0,0,2.4608541070522972e-08
10350,1,0,0.09434673827622865
10353,0,0,0.004514268016830153
10354,0,0,1.1162817420412602e-17
10355,0,0,1.735309713693988e-12
10362,0,0,6.990043783268534e-14
10365,0,0,2.0508384671814496e-10
10368,0,0,0.15863951968430992
10372,0,0,0.03434376945185077
10376,0,0,0.20523535195858522
10377,0,0,4.0077997308819816e-11
10384,0,0,1.3148701517296971e-11
10387,0,0,0.002269033541043052
10388,0,0,0.012802021873007604
10391,0,0,6.606204163213644e-08
10402,0,0,2.6115578350700045e-06
10404,0,0,5.455649840004623e-14
10406,0,0,0.031825901911342644
10407,0,0,0.0018970371903087755
10411,0,0,0.029977524980376355
10412,0,0,3.2811377914261653e-05
10416,0,0,0.2432017869449346
10417,0,0,1.3292164520016604e-11
10418,0,0,0.01432544731273739
10420,0,0,2.292430939963814e-11
10421,0,0,6.524500851166526e-06
10422,0,0,1.2515359669540736e-06
10425,0,0,3.235725568595519e-19
10432,0,0,0.24412756558087367
10437,0,0,1.2285763197752052e-09
10438,0,0,0.0029781172399526157
10440,0,0,0.14510504977868716
10442,0,0,0.06279137744597746
10443,0,0,0.12240280252610883
10450,0,0,4.042077420722084e-15
10452,0,0,1.3959753843072842e-06
10459,0,0,3.3973067919781663e-10
10464,0,0,0.2822168897734322
10470,1,0,0.019618439586608857
10472,0,0,1.059813392326122e-06
10474,0,0,7.56401668499778e-13
10478,0,0,8.729126017032742e-05
10480,0,0,6.664361926128417e-17
10491,0,0,1.4641927034781604e-12
10496,1,1,0.9999999995923754
10506,0,0,9.453975828554613e-11
10509,0,0,0.011012730750799641
10519,0,0,0.08091389516454184
10522,0,0,1.1487466941634538e-12
10536,1,0,0.4560177091766919
10538,0,0,0.2126418774197614
10541,0,0,3.378363691927536e-11
10542,0,0,4.646982257267859e-13
10544,0,0,0.15366084732269192
10552,0,0,0.0025990768618066665
10553,0,0,6.985714141913733e-12
10557,1,1,0.999999567318758
10563,0,0,0.0944051616063177
10574,0,0,4.218955255263847e-06
10575,0,0,5.657876446315763e-07
10577,0,0,0.03809245921221152
10584,0,0,0.05838858085074334
10585,0,0,0.10216220518612432
10590,0,0,3.0097476001051373e-10
10602,0,0,1.2352918204004814e-09
10603,0,0,0.05333401228297898
10608,0,0,9.467974053808768e-10
10614,0,0,5.326349482630912e-06
10627,0,0,2.412470082241041e-07
10629,0,0,0.0822642752833295
10630,0,0,0.006674849570539631
10641,0,0,0.0016281862914374198
10643,0,0,2.6727880973128413e-15
10644,0,0,0.009612412083244554
10650,0,0,2.4150735266787613e-09
10652,0,0,6.9297852495126476e-09
10658,0,0,0.06811712509595486
10661,0,0,0.19872753191048378
10666,1,1,0.9999999999963192
10673,0,0,1.1620738789354354e-08
10677,1,0,0.15376712912149956
10681,0,0,0.00912537659066183
10686,0,0,0.036038213658410506
10687,0,0,1.8913535675597216e-05
10689,0,0,3.1081624761821244e-21
10690,0,0,4.0841073522255915e-10
10697,0,0,6.971516143180791e-15
10705,0,0,0.020896683408066826
10716,0,0,1.0375984437797518e-05
10719,0,0,5.988735419868051e-09
10725,0,0,0.0038754353367099342
10727,0,0,5.810755080439778e-16
10729,0,0,0.18557462183083828
10733,0,0,0.02483775315866502
10738,0,0,4.199463241420101e-14
10739,0,0,1.9573658384174924e-06
10744,0,0,6.012085472046674e-13
10751,0,0,1.552974783824145e-06
10755,0,0,0.2481869070195415
10771,0,0,1.2656071254591385e-08
10773,0,0,2.4336147696809287e-05
10786,0,0,2.2219834545113503e-12
10793,0,0,0.00029591021817132
10798,0,0,0.0003863414987136196
10799,0,0,3.813210762087514e-11
10801,1,0,0.14107262822313418
10802,0,0,8.850721880870933e-06
10803,0,0,0.01586837920696156
10814,0,0,3.9876353583295226e-07
10815,0,0,8.844178368133279e-09
10816,0,0,5.8048545531392225e-06
10818,0,0,0.18384934669767958
10821,0,0,2.105113165114224e-05
10828,0,0,0.2621282803265716
10833,0,0,0.09543234772812685
10835,0,0,2.901501179605996e-09
10841,0,0,2.269984229545651e-07
10842,0,0,4.514386553389336e-08
10844,0,0,3.545907334087439e-07
10846,0,0,8.609363234359301e-07
10847,0,0,1.8248023149814372e-11
10848,0,0,0.01308308204535417
10850,0,0,0.0038940197268381837
10855,0,0,0.009349605154854605
10862,0,0,3.25177030111896e-11
10867,0,0,0.006312771559979539
10868,0,0,0.010887581608585753
10872,1,1,1.0
10874,0,0,0.016534691993129062
10882,0,0,1.5567358716598612e-10
10889,0,0,0.15090138485033958
10891,0,0,1.1875658658571639e-08
10895,0,0,0.020023386194203054
10904,0,0,0.0001040322968776036
10905,0,0,0.010591685958062376
10910,0,0,3.2312647287115345e-07
10916,0,0,3.218201866416821e-07
10919,0,0,0.07171418767831099
10931,0,0,0.007303499898598436
10933,0,0,0.0024753504797023415
10937,0,0,3.6963836847627024e-10
10940,0,0,0.2971319451148722
10943,0,0,2.941095057180382e-08
10946,0,0,0.004975152778748923
10949,0,0,0.04835769807603157
10955,0,0,2.803866115495718e-05
10956,0,0,2.694618957274848e-06
10958,0,0,1.0224552720836041e-14
10959,0,0,1.7251894947239015e-06
10961,0,0,0.007786596526998222
10964,0,0,7.694202127270054e-05
10974,0,0,8.45976653492739e-06
10977,0,0,0.11778352717769637
10996,0,0,0.013579696426740484
11001,0,0,0.13146627443289396
11011,0,0,2.3885975558601464e-05
11012,0,0,1.168452039606281e-07
11022,0,0,2.579141988210976e-07
11025,0,0,3.785443443556617e-11
11039,0,0,7.645867673299584e-06
11046,0,0,8.801698622446012e-19
11051,0,0,1.8888063277923207e-13
11052,0,0,0.003516022639576768
11057,0,0,0.0029458587612397366
11058,0,0,2.9246812911507604e-12
11060,0,0,2.4855572181326277e-05
11068,0,0,3.7446413743560427e-16
11073,0,0,5.190258295924587e-05
11082,0,0,0.26226991689558127
11095,0,0,0.027302399672073974
11100,0,0,0.058195088331270316
11103,0,0,8.208583323966928e-05
11108,0,0,0.03728082668594392
11110,0,0,1.0486426274811407e-06
11112,0,0,1.115585993197991e-11
11122,0,0,4.5627108302902047e-07
11127,1,0,0.027125727602618693
11133,0,0,0.0062547126459555355
11136,0,0,5.031044944248808e-07
11150,0,0,0.0007356751835419983
11151,0,0,9.325034570261355e-10
11156,0,0,0.10418516489018811
11158,0,0,0.016437657920887208
11185,0,0,0.02950952977854005
11205,0,0,1.2916282672141255e-06
11206,0,0,6.365232206585012e-08
11214,0,0,1.2717197527203248e-05
11217,0,0,0.01660386590236228
11218,0,0,2.93799731817988e-07
11221,0,0,9.556856085640356e-13
11230,0,0,1.6802682832388183e-12
11232,0,0,7.712318736568133e-17
11233,1,1,0.999995507337216
11234,0,0,1.3561204364279215e-11
11236,0,0,4.0262054130795395e-06
11246,0,0,0.02697753208917859
11248,0,0,0.017707743675086086
11259,0,0,1.2398545096574814e-11
11260,0,0,0.03589662195648987
11261,0,0,0.02649105439789609
11262,0,0,6.332427894522808e-13
11271,0,0,0.0020707027409404576
11274,1,1,0.8494231210779367
11280,0,0,2.8090686834946268e-09
11282,0,0,0.014440259282113113
11289,0,0,0.004915565307244977
11295,0,0,4.387037756973621e-11
11300,0,0,1.3982945989957113e-06
11309,0,0,5.611663261700405e-06
11310,0,0,6.780226861482754e-07
11312,0,0,2.042378683531557e-08
11321,0,0,1.698013175177669e-13
11323,0,0,6.602771157084418e-18
11327,0,0,0.08177857181014699
11330,0,0,0.0029596405888053594
11332,0,0,0.08286915728832647
11343,0,0,7.733671174365783e-09
11354,0,0,5.013909595906072e-15
11356,0,0,1.2619039993369609e-05
11367,0,0,0.0033504025129948
11368,0,0,0.16216262854367075
11369,1,0,0.09019754240181514
11371,0,0,0.08017019452223324
11373,0,0,8.1162002361553e-11
11374,0,0,1.1085001899784994e-12
11381,0,0,3.525757260651976e-08
11385,0,0,0.02875326226862024
11388,0,0,0.006350743566603241
11395,0,0,2.0758347602766497e-08
11398,1,1,1.0
11403,0,0,0.018920170755469874
11408,0,0,9.198244381902198e-14
11413,0,0,0.059184842253749564
11415,0,0,1.0928887099358824e-08
11417,0,0,0.0029940365112199946
11423,0,0,3.431063429476189e-05
11427,0,0,0.2288269115796389
11432,0,0,0.045349127065775006
11434,0,0,7.683120210350994e-09
11445,0,0,2.593303706344147e-07
11450,0,0,2.862351596756034e-18
11461,0,0,0.018836068904077408
11466,0,0,1.8037374221130737e-10
11467,1,1,0.9999999999999949
11471,0,0,0.0006496966909018919
11480,1,1,1.0
11482,0,0,6.787104616996104e-05
11487,0,0,2.901229126527024e-07
11489,0,0,8.649747767052817e-12
11491,0,0,0.07796072232580262
11492,0,0,4.1130015548286375e-11
11498,1,0,0.10176153295764262
11505,1,0,0.018438381495500995
11515,1,1,1.0
11516,0,0,0.0166456214674131
11522,0,0,1.0220240485597662e-11
11528,0,0,1.1037286950755805e-05
11531,0,0,4.768863307080177e-08
11532,0,0,0.003732010527384621
11539,0,0,4.4894024413187137e-10
11541,0,0,3.4736251035340654e-12
11545,0,0,1.6932582671611517e-14
11557,0,0,0.00013214153267312925
11564,1,0,0.4660254093905267
11565,0,0,7.648814520165463e-05
11569,0,0,4.442466056035263e-11
11571,0,0,3.168201728975183e-12
11574,1,1,0.9999999999940519
11579,0,0,0.30204744397521677
11582,0,0,0.009042672163145228
11584,0,0,8.775864227750919e-09
11585,0,0,1.423360394797799e-06
11588,0,0,1.6812057203384935e-09
11590,0,0,3.1786258398491664e-19
11593,0,0,4.337485753857953e-09
11603,0,0,4.311401751500824e-06
11609,0,0,0.022962204111663807
11619,0,0,6.702885639614035e-06
11622,0,0,1.4728203098512284e-11
11626,0,0,6.207126465074026e-09
11638,0,0,1.0325752591394465e-07
11649,0,0,0.2831392179816006
11650,0,0,6.485387859696983e-11
11657,0,0,8.851790722157143e-06
11661,0,0,3.892891964332789e-15
11670,0,0,0.0023374961456920714
11679,0,0,0.10179960293751304
11682,0,0,4.874212595414331e-07
11684,0,0,4.178178114809732e-09
11688,0,0,1.735383353651446e-10
11691,0,0,1.4138325395357952e-12
11697,0,0,2.0482230215509998e-10
11698,0,0,1.2963026994016864e-07
11699,0,0,7.842599294043623e-07
11702,0,0,5.026453151367052e-18
11711,0,0,4.188424427652795e-06
11715,0,0,0.16787013948625695
11716,0,0,0.03994163653531796
11719,0,0,0.06484572531104175
11726,0,0,0.0411821486742043
11727,0,0,0.0031247939904668256
11746,0,0,0.007755983350473828
11747,0,0,8.295657493853233e-09
11749,0,0,0.00704749652579162
11752,0,0,9.09719855766451e-07
11758,0,0,0.23597009189399268
11759,0,0,2.108403174012682e-09
11767,0,0,0.010486282759660246
11770,0,0,1.0803174360929222e-05
11771,0,0,1.5088731699709838e-06
11776,0,0,1.1251845856559728e-08
11782,0,0,1.6893169812386838e-09
11785,0,0,0.09796293273554688
11796,0,0,0.0036358939543760477
11799,0,0,4.564974769468023e-15
11800,0,0,6.650219280331805e-09
11802,0,0,0.012658209333636953
11808,0,0,0.1912614269389499
11816,0,0,5.861206756346459e-11
11819,0,0,0.183281370650385
11820,0,0,0.10487195006660566
11821,0,0,0.014229372742787209
11822,0,0,0.0034794825202344414
11823,1,1,0.9999999999996392
11826,0,0,4.000162135061497e-05
11828,0,0,5.167410814566162e-13
11832,0,0,0.09229113216413054
11835,0,0,1.71043005807281e-05
11842,0,0,0.17606191175647265
11847,0,0,5.624272092978344e-09
11851,0,0,0.15831897825144903
11856,0,0,0.1025786573441305
11860,0,0,0.004039400730587654
11864,0,0,0.00014163342975648653
11869,0,0,1.1848842602121488e-09
11871,0,0,2.338523539389441e-06
11875,0,0,1.2540600947059417e-09
11876,0,0,2.0355081231872168e-05
11882,0,0,0.03255484983929707
11884,0,0,0.0035207156406821603
11885,0,0,6.144779135853557e-16
11893,0,0,0.02372776088471888
11905,0,0,6.453477532785834e-08
11908,0,0,1.218136462750731e-12
11912,0,0,3.009261599922777e-09
11920,0,0,0.0016038431783473295
11925,0,0,0.09254993418846225
11926,0,0,2.9422321612319257e-06
11927,0,0,0.2620657984873658
11928,0,0,0.003947372737806533
11938,0,0,0.007845163568744066
11941,0,0,4.5105974626665116e-06
11943,0,0,2.691742912636727e-07
11947,0,0,0.0020273177939573975
11953,0,0,6.823556285633474e-09
11959,0,0,0.017580187107223474
11968,0,0,2.1462192583443728e-06
11974,0,0,2.8386626284810484e-16
11978,0,0,0.03933269673887411
11984,1,0,0.2049023935096507
11992,0,0,6.638947376658676e-07
11994,0,0,0.13277750465787438
12002,0,0,1.7499304532414509e-12
12007,1,1,1.0
12009,0,0,3.6716941151548e-13
12015,0,0,9.00625170580837e-13
12016,0,0,0.19940221918361184
12018,0,0,0.0038778631324084436
12021,0,0,7.3451955322127995e-09
12028,0,0,6.075402419732456e-06
12040,0,0,0.003303229799080343
12042,0,0,6.349098643561712e-14
12044,0,0,3.967922149082919e-08
12050,0,0,0.011796308370642373
12055,0,0,1.5889287526978313e-11
12057,0,0,1.8402840544834212e-10
12058,0,0,6.497999701845043e-05
12064,0,0,0.00446108895388294
12066,0,0,0.0006563532334637008
12067,0,0,0.04861338734348591
12068,0,0,3.458396429656252e-05
12069,0,0,3.269219052826052e-10
12076,0,0,3.7727846929567384e-05
12078,0,0,0.10957978460301938
12082,1,1,1.0
12086,0,0,6.738557657374132e-10
12090,0,0,4.954176486447962e-12
12097,0,0,0.048345099524711756
12101,0,0,0.013118985903054626
12105,0,0,0.14651106341435166
12108,1,1,1.0
12114,0,0,0.05466635521732928
12120,0,0,5.303247466121348e-07
12122,1,0,0.1078091965725952
12123,0,0,4.891768603094541e-13
12129,1,1,1.0
12132,0,0,0.016589738756074716
12135,0,0,0.10719292195982742
12146,0,0,0.193024632208869
12149,0,0,9.629241700504819e-06
12155,0,0,0.15244923412396227
12163,0,0,0.007532257501959721
12164,0,0,8.928998156457885e-14
12166,0,0,2.1384836775464326e-07
12177,0,0,6.526130897525002e-06
12188,0,0,2.770419748151644e-10
12191,0,0,1.191284724458725e-12
12197,0,0,4.009332001962163e-09
12198,0,0,0.012975843461006813
12199,0,0,1.1721997122839576e-09
12206,0,0,0.15656233408272538
12214,0,0,2.6086208847850857e-12
12215,0,0,0.004637185277138111
12216,0,0,1.6612584858699954e-13
12217,0,0,0.0002971975553313706
12222,0,0,0.0018415647800836847
12226,0,0,2.1088269914167256e-09
12229,0,0,0.008682713877846235
12230,0,0,4.145585113409744e-11
12238,0,0,0.008110911974300701
12243,0,0,7.653882552295696e-05
12244,0,0,9.987829906018292e-09
12247,0,0,0.08003887806681577
12254,0,0,3.806883516851699e-10
12259,0,0,1.3076469140205716e-10
12262,0,0,3.434482418141162e-06
12265,0,0,1.1699770542875216e-08
12266,1,1,0.8717829754678832
12268,0,0,0.045865807795708056
12270,0,0,1.2249166508168713e-16
12273,0,0,0.005577309779178644
12274,0,0,2.5921755724489154e-10
12275,0,0,2.5568804335664734e-08
12277,0,0,0.16234355439898865
12280,0,0,7.298583970073378e-06
12283,0,0,1.5412302401792464e-08
12284,0,0,8.004874499334837e-11
12286,0,0,1.4931729414824826e-09
12288,0,0,0.06528396127926096
12296,0,0,0.08047818189052572
12299,0,0,3.078668697107272e-06
12307,0,0,0.002155383519147005
12323,0,0,0.02657563617147104
12327,0,0,0.006072049333921663
12334,0,0,0.027248558420455465
12340,1,1,1.0
12341,0,0,0.020048832107252428
12342,0,0,2.6255310265092203e-14
12343,0,0,3.180638718142705e-12
12345,0,0,0.02353810955122937
12346,1,1,1.0
12354,0,0,0.20496550482739936
12358,0,0,2.411467304216316e-06
12359,0,0,5.821124874007279e-06
12373,0,0,0.1433770705938884
12377,0,0,0.09079139063456658
12379,0,0,3.7078018250271733e-06
12382,0,0,1.2513215554082554e-10
12384,0,0,0.07273682822971912
12388,0,0,0.011614906493430308
12389,0,0,4.18276809322406e-10
12390,1,1,0.9999999984706989
12403,0,0,4.3302103351375977e-07
12404,0,0,0.0041072459244356554
12409,0,0,1.049717020616946e-13
12415,0,0,0.045225904367547684
12416,0,0,0.0016424772013296795
12421,0,0,2.002131849894301e-08
12430,0,0,0.0001214848961040236
12432,0,0,2.991789075741716e-06
12439,0,0,3.028145750319259e-10
12441,0,0,3.665453929093193e-10
12442,0,0,0.005701126131012195
12443,0,0,0.0004976686192861676
12448,0,0,2.1871291728967597e-11
12455,0,0,1.1598388241023115e-08
12460,0,0,4.8172344294738016e-14
12463,0,0,0.00012413276059734427
12471,0,0,4.42141177378416e-12
12473,0,0,7.526010443704401e-06
12475,1,1,0.9999999999999332
12481,0,0,5.532777051740368e-10
12483,0,0,0.004819238090622992
12484,0,0,0.0001430733679863278
12487,0,0,4.3887132349456205e-05
12488,0,0,2.5986513614849317e-06
12490,1,0,0.38004604718652907
12493,0,0,1.6632817537812186e-10
12494,0,0,0.1201129291737317
12496,0,0,4.476902144312466e-10
12497,0,0,0.010713469218308612
12499,0,0,3.3186467496664965e-08
12503,0,0,0.004336901031507766
12506,0,0,0.14371810208969965
12525,0,0,3.156652730857759e-05
12541,0,0,0.4129340365102326
12545,0,0,1.4227655291534926e-19
12549,0,0,1.6848496438217805e-08
12563,0,0,7.448559483856006e-06
12564,0,0,0.17413816568396975
12567,1,1,0.9991806787216877
12569,0,0,1.666732146694572e-06
12573,0,0,0.004326642777021343
12590,0,0,0.0001836404739786232
12593,0,0,5.70331131470423e-17
12596,0,0,2.5257398308520093e-05
12597,1,1,0.9999999999981837
12598,0,0,0.041715686011761316
12599,0,0,2.6152612430810417e-07
12605,0,0,0.013725568102415365
12626,0,0,0.16210045223201783
12641,0,0,0.014871465624429061
12646,0,0,0.007880478483650526
12647,1,0,0.2588191232169939
12680,0,0,4.157825224753868e-10
12681,0,0,2.1074217701662343e-05
12683,0,0,0.001224287881900277
12687,0,0,0.022618528435949355
12692,0,0,0.1350226367788927
12698,0,0,2.0874612761905734e-13
12700,0,0,2.9570398504260875e-15
12703,0,0,0.003352720294162815
12709,0,0,0.010606834189784581
12713,0,0,4.3815538748810445e-11
12717,1,1,0.9999999999999611
12721,0,0,0.07415346925017485
12722,0,0,1.0465395036673711e-07
12727,0,0,1.6018804214951597e-06
12728,0,0,5.544917087333773e-08
12730,0,0,1.8021022119493248e-13
12731,0,0,1.2350584707661837e-05
12732,0,0,1.7190695104259066e-12
12736,0,0,0.0029376965503138727
12740,0,0,1.234644090444648e-05
12744,0,0,1.882603080630254e-05
12752,0,0,0.0715218461045064
12754,0,0,1.2004004725418765e-10
12758,0,0,0.2160849827609099
12763,0,0,0.015214781314586305
12764,0,0,1.0357021813275443e-06
12768,0,0,2.6925949122838283e-13
12787,0,0,3.0109890174873784e-09
12789,0,0,0.2817142976739463
12797,0,0,5.6895833590879045e-08
12807,0,0,0.01131878782532241
12810,0,0,1.979232991026664e-12
12825,0,0,3.952560251591726e-08
12828,0,0,9.88102519743994e-06
12838,0,0,0.14942844005755468
12839,0,0,4.368131624701427e-08
12844,0,0,6.234085193537095e-07
12847,0,0,1.2937440763938773e-12
12851,0,0,0.020611111999799404
12857,1,0,0.04592794854486117
12871,0,0,0.06456575932017032
12872,0,0,0.009584750316905439
12876,0,0,6.908690198285375e-08
12918,0,0,0.08107659399454807
12919,1,1,0.9999999999999125
12922,0,0,0.11403699736525583
12926,0,0,0.05500171411819611
12930,0,0,4.618059091061856e-08
12937,0,0,0.006221129392452557
12944,0,0,5.119759851185436e-07
12951,0,0,7.957699158607703e-16
12956,0,0,1.247984570677835e-09
12965,0,0,1.9487383397174279e-13
12970,0,0,2.630555577956761e-18
12980,0,0,0.007181059403722541
12987,0,0,0.029041993727961093
12991,0,0,1.9699957188740505e-12
13001,1,1,1.0
13002,0,0,4.289420432867808e-06
13014,0,0,0.008383527947079913
13015,0,0,9.967135866248474e-08
13016,1,1,1.0
13021,0,0,4.558756416688529e-09
13037,0,0,1.5286186319461313e-08
13068,0,0,7.270400908104063e-07
13072,0,0,0.0307864965231225
13079,0,0,0.00027223065057753617
13080,0,0,0.12249983137939287
13083,0,0,9.40633677305394e-10
13087,0,0,2.265692610405808e-13
13106,0,0,0.006559972616727905
13108,0,0,0.007690495389978957
13123,0,0,0.009679475325434967
13128,1,1,1.0
13134,0,0,1.7105088180196428e-13
13141,0,0,1.4317854633921346e-05
13142,0,0,6.450774372389481e-08
13143,0,0,0.05038919965340041
13144,0,0,3.497865356773742e-11
13147,1,0,0.27997410747945267
13150,0,0,4.750287047410754e-09
13151,0,0,0.010942687870158726
13156,0,0,2.5152926029119284e-09
13158,0,0,0.004691233137063914
13159,0,0,0.35245553993093787
13161,0,0,0.008947136055766976
13165,0,0,2.3018780088057454e-07
13170,0,0,6.833209166297301e-09
13177,0,0,8.389127506357729e-07
13193,0,0,9.349663206697549e-08
13202,0,0,1.9229465876016345e-15
13209,1,1,0.9999999999999996
13214,0,0,1.1441618925170363e-08
13225,0,0,1.7897113897047245e-21
13228,0,0,0.013455892027159059
13233,0,0,2.6528809058187115e-05
13234,0,0,3.2976423948095324e-10
13241,0,0,0.14857809440599692
13258,0,0,0.003351330159309768
13260,0,0,4.059977345737783e-05
13275,0,0,1.3293052558986042e-09
13283,0,0,0.0013583302950440637
13297,0,0,3.466473834272099e-08
13306,0,0,0.0010680740294305153
13309,0,0,3.137294646990125e-05
13311,0,0,0.06530191966192743
13322,0,0,4.841792364334228e-08
13332,0,0,0.0018154964008070848
13337,0,0,0.038657933279044696
13341,0,0,7.907711455816995e-11
13344,0,0,4.85620580071728e-14
13347,0,0,0.14649121514899338
13348,0,0,1.4019034051807097e-11
13349,0,0,1.4695426383377017e-05
13353,0,0,0.16224969099221312
13372,0,0,0.09059395671083154
13377,0,1,0.8347679702132678
13378,0,0,2.6379457638465515e-12
13390,0,0,2.4354535361790478e-06
13405,0,0,5.500356895501427e-07
13408,0,0,0.10661019440797324
13411,0,0,0.020517698842747453
13413,0,0,0.022828514147790118
13414,0,0,0.08891865052960843
13416,0,0,0.09765617466283381
13421,0,0,0.022859576900957603
13422,0,0,0.0041421188414155225
13423,1,1,0.9999999999988867
13424,0,0,0.075577331318461
13426,0,0,0.08091422261525055
13429,0,0,1.8121972836304796e-13
13430,0,0,1.1478329189079154e-08
13434,1,1,1.0
13436,0,0,7.843865609283858e-05
13439,0,0,0.032222358295285185
13440,0,0,2.9610698578327993e-08
13443,0,0,8.722802018436126e-12
13446,0,0,0.002954883570263396
13447,0,0,4.405470556635304e-08
13449,0,0,0.050962461155547964
13457,0,0,0.0028992613608985075
13462,0,0,0.05716246185442044
13466,0,0,1.1372132702361914e-17
13470,1,0,0.06678356771776561
13479,0,0,7.921346957953255e-09
13481,0,0,7.828958722861357e-09
13484,0,0,2.46366471388323e-06
13490,0,0,0.24510202137279485
13497,0,0,1.4610448391650964e-11
13510,0,0,4.3159212753325403e-10
13517,0,0,0.07253905122233066
13526,0,0,0.0015774386280219832
13536,0,0,5.569480036016347e-08
13537,0,0,4.668565232100361e-05
13546,0,0,9.27735996471656e-12
13549,0,0,1.2349826678319343e-06
13552,0,0,0.17725085882536074
13554,0,0,4.118687360869199e-13
13555,0,0,0.06234108844955477
13567,0,0,5.576068393861613e-14
13573,0,0,7.526013986695535e-09
13579,0,0,9.069166508579933e-06
13586,0,0,0.01680688601671739
13588,1,1,0.9999999999999998
13593,0,0,2.8831218413139175e-07
13604,0,0,3.1142862543275972e-12
13605,1,0,0.26394514168571526
13610,0,0,0.009495514267121464
13614,0,0,0.0028017264599006645
13617,0,0,1.9806527658866584e-12
13625,1,1,0.9999999996408733
13627,1,0,0.11182202930663758
13635,0,0,6.407335763405538e-09
13636,0,0,8.512324342861117e-07
13648,0,0,0.002616718514009754
13650,0,0,0.03866779579799298
13655,0,0,1.505317776082853e-12
13663,0,0,0.04846853311865934
13670,0,0,3.664693914935497e-08
13676,0,0,0.08396704433878906
13678,0,0,9.536740412102359e-13
13679,0,0,6.163285720619498e-09
13703,0,0,3.0234794520769446e-11
13707,0,0,0.005167968233328191
13710,0,0,6.3173606705569135e-09
13714,0,0,0.033688715175046666
13715,0,0,0.021259794378603588
13721,1,1,0.8601291211373221
13722,0,0,0.02441224594129434
13729,0,0,0.16373825110486437
13762,1,0,0.017635790600150143
13763,0,0,5.655064972432656e-11
13764,1,1,1.0
13767,0,0,0.007183147638078706
13768,0,0,2.5228745381932784e-10
13785,0,0,3.837940633755261e-11
13790,0,0,1.0474479498595344e-07
13807,0,0,1.237336070241618e-05
13823,0,0,0.001926749961592662
13831,0,0,0.09602298639784919
13835,0,0,0.09799026200602387
13843,0,0,0.02240417285205574
13845,1,1,0.9999999999992402
13866,1,1,0.9992932363705995
13868,0,0,0.003823716204714064
13881,0,0,0.00024372652668708795
13885,0,0,0.0012137820240617706
13888,0,0,1.4215949327615144e-09
13897,0,0,4.0954252370042276e-08
13900,0,0,1.525950596052551e-12
13911,0,0,3.313270147809917e-06
13920,0,0,2.5073060307388063e-08
13924,1,1,1.0
13928,0,0,1.5538972987834907e-16
13935,0,0,3.013507973417081e-06
13943,0,0,0.15556947542177663
13953,0,0,2.3258859597993338e-07
13957,0,0,5.915247836454779e-15
13958,0,0,8.748577041103161e-08
13967,0,0,0.039221961024772954
13969,0,0,0.0005003378940675342
13976,0,0,0.009733050861200224
13981,0,0,0.02277537822667948
13984,1,1,0.9999999999999996
13988,0,0,0.10895976150286471
13994,0,0,7.213705605510648e-11
13998,0,0,7.80676093438815e-06
14011,0,0,0.12237590821524819
14015,0,0,0.005639518811799559
14046,0,0,0.02370729934319588
14054,0,0,3.515671259680501e-11
14064,0,0,0.019781390808258394
14074,0,0,1.6345129210007928e-06
14084,0,0,0.1818688687241853
14093,0,0,1.0484801808403146e-09
14094,1,1,0.9999999999995661
14105,1,1,1.0
14111,0,0,0.01989539333141627
14117,0,0,1.6287504556115933e-06
14124,0,0,0.3217090514298325
14126,0,0,1.332795552137099e-11
14128,1,0,0.15569601991771198
14129,0,0,1.2429038087272341e-12
14133,0,0,2.3630903926734895e-05
14138,0,0,1.821247834919925e-14
14144,0,0,6.14238055521694e-08
14145,0,0,0.17984484476438045
14146,0,0,1.030100205780593e-08
14167,0,0,6.0131496594904e-10
14168,0,0,2.5492115174655412e-09
14169,0,0,0.24875680177592172
14173,0,0,0.059268299319816635
14176,0,0,2.6446061008846917e-07
14179,0,0,4.6223946482304346e-08
14180,0,0,0.003399713705173855
14186,0,0,0.0108375134783943
14187,0,0,1.9251903144067828e-13
14188,0,0,0.11303975821813146
14189,0,0,0.005292849933165586
14191,0,0,1.1985360753769207e-12
14193,0,0,0.00466973101114866
14195,0,0,2.517341362854722e-06
14198,0,0,0.00013033809928442478
14216,0,0,0.05298125378165049
14219,1,0,0.32867774076849077
14221,0,0,1.6024280994009692e-12
14222,0,0,0.01983833377066227
14223,0,0,2.115727265164092e-13
14226,0,0,0.002292866370387927
14232,0,0,0.020893947633020677
14236,0,0,4.590383264223693e-07
14241,0,0,0.004385918256526844
14248,0,0,1.749736222239219e-11
14253,0,0,6.468723795762057e-13
14255,0,0,0.0033456244860138986
14256,0,0,2.8251781186296272e-06
14257,0,0,0.03289470700895902
14258,0,0,2.335260492713774e-12
14259,0,0,0.0036139932042682445
14261,0,0,0.0104301926632722
14275,1,0,0.1993330800616538
14283,0,0,0.10520119512365475
14294,0,0,0.2504383745891149
14295,0,0,0.00010254646677628672
14306,0,0,5.8245575205331425e-08
14308,0,0,0.01587203822824195
14310,0,0,0.0004393191266006538
14314,0,0,7.380660156936928e-17
14323,0,0,0.20796235921595924
14327,0,0,1.206920321326041e-12
14336,0,0,3.105673222039757e-05
14340,0,0,0.08807338747380487
14349,0,0,2.902056547911734e-07
14350,0,0,0.0045722516195405415
14354,0,0,1.3143783865505618e-08
14373,1,0,0.02389771921166276
14374,0,0,7.764284512415145e-16
14378,0,0,7.279240896147761e-19
14385,0,0,0.002551148430072183
14393,0,0,0.0026015726988702073
14409,0,0,5.59929428144039e-08
14422,0,0,4.652942652353137e-07
14433,0,0,1.3864491558425454e-12
14436,0,0,1.228126273583466e-11
14438,0,0,8.236775230585178e-07
14442,0,0,6.132032630720233e-05
14447,0,0,1.7600916377753762e-15
14448,0,0,0.003637333450585777
14455,0,0,0.009144982586887835
14467,1,1,1.0
14473,0,0,0.030718050635320345
14475,0,0,0.004812103758721599
14484,0,0,0.0020724576450866705
14490,0,0,0.08961751319994943
14491,0,0,5.21491215538103e-13
14496,0,0,0.005962944788588865
14497,0,0,3.3149904735561985e-09
14498,0,0,1.1298309076970408e-15
14504,1,1,0.9999999999999996
14515,1,0,0.16741685114079694
14517,0,0,7.684189095102017e-13
14518,0,0,5.081726444608039e-18
14523,0,0,6.750460522350639e-09
14526,0,0,0.07479168043302485
14528,1,1,0.6083085768059
14541,0,0,0.2050111149503689
14542,0,0,3.2194616384846036e-07
14552,0,0,5.339514805084222e-17
14556,0,0,0.05505615824662664
14565,0,0,0.028218178442531803
14567,0,0,7.843680077532326e-08
14573,1,0,0.204119379952097
14575,0,0,0.007877776701478005
14576,0,0,2.6574447129914453e-09
14578,0,0,0.0019438667646189684
14579,0,0,3.862810698595251e-06
14580,1,1,1.0
14583,0,0,1.7423211475084625e-07
14589,1,1,1.0
14594,0,0,1.334525673648597e-07
14603,0,0,1.501894473437601e-07
14609,0,0,0.09594419069954804
14613,0,0,0.23879369808754522
14615,0,0,1.4386778602675265e-06
14618,0,0,0.16811866061171782
14622,0,0,0.06910175915166825
14624,0,0,0.007410921367089593
14631,0,0,0.0033757005532236337
14632,0,0,9.801405925929551e-14
14634,0,0,2.2346842907167256e-07
14635,0,0,0.0006834616854420984
14636,0,0,7.934046369948972e-13
14637,0,0,0.005111723553397566
14640,0,0,4.843263957406813e-06
14652,0,0,0.004941631380166175
14656,0,0,1.981923704866295e-08
14659,0,0,2.804619688438959e-19
14660,0,0,0.00010776501302896552
14665,0,0,0.044993862919461725
14668,0,0,1.6527756145886475e-11
14672,0,0,1.3193965389767074e-16
14685,0,0,3.804102778641446e-09
14687,1,0,0.05732135817230785
14688,0,0,2.0502390672478754e-07
14691,0,0,2.0033000241536078e-06
14692,0,0,3.4397185954480734e-08
14693,0,0,0.012365339630671756
14697,0,0,3.800060130617232e-09
14710,0,0,1.0035995461362055e-06
14724,0,0,0.006571032181699111
14730,0,0,1.4098387029418375e-07
14735,0,0,0.19348732701320867
14744,1,1,1.0
14749,0,0,1.0809392439341638e-05
14752,0,0,0.008140108941445422
14753,0,0,3.248239381316912e-13
14760,0,0,0.015145474053419247
14762,0,0,1.0232119901391019e-05
14763,0,0,6.734794957859117e-10
14766,1,1,1.0
14773,0,0,5.6250192295848e-07
14776,0,0,1.587204321073032e-12
14779,0,0,2.24098690250147e-09
14789,0,0,0.006814965235224258
14790,0,0,5.017734609497123e-09
14792,0,0,9.967368131847226e-07
14794,0,0,1.5977386631867749e-10
14800,0,0,9.996603978791996e-12
14801,0,0,1.1912522476507303e-16
14809,0,0,0.03662244175230917
14814,0,0,1.9948418152791768e-13
14818,0,0,0.0040998998546065615
14822,0,0,1.0283125387587333e-06
14824,0,0,1.9794163081155006e-11
14828,0,0,0.06965851821698724
14829,0,0,0.022651308574849965
14830,1,1,0.7906113246251961
14832,0,0,1.9781190331402512e-08
14839,0,0,3.728043771400031e-16
14844,0,0,0.04454858703513862
14848,0,0,0.0996886570878449
14859,1,1,0.9999999999999998
14868,0,0,5.897549470418859e-13
14875,0,0,1.1357295715473691e-12
14882,0,0,0.002112184798024277
14885,0,0,5.543557156642852e-12
14889,0,0,1.9026421858910526e-08
14892,0,0,7.87787321279109e-06
14897,0,0,1.4075824496963035e-12
14903,1,1,1.0
14911,0,0,0.15682545869309664
14921,0,0,0.07769740838913594
14926,0,0,0.04958551700191325
14928,0,0,0.013184799836076897
14930,0,0,0.005707027802584408
14947,1,1,1.0
14952,0,0,3.733133979712023e-10
14953,0,0,6.539467782866595e-06
14956,0,0,1.4388028687698322e-05
14957,0,0,3.667505948814736e-07
14968,0,0,0.0869212112601096
14976,0,0,0.009680217433728789
14987,0,0,1.9986670818688363e-15
14990,0,0,8.110891944115707e-07
14991,1,1,1.0
15005,0,0,5.264320891161843e-05
15011,0,0,6.325960536582166e-05
15019,0,0,1.3652701685520377e-07
15044,0,0,0.028139008552628894
15046,0,0,3.197993137238237e-16
15056,0,0,1.209986571386375e-10
15058,0,0,2.273757936057778e-18
15059,0,0,8.39252451001162e-08
15061,0,0,0.19925027698429726
15063,0,0,0.12015071342592094
15067,0,0,2.2769721882746864e-09
15068,0,0,0.10713677372284457
15076,0,0,0.00904706090465724
15080,0,0,1.6016286797058294e-13
15084,0,0,1.1395749085323366e-05
15087,0,0,0.00310851908546317
15088,0,0,0.23687716928363362
15093,1,0,0.18402418069397875
15098,0,0,0.1421764354264024
15099,0,0,0.019972081119041883
15103,0,0,1.3971345604659497e-05
15104,0,0,0.00023787142166900412
15119,0,0,8.111281913219694e-09
15128,0,0,3.1111704154759126e-14
15132,0,0,0.052511434601102844
15136,0,0,2.700430635993686e-12
15144,0,0,6.051700934216862e-12
15145,0,0,3.3814707583301484e-10
15151,0,0,0.09654164207439957
15154,0,0,1.6109765550375296e-12
15158,0,0,0.13321753835661204
15165,1,1,0.9978588375505633
15167,0,0,0.04179446436598037
15181,0,0,4.4375617481601775e-14
15189,0,0,0.21165610581341
15192,0,0,0.1223369374442809
15194,0,0,0.257742118414816
15198,0,0,0.007726841346870388
15199,0,0,0.02261160399026758
15209,0,0,0.006540477667968844
15210,0,0,0.11989432813203162
15213,0,0,3.792783377616961e-16
15217,1,1,1.0
15222,0,0,0.013374465324088019
15223,0,0,0.006306397637734722
15251,0,0,7.745520482150255e-16
15263,0,0,8.182383377982393e-11
15264,1,1,0.9999998750531472
15265,0,0,8.61527956826038e-11
15273,0,0,1.72503813081291e-12
15276,0,0,2.446481797113479e-08
15281,0,0,0.07321549935694797
15283,0,0,0.07110492223320587
15288,0,0,0.004463453796381412
15292,0,0,0.008921072725985106
15295,0,0,0.12391340631976766
15300,0,0,2.0703668251767188e-07
15303,0,0,0.0021913920814126157
15305,0,0,8.908792523480093e-15
15314,0,0,0.09077496969716073
15318,0,0,7.948423240512886e-06
15319,0,0,0.009125338401362275
15325,0,0,0.00861138740354538
15332,0,0,0.0015707964429384819
15333,0,0,0.00035005243104769185
15335,1,1,0.9999999931314181
15343,1,1,1.0
15345,0,0,3.9268571573453556e-16
15346,0,0,8.411372827979733e-06
15347,1,1,1.0
15349,0,0,0.00772492627515265
15351,0,0,9.929622881592833e-06
15367,0,0,2.4755847110667486e-13
15378,0,0,3.363433556598976e-08
15381,0,0,0.17000779976175703
15400,0,0,0.004797887790173769
15413,0,0,0.014802131310032194
15414,1,0,0.2042308293761901
15416,1,1,1.0
15419,0,0,1.517570069321152e-08
15426,0,0,2.276454216922863e-13
15443,0,0,2.4641675557142696e-11
15452,0,0,2.4613345686267397e-09
15453,0,0,4.520058926695257e-08
15455,1,1,0.9999999999116465
15459,0,0,1.0335598503245358e-06
15466,0,0,0.07560888067246473
15473,0,0,2.0749836898803734e-07
15479,0,0,2.0532247185634988e-13
15483,0,0,5.709228793861579e-11
15485,0,0,9.335981122962136e-09
15487,0,0,0.0023344441436794323
15505,0,0,0.02213860497099145
15510,0,0,6.016358914413696e-06
15523,0,0,3.101591647221956e-12
15531,0,0,2.95102102539437e-08
15532,0,0,8.407245572878773e-08
15561,1,0,0.15077949684073658
15570,0,0,2.6619462937560205e-09
15573,1,1,0.9999179173045597
15577,0,0,0.08572355146157135
15578,0,0,1.6049911479635714e-07
15581,0,0,0.0613690615957428
15585,0,0,1.3552809658114302e-21
15587,1,0,0.06880461202491886
15599,0,0,8.609512906666135e-14
15612,1,1,0.9999999961539279
15613,0,0,0.0019881774280639483
15635,0,0,0.0826342278418617
15638,0,0,0.054192084515077975
15639,0,0,0.017718087872235094
15652,0,0,2.0341052830095405e-05
15654,1,0,0.18203482957923448
15655,0,0,0.0306405082265221
15661,0,0,0.14520290255585014
15672,0,0,0.11472894775286321
15675,0,0,0.0056761744706754986
15676,0,0,0.0007278673177349341
15685,0,0,2.0867107026704107e-09
15693,0,0,3.409288624711027e-11
15696,1,1,1.0
15700,1,1,1.0
15706,0,0,2.9933252286503476e-08
15707,0,0,5.6329366604406856e-08
15711,0,0,0.29713449952347026
15714,0,0,0.005236278540122077
15721,0,0,5.8474229839419696e-05
15722,0,0,5.058295886979035e-08
15729,0,0,4.897351021415806e-08
15730,0,0,2.1336380776798436e-06
15734,0,0,0.08457364128780136
15737,0,0,5.466946707657134e-12
15740,0,0,1.3418820073313824e-10
15744,0,0,0.0003741823622800014
15745,0,0,3.677401881792898e-07
15748,0,0,5.903155542195088e-13
15754,1,1,0.9880625965643431
15756,0,0,0.13035945941790847
15760,1,1,0.9999999979562753
15762,1,1,1.0
15765,0,0,0.016869561683288608
15766,0,0,4.851788377036046e-08
15769,0,0,4.3165286555317606e-05
15770,0,0,2.1489924358978142e-07
15785,0,0,0.0030777892873838334
15787,0,0,0.0629120590604245
15797,0,0,2.1388282079986264e-08
15798,0,0,3.500964828156685e-08
15802,0,0,0.037453589021299326
15804,0,0,0.008644236852079958
15806,0,0,4.496214953188438e-12
15813,1,0,0.00797819683785745
15814,0,0,5.109890957600253e-05
15815,0,0,4.3281681528366887e-07
15826,0,0,7.119851237932847e-09
15840,0,0,4.555664635146227e-13
15851,0,0,1.3097906316666155e-19
15858,0,0,0.06846747490509034
15863,0,0,0.1366717632564563
15867,0,0,0.02031480354617578
15869,0,0,3.0876370906376397e-08
15874,0,0,6.591886285403455e-07
15876,0,0,0.28846215889978893
15877,0,0,0.06176394191793871
15878,0,0,0.007545922742885468
15879,0,0,6.599594389674786e-07
15882,0,0,2.735879443871803e-13
15887,0,0,3.985010397597648e-13
15888,0,0,2.0371552643709717e-13
15895,0,0,0.03089754598934875
15898,0,0,0.13482219806768
15906,0,0,1.7043571924951745e-07
15918,0,0,1.3391051683838048e-13
15922,0,0,0.04897920241601359
15923,1,1,0.9999999991378017
15928,0,0,7.472837924624155e-17
15933,0,0,0.2349750772234942
15934,0,0,0.005059515724753293
15943,1,1,0.9999999999999993
15951,0,0,4.569066612505078e-10
15952,0,0,1.8603451980044493e-12
15962,1,1,0.9999999999967493
15970,0,0,8.473915374102293e-09
15979,0,0,6.488564418209681e-09
15982,0,0,1.7558079528054625e-06
15988,0,0,0.03732987940329017
16000,0,0,0.00046425264031247596
16001,0,0,0.0300867445591071
16006,1,0,0.3953907318101036
16011,0,0,2.3245354277296042e-10
16012,0,0,0.07435965251119878
16036,1,1,0.9999999999995142
16061,0,0,1.1025614468246156e-18
16063,0,0,0.016342009116642003
16072,0,0,0.008492957909405234
16081,0,0,1.8083560191570021e-07
16082,0,0,2.7280969824565183e-16
16085,0,0,6.679457654796484e-17
16102,0,0,2.6154339919281594e-09
16105,0,0,0.12355453109668309
16110,0,0,1.244898559392383e-11
16120,0,0,2.829803759937704e-07
16134,0,0,0.04282120276756655
16136,0,0,7.804515699652012e-06
16138,0,0,0.011874902252755025
16144,0,0,0.05874582880397201
16147,0,0,5.009961594943029e-17
16151,0,0,1.0715786409644206e-13
16153,0,0,0.18426974387258818
16157,0,0,0.134184495646601
16161,0,0,0.006004035210049674
16164,0,0,4.579106558343862e-13
16167,0,0,0.008974996528599863
16169,0,0,0.0004358387269438745
16181,0,0,1.0187900772520934e-08
16191,0,0,4.1642497844770524e-14
16197,0,0,0.030393703408579748
16198,0,0,3.021471414939784e-12
16203,0,0,2.1861147257064143e-10
16210,0,0,8.875781759723905e-13
16211,0,0,0.026439242554424272
16212,0,0,2.607182401717846e-07
16213,0,0,0.12627682764723397
16214,0,0,7.863428759105043e-09
16223,1,1,1.0
16227,1,0,0.17476102609276736
16229,0,0,0.2514188893166324
16231,0,0,0.0833335870185817
16238,0,0,6.551157238390651e-10
16239,0,0,7.112810486900161e-09
16241,0,0,0.004350982031811939
16242,0,0,0.043817680591941986
16252,0,0,3.010278933008576e-10
16257,0,0,7.565651710067262e-06
16260,0,0,2.2801806551966745e-05
16268,0,0,5.60733040626414e-06
16270,0,0,0.15772682449513462
16271,1,1,0.9999999893480868
16272,0,0,0.030591905526419796
16277,0,0,0.07149661281714374
16286,0,0,3.128003027860826e-07
16289,0,0,0.21755322908889832
16309,0,0,0.0790768124341607
16312,0,0,0.0006282557199492477
16313,0,0,0.07413317214647423
16314,0,0,1.4980083682008314e-16
16336,0,0,1.5473405593132218e-06
16356,0,0,0.07524516671014758
16362,0,0,5.965180032409928e-06
16373,0,0,0.03444009358749433
16386,0,0,8.127168920515017e-08
16388,0,0,3.671844573640568e-11
16394,0,0,2.9568223250096157e-06
16398,0,0,3.264607385320072e-11
16399,0,0,0.002851463304426107
16408,1,1,1.0
16418,0,0,4.9833916691552646e-12
16419,0,0,2.2147457028831352e-10
16429,0,0,3.2753205251319637e-08
16434,0,0,0.10499697936654902
16443,0,0,1.1361069270993928e-06
16451,1,0,0.02567595753033018
16452,0,0,2.528905388102182e-09
16460,0,0,0.024766580197552054
16461,1,1,0.9999999999999996
16466,0,0,0.0896793388265527
16471,0,0,0.00020501344779449578
16472,0,0,4.139886207404398e-07
16474,1,1,0.9999999989819568
16482,1,0,0.39028069926932835
16484,1,0,0.09507780704926301
16487,0,0,3.9254061831213536e-13
16490,0,0,3.5701225191327966e-08
16506,0,0,4.407080987424401e-11
16509,0,0,6.229759228862719e-10
16515,0,0,2.1609347034775844e-06
16516,0,0,0.0485581870500219
16518,0,0,2.987903204783241e-12
16528,0,0,0.002218096152597831
16529,0,0,1.6333247545820564e-05
16543,1,1,0.9999999999999609
16544,0,0,0.03193088703529046
16547,0,0,2.619915480200458e-06
16552,0,0,1.7714795564931583e-08
16554,0,0,8.405149232647528e-07
16557,0,0,1.4945873474926511e-05
16561,0,0,0.0008735602830899153
16566,0,0,2.6344223552064325e-06
16574,0,0,2.1128769448565723e-05
16581,0,0,1.784344752021378e-10
16585,0,0,0.052503974759544506
16589,0,0,0.12748567291108412
16592,0,0,3.731601344777883e-07
16594,0,0,0.04156393014804826
16596,0,0,0.22323738896559667
16597,0,0,0.01485375981965268
16598,0,0,8.138273330222473e-05
16603,0,0,0.005130965895518002
16608,0,0,0.00688129212709518
16611,0,0,5.789735894097071e-06
16612,0,0,0.00016565492063799425
16620,0,0,1.8687450459990807e-09
16625,0,0,8.486136060009574e-11
16626,0,0,0.015567236536981888
16628,1,1,0.9999999708876999
16634,0,0,3.965911966194322e-15
16639,0,0,1.0571787509096896e-07
16640,0,0,2.4109831719717837e-09
16641,0,0,9.860708160051377e-10
16646,0,0,1.3509815842178326e-09
16651,0,0,0.0005439377698143415
16654,1,1,1.0
16655,0,0,1.461417556668483e-11
16656,0,0,0.10731843210289213
16657,0,0,2.3827587962552947e-05
16681,0,0,3.1244264896655616e-07
16687,0,0,0.0015976727488485347
16688,0,0,3.610351474873376e-06
16692,0,0,2.997069439649491e-09
16695,0,0,2.3105452841788287e-13
16705,1,1,0.999999996565885
16716,0,0,0.0253702096252804
16727,0,0,0.08535286307281904
16728,0,0,0.0062958035579544136
16734,0,0,1.2808696767411215e-08
16740,0,0,7.15579293593024e-15
16742,0,0,1.9532145102776987e-09
16747,0,0,0.008952501442648265
16750,0,0,7.387848624435058e-12
16755,0,0,0.006177375909695421
16756,0,0,0.04594675230812154
16758,1,1,0.8454988698766955
16769,0,0,0.0006284125403651304
16771,0,0,0.1692635042822862
16777,0,0,0.02007276947875923
16782,0,0,0.016233059041890614
16795,0,0,6.152381653396444e-08
16802,0,0,4.3545312240165465e-07
16808,0,0,0.36813723009709687
16810,0,0,7.342682080027701e-11
16812,0,0,0.013463842822844551
16818,0,0,0.005660965430824321
16820,0,0,0.07487789500379456
16821,0,0,4.7425961216607985e-05
16827,0,0,9.474497180337928e-15
16835,0,0,0.008875767398486141
16836,1,1,0.9999999999998268
16838,0,0,5.278554360127468e-10
16839,0,0,1.6623041096654813e-13
16842,0,0,8.071681423255115e-09
16850,0,0,2.187927410512839e-13
16871,0,0,0.016372311435466396
16872,1,1,0.9999999999944715
16880,0,0,0.03316139580838031
16885,0,0,0.0033341033338161598
16894,0,0,0.06523222834336205
16896,0,0,0.00012932355660086927
16904,0,0,0.04866935691496279
16908,0,0,3.5774336101815135e-05
16918,0,0,1.6236378520765025e-12
16922,0,0,0.08803989232216129
16923,0,0,3.691382411542271e-12
16924,0,0,9.731751303966189e-05
16926,0,0,0.00011449753017853444
16932,0,0,0.004660079371632345
16933,0,0,5.69620456793786e-08
16947,0,0,1.8323907435956416e-08
16952,0,0,5.260637030115833e-13
16954,0,0,2.4355931657149268e-08
16962,0,0,0.09864083911788295
16963,1,1,1.0
16970,0,0,1.0422429606419944e-11
16974,0,0,0.053001239985923244
16976,0,0,0.003793910494426509
16977,0,0,0.07933983677448868
16978,0,0,0.0008768476029151735
16983,0,0,1.2433517016152454e-07
16984,0,0,0.01326407876489279
16987,0,0,3.3862326607130977e-06
16998,0,0,0.09684874870850557
17001,0,0,9.747805339928923e-09
17002,0,0,0.014466664780219365
17007,0,0,3.9304466258494354e-08
17008,0,0,0.031244630908433678
17009,0,0,0.14256235225566757
17014,0,0,1.2013334755157824e-07
17017,0,0,0.2397673762893145
17019,0,0,0.24660656879151321
17022,0,0,5.395883393649922e-05
17034,0,0,0.06640188318719249
17038,0,0,0.00043796619120798323
17039,0,0,0.0926263241864192
17040,0,0,7.912336757750655e-15
17050,0,0,3.81961549980969e-09
17058,0,0,3.4520083438000804e-11
17068,0,0,2.676437874318652e-07
17080,0,0,0.0024130489142367402
17086,0,0,3.828013385208143e-13
17088,0,0,6.900735775288189e-13
17090,0,0,7.1538889644699114e-06
17094,0,0,5.069196640009045e-07
17095,0,0,2.0108277072284144e-07
17105,0,0,6.372139870263342e-18
17113,0,0,0.1007884709484609
17115,1,1,0.5502638932833438
17126,0,0,1.786565476387718e-07
17127,0,0,4.133764125656221e-15
17128,0,0,8.816168615749256e-09
17138,0,0,8.645195215397186e-11
17144,0,0,0.06796439798048796
17154,0,0,0.039102382972134
17160,0,0,3.796008763248368e-14
17170,0,0,0.13735908105905906
17186,0,0,6.122503178496442e-06
17190,0,0,4.4065250790788576e-07
17191,0,0,9.463162698777471e-11
17192,0,0,1.4659834306629935e-05
17197,0,0,2.0201747355701257e-06
17198,0,0,2.7345850348735717e-09
17200,0,0,2.2212982534550207e-06
17201,0,0,6.91559833672703e-11
17218,0,0,0.002448458711098236
17224,0,0,3.461349615362554e-13
17233,0,0,0.11728333948649536
17234,0,0,0.05280617725002657
17238,0,0,1.4610759293939363e-07
17244,0,0,1.8594156430977018e-07
17245,0,0,2.062833467339122e-12
17250,0,0,0.11530462459522803
17252,0,0,0.027596895840493536
17257,0,0,0.12502505232661523
17264,0,0,0.012216893053843018
17265,0,0,0.12253102952438684
17275,0,0,1.0850711452018812e-06
17279,0,0,0.16891084120981237
17287,1,1,0.5958539779728387
17288,0,0,0.004922075517125207
17289,0,0,0.10364348739165896
17297,0,0,0.10255537064864846
17313,0,0,1.125972746185592e-13
17314,0,0,1.3634152544685043e-11
17320,0,0,2.7745834938036155e-05
17325,0,0,0.019905042795500243
17326,0,0,4.097347375506252e-12
17329,0,0,0.000729756505554269
17332,0,0,5.7437721561782557e-11
17333,0,0,3.997537183768966e-06
17357,0,0,1.904136337013845e-06
17358,0,0,0.011787076623621892
17361,0,0,0.1909204957075167
17362,0,0,2.7070348815004176e-06
17363,0,0,0.06569855947092446
17364,0,0,2.2465777805116847e-18
17369,0,0,0.03850176027174381
17378,0,0,1.462362796907264e-06
17385,0,0,3.0348249141759464e-05
17393,1,1,1.0
17394,0,0,7.19970668412536e-09
17396,0,0,2.972534570220946e-07
17408,0,0,4.6298017394992556e-07
17413,0,0,0.00011871288519767202
17418,0,0,0.08949490857725727
17420,0,0,0.09509439734892912
17427,0,0,1.2803983108179453e-06
17428,0,0,2.424740457930189e-07
17431,0,0,1.8821741555287801e-06
17433,0,0,0.039722583068869985
17435,1,0,0.23694959669712903
17439,0,0,1.0822093119420417e-12
17442,0,0,0.2824492358259192
17448,1,1,0.9999995396909755
17449,0,0,0.06902542848709921
17458,0,0,6.710998337994897e-16
17462,0,0,0.005292507446640538
17467,0,0,3.435916423396232e-07
17469,0,0,1.4123357290293068e-09
17470,0,0,4.098167966170398e-11
17478,0,0,8.589062646333574e-06
17481,1,1,0.9666023354729284
17482,1,1,0.9992850002521023
17489,0,0,0.004976051265950642
17491,0,0,7.947933251292408e-15
17493,0,0,6.445331127351132e-05
17495,0,0,3.8703876004266095e-14
17501,0,0,1.4037560026126991e-08
17504,0,0,3.432582064979032e-10
17506,0,0,2.250787045501547e-11
17510,0,0,0.3054618113110967
17516,0,0,1.7491352110495441e-09
17526,0,0,0.046883136276368906
17538,0,0,1.7387561462826979e-16
17539,0,0,0.004334515548810581
17543,0,0,2.529674825105527e-08
17546,1,1,0.9779160376374262
17547,0,0,0.39368754852812204
17558,0,0,0.0693344101305002
17564,0,0,0.005845361745665418
17565,0,0,6.102428618569539e-05
17575,0,0,3.5008928538984874e-12
17577,0,0,8.275122760724017e-08
17579,0,0,2.3256790945104644e-05
17581,0,0,0.0067161763630782835
17584,0,0,2.5170104443400405e-07
17596,0,0,0.07333475422949658
17605,0,0,5.99465818432813e-11
17608,0,0,5.69504624875575e-14
17609,0,0,0.10748715394206401
17611,0,0,0.0723907894326285
17626,0,0,3.5395094360977994e-12
17632,0,0,2.0279384744618593e-08
17647,0,0,0.0070460905401689275
17652,0,0,5.600093471286779e-07
17654,0,0,0.11995569650316298
17657,0,0,9.045320124622144e-07
17667,0,0,0.0619977712667081
17671,0,0,2.5034717914012773e-07
17675,0,0,0.15396512790395936
17684,0,0,4.835314893843843e-05
17687,0,0,2.616488759384914e-11
17691,0,0,0.017759897084310514
17694,0,0,6.340843844229742e-14
17697,0,0,6.727462226317336e-12
17703,0,0,3.5866058777806167e-16
17706,0,0,6.198945562349859e-07
17711,1,0,0.18621984665601582
17716,0,0,4.671289126204046e-07
17721,0,0,4.5686412149552675e-08
17724,0,0,0.007728323674869275
17726,0,0,1.7262934883075597e-14
17731,0,0,0.0026566757957496813
17732,0,0,0.074971949211829
17741,1,1,1.0
17742,0,0,8.110952426887056e-06
17743,0,0,0.0001859697583215664
17747,0,0,0.010336347856038645
17749,0,0,1.546648025261382e-16
17754,0,0,3.663937432868833e-08
17759,0,0,1.6892815048125798e-06
17770,0,0,4.3681994280484294e-07
17772,0,0,0.0003338946152003304
17774,0,0,0.1067278241751092
17777,0,0,3.4244025472283964e-09
17785,0,0,0.024863718456469133
17788,0,0,9.369517282943018e-08
17789,0,0,1.1050727072227127e-12
17790,0,0,8.408877487967106e-10
17791,0,0,1.4240544496114523e-08
17797,0,0,1.8024987713091436e-10
17807,0,0,5.487004289612582e-16
17808,0,0,3.2765868398277055e-09
17811,0,0,2.927064156566128e-07
17812,0,0,0.0019167612520612377
17816,0,0,0.00611727848481182
17818,0,0,6.76879439927733e-17
17824,0,0,0.0034182042286678006
17835,0,0,3.230153469288333e-05
17836,1,1,0.9025560931855605
17840,0,0,2.1597859311884093e-07
17860,0,0,0.004916494196934505
17868,0,0,0.0002771014228762718
17869,0,0,3.969712627645693e-18
17870,0,0,3.366371672682843e-10
17871,1,1,0.9973567688337441
17876,0,0,0.13722516068760168
17877,0,0,9.472146947814706e-05
17883,0,0,5.9252498942321135e-05
17886,0,0,5.651023007743813e-10
17889,0,0,1.2790024427957828e-17
17890,0,0,0.009154876209722461
17892,0,0,1.828107331740189e-09
17903,0,0,1.0693077538214332e-10
17910,0,0,3.7427970804426086e-06
17911,0,0,0.021115617153583777
17922,0,0,0.12337878263647159
17923,0,0,1.445175272505165e-07
17926,0,0,0.0946226491161239
17932,0,0,4.693061861667884e-10
17940,0,0,0.00212046787325273
17944,0,0,8.789032720146797e-07
17945,0,0,0.002558243504578912
17946,0,0,0.003482843979925062
17953,0,0,0.12155652944372244
17964,0,0,3.7566500992112315e-08
17966,0,0,0.2710529040105752
17970,0,0,0.07562657490449459
17972,0,0,1.3655608888555758e-18
17976,0,0,0.10689585761830185
17977,0,0,0.21401099858157643
17982,0,0,1.4427229139610213e-09
17987,1,1,0.9999999999993747
17997,0,0,3.2244020917941663e-06
18002,0,0,0.24055132259221765
18005,0,0,9.728091972549e-05
18015,0,0,2.062703945752844e-05
18038,1,0,0.033831678485205074
18044,0,0,3.842776266140656e-14
18047,0,0,1.3337729180032806e-05
18048,0,0,0.3254077595828561
18049,0,0,0.04815659264259521
18059,0,0,0.0019042360978083815
18062,0,0,0.08357685788881845
18064,0,0,1.1279246466409976e-06
18065,0,0,0.04465818260775469
18067,1,0,0.22272074102710182
18073,0,0,0.004728151740302417
18076,0,0,4.290610147137973e-08
18077,0,0,2.4618824532579354e-08
18092,0,0,6.02577784715243e-14
18101,1,0,0.06924119065727145
18112,0,0,4.856768474867885e-18
18124,0,0,0.0023605309271767794
18134,0,0,1.1928433160622151e-08
18135,0,0,0.23640654490789748
18140,0,0,5.725263567897666e-09
18149,0,0,0.16898351830817962
18151,0,0,0.016665319590375954
18154,0,0,2.1729584820634283e-07
18155,1,1,0.9982448034171405
18156,0,0,2.8025706748989745e-08
18158,0,0,1.6794044987876097e-10
18159,1,1,0.9996061768690839
18162,0,0,2.1459316736782545e-08
18165,0,0,0.0061798135628813615
18168,0,0,0.0923928815618883
18171,0,0,1.8929216364788473e-12
18175,1,1,0.9999999999999989
18184,0,0,8.939633185848627e-08
18189,0,0,1.6315022384099996e-12
18194,0,0,2.3775130053191718e-08
18196,0,0,6.451232952204304e-05
18200,0,0,5.560469844356232e-08
18201,0,0,8.406969211956227e-07
18202,0,0,0.0037254525475697085
18205,0,0,0.08438887510702854
18206,0,0,2.1320928945271306e-09
18210,0,0,0.00567428392503028
18219,0,0,6.334968695732627e-11
18221,0,0,0.011148264196920958
18236,0,0,1.3953084352603489e-12
18238,0,0,0.010591521853185293
18246,0,0,7.62915217744547e-17
18247,0,0,4.769578305566398e-07
18248,0,0,1.181591905581783e-09
18250,0,0,9.694142047967288e-09
18259,0,0,0.19523612635999485
18260,0,0,1.3177948343592798e-08
18272,0,0,0.013329281223708989
18276,0,0,1.1550732211816418e-05
18279,0,0,1.511912360716799e-08
18280,1,0,0.32822555112110197
18284,0,0,0.053327235431352676
18286,1,0,0.06724736115827652
18288,0,0,4.283194866758281e-08
18290,0,0,1.879190142319873e-06
18293,0,0,2.34478252761119e-12
18294,0,0,7.520447696080056e-11
18295,0,0,0.027128203318252178
18296,1,1,1.0
18310,0,0,0.039401752324672704
18314,0,0,0.12409793350629482
18321,0,0,1.3701974061863122e-18
18325,1,1,0.9999998089383696
18326,0,0,2.7102003833186294e-10
18333,0,0,2.4438946141561308e-06
18347,0,0,6.724074409992612e-13
18355,0,0,5.02972977007085e-06
18359,0,0,4.9239053525689985e-05
18362,0,0,6.719649350686551e-12
18365,0,0,1.2338931144368559e-13
18373,1,1,0.6248078876947498
18376,0,0,5.159038774979818e-11
18377,0,0,0.014745241869894565
18381,0,0,0.011397887738910373
18382,0,0,8.824709189700998e-08
18383,0,0,0.044640495520248055
18394,0,0,0.059463876121997765
18396,0,0,1.9891544128545118e-07
18401,0,0,2.0136427330632683e-08
18406,0,0,0.00807116815827545
18409,0,0,4.902216112353177e-08
18416,0,0,0.028939285560644908
18423,0,0,1.7283776377787256e-10
18424,1,1,1.0
18427,0,0,8.776368132694528e-07
18428,0,0,2.402224544887332e-10
18437,0,0,2.395912674170624e-09
18439,0,0,2.5375359703552183e-12
18440,0,0,2.1157681444969576e-05
18443,0,0,0.03023327802972691
18444,0,0,0.12861587354342927
18448,0,0,0.008541014779940683
18450,0,0,0.0039768980405683035
18459,0,0,0.04563530497965857
18460,0,0,1.869948249657147e-09
18474,0,0,4.0241391439268935e-10
18476,0,0,7.145056160922992e-05
18480,0,0,9.804141321794908e-11
18482,0,0,1.2283504544213803e-10
18486,0,0,1.4704110325412704e-05
18495,1,1,0.9999995519334322
18509,0,0,2.056766841087707e-11
18510,0,0,1.3913788621020129e-08
18515,0,0,0.037724425873037315
18518,0,0,5.3816707561054765e-05
18522,0,0,0.00032587795338839717
18530,0,0,3.635026156993062e-10
18533,1,1,0.9165311362690218
18552,0,0,1.671462807807518e-07
18567,0,0,4.00223483049077e-05
18576,0,0,1.6235216334190671e-09
18582,0,0,0.021170799161326533
18605,0,0,0.23475086159819794
18610,1,1,1.0
18611,0,0,0.004711652921675184
18617,0,0,0.038335334480599545
18625,1,0,0.09645874879953575
18630,0,0,0.1127814468151713
18632,0,0,1.1190902604182078e-05
18645,1,1,0.9997760411743255
18652,0,0,5.713213683781127e-06
18657,0,0,1.718530822151519e-12
18661,0,0,4.5526509974425586e-07
18663,0,0,1.9889631178569813e-07
18667,0,0,0.00011757285867726809
18676,0,0,6.058741762891589e-07
18679,0,0,0.01147144567624573
18680,0,0,0.004698706671156428
18681,0,0,6.441117377099416e-07
18688,0,0,1.4417705561928325e-07
18690,0,0,0.014286888678616088
18694,0,0,6.58377515096004e-14
18696,0,0,8.758661488627587e-14
18697,0,0,1.1359347990323742e-09
18700,0,0,2.3863163359410628e-11
18716,0,0,0.010431870714416655
18720,0,0,0.011478025958626995
18724,0,0,2.6692471565867455e-05
18729,1,1,1.0
18730,0,0,1.858527322563636e-10
18742,0,0,1.6337918918064496e-08
18743,0,0,0.002837956313385872
18744,0,0,0.022391381347706133
18748,0,0,3.755225023621987e-09
18749,0,0,0.13667805223262186
18758,0,0,5.731336498316614e-14
18761,0,0,0.12278806541696195
18762,0,0,3.2394440746255235e-10
18764,0,0,0.009302715317426595
18766,0,0,5.173604037040931e-08
18774,0,0,4.931338768020382e-08
18777,0,0,0.025355829123726623
18780,0,0,3.1501556238077375e-09
18781,0,0,8.445169057161071e-07
18782,0,0,0.14321031761044237
18786,0,0,3.061467865482077e-06
18790,1,1,0.9935175668425652
18796,0,0,1.1795949543034266e-12
18801,0,0,0.13109148676351548
18805,1,1,0.9999114984449007
18809,0,0,0.01755764782679594
18811,0,0,4.193978897570743e-14
18814,0,0,0.12605209041014073
18815,0,0,3.3855891810440663e-07
18816,0,0,1.896303003481719e-06
18817,0,0,0.33200633654379835
18832,0,0,6.843296821893288e-05
18838,0,0,0.00971422859917255
18842,0,0,4.9768939860810105e-05
18844,0,0,0.10055686037240796
18846,0,0,9.292966261582113e-16
18850,0,0,1.5581818378707604e-11
18857,0,0,4.912293905216662e-12
18860,0,0,2.064362727512332e-09
18874,0,0,1.127738050528063e-05
18875,0,0,0.004112761539005875
18881,0,0,3.225305348566926e-09
18886,0,0,0.0005152614960414318
18895,0,0,0.0013151894894594962
18897,0,0,0.12128894031607709
18906,0,0,9.32995584127163e-13
18909,0,0,2.6668634052206896e-12
18911,0,0,1.1400714393669487e-09
18918,1,0,0.17704929832304855
18920,0,0,0.05201609848618659
18922,0,0,0.0008134834003286742
18925,0,0,3.796158420471314e-08
18926,0,0,3.526663046115483e-08
18936,1,1,0.9999999919717638
18938,0,0,7.697334048887334e-09
18939,0,0,9.349285115104419e-09
18940,0,0,4.97172228504419e-07
18943,0,0,0.005054790481626878
18945,0,0,1.620743446243955e-06
18946,0,0,4.54479701858624e-06
18947,0,0,0.057913254720294835
18953,0,0,0.026885245308278113
18955,0,0,1.869106699673933e-08
18962,0,0,0.02154113047448553
18963,0,0,2.8765715404470216e-17
18965,0,0,0.2591304961223461
18970,0,1,0.5019722768784767
18972,0,0,2.003285229556246e-06
18977,0,0,0.11391636434945962
18982,0,0,1.0948423512386398e-06
18985,0,0,0.002044142173023127
18986,0,0,0.14265369931714172
18987,0,0,2.0834388630596184e-11
18995,0,0,1.879671632250342e-05
18998,0,0,0.0882884491081074
19006,0,0,0.0039034400174397764
19007,0,0,2.1275291712987642e-07
19011,1,1,0.9069704165082151
19014,0,0,0.17514753769696914
19018,0,0,5.5151247783415e-11
19023,1,1,0.9999845118409845
19025,0,0,0.01717032351692697
19026,0,0,1.1802273738274515e-05
19031,0,0,0.014135470090327255
19037,0,0,0.3482735675104148
19040,0,0,0.02906814786018515
19044,0,0,0.0229897291471861
19055,0,0,0.08680497506807638
19060,0,0,9.847084114677015e-09
19068,0,0,0.024383423143119285
19074,0,0,0.06108353690785417
19075,0,0,2.528795498494012e-12
19077,0,0,0.01126343477624699
19079,0,0,0.018168375754184327
19083,0,0,1.5069464156991154e-13
19095,0,0,2.970781117948176e-07
19103,0,0,3.996990946536261e-08
19106,0,0,2.0827452671420283e-08
19111,0,0,0.0995091840675367
19117,0,0,1.8203035239007887e-05
19125,0,0,0.12817581915095957
19133,0,0,0.10974061819973265
19134,0,0,4.325415006989687e-08
19139,0,0,2.1178629475150542e-05
19144,0,0,1.3390737908248218e-05
19145,0,0,6.149293469301654e-11
19147,0,0,1.0964102513401845e-06
19148,0,0,3.124446536842578e-06
19150,0,0,5.7464067684849335e-15
19153,0,0,4.4257100004280056e-11
19159,0,0,0.003407357870370122
19161,0,0,2.1632775544209567e-18
19164,0,0,1.0628563628718282e-07
19170,0,0,1.538052828316878e-08
19171,0,0,1.0189816364683192e-13
19182,1,1,1.0
19184,0,0,0.022740743918549078
19185,0,0,0.004854998760218235
19189,0,0,0.00855490302695089
19190,0,0,9.83001982838972e-06
19191,0,0,0.3011690367982896
19201,0,0,9.790838947179454e-12
19204,0,0,1.386405018744634e-08
19205,0,0,7.745727716322153e-06
19210,0,0,0.0003344978087847446
19215,0,0,0.005193805837724421
19219,0,0,4.1553376632303255e-08
19220,0,0,7.967293491074228e-07
19223,0,0,0.05929685944577568
19227,0,0,7.113572345262846e-13
19232,0,0,0.39822074114605177
19233,0,0,0.00426907875337932
19242,0,0,4.299708980883721e-05
19248,0,0,1.1717724975655346e-05
19252,0,0,1.576952754733455e-16
19253,1,1,0.9999999900688862
19254,0,0,2.9279886520879884e-05
19262,0,0,9.231766101566243e-11
19266,0,0,0.006398397855764648
19268,0,0,4.3903153292187954e-05
19276,0,0,0.08124145698221548
19288,0,0,0.09428477181292388
19289,0,0,4.1245676469351106e-09
19295,0,0,0.02448905910353644
19299,0,0,4.248747397722696e-12
19313,0,0,4.883479005990264e-16
19335,0,0,2.0569279273375573e-13
19342,0,0,5.0801424885886e-12
19343,0,0,1.7032733752779906e-07
19344,0,0,0.0068028873513064315
19351,0,0,0.004904343116577697
19360,0,0,3.431674169670061e-13
19367,0,0,2.0108431588270306e-06
19373,0,0,4.813971274536149e-07
19376,0,0,4.784424411140659e-16
19380,0,0,1.0164357534237127e-09
19383,0,0,0.00027670101166030566
19385,0,0,3.02950696704567e-14
19388,0,0,0.08504025709905835
19400,0,0,3.0237700637207995e-09
19401,1,0,0.3186569486005131
19406,0,0,0.026011210628916724
19411,0,0,3.006713380287384e-09
19412,0,0,4.73583937000826e-05
19413,1,1,1.0
19417,0,0,1.2030177957796874e-11
19420,0,0,0.23603028783713614
19424,0,0,0.08501094203708279
19428,1,1,1.0
19434,0,0,0.0002730445275815455
19447,0,0,2.3990724024285377e-13
19448,0,0,4.307289383065527e-05
19449,0,0,0.2698163772558615
19450,0,0,0.01356098772515252
19459,0,0,5.956029821776375e-07
19460,0,0,1.453953512239822e-06
19468,0,0,9.007847627838032e-07
19472,0,0,8.637990998790975e-11
19475,0,0,1.040240326956663e-05
19479,0,0,0.0026202294331221063
19480,0,0,0.01242379823720388
19485,0,0,3.482182584988104e-07
19486,0,0,6.2945525441352265e-09
19489,0,0,2.5516938353416483e-08
19492,0,0,0.0316510629607267
19505,0,0,3.7199933749253355e-06
19511,0,0,7.152869592857159e-05
19520,0,0,0.010431019802367455
19522,0,1,0.605060358876371
19524,0,0,0.08188866024827664
19528,1,1,1.0
19529,0,0,0.4044988374183117
19530,0,0,9.948095520413287e-09
19533,0,0,0.0005170825778247888
19540,0,0,2.326244246809486e-17
19543,1,1,0.9999999962566009
19544,1,1,0.999999999999128
19545,0,0,2.0346228665000158e-05
19554,0,0,2.873511048905929e-12
19567,0,0,7.0194847244514825e-06
19568,0,0,1.4592049822059995e-11
19571,0,0,0.19970750129510953
19578,0,0,8.390249479198635e-08
19580,0,0,1.6228053721898106e-07
19589,0,0,5.062553484027049e-13
19595,0,0,5.805843166488181e-06
19607,0,0,1.3044185172698555e-06
19611,0,0,2.9577285131857597e-10
19632,0,0,3.0681737298482182e-12
19634,0,0,1.6314285029648875e-18
19635,0,0,9.019126677572292e-07
19637,1,0,0.008008662119698735
19640,0,0,1.0542723260883749e-13
19642,0,0,1.9376810976007458e-10
19657,0,0,1.1918856398258287e-07
19662,0,0,6.292269040621768e-10
19664,0,0,2.0124520088876476e-08
19671,1,1,0.9999999999999722
19675,0,0,1.5840160889764926e-09
19678,0,0,1.1315874656713848e-12
19687,0,0,1.1268481032223204e-16
19690,0,0,5.582893886482052e-06
19693,0,0,2.5277044920051835e-05
19699,0,0,0.25687912231606536
19703,0,0,0.21327921856853008
19708,1,0,0.2754806317153851
19710,0,0,0.02203357402554017
19721,0,0,7.407390188126431e-06
19729,0,0,8.579626288708815e-14
19730,0,0,0.17280526313761171
19733,0,0,8.934704597686453e-13
19734,0,0,0.021886546110519833
19741,0,0,5.991318403530566e-07
19753,0,0,8.486704118394529e-06
19757,0,0,0.001351928653576826
19759,0,0,4.4019250767799346e-11
19765,0,0,3.263267569441523e-11
19780,0,0,7.432166586404949e-15
19782,0,0,3.236894192254045e-10
19784,0,0,3.301720196364048e-08
19786,0,0,2.5949664880664805e-05
19799,0,0,1.5038588246913302e-05
19808,0,0,0.21124269684877567
19817,1,1,0.9643359925072512
19820,0,0,2.4614619518394864e-08
19825,0,0,1.1884795663967599e-06
19832,0,0,0.11939985739126645
19834,0,0,7.389509681324852e-07
19839,0,0,6.890854239270028e-06
19843,0,0,1.4324596287153362e-06
19855,0,0,1.7627825217826713e-06
19859,0,0,0.001989495114547148
19867,1,1,0.9999999965466979
19885,0,0,6.284827257532226e-09
19886,0,0,8.870695461423178e-19
19893,1,1,0.9999999999999847
19897,0,0,6.971739334577194e-09
19906,0,0,0.03174956809051792
19911,0,0,0.07938502410677328
19913,0,0,3.247843088144282e-08
19914,0,0,1.4314545430300637e-18
19924,0,0,3.9685666309155547e-16
19928,0,0,1.228320480977672e-06
19932,0,0,2.8085794702150427e-13
19935,0,0,0.0380256693290866
19942,0,0,0.14261150265934902
19946,0,0,0.1478464939515234
19951,0,0,0.21069718044994543
19953,1,1,0.9999999999999984
19955,0,0,0.00012931561063348184
19960,0,0,5.9269283106808446e-08
19964,0,0,4.735297177118857e-09
19965,0,0,6.528080595021969e-06
19969,0,0,7.657081941913831e-15
19970,0,0,0.13221641115473015
19972,0,0,0.22625941152165616
19973,0,0,0.009281580495889775
19977,0,0,0.13494395987601568
19980,0,0,0.00028265125774900056
19996,0,1,0.5712593458833461
19997,1,1,1.0
20001,0,0,3.3767920004789585e-07
20002,0,0,2.49129157453703e-07
20003,1,1,0.9996405662993019
20006,1,1,0.9999999999999998
20009,0,0,1.3045305202028365e-07
20012,0,0,0.021113078001704567
20013,1,0,0.231902283576381
20025,1,0,0.2888504217419976
20035,1,1,1.0
20045,0,0,0.07007514763752698
20048,0,0,1.134637117099359e-05
20054,1,1,0.9999999999999996
20055,0,0,1.5152951662777282e-08
20072,0,0,5.9337285891375696e-05
20076,0,0,0.0587333230659423
20080,0,0,4.3152498109704087e-10
20086,0,0,0.05902193029951459
20090,0,0,1.2182432634172372e-06
20095,0,0,0.34779242449289277
20117,0,0,3.3430949740077952e-06
20119,0,0,0.0006268929939062181
20123,0,0,1.2401636062053396e-11
20131,0,0,3.4062175693080255e-07
20146,0,0,0.005866833007011005
20147,0,0,0.04362107834862826
20148,0,0,0.18087064667616426
20149,0,0,1.7558200897843114e-11
20151,0,0,3.53007152822629e-12
20161,0,0,7.85845166219987e-09
20164,0,0,4.808912329102e-09
20178,1,0,0.1703742050793937
20181,0,0,7.251973396412796e-07
20183,0,0,3.873746695934311e-09
20187,0,0,7.158132798649573e-05
20188,0,0,0.01310835354578291
20190,0,0,9.118320913914176e-16
20195,0,0,5.1723987632200424e-08
20207,0,0,0.03307589628532678
20208,0,0,0.21787801232972115
20214,1,1,0.9999999969297775
20216,0,0,0.05599480769838797
20217,0,0,6.532129365743655e-11
20225,0,0,2.076570387039849e-11
20227,0,0,0.10208357147262141
20228,0,0,0.001996464689525402
20230,0,0,8.39550230005973e-07
20233,0,0,1.2643339737272808e-08
20240,0,0,0.08895308663955287
20243,0,0,1.4156478838226302e-12
20244,0,0,3.0916257189443625e-07
20247,0,0,1.6870101513002675e-09
20249,0,0,9.100081895187566e-14
20251,0,0,0.04929254566657626
20253,0,0,1.0978885903916136e-06
20256,0,0,2.1135875033058606e-15
20258,0,0,8.379177185961394e-05
20263,0,0,8.09123489953092e-06
20279,0,0,5.350213816748271e-08
20287,0,0,2.409654981210144e-11
20291,0,0,5.431147443917481e-10
20298,0,0,7.602141197399058e-08
20303,0,0,1.1419940325197525e-12
20308,0,0,4.322303207582731e-18
20312,0,0,3.823158620820065e-06
20318,0,0,5.6976759164545685e-05
20320,0,0,1.8145978123331626e-15
20321,0,0,0.07174377521746712
20322,0,0,0.008242847367691894
20331,0,0,4.0605117809385135e-09
20332,1,1,0.9541179498749698
20333,0,0,2.3233345556847416e-10
20341,0,0,4.799974176001712e-08
20344,0,0,4.010957401875595e-06
20348,1,1,0.9999999999999996
20352,0,0,0.0015741270113245824
20356,0,0,0.016238204232851303
20357,0,0,0.01866661199907453
20366,0,0,1.017821950069785e-07
20373,0,0,7.087699033500749e-11
20375,0,0,0.011577875718318557
20384,1,0,0.3432611225514965
20390,0,0,1.1328522534529406e-07
20396,0,0,3.662739568074412e-12
20400,0,0,0.0014930331311927766
20409,0,0,9.062419765854e-07
20415,1,1,1.0
20423,0,0,6.426268878567686e-11
20425,0,0,0.035876329528401085
20430,0,0,8.604634465961408e-08
20436,0,0,0.04170699556137014
20443,0,0,0.236116965827437
20464,0,0,8.127060754303152e-10
20473,1,0,0.2153378413967511
20478,0,0,0.006037923568603731
20482,0,0,2.9027557264684704e-18
20497,0,0,0.03758859417664493
20503,0,0,2.7832901208996675e-08
20516,0,0,5.146795856029369e-06
20521,0,0,0.00408264469321767
20536,1,1,1.0
20537,0,0,2.753369833349264e-12
20553,0,0,7.978732352172314e-17
20558,0,0,0.10834072069379988
20559,0,0,2.692645630319078e-07
20565,0,0,1.173837218969794e-05
20572,0,0,3.968338522588258e-09
20574,1,1,1.0
20577,0,0,1.5975956336429126e-10
20582,0,0,0.33090090569590624
20588,1,1,0.9999968389112143
20593,0,0,4.4406637489012e-06
20603,0,0,2.40294730744387e-10
20609,0,0,3.8259060890122105e-16
20611,0,0,6.680163573462277e-08
20612,0,0,5.7192821332499184e-08
20614,0,0,0.0867480269090267
20618,0,0,2.170250842188365e-13
20625,0,0,0.07628051854866348
20631,0,0,3.204577620883481e-07
20642,0,0,0.1566863370354289
20644,0,0,1.5360395615554804e-06
20650,0,0,2.929800520582738e-12
20651,0,0,1.3921848017018483e-06
20652,0,0,1.0865771995008405e-06
20655,0,0,0.006767849975550146
20656,0,0,0.01767663896712915
20662,0,0,0.03881557258684081
20663,0,0,0.02488240247026821
20664,0,0,0.06026562912725985
20665,0,0,0.10256433482864571
20668,0,0,0.012630679977951918
20681,0,0,0.08093316498252257
20682,0,0,0.03565800116905361
20683,0,0,0.00011571773377293325
20685,0,0,3.060062750153927e-13
20688,0,0,0.01145437887747898
20692,0,0,0.04270257996230532
20693,1,1,0.9880787727198459
20706,0,0,7.599799928013203e-13
20713,0,0,0.22014965903095848
20722,0,0,2.27178856847074e-05
20725,0,0,6.760726937705387e-09
20726,0,0,0.0061655482959828475
20727,0,0,2.5598767302047324e-07
20730,0,0,2.9346147634476518e-12
20734,0,0,3.1812722451900024e-12
20739,0,0,0.23310513997585625
20751,0,0,0.02941866195166497
20758,1,0,0.21937879689477102
20763,0,0,5.2167495002173275e-15
20767,0,0,1.3402887901361288e-07
20768,0,0,4.145321209877394e-07
20773,0,0,7.414237340005315e-10
20779,0,0,0.00021170448533107213
20785,0,0,4.5721171802260574e-08
20786,0,0,3.1455863614386877e-07
20795,0,0,1.1152417990554775e-09
20800,0,0,0.007039260295657882
20802,0,0,0.04655397363237626
20804,0,0,5.162228205814242e-09
20819,0,0,7.037230323871083e-09
20824,1,0,0.24240657878994168
20826,0,0,0.0027607971815919665
20831,0,0,0.005649374868450725
20839,0,0,7.604512731211618e-09
20846,1,1,1.0
20850,0,0,2.295148233246441e-09
20859,0,0,6.366278134916728e-11
20877,0,0,0.06569803844416476
20883,0,0,0.006540569782929299
20885,0,0,0.011120532572538573
20886,0,0,0.24758011006983696
20892,0,0,0.10010928278338195
20898,1,1,0.9999999999989002
20905,0,0,1.2865822469204344e-06
20907,0,0,0.0060296979909412445
20908,0,0,1.1334585024275394e-05
20919,0,0,1.0648735695646306e-14
20934,0,0,0.10120315693824421
20935,0,0,6.507732476187582e-13
20943,0,0,0.0424123468711548
20949,0,0,6.184881205611769e-13
20955,0,0,9.168223659491491e-08
20957,0,0,0.09289959395206701
20965,0,0,0.10215377918587688
20973,1,0,0.2606446721056549
20979,0,0,0.02790466612859211
20980,1,1,0.9999999999999998
20985,0,0,7.066308108590046e-13
20994,0,0,0.00025795806871623786
21000,0,0,6.691323616636863e-07
21001,0,0,0.007398070231235808
21007,0,0,0.2904993824293381
21020,0,0,0.0002677028982094903
21026,0,0,0.005419438619940101
21029,1,1,1.0
21036,0,0,0.007044626210326653
21042,0,0,3.887506606584226e-05
21047,0,0,3.085745902097922e-17
21067,0,0,0.08897767200969293
21070,0,0,0.009167390882093352
21073,0,0,0.1294170738445003
21080,0,0,6.378966306867084e-11
21083,0,0,1.2055037135001903e-15
21091,0,0,0.004773647444290839
21092,0,0,0.0070545346473354364
21106,0,0,1.2412671926888386e-07
21108,0,0,0.009104454027313824
21115,0,0,4.260053441622716e-08
21117,0,0,0.02877551242738087
21118,0,0,3.134501102840512e-08
21130,1,1,1.0
21131,0,0,3.0763158248058336e-08
21138,0,0,8.732305906454336e-13
21144,0,0,2.9544355417440944e-12
21152,0,0,3.5897353795509796e-10
21166,0,0,1.8272171338246756e-11
21172,1,0,0.2341824213631974
21175,0,0,0.00046553528190080543
21179,1,0,0.038995140453623366
21182,0,0,5.555583266166771e-12
21184,0,0,0.02550934150272763
21185,0,0,0.2269448240437852
21186,0,0,2.105179351009953e-09
21187,0,0,1.6016364140609368e-06
21191,0,0,5.21554184411204e-08
21199,0,0,1.3243966896085843e-11
21201,0,0,0.19219912217992827
21203,0,0,7.139531497114738e-16
21207,0,0,3.710456941893691e-12
21208,0,0,0.017840332704202547
21218,0,0,2.899488942083437e-07
21221,0,0,3.9097906845763884e-13
21223,0,0,4.5318015808186165e-06
21227,0,0,2.1287217163403097e-09
21230,0,0,0.014493322927379235
21231,0,0,9.590169548933976e-07
21233,0,0,2.2888757041859758e-05
21249,0,0,0.02138805184036122
21255,0,0,4.935387038940515e-10
21262,0,0,0.00438293119532026
21268,0,0,9.991349944137196e-12
21277,0,0,4.757703380326323e-09
21288,0,0,7.987159419035597e-11
21290,0,0,5.668847185097765e-06
21294,0,0,2.3349084760686087e-09
21297,0,0,2.3108511498028065e-07
21300,0,0,6.806919037257174e-06
21305,0,0,0.006075021789133441
21306,0,0,9.854388166984497e-07
21315,0,0,1.1019199732851154e-10
21322,0,0,2.4210266447007077e-05
21323,0,0,1.558393939209275e-13
21327,1,0,0.33980048748806424
21329,0,0,4.197538270951537e-06
21337,0,0,5.6843653446473834e-12
21346,1,1,0.9976211949644924
21351,0,0,0.013828238486599288
21364,0,0,0.08881614593112118
21365,0,0,2.6720631516953713e-12
21366,0,0,0.02698700670690482
21375,0,0,0.261138791813935
21376,0,0,1.8175229454005383e-13
21379,0,0,0.10379917905267327
21381,0,0,0.03762435843819265
21384,0,0,0.1370016524178567
21387,1,0,0.03180474659200924
21392,0,0,0.00024554748895910675
21398,0,0,0.06564763845573923
21401,1,1,0.9999999999999734
21409,0,0,0.0635340517614934
21411,0,0,3.665046003566555e-05
21413,0,0,6.366032166900706e-06
21421,0,0,0.25328060095257987
21430,0,0,0.06448543706207416
21432,1,1,0.9999277484795537
21435,0,0,0.1674886470847835
21439,0,0,0.0055303624966090295
21449,0,0,0.18178887984555636
21457,1,1,0.9999999999999989
21461,0,0,0.03095300161249127
21462,0,0,5.7125536329573875e-06
21463,0,0,0.00014780278541491411
21475,0,0,0.048449557225064346
21479,0,0,3.860856169162661e-05
21482,0,0,5.51776150126966e-10
21483,0,0,4.542040985748791e-08
21486,0,0,4.8906761084926914e-08
21494,1,1,0.9999999999999998
21509,0,0,0.015283714648780105
21513,0,0,6.151983993132557e-08
21518,0,0,0.00011658499961537329
21519,0,0,5.74468329696418e-16
21520,0,0,0.02759929977964726
21525,0,0,0.0006717642491760509
21528,0,0,1.5677861247505126e-09
21529,0,0,2.5587447321703103e-13
21540,0,0,3.5519121104183797e-13
21541,0,0,0.0014399670976827255
21545,1,1,0.9999999999967071
21548,0,0,2.4520455276681487e-18
21557,0,0,0.02190445839537262
21571,0,0,0.08390496470211434
21572,0,0,2.3912948702550124e-07
21576,0,0,0.22598205714189065
21578,0,0,3.866861425532375e-12
21583,0,0,0.004968044333270216
21584,0,0,1.7798093267867572e-05
21589,1,1,1.0
21594,0,0,5.790128462548732e-10
21595,0,0,0.002984768109002201
21596,0,0,1.8035094585456315e-12
21597,0,0,4.762178105874321e-08
21616,0,0,0.2728941191338165
21618,0,0,4.418140076699064e-08
21621,0,0,0.02449310080423679
21625,0,0,0.008558384368601322
21631,0,0,1.039008162275808e-06
21632,0,0,2.5407823562442515e-05
21639,0,0,0.1562496656827912
21645,0,0,0.1446837219335611
21651,0,0,1.9769912540668734e-06
21654,0,0,1.4696124373958516e-05
21657,0,0,0.36442430921659424
21666,0,0,0.1873601456098192
21668,0,0,0.11910783705563414
21670,0,0,0.009536899382742775
21674,0,0,1.1468042573519799e-10
21680,0,0,9.67913478843685e-09
21688,0,0,7.436806902147744e-08
21698,0,0,0.00020461587029931585
21699,0,0,1.8865829965916523e-05
21701,0,0,2.3266649532117393e-11
21704,1,0,0.04207667399143297
21712,1,0,0.21820181307595934
21713,0,0,0.016045927142193165
21714,0,0,0.1624838272167433
21719,0,0,1.8640541620742507e-10
21723,0,0,2.0277729560578947e-07
21725,0,0,0.018324136308674636
21734,1,1,0.9999999983070469
21736,0,0,1.3270477987848984e-12
21737,0,0,6.425240461383648e-12
21738,0,0,0.018053239837789933
21739,0,0,0.008549217269635213
21754,0,0,0.016357536396028823
21760,0,0,8.330867074710722e-14
21769,0,0,0.012028857398228801
21771,0,0,5.1941366121245275e-08
21785,0,0,0.0847940648413046
21789,0,0,0.00783219367386625
21790,0,0,7.34009349742493e-09
21802,0,0,0.006582903767684204
21811,0,0,1.6058577244610187e-07
21814,0,0,3.052638550391401e-07
21821,0,0,2.388132746726892e-06
21832,0,0,0.004379328226600941
21833,0,0,1.780053584498919e-15
21834,0,0,1.1869601168009665e-08
21837,0,0,1.1189545403625054e-06
21844,0,0,5.020005342203478e-13
21845,0,0,0.3310048022265761
21854,0,0,1.6414681611871188e-13
21855,1,1,0.9999999969459918
21860,0,0,5.478118103392527e-06
21864,0,0,0.001579916589775977
21869,0,0,6.179553978242998e-13
21875,0,0,0.010452608467572747
21881,0,0,2.5400310301265666e-08
21886,0,0,9.443181642702461e-07
21894,0,0,2.254427098475809e-10
21895,0,0,0.3456277006739243
21898,1,1,0.9999999999999047
21903,0,0,5.173248873934143e-08
21906,0,0,0.03789341420498769
21913,0,0,0.13892272522364382
21914,0,0,3.153311259887982e-11
21915,0,0,3.3613670954190085e-12
21916,0,0,0.0022959444731900586
21917,0,0,1.8288333671879379e-07
21927,0,0,6.508333562563246e-11
21933,0,0,2.5357803012317197e-12
21943,1,0,0.2657990509512572
21949,0,0,3.3340328593118375e-08
21951,1,0,0.4537514549007655
21979,0,0,1.2386238383700069e-11
21984,0,0,3.496269913901714e-06
21990,0,0,0.09310088208240334
21992,1,1,0.9999999999994529
21994,0,0,2.4525907385132628e-05
21995,0,0,0.033476735798086854
21997,0,0,1.8809858963320084e-08
21998,0,0,0.00103129206370066
22002,0,0,2.1334183914128275e-14
22004,1,0,0.13273127129955783
22007,0,0,0.014458183148234115
22008,0,0,0.021702110952149977
22026,0,0,2.1973182300693984e-07
22028,1,1,0.9948697506350155
22050,1,0,0.1491684678189028
22051,0,0,9.199883536565511e-09
22055,0,0,9.795648616306416e-08
22059,0,0,0.2436214214368623
22060,0,0,1.0814063901168779e-06
22061,0,0,1.0736854144880638e-08
22062,1,1,0.9999999999997375
22067,1,0,0.4572413249064438
22068,0,0,1.8017398570178178e-13
22070,0,0,5.563775084250154e-09
22075,0,0,8.528899874450722e-12
22084,0,0,8.890519159577491e-05
22090,0,0,1.0429296596446068e-16
22097,0,0,0.0012853044177091593
22105,0,0,9.396704240729318e-10
22109,0,0,4.884410795003898e-14
22112,0,0,0.0028065255989153785
22117,0,0,7.841292493018145e-17
22119,0,0,1.0650225882907265e-20
22126,0,0,0.010316514677787405
22130,0,0,0.0007917074315263173
22131,0,0,4.129058925029697e-14
22137,0,0,0.1812799208319583
22142,1,0,0.09070536529033565
22144,0,0,3.0548821797147914e-07
22146,0,0,5.4027303798650465e-15
22147,0,0,0.0035986737388459485
22156,1,1,0.9999999999999991
22160,0,0,0.20093711971839626
22163,0,0,8.095951368032507e-10
22167,0,0,4.8638305266177877e-08
22180,0,0,4.37382523224853e-12
22184,0,0,2.406308332674215e-09
22185,0,0,1.252395323107323e-08
22186,0,0,1.6263126473452807e-11
22189,0,0,0.006770780829188063
22191,0,0,3.380386900034186e-07
22197,0,0,0.009089314938915691
22199,0,0,8.141318976016968e-11
22201,1,1,0.999999999991144
22202,0,0,0.25904692561171727
22213,0,0,4.181387332831348e-11
22220,0,0,1.5489559124104282e-06
22225,0,0,0.1818919569039632
22226,0,0,1.2156209581256855e-14
22233,0,0,0.0074483894570832
22235,1,1,1.0
22242,0,0,1.8006585745790559e-12
22243,0,0,0.009395512400226975
22245,0,0,0.008865784198969245
22246,0,0,2.184660411246197e-08
22249,0,0,0.009346746266022275
22252,0,0,1.6065793748871145e-06
22253,0,0,4.777315992666613e-10
22254,0,0,7.477503132338146e-09
22258,0,0,0.012332244807981764
22263,0,0,0.019310800637952104
22264,0,0,0.015415185015010855
22265,0,0,9.788640475499658e-07
22266,0,0,0.26961129747991125
22278,0,0,0.007163830237847914
22281,0,0,3.1090353922363203e-12
22284,0,0,0.0046080571236974815
22285,0,0,2.0606576909901266e-08
22294,0,0,2.1234171101211958e-07
22304,0,0,4.245212631607901e-09
22310,0,0,5.169849051777775e-15
22314,0,0,8.639686985049927e-08
22325,0,0,0.02797508381915979
22327,0,0,0.043219610491047375
22332,0,0,0.006238871888258206
22333,0,0,0.0027932648002998856
22340,0,0,0.0016972994448613723
22345,0,0,1.4585573812168519e-08
22351,0,0,4.807016724090887e-05
22353,0,0,0.00036255274305250286
22362,0,0,7.891593514123022e-09
22375,0,0,4.548250713490709e-06
22381,0,0,5.913846392789617e-08
22383,0,0,3.043185141763961e-09
22387,0,0,0.0013769035939143188
22394,0,0,1.1880016175541675e-10
22396,1,1,0.5694563167230186
22400,0,0,0.005287656863183357
22407,0,0,0.009532071226617058
22411,0,0,1.4012019459157232e-05
22413,0,0,1.8338197370352476e-08
22424,1,1,0.9999999999999984
22425,0,0,1.5047166974815061e-05
22441,0,0,0.13881371224616648
22442,0,0,0.006451115285892659
22455,1,0,0.4691369080522004
22456,0,0,0.032923030549658144
22468,0,0,0.004190110447776955
22482,0,0,0.008350194193099271
22484,0,0,0.13067160254751256
22488,0,0,0.010669571919350139
22492,0,0,3.4569316122094167e-09
22499,0,0,1.7534461341039772e-06
22500,0,0,0.010944566687948687
22515,0,0,0.009394430756220266
22521,0,0,0.0010037802968892817
22522,0,0,0.2492820734544082
22532,0,0,5.929287219139814e-09
22536,0,0,1.6910877392075734e-09
22543,0,0,0.2067834368467046
22547,0,0,1.3950270112484207e-13
22550,0,0,1.1497889186546765e-07
22551,0,0,0.25557619456152064
22562,0,0,9.607988607751957e-11
22567,0,0,0.006031384840175061
22568,0,0,1.6639095837531905e-05
22571,0,0,0.023696100585447067
22577,0,0,0.19694437878521429
22586,0,0,1.1302422624180433e-09
22605,0,0,0.020489714278425636
22608,1,1,0.9999998879947053
22610,0,0,0.004074999497841138
22616,0,0,0.003793325491569406
22620,1,1,0.9999999999985216
22621,1,1,0.9999999999999982
22622,0,0,3.384327044751524e-06
22626,0,0,2.1612423009033817e-11
22634,0,0,0.24153085302285576
22635,0,0,0.12200548375838341
22636,0,0,1.91877447380481e-07
22642,0,0,0.003915269950156389
22647,0,0,9.148382874759334e-14
22653,0,0,0.0115204983146967
22657,0,0,0.004346725207491648
22658,0,0,0.18804151636951533
22666,0,0,5.339122736403995e-08
22681,0,0,0.0022060954883863053
22685,1,1,0.9999999999999996
22692,0,0,0.15152520021424085
22695,0,0,1.030867679983999e-15
22696,0,0,8.595057184809375e-12
22702,0,0,0.01956377658552189
22705,1,0,0.13926492686761915
22706,0,0,6.208892218939378e-18
22714,1,1,0.9999909495151584
22723,0,0,6.305778122580048e-08
22725,0,0,4.508628845823195e-10
22730,0,0,0.18976483667745775
22735,0,0,0.008000405344509234
22736,0,0,3.437451725511727e-11
22739,0,0,1.9783896335106216e-09
22743,0,0,3.664598001530241e-05
22746,0,0,6.621430947915741e-13
22750,0,0,6.747236302186422e-13
22757,0,0,0.008376531264017481
22759,0,0,1.8831963889947636e-06
22761,0,0,5.386861651457565e-08
22766,0,0,0.0042569122236803345
22767,0,0,0.00010386030367547948
22777,0,0,6.394284351447256e-09
22781,0,0,3.865998477949988e-07
22783,0,0,0.019879298160844862
22795,0,0,0.002843824554081114
22802,0,0,4.729574284920338e-08
22803,0,0,2.381737958799709e-12
22808,0,0,1.7120104564263494e-11
22811,0,0,0.06921101857270621
22812,0,0,0.00018212081201806842
22813,0,0,2.70994551964524e-06
22815,0,0,0.047314385464726445
22819,0,0,0.2127368751535951
22822,0,0,0.019684547902842475
22830,0,0,4.2511610722175555e-09
22842,0,0,1.8926185532327e-06
22846,1,1,0.9993075363744731
22848,0,0,1.1275535905499258e-09
22851,0,0,5.359977928353659e-05
22860,0,0,1.5972460126916751e-09
22862,0,0,2.1217991361269358e-14
22863,0,0,0.018869231758421628
22864,0,0,1.07831256235927e-06
22868,0,0,1.0875329464859597e-07
22870,0,0,2.1026429114623763e-10
22871,0,0,4.518848691911776e-07
22877,0,0,0.029315150198502896
22880,1,1,0.9999967043607503
22886,0,0,3.847502653980321e-06
22899,0,0,2.1384965430166442e-11
22904,0,0,0.003854247336334074
22913,0,0,0.28143565301519746
22915,0,0,6.898315194552468e-05
22918,0,0,0.0031742920967859495
22922,0,0,0.0058383787923834835
22924,0,0,5.023557696339813e-11
22925,0,0,1.272047938478955e-12
22926,0,0,4.302518302732332e-05
22930,0,0,0.1142465217493836
22935,0,0,0.2156578145284272
22940,0,0,0.24668416911127283
22955,0,0,5.097523600811819e-09
22958,0,0,1.4977282933538933e-08
22962,0,0,0.0785354599126751
22967,0,0,2.5914634490588857e-11
22973,0,0,2.2103732565928078e-13
22977,0,0,0.0030031608933694305
22980,0,0,3.052612467165787e-12
22984,0,0,0.06025376307309886
22985,0,0,0.1566525867665107
22993,0,0,1.4367584188490304e-12
23002,0,0,0.07506547753931642
23010,0,0,0.034004387410157086
23024,1,1,0.9996411802854873
23025,0,0,1.5772198942446802e-08
23030,0,0,0.0074777528429897456
23031,0,0,4.0542293102093354e-11
23033,0,0,0.012364167501564717
23036,1,1,1.0
23037,0,0,0.0012163366555420312
23052,0,0,3.014200127843647e-06
23056,0,0,0.16746280781479722
23065,0,0,1.6670462924571595e-08
23072,0,0,0.12824069509127645
23088,0,0,3.641546914762665e-12
23092,1,1,0.9999999990621602
23094,0,0,0.031065737366027746
23096,0,0,0.004323692109338983
23097,0,0,1.4554527127106773e-11
23103,1,1,0.9993054359689438
23109,0,0,1.1001753020271774e-07
23111,0,0,7.774691775273952e-05
23112,0,0,1.120920233357374e-05
23115,0,0,1.892092245091752e-07
23118,0,0,1.2666439552412943e-08
23121,0,0,0.18564933986725574
23123,0,0,0.007933503639610871
23130,0,0,0.224577002117979
23132,0,0,0.01869255536155413
23134,0,0,0.004428118173638626
23149,0,0,2.766329210524862e-10
23157,0,0,6.2751139597032636e-09
23158,1,1,1.0
23159,0,0,0.011932627037848163
23164,0,0,5.854698287075429e-05
23165,0,0,2.325641281447245e-08
23169,0,0,9.522432176149494e-11
23176,0,0,3.9971214877260496e-14
23180,0,0,0.11694189351837853
23183,0,0,4.605631808641011e-07
23187,0,0,1.4708716965526367e-09
23190,0,0,2.519594679283737e-15
23195,0,0,2.2266923261853716e-10
23198,0,0,1.4101812291084601e-12
23200,0,0,0.12371497065912085
23201,0,0,0.00010931100638564754
23214,0,0,2.1293684471275144e-05
23218,0,0,4.4761125194165834e-07
23219,0,0,0.00475113017960036
23228,0,0,0.10699217166370313
23232,0,0,1.1337856257241689e-05
23233,1,1,0.9999999999999998
23234,0,0,0.15951682390883634
23244,0,0,3.699520531708873e-08
23249,0,0,1.1230401604955614e-07
23252,0,0,0.006913553394306391
23261,0,0,5.88391871079861e-11
23271,0,0,0.03214846433251834
23275,0,0,2.0786752052368077e-05
23285,0,0,8.372660292020724e-08
23288,0,0,1.856021680218794e-12
23294,0,0,6.085215690205209e-17
23299,0,0,0.0021234291634646654
23303,0,0,7.6033805868476e-11
23308,0,0,2.4381363183125834e-07
23311,0,0,0.006008800299894313
23316,0,0,0.32215807987703593
23317,0,0,6.742593283116877e-07
23319,0,0,0.17458642638391503
23327,0,0,5.4888864433646165e-06
23331,0,0,0.016419871384364144
23338,0,0,0.05561260780960295
23343,0,0,9.481248825310697e-10
23357,0,0,3.3932880998151984e-06
23361,0,0,0.0014575447664361399
23366,0,0,0.18529221117507558
23374,0,0,0.002862427960153856
23381,0,0,0.005608030944252884
23382,0,0,0.028676324001996982
23387,0,0,6.69677297715774e-14
23392,1,1,1.0
23397,0,0,2.0199077491080656e-07
23406,0,0,1.401825755358988e-07
23412,0,0,7.657328512714632e-06
23417,0,0,0.005679595125815103
23423,0,0,1.6208777911000637e-07
23429,0,0,0.0209507612248926
23433,0,0,0.0023410790364152547
23437,1,0,0.19980527968315093
23439,0,0,0.0663797872586461
23440,0,0,0.008150852219989112
23447,0,0,0.4589926926592518
23450,0,0,2.3623267547289934e-12
23451,0,0,0.07463600438123177
23465,0,0,5.200411400566252e-10
23469,0,0,0.0034274400087117396
23481,0,0,0.0002474530264298752
23487,0,0,6.693264946125498e-09
23497,0,0,0.004902393546885681
23499,0,0,1.6695592868296708e-14
23504,0,0,0.09113224524263183
23512,0,0,0.14399133337067102
23523,0,0,1.169681589381019e-07
23525,0,0,1.3524306037656207e-11
23526,1,1,0.9999999999999993
23530,0,0,0.014741499444286658
23531,0,0,0.03884983662195503
23534,0,0,4.665302916883946e-08
23537,1,0,0.49184622242896303
23538,0,0,9.524757721730318e-06
23555,0,0,0.28450824443086337
23562,0,0,4.1571003439640753e-07
23570,0,0,0.005481334672702224
23574,0,0,0.19023499049924217
23575,0,0,0.00021201559641587098
23584,0,0,0.01156517646513997
23585,0,0,0.01064494005615361
23586,0,0,2.0350860662659182e-06
23588,0,0,5.01066456211982e-07
23589,0,0,4.437198589140133e-17
23593,0,0,3.5810195369470657e-07
23595,0,0,0.000626469211824285
23596,0,0,3.2819946730993493e-07
23600,0,0,0.008948456884812842
23606,0,0,1.5413704005893236e-11
23607,0,0,0.034385083987353085
23611,0,0,2.192753725365512e-09
23614,0,0,0.0038792225667966885
23615,0,0,0.043610387727813026
23626,0,0,4.898991134806556e-07
23631,0,0,0.009085715788849343
23633,0,0,1.8459092732037575e-05
23637,0,0,0.09052032173973072
23644,0,0,0.020648258093147652
23646,0,0,2.2524457400547273e-08
23647,0,0,6.074712015314416e-07
23663,1,0,0.23373108059984812
23670,0,0,3.171327481294003e-05
23672,0,0,7.73659605990028e-06
23673,0,0,0.12767227603425094
23676,0,0,0.08068534940036118
23677,0,0,0.0005046628829577784
23680,0,0,0.025370506944426694
23688,0,0,3.6725795576421196e-12
23691,0,0,0.04478405538676051
23693,0,0,5.58563511730492e-09
23702,0,0,0.010039270462323594
23703,1,0,0.422621476369634
23705,0,0,9.167940267953256e-12
23721,0,0,1.144160337771325e-08
23724,0,0,0.26931208681395746
23735,0,0,1.798848426036445e-08
23743,0,0,2.684365979846819e-07
23744,0,0,1.4404023987772201e-07
23765,0,0,9.750913390822361e-09
23767,0,0,0.12991934556847828
23770,0,0,6.659762201765744e-10
23778,1,0,0.19519842084658723
23792,0,0,3.7176904974876527e-06
23798,0,0,2.3029255562928893e-13
23808,0,0,2.5959914162539348e-12
23811,0,0,7.006255188556764e-11
23816,0,0,0.18705689293029581
23821,0,0,1.71039515284773e-05
23823,0,0,7.313284995330228e-14
23832,0,0,9.46885416822356e-12
23833,1,1,1.0
23838,0,0,1.8214045097692443e-09
23840,0,0,1.639564154563537e-11
23844,0,0,0.07464755715534724
23846,0,0,1.2254253474907837e-08
23849,0,0,6.9953918519632064e-09
23856,0,0,3.755628111667274e-07
23858,1,1,1.0
23862,0,0,2.1775550524561646e-06
23868,1,1,0.9999999999999987
23872,0,0,1.118640301111445e-12
23875,0,0,0.024151980082046467
23882,1,1,0.9999999938587476
23883,0,0,5.25600146344195e-15
23886,0,0,0.0051608051487835585
23887,0,0,1.2288582296850262e-05
23888,0,0,0.004471138115497735
23895,1,1,1.0
23896,0,0,0.18405337970090668
23915,0,0,0.010905598095753762
23917,0,0,1.766426481029013e-12
23919,0,0,1.4039115972987598e-08
23920,0,0,0.004849256364772076
23922,0,0,0.010452717414758953
23938,0,0,3.952892311548084e-07
23942,0,0,4.4465704929634766e-07
23947,0,0,0.00029441559176839516
23953,0,0,1.1497222548050316e-05
23954,0,0,0.0021890924493636987
23955,0,0,0.013814888157446035
23956,0,0,0.0007719165872018745
23962,0,0,1.4548924399408206e-05
23969,0,0,2.5983036483531628e-11
23970,1,1,0.9988347008244421
23972,0,0,7.186327206293843e-10
23978,0,0,0.03385531716035035
23981,0,0,0.1284956921270122
23982,0,0,0.0016601704153530942
23992,0,0,2.323388240267522e-06
23993,0,0,3.179516978426714e-05
23995,0,0,3.6021785322874343e-06
23996,0,0,2.867255491584625e-08
23997,0,0,8.307991721147667e-06
24003,0,0,4.2900449392173566e-14
24004,0,0,1.8378469604795454e-11
24006,0,0,1.158043830125959e-07
24009,0,0,0.005082446825709526
24010,1,1,0.9981216779830615
24016,0,0,2.9810311687058346e-07
24019,0,0,3.4869485921732463e-13
24020,0,0,0.06751804724487104
24028,0,0,3.1299278571623297e-16
24034,0,0,0.005993434836298424
24051,0,0,0.18498954250318494
24053,0,0,1.335477301362346e-12
24054,1,0,0.12943670195502738
24058,0,0,0.011117130110913274
24059,1,1,0.9999999836317623
24061,0,0,7.806567992748979e-10
24069,0,0,0.05004966793146054
24076,0,0,4.1008449769010894e-12
24080,0,0,0.005439896000411253
24081,1,1,1.0
24084,0,0,0.010236902481855855
24091,0,0,0.18494008427637418
24099,0,0,0.02751821639615422
24102,0,0,1.3787057222570328e-12
24105,1,0,0.21955451704942477
24112,0,0,2.386215450576283e-08
24118,0,0,0.00023685191577263586
24122,0,0,2.5709050085734e-07
24127,0,0,3.097743819392293e-07
24132,0,0,8.719440035642694e-11
24135,0,0,0.004369905372991249
24137,0,0,0.10977155909384707
24139,0,0,0.13371372403567697
24142,0,0,1.681719852005796e-07
24156,0,0,3.062750865098346e-11
24158,0,0,1.4365899735426946e-09
24165,0,0,1.2237992883390455e-06
24166,0,0,1.5952771920219453e-13
24172,0,0,6.160217220535653e-13
24174,0,0,1.8698085964101103e-09
24181,0,0,0.003050175902238205
24186,1,1,0.7727962990364092
24190,1,1,0.999999999999994
24203,0,0,1.665318457034144e-06
24213,0,0,5.639976922900588e-05
24222,0,0,0.3192144690755377
24227,0,0,3.0992117909610742e-12
24229,0,0,1.5732068917206273e-05
24235,0,0,8.690618445813636e-11
24267,0,0,8.563576223042764e-05
24277,0,0,1.374589941071009e-08
24290,1,1,1.0
24295,0,0,0.08340316223432019
24299,0,0,0.006224310760129008
24302,0,0,7.436052966147303e-08
24304,0,0,2.725121439949355e-08
24305,0,0,0.00835276674610119
24314,0,0,3.800692574976351e-12
24316,0,0,0.001797508694056513
24321,0,0,4.926875968641589e-08
24327,0,0,1.243033554474315e-11
24328,0,0,5.096937245979049e-13
24331,0,0,9.581917976902857e-07
24332,0,0,8.968488707062489e-18
24345,0,0,8.988918708857864e-08
24351,1,1,0.9514242531902304
24356,0,0,0.002798623063521737
24364,0,0,0.0002466045531854592
24366,0,0,0.01717431848374124
24368,0,0,3.981472412626661e-12
24371,0,0,3.7460382139241925e-15
24377,0,0,0.0005016733617870646
24387,0,0,5.892389168069199e-10
24390,0,0,0.14389508375943583
24394,0,0,0.14158379018538086
24395,0,0,5.236829919121097e-11
24396,0,0,0.15556659548590387
24407,0,0,4.350561966404212e-06
24414,1,1,0.9999999914736294
24418,0,0,8.329228936654246e-16
24420,0,0,5.364614594028942e-06
24427,0,0,1.4061142608865106e-05
24429,0,0,0.07453050743572043
24430,0,0,0.0076107520039056294
24434,0,0,0.010656599829751827
24438,0,0,1.702999539282716e-05
24441,0,0,0.02195713560550374
24442,0,0,1.724179073214135e-11
24449,1,1,0.9999999999998221
24459,0,0,0.384056459814901
24464,0,0,0.10873703414641692
24466,0,0,0.005923509578705069
24469,0,0,6.46117099319693e-07
24473,0,0,6.657145674113122e-13
24480,0,0,0.14583545775663123
24482,0,0,9.31801931369316e-16
24483,0,0,5.077062081506599e-09
24484,0,0,8.190815690901545e-09
24503,0,0,2.0138392600018667e-06
24514,0,0,7.053589677503633e-18
24520,0,0,5.736403786011357e-05
24521,0,0,8.433178576969768e-13
24525,0,0,1.3035444521724326e-06
24535,0,0,0.0019116539509398214
24539,0,0,1.6413930554975438e-12
24544,0,0,3.9210012669516984e-07
24550,0,0,2.2017309962454115e-07
24557,0,0,3.392678352612238e-08
24561,0,0,4.1388084100848074e-08
24564,0,0,2.289083300441414e-11
24566,0,0,0.19091346183401958
24569,0,0,3.4134388441814956e-17
24570,0,0,0.003534456594700808
24574,0,0,0.04668691710025665
24578,1,1,1.0
24585,0,0,0.06790341118307673
24587,0,0,0.001515171431478857
24592,0,0,6.477118100957105e-13
24600,0,0,1.6508390239483872e-08
24601,0,0,7.555444662628889e-05
24604,1,0,0.4370387103238641
24605,0,0,2.4467447900403936e-13
24611,0,0,0.020937015392369945
24617,0,0,4.63942680600776e-07
24636,0,0,0.0978148132204853
24639,1,0,0.041850963939682864
24640,0,0,0.023668578455583615
24644,0,0,2.740906759549434e-13
24645,0,0,0.026763590865487064
24646,0,0,1.9658948786831246e-07
24650,0,0,0.0043552109065462035
24664,0,0,0.22255882922756526
24669,0,0,9.97501396776999e-13
24673,0,0,8.813390112072745e-09
24676,0,0,1.1417207474109859e-07
24680,1,0,0.012674276853849835
24688,0,0,1.4470801130396012e-15
24690,0,0,9.67119045889238e-06
24691,0,0,7.190037989184287e-14
24703,0,0,0.2284182850920052
24708,0,0,0.06110658625802823
24710,0,0,0.0822457076793017
24723,0,0,0.05364742080027764
24725,0,0,0.0016991485167549604
24727,0,0,7.286589899138897e-07
24729,0,0,5.429218591335759e-12
24732,1,1,1.0
24733,0,0,2.120606672414916e-11
24736,0,0,0.001383106866700404
24748,0,0,9.330263418674995e-09
24763,0,0,9.492224608348927e-07
24776,0,0,0.22596347366029557
24785,0,0,0.20053081148705165
24788,0,0,3.641164674793189e-07
24792,0,0,3.4819926990537124e-13
24796,0,0,1.8568479439048339e-09
24797,0,0,0.0046455047324759835
24814,0,0,0.0022948328356319036
24816,0,0,0.00012058223475495036
24817,0,0,2.2647813088631544e-07
24821,0,0,0.3543826562375596
24822,0,0,0.04726984407946371
24828,0,0,0.32341407566100006
24835,0,0,1.5091255534168216e-10
24836,0,0,8.99572189781109e-08
24841,0,0,0.030435829325258495
24844,0,0,2.828562967407489e-11
24846,0,0,0.003405180688818874
24849,0,0,8.155836395827785e-08
24850,0,0,0.2380764266837233
24856,0,0,0.007718017282610798
24857,0,0,6.145521573335218e-08
24858,1,1,1.0
24864,0,0,0.0001232720649685337
24873,0,0,0.0004167170099033571
24874,0,0,5.983343231815847e-10
24880,0,0,3.005423965191724e-07
24881,1,1,0.9999999971073537
24892,0,0,0.008237931338318006
24895,0,0,0.0014176355463745495
24898,0,0,0.036017904074440936
24899,0,0,8.066307878190742e-10
24901,0,0,0.28533968678956173
24903,0,0,0.020040861967574555
24913,0,0,0.01914803451123217
24917,0,0,1.8307470549736656e-17
24919,0,0,0.00886840832426321
24921,0,0,4.001582027222375e-06
24934,0,0,0.11787319619147844
24943,0,0,0.06730307479372703
24952,0,0,1.2301418486277692e-06
24958,0,0,1.949393796861543e-12
24965,0,0,1.6404527047692658e-21
24969,0,0,4.163745723787959e-06
24971,0,0,1.502115054848547e-05
24973,0,0,0.02773008155967063
24977,0,0,4.3361235913582974e-05
24978,0,0,8.91927830742418e-16
24982,0,0,0.10349961369827099
24987,0,0,6.920072344335819e-05
24993,0,0,0.09361215204526048
24997,0,0,0.10804054604258491
24999,0,0,0.006910701576387593
25007,0,0,0.020098327842289987
25012,1,1,1.0
25013,0,0,1.2880244238161202e-06
25018,0,0,1.6750053006366651e-06
25023,0,0,5.221882361629189e-10
25029,0,0,6.39431224163183e-08
25035,0,0,1.5818826242623559e-06
25037,0,0,1.54492831626563e-06
25039,0,0,0.037176777448204947
25043,0,0,4.2630053241779246e-07
25048,0,0,0.02448620729383241
25049,0,0,0.012821270256171273
25054,0,0,0.024060646974455643
25057,0,0,6.109010365217302e-15
25075,0,0,0.00021093731344480637
25081,0,0,2.0093490809523692e-07
25084,0,0,9.119758510714375e-12
25090,0,0,0.000795718051551956
25094,0,0,2.956847036442573e-05
25097,0,0,0.014518548759356775
25100,0,0,2.920331759408034e-12
25106,0,0,2.5839153306050385e-05
25119,0,0,0.01673809997512964
25123,0,0,9.010623429143875e-06
25126,0,0,0.019516067201836927
25127,0,0,3.718433459006473e-09
25131,0,0,0.008360868309567577
25132,0,0,0.00020076679576073073
25136,1,1,0.796582029949017
25137,0,0,0.019990762901206282
25140,0,0,1.0114041527865443e-10
25159,0,0,3.9593469435844174e-07
25168,0,0,0.05679008250055611
25172,0,0,0.003515556734391894
25174,0,0,3.450708712080438e-11
25178,0,0,0.038292552117336336
25186,0,0,6.43240603590204e-08
25187,0,0,4.634447007486346e-05
25206,0,0,6.151905905938949e-08
25209,0,0,1.4502055258253173e-18
25211,0,0,0.11443097126126783
25215,0,0,0.027930995106435784
25226,0,0,0.0042607917476901
25232,0,0,4.266961405424108e-14
25233,0,0,4.1266522487381666e-06
25236,0,0,0.008293656324421032
25238,0,0,1.3914459945389612e-05
25240,0,0,0.00010193812603829685
25242,1,0,0.16306583207572234
25247,0,0,0.0721901393181081
25248,1,1,1.0
25249,1,1,0.9999999913854404
25253,0,0,0.022181550212916623
25267,0,0,0.0884788868258035
25274,0,0,0.12120615338982721
25275,0,0,0.004118766263309302
25286,0,0,1.1445609755641292e-13
25291,0,0,0.12006549632330751
25292,0,0,2.873663756925355e-09
25293,0,0,1.3559176594922757e-05
25309,1,1,0.9999999999995353
25310,0,0,0.006710094226950422
25313,0,0,3.3814662262510837e-15
25328,0,0,4.786665064325319e-09
25335,0,0,0.003654426996249394
25342,0,0,0.0005186164480704052
25346,0,0,0.029413741361097576
25352,0,0,0.008365035561977104
25371,0,0,0.09372647241306857
25374,0,0,4.8655560996018034e-14
25375,0,0,0.02464090658261319
25381,1,1,0.9999999934688051
25387,0,0,2.9963220895610447e-14
25389,0,0,8.2453962160892e-08
25391,0,0,2.6682673861568178e-08
25396,0,0,6.986118771165948e-10
25401,0,0,4.744419544444326e-08
25405,0,0,3.6099739030601385e-05
25407,0,0,3.3152297196043225e-08
25415,0,0,0.16259529123593489
25425,0,0,5.349755168878787e-12
25438,0,0,1.0721656608265896e-12
25460,0,0,2.2523502424271025e-08
25466,0,0,6.173750696061473e-09
25476,0,0,2.930846221091588e-07
25483,0,0,0.0070002798993143815
25485,1,1,0.9999999999985665
25490,0,0,6.401659713044577e-09
25493,0,0,0.1453335341854796
25496,0,0,3.457261793761209e-07
25502,0,0,2.4222201609382353e-05
25515,0,0,0.0030214591165498243
25525,0,0,3.838863958245063e-05
25527,0,0,0.01618545670157054
25529,0,0,0.014930365251356147
25530,0,0,0.0017492928261929601
25532,0,0,9.89312358935833e-09
25536,0,0,0.017133345840568078
25541,0,0,0.009101036443243607
25544,0,0,0.09916231367702427
25545,1,1,1.0
25546,0,0,0.011844198312166753
25568,0,0,3.1149384421933475e-07
25570,0,0,8.432263854732208e-07
25572,0,0,0.00015731227999065135
25574,0,0,0.020064501073829073
25576,0,0,4.628388389714255e-13
25581,1,0,0.00861593698227043
25582,0,0,0.008663861821297834
25585,1,1,0.9999999999999996
25588,0,0,2.284494478234475e-10
25590,0,0,3.221790278113284e-08
25602,0,0,1.7909730366418597e-10
25603,0,0,6.820347855419449e-09
25604,0,0,0.047982655128062365
25605,0,0,2.2830570190049273e-05
25611,0,0,2.7668392987595355e-15
25629,0,0,1.88497892744043e-18
25636,0,0,0.03478221121218442
25639,0,0,1.2458746855374707e-12
25644,0,0,2.1288462935982372e-12
25655,0,0,3.2264563373484732e-09
25662,0,0,3.979654319041309e-10
25664,0,0,0.0005453462452064981
25668,0,0,2.9903934783840217e-05
25670,1,1,0.9999999995171724
25679,0,0,1.05692315115492e-06
25695,0,0,1.0765746236686428e-05
25698,0,0,0.21455301293517443
25701,0,0,0.2639604950617296
25712,1,1,1.0
25714,0,0,1.5543675907208357e-06
25718,0,0,6.259943994586121e-08
25720,1,1,1.0
25729,0,0,7.046228320802391e-08
25731,0,0,0.0009536958480502363
25738,0,0,1.2991973715324859e-06
25742,0,0,0.009531835391550267
25744,0,0,2.9523652757058497e-10
25747,0,0,8.798488920079536e-09
25750,0,0,4.942146615614314e-08
25754,0,0,0.06737168908059744
25755,0,0,0.0344520511689062
25756,0,0,4.2596403359279386e-10
25760,0,0,0.014027463340673004
25768,0,0,2.0197439854078833e-06
25776,0,0,1.8612062046911748e-06
25784,0,0,7.768113551852455e-13
25788,0,0,0.008071659906139807
25793,0,0,0.004783188174995375
25794,0,0,1.7301498347869396e-12
25799,0,0,4.2816830548367694e-10
25800,0,0,0.09545657462944206
25801,0,0,3.1208111557850595e-08
25806,0,0,4.884542289778672e-14
25811,0,0,0.01285513771198001
25815,1,1,0.9999999816293911
25823,0,0,0.01207796887497635
25833,0,0,5.4550197444786575e-14
25837,0,0,4.612339392269615e-08
25842,0,0,0.1333773860608193
25845,0,0,6.284381862230636e-13
25846,0,0,5.6711914908990326e-06
25856,0,0,7.682730839429973e-13
25860,0,0,0.16347369031915812
25865,0,0,1.81489404524353e-10
25867,1,1,0.9969790213679285
25870,0,0,0.0001290053158255577
25881,0,0,1.340508321293181e-11
25887,0,0,1.4562293361574605e-10
25893,0,0,0.00032078558843505955
25898,0,0,1.7547148658025363e-05
25899,0,0,1.1899645706878702e-06
25900,0,0,0.03615020859512204
25903,0,0,8.377461333391397e-05
25904,0,0,0.001599586479604857
25916,0,0,0.04053118787067572
25917,1,0,0.2012941770893666
25918,0,0,0.09872460798465567
25919,0,0,0.19531157357484139
25921,0,0,0.024573421786482426
25924,0,0,0.060753282722151615
25927,0,0,0.004396652292958953
25931,0,0,1.2856567390516312e-06
25935,0,0,0.00028229527530342595
25936,0,0,0.0004388216527184249
25943,0,0,0.20852742948027306
25948,0,0,2.15426017322244e-07
25954,0,0,7.09852065567511e-09
25959,0,0,3.750060014956265e-10
25962,0,0,0.040782713434871
25963,1,1,0.999999993637799
25964,0,0,1.4989491675257688e-12
25965,0,0,0.009321169509306204
25966,0,0,1.474191883870808e-07
25972,0,0,0.0016531665210869565
25973,0,0,0.06667079132966079
25977,0,0,4.7145930426477995e-06
25980,0,0,0.031035754734270272
25985,0,0,2.6724285496817075e-06
25992,1,0,0.18197105512974338
25993,0,0,6.234932817772287e-08
25996,0,0,3.3424505191972793e-10
25998,0,0,1.0759286117822457e-09
26002,0,0,7.20611033389093e-12
26005,0,0,0.20330660374491993
26007,0,0,6.437922623054102e-05
26008,1,1,0.9999999999999978
26013,0,0,4.6260946208960544e-07
26016,0,0,1.3804514502371933e-08
26017,0,0,0.004420476428204562
26019,0,0,1.512698698674576e-07
26021,0,0,2.1563680683911152e-07
26024,0,0,0.18481011471734116
26027,0,0,0.011180655976804378
26038,0,0,2.8930892822886215e-09
26043,0,0,7.62662868278733e-08
26047,0,0,0.14419499469411828
26049,0,0,1.1541761521580483e-10
26059,0,0,4.582268492182097e-07
26064,0,0,2.4698706912485908e-05
26065,0,0,0.36359996482720885
26067,0,0,0.010352403324234783
26068,0,0,0.08345443543011646
26073,0,0,1.9821445369719819e-10
26075,0,0,3.0016802584272052e-09
26089,0,0,0.007368658822482984
26091,0,0,0.012847887546270934
26095,0,0,3.6083671098421567e-09
26096,0,0,0.001284214780626767
26098,0,0,0.11644332459540868
26100,0,0,0.011292438167319641
26101,0,0,3.544163489604311e-11
26104,0,0,0.08687907364550261
26108,0,0,8.015152861298493e-07
26110,0,0,2.989316536712987e-08
26113,0,0,2.5844317648833027e-06
26115,0,0,3.418502000570969e-05
26117,0,0,0.23403639682703753
26121,0,0,8.961737522348158e-06
26144,0,0,4.5809133272064807e-07
26154,0,0,0.005857515892142813
26163,0,0,2.51682242288835e-07
26165,0,0,5.841254567365083e-12
26169,0,0,0.024795833323098253
26170,0,0,5.638050000984113e-05
26180,0,0,0.013602811680276786
26182,0,0,1.623698094814868e-11
26186,1,1,0.9999999770986846
26189,0,0,0.05546653742255485
26194,0,0,4.917037162917019e-13
26197,0,0,2.1596021397764534e-11
26199,0,0,0.146163454458973
26203,0,0,6.439133679337397e-06
26210,0,0,6.123105322750907e-07
26216,0,0,2.7404490508064724e-16
26218,0,0,4.275396778596008e-11
26222,0,0,0.0011542014106405958
26224,0,0,0.4826049290496258
26227,0,0,1.966901525400597e-08
26231,1,0,0.07141792020658225
26239,0,0,0.20725243377760588
26250,0,0,0.4072710813773656
26252,0,0,0.2169567607313654
26260,0,0,5.6623866749336976e-08
26261,0,0,5.6086653379992614e-14
26262,0,0,0.010161765222613865
26264,0,0,0.1434151995968692
26268,1,1,0.9630491049432242
26269,0,0,0.18240149926131485
26270,0,0,5.954855165505205e-08
26273,0,0,3.0253166919963125e-06
26282,0,0,0.01588621085932637
26289,0,0,4.784232883335469e-05
26291,0,0,0.19077049819292788
26295,0,0,4.680933851932115e-13
26305,0,0,0.0011166360996414408
26316,0,0,4.359969028736747e-08
26322,0,0,1.4074856039227986e-06
26326,0,0,0.01190138567792324
26331,0,0,1.9959708662377942e-07
26334,0,0,0.0006105328491702902
26338,0,0,1.3569158813593063e-15
26341,0,0,0.0019805401873465456
26346,0,0,0.2733684480402361
26347,0,0,1.1664893141224421e-07
26352,0,0,3.166071322277007e-08
26363,0,0,7.855866395793363e-10
26365,0,0,0.20739829584758626
26368,0,0,8.203029828802356e-09
26378,0,0,3.1078248311078045e-06
26386,0,0,4.725030068834979e-12
26388,0,0,0.018016215208002284
26393,0,0,4.678822089929604e-08
26407,0,0,0.002915300523676769
26408,0,0,7.744338577543603e-14
26414,0,0,9.945521401250217e-08
26436,1,0,0.2042016075503599
26438,0,0,1.0126806155467982e-11
26452,0,0,1.2058085983058177e-07
26458,0,0,0.3642819821576533
26468,0,0,0.001416996085960644
26469,0,0,1.8993190271357567e-16
26477,0,0,1.6167607815456128e-11
26481,0,0,2.4847610230616717e-15
26486,0,0,1.891736471056196e-05
26488,0,0,0.2746157351108238
26491,0,0,1.0157478167917932e-15
26494,0,0,3.652555639159724e-06
26511,0,0,0.0004146371571249734
26512,0,0,0.03432807283687423
26515,0,0,0.01198376714626062
26525,0,0,0.05698110139079401
26531,0,0,3.3942762375589004e-16
26535,0,0,2.5187440389844928e-11
26538,0,0,7.352691373871653e-08
26540,0,0,9.117484160848761e-11
26542,0,0,2.824646462374379e-12
26544,0,0,5.735476480710093e-18
26545,0,0,0.00013399601428631713
26546,0,0,0.004683200601807714
26563,0,0,0.04307673766450748
26568,1,1,0.9999993293001483
26576,0,0,0.05167588386599855
26578,0,0,5.687980720082021e-05
26580,0,0,1.7365987965485992e-08
26587,0,0,1.1491232579079657e-18
26590,0,0,1.5458633424699916e-08
26596,0,0,0.05928611128569605
26601,0,0,0.027456524557301434
26603,0,0,5.727859448553715e-09
26610,0,0,1.8798283617454649e-06
26616,0,0,1.525918172236072e-13
26620,0,0,3.299510931612175e-16
26631,0,0,0.008532063871581414
26633,0,0,1.5273627350075637e-05
26634,0,0,0.02217000707983874
26643,1,0,0.3431383686302892
26644,0,0,0.09875543032723182
26648,0,0,5.61067748124819e-16
26651,0,0,0.2558067435994969
26654,0,0,0.0021913419336369983
26658,0,0,4.97309911491804e-10
26661,0,0,0.1402624012787566
26662,0,0,3.7955102527323983e-06
26665,0,0,0.003142127742625798
26678,0,0,9.180155461616327e-09
26680,0,0,0.06120813993826853
26682,0,0,3.14877174962119e-18
26692,1,1,1.0
26693,0,0,4.0330357450115506e-13
26696,0,0,5.3985038197451806e-05
26705,0,0,0.030605063390192287
26713,0,0,0.0001324252618210957
26715,1,1,0.9989211012724997
26718,0,0,2.197582913198951e-07
26719,0,0,5.4768757962362244e-08
26720,0,0,5.3124389186753654e-08
26723,0,0,1.9881123904364067e-13
26730,1,1,1.0
26733,0,0,0.15696869273638966
26742,0,0,0.3700342528221054
26743,0,0,0.009553325909647956
26747,0,0,0.4108902770967117
26752,0,0,2.0516383863462854e-06
26756,0,0,5.675099850319337e-08
26762,0,0,3.8217676422940565e-05
26763,0,0,7.99345012598531e-06
26764,0,0,7.309776686843341e-05
26772,1,0,0.21518464616094854
26776,0,0,5.140358207131246e-10
26789,0,0,1.2610540129349468e-12
26795,0,0,1.6573313951156963e-06
26802,0,0,5.865535008588569e-07
26806,0,0,3.079981086628367e-08
26813,0,0,0.1275555914456785
26824,0,0,6.647701393335895e-07
26827,0,0,1.5042504632299932e-05
26830,0,0,4.871355619143568e-06
26838,0,0,6.672248241793596e-15
26842,0,0,0.00279738178639825
26845,0,0,0.08079903041224086
26855,0,0,1.8733589648411984e-05
26856,0,0,5.4587543398957065e-12
26859,1,0,0.3064657300762678
26864,0,0,3.604708081541594e-07
26872,0,0,4.014420309039204e-12
26876,0,0,7.986122774761186e-07
26877,0,0,0.06460819678717736
26879,0,0,1.2262620234425442e-06
26882,0,0,5.68507768438396e-12
26883,0,0,0.013681528707420175
26891,0,0,0.18168042858209402
26895,0,0,0.041906464049743755
26897,0,0,1.1253282227666325e-06
26900,0,0,9.654494081236196e-19
26902,0,0,0.10822243605704522
26904,0,0,0.22834605420695958
26909,0,0,0.14972972560390435
26920,0,0,0.004138728369810856
26921,0,0,0.011784788355207685
26928,0,0,8.388550731044174e-08
26931,0,0,0.003494470571477524
26934,0,0,8.835603691349037e-06
26937,0,0,2.8465443883387117e-07
26945,0,0,0.009268319960150965
26949,1,1,0.999999999999712
26956,0,0,7.12444749845708e-09
26961,0,0,3.846577930320876e-13
26971,0,0,0.023649486331343315
26974,1,1,1.0
26975,0,0,1.9665901077467036e-09
26980,0,0,0.011838117292580793
26984,0,0,8.12917966859377e-12
26993,0,0,0.18839720370772275
26995,0,0,3.9313130046761717e-07
26996,0,0,6.347791482811025e-07
27002,1,1,0.9999999999999845
27026,0,0,0.007283046273760099
27029,0,0,0.046232543719807895
27030,0,0,0.013333065710419657
27031,0,0,0.15498216649021393
27037,0,0,0.0035810859210959767
27039,0,0,2.3104221736548382e-08
27048,0,0,1.8269603817977532e-07
27067,0,0,0.15552491623939546
27069,0,0,0.020987302382784907
27074,0,0,0.20220559930358656
27084,0,0,0.008540630738673607
27098,0,0,0.13073724853440424
27100,0,0,6.192963394500035e-07
27106,1,1,0.9999999999972489
27107,0,0,0.01885542371373912
27109,0,0,9.955313763662929e-08
27123,0,0,9.614672915018927e-19
27136,0,0,1.0884144803855046e-10
27137,0,0,6.438596264097627e-07
27143,0,0,0.00495064190440335
27144,0,0,1.4420609897283445e-10
27145,0,0,0.04380933487249048
27148,0,0,0.01687955766667609
27150,0,0,3.1402748634702643e-11
27153,0,0,2.8611010338966646e-10
27155,0,0,1.4400208703122208e-15
27160,0,0,1.3303006258874964e-17
27167,0,0,5.879316297204612e-07
27173,1,1,1.0
27175,0,0,8.89630016058852e-10
27177,0,0,0.0064156390741489724
27183,0,0,9.597661549366063e-14
27191,1,1,0.9999999986661043
27192,0,0,9.14623669857033e-12
27199,0,0,0.008336881731541406
27211,0,0,3.5708282666365215e-14
27213,1,1,1.0
27221,0,0,3.961062432024871e-09
27225,0,0,0.05010316243582719
27226,0,0,0.002106253628402367
27228,1,1,0.9999999506418522
27230,0,0,2.1830685355448712e-08
27235,0,0,0.003586740868909516
27248,0,0,2.596828637952933e-13
27250,0,0,0.03705812184452579
27255,1,1,1.0
27256,0,0,9.454969588330496e-10
27260,0,0,8.469292654230857e-06
27267,0,0,0.06104193488217473
27274,0,0,0.001701402223241296
27281,0,0,0.16786994489663692
27299,0,0,7.039164427362866e-16
27301,0,0,7.800350292352826e-09
27304,0,0,6.893447709532068e-09
27305,0,0,1.086764583663661e-07
27315,0,0,2.1133268772034803e-15
27319,0,0,1.0144091149449444e-10
27326,0,0,0.002736953737199482
27327,0,0,0.017361980564492886
27341,0,0,1.1647224908482912e-11
27349,0,0,1.566555000214452e-12
27350,0,0,7.115463178818298e-12
27354,0,0,0.0012743954296108072
27355,0,0,0.008100574739537755
27365,0,0,0.2412798529231261
27367,1,1,0.999574222408337
27370,0,0,1.3709074803158656e-05
27380,0,0,9.402561552665164e-07
27388,0,0,1.8670761598768048e-10
27389,0,0,1.773345936960964e-07
27392,0,0,9.442888736117112e-14
27396,0,0,7.852718347236849e-07
27405,0,0,5.102252682030357e-08
27412,0,0,8.683363475348907e-07
27430,0,0,0.012066424034515884
27436,0,0,0.0069102068776729034
27441,0,0,3.4360524847656184e-08
27455,1,1,0.9999999999999991
27460,0,0,2.2256390297499133e-09
27468,0,0,1.94713003840848e-12
27479,0,0,2.4116141494653716e-06
27490,0,0,0.13433352788958772
27496,0,0,0.00655239937941973
27497,0,0,1.2977218892821301e-06
27499,1,1,1.0
27500,0,0,0.054399426823782016
27502,0,0,2.046686458753629e-05
27508,0,0,2.1196760435653875e-09
27514,0,0,1.0319364671328412e-07
27520,0,0,7.302276499973062e-05
27525,0,0,0.007411462446496051
27526,0,0,0.12704226247849584
27528,0,0,8.250803742064659e-12
27529,0,0,5.525577636007348e-10
27537,0,0,0.014659207663354396
27540,0,0,0.003717607066608738
27543,0,0,4.100639449405053e-08
27545,0,0,0.07439630910767321
27569,0,0,6.1253434504612956e-12
27578,0,0,0.05796071089113809
27591,0,0,0.03846869752387983
27600,0,0,8.876558752243529e-14
27606,0,0,0.003675926610446958
27607,0,0,4.830858843649271e-06
27629,1,1,0.9982039395342429
27631,0,0,0.0008684699932385491
27636,0,0,1.2615131918298561e-09
27638,0,0,1.1530469913876134e-09
27641,0,0,4.2680583790004417e-11
27648,0,0,1.8607767187981148e-10
27654,0,0,0.04112686068212716
27665,0,0,4.135347166399323e-06
27667,0,0,1.083111061459678e-06
27672,0,0,0.0069516024647004
27676,0,0,0.006457838457740226
27677,0,0,0.039060494853463905
27685,1,0,0.3222449431864865
27695,0,0,3.496620384559538e-12
27698,0,0,1.3542909892041785e-13
27699,0,0,1.6607355868917718e-07
27706,0,0,0.07502060720778203
27709,0,0,1.3019092552372108e-07
27711,0,0,9.495912038196435e-07
27712,0,0,0.0033968498780778834
27721,0,0,0.010261710632544439
27724,1,1,0.9999999999991631
27725,0,0,0.20665308651124845
27727,0,0,2.42354742318508e-10
27731,0,0,4.555587108657539e-18
27734,0,0,1.6075883054783524e-07
27738,0,0,2.9851200163081286e-07
27744,0,0,3.920489335017956e-06
27748,0,0,0.06976276725904149
27753,0,0,6.98787069998772e-16
27758,0,0,0.005176404959865461
27759,0,0,1.9010523788211866e-13
27760,0,0,0.009902134561004371
27767,0,0,0.0249554109032114
27770,0,0,0.030478258263982243
27772,0,0,0.059024681245177346
27779,0,0,0.020534169860488703
27794,0,0,0.08208128099103311
27805,0,0,0.002793816854357636
27808,0,0,1.2001823880414961e-12
27814,0,0,0.07745071976730838
27817,0,0,0.00683301893104371
27818,0,0,0.12810506776296618
27819,0,0,0.08451306746222272
27820,0,0,3.98443496629e-10
27822,0,0,1.271021148813965e-15
27833,0,0,0.16115939392261966
27837,0,0,1.1871290398216078e-15
27838,0,0,9.833119781459544e-07
27853,1,1,0.9999999767508961
27855,0,0,1.4451103050649362e-11
27866,0,0,0.0050583491160679115
27869,0,0,2.3538153738990416e-10
27873,0,0,5.518214869776024e-10
27879,0,0,8.23187093301278e-05
27887,0,0,0.010379941056112393
27891,1,0,0.06192550976322092
27894,0,0,0.08778050516979036
27895,0,0,0.142085718069262
27903,0,0,4.725123774911112e-08
27910,0,0,0.10351440103144748
27911,0,0,0.07663518001470719
27912,0,0,0.04399245434560942
27913,0,0,0.00013906376133707748
27919,0,0,0.03866944855374783
27925,0,0,1.5152519112107202e-14
27944,0,0,3.4905769998166133e-10
27946,0,0,0.0003832854192890506
27949,0,0,1.978257962095415e-13
27952,0,0,4.5569355535931305e-08
27956,0,0,0.11525468120890456
27959,0,0,1.1283330764403394e-05
27967,0,0,4.155407806615428e-10
27968,0,0,1.201609880934244e-13
27975,0,0,1.383361360082575e-15
27985,0,0,8.848589860456621e-16
27990,0,0,1.3536466297525826e-07
27994,1,0,0.3736102558482763
28015,0,0,7.639961241917503e-11
28017,0,0,1.135217166161522e-14
28018,0,0,3.159628854610935e-09
28025,0,0,0.006980570871103497
28027,0,0,0.1475514335462011
28032,0,0,0.016804862028012037
28037,0,0,0.118763893084379
28041,0,0,0.047506898229371305
28048,0,0,6.041236587003401e-08
28059,0,0,1.188947110666638e-08
28063,0,0,4.4520194552364363e-13
28075,0,0,3.1545328693098477e-13
28081,0,0,3.734387440904008e-07
28085,0,0,2.845978523498267e-09
28088,0,0,0.4464075958571374
28089,0,0,0.00016732465232218927
28092,1,1,1.0
28095,0,0,6.658674991791055e-05
28102,0,0,2.333460359801286e-12
28103,0,0,4.494045057279283e-08
28107,0,0,0.014227934036092531
28108,0,0,2.4459243821911085e-07
28113,0,0,6.064316973377344e-07
28114,0,0,0.19069770117175866
28117,0,0,0.011956917759798846
28119,0,0,0.06058164265829906
28127,0,0,4.1467200362572654e-10
28129,0,0,0.004772912181989524
28130,0,0,0.07137180312338526
28147,0,0,4.6576723139090894e-05
28150,0,0,0.14709688113750705
28159,0,0,0.0033137072397662567
28164,0,0,0.04332882567782586
28166,0,0,4.4031669198412224e-08
28170,0,0,7.545754328554235e-05
28174,1,1,0.7153732249707091
28183,0,0,0.0003641550984472568
28184,0,0,2.3733946314681093e-08
28189,0,0,2.7911470000521156e-05
28192,0,0,0.08450686043924571
28196,0,0,2.0142454879906523e-14
28204,0,0,0.26881297743508137
28221,0,0,0.020207629038480612
28228,0,0,1.9087742095446508e-07
28229,0,0,1.306617113601963e-06
28234,0,0,3.3965744384400805e-18
28235,1,1,0.9999999990985502
28240,0,0,1.331920986022554e-05
28241,0,0,0.0028911020363719436
28242,0,0,8.21805227159482e-09
28245,0,0,1.9932348342499743e-07
28258,0,0,1.1756646800085849e-08
28260,0,0,9.0330371725136e-12
28262,0,0,0.2938197640729546
28265,0,0,0.12926096589828426
28269,0,0,1.2855392617407057e-12
28271,0,0,0.1484859218682229
28281,1,0,0.0036733371446228268
28283,0,0,8.43258592157917e-09
28284,0,0,0.0710439782830686
28290,0,0,0.0056916951121435905
28291,0,0,0.1931895950820398
28297,0,0,1.52677519890278e-13
28298,0,0,0.2184679687112017
28300,0,0,0.010548904566781116
28305,0,0,0.020702087842776506
28307,0,0,2.6686482201615546e-05
28313,0,0,1.0507024918526318e-05
28314,0,0,1.580011529725969e-08
28315,1,1,0.8383968005697046
28330,0,0,0.014133429647625189
28332,1,1,1.0
28334,0,0,0.001711478378994526
28335,0,0,3.1455110556139115e-06
28337,0,0,2.2285537110021194e-13
28341,0,0,5.465821472225898e-14
28344,0,0,8.106192516427476e-11
28346,0,0,0.33644744965652734
28348,0,0,1.9905569552230726e-10
28352,0,0,0.20677716531796267
28353,0,0,0.09016605898960212
28367,0,0,1.7311198162834763e-10
28372,0,0,1.0363037504687089e-09
28374,0,0,8.16638174943077e-12
28376,0,0,0.005356269733597393
28377,0,0,5.027535619777606e-14
28380,0,0,0.09490683634609899
28381,0,0,0.1312501121960557
28383,0,0,6.7114096760109815e-06
28397,0,0,0.16381739172619658
28399,0,0,1.528733271967858e-11
28402,0,0,4.320145715307933e-11
28408,0,0,0.24256497120063122
28414,0,0,6.284109358396527e-18
28423,1,1,1.0
28446,0,0,4.3116384522912355e-16
28450,0,0,0.005888874963593816
28454,0,0,1.8631242443471757e-09
28463,0,0,0.005936947811613765
28465,1,1,0.9999999999999887
28475,0,0,7.258152890390043e-12
28484,0,0,1.2357312367933242e-06
28491,0,0,4.30153091068971e-08
28509,0,0,0.06969245037333356
28511,1,1,0.9981988063330692
28517,0,0,7.393342753363723e-08
28518,0,0,5.81242351010952e-05
28521,0,0,1.679113177293459e-08
28534,0,0,1.673939678358022e-11
28547,0,0,7.83875879428037e-15
28548,0,0,0.01173223031389464
28550,0,0,0.007694122919467584
28551,1,1,0.9999999999998896
28568,0,0,0.013823994772952942
28572,0,0,0.00970950682094
28573,0,0,0.023894103681022974
28576,0,0,7.08182906285075e-05
28583,0,0,1.082060085972761e-08
28606,1,1,1.0
28607,0,0,7.280529400930585e-05
28609,0,0,5.7350070414479965e-08
28614,1,0,0.2447931660065753
28619,0,0,1.0803236568731498e-07
28623,0,0,3.907622004848804e-08
28636,0,0,1.1514245873779832e-09
28643,0,0,2.8710124835039398e-08
28644,0,0,0.135405121289625
28647,0,0,1.8485889148853197e-07
28655,0,0,0.00033644872848647816
28658,0,0,0.009582749843875317
28661,0,0,6.584757908403533e-08
28667,1,1,0.7636714011396538
28675,0,0,3.1247081629730086e-14
28677,0,0,2.2512575311487051e-13
28680,0,0,1.6613008688846453e-14
28703,0,0,2.648778747251876e-06
28705,1,1,0.9944512569037695
28706,1,0,0.13078059914053358
28711,0,0,0.008887934015387818
28720,0,0,0.003727134077800873
28726,1,1,0.9999999999999996
28739,0,0,2.3425485596640294e-12
28743,0,0,2.2241226318916202e-10
28744,0,0,0.037635027710226344
28747,0,0,3.35643613881059e-12
28750,0,0,2.1716567536331605e-10
28755,0,0,2.9680699113585527e-10
28758,0,0,0.00795295722941132
28759,0,0,0.01216438903924845
28761,0,0,0.03572349981337456
28770,0,0,3.97546320304476e-05
28772,0,0,1.0779063812833226e-08
28773,0,0,2.988427904658897e-11
28778,0,0,0.36659239059695076
28779,0,0,0.10373248144396
28785,0,0,0.013914983590515314
28795,0,0,0.03247893276104256
28798,1,1,1.0
28799,0,0,0.0709384436874771
28800,0,0,2.8212825099224714e-18
28805,0,0,0.12220726083724798
28809,0,0,0.02314955836517717
28810,1,0,0.2377397022309662
28813,0,0,4.672045483656228e-16
28818,0,0,0.007819921345375746
28822,0,0,3.3993290265758547e-16
28835,0,0,0.1975946472872676
28836,0,0,0.23931107402325855
28838,0,0,0.07367724005318667
28839,0,0,0.07560278687151463
28840,0,0,0.00012139468741527639
28856,0,0,0.10755676435286203
28862,0,0,0.10051608892637817
28863,0,0,1.2157300426093934e-08
28864,0,0,4.4638946081034797e-10
28865,0,0,3.2000641309033064e-07
28870,0,0,0.006686094702885042
28875,0,0,0.26316873256238105
28877,0,0,2.1329990067049746e-17
28878,0,0,0.00024030144433548423
28886,0,0,0.05694596254156218
28889,0,0,1.991416953327574e-05
28895,0,0,7.038213476330755e-10
28901,0,0,3.3867430396080517e-10
28927,0,0,0.00012936997753506868
28940,0,0,0.08812569685340142
28946,0,0,1.492581196961781e-12
28952,0,0,0.010181497559131034
28966,0,0,9.821757619801663e-12
28975,1,1,0.9999999742177823
28976,1,1,1.0
28984,0,0,5.550154758233994e-06
28989,0,0,0.008450298665926934
28994,0,0,0.1657094091958543
29009,0,0,0.020261981733989833
29010,0,0,3.891737334833281e-05
29013,0,0,0.0021169098205875573
29015,0,0,0.008164209849074629
29020,0,0,1.5299393173824859e-09
29021,0,0,0.05640077692286296
29031,0,0,7.890782014147756e-09
29036,0,0,0.00028211989003214255
29039,0,0,0.01916921021127136
29048,0,0,4.808819479683614e-06
29050,0,0,0.06047069049556428
29051,0,0,1.998975939846018e-08
29057,0,0,3.973185312304138e-06
29063,0,0,0.04793580335895491
29069,0,0,0.08016169327958196
29070,0,0,2.2486511929247972e-13
29081,0,0,4.244821396830343e-09
29085,0,0,4.5990880062057915e-07
29086,0,0,0.0005981808368384425
29102,0,0,0.00802643270074076
29119,0,0,0.006215216329814904
29125,0,0,0.05010565871383284
29130,0,0,9.06892119477007e-07
29142,0,0,0.03693333718540479
29157,0,0,0.007165701367514887
29158,0,0,3.74631162743938e-05
29173,0,0,0.16096380952351388
29177,0,0,0.027728981173884646
29180,0,0,1.7169965732371504e-07
29181,1,0,0.25498932238058664
29184,0,0,1.3728535840518922e-05
29188,0,0,0.02553535931297807
29191,0,0,0.002214908211275238
29203,0,0,1.1735620871537614e-13
29207,0,0,1.2646841671566403e-13
29210,0,0,1.2346427722379118e-06
29220,0,0,5.589557074038268e-12
29222,0,0,7.112016088855393e-06
29227,0,0,1.5081327441332167e-08
29232,0,0,1.222479987110345e-14
29246,0,0,0.01518271849093209
29251,0,0,0.12967178880946065
29270,0,0,4.2548867383833947e-13
29272,0,0,8.824437633237711e-13
29279,0,0,0.0040672302517839425
29282,0,0,0.05329936508696978
29285,0,0,0.14430730015240625
29290,0,0,1.7440885881524894e-10
29293,0,0,7.062459221791062e-12
29298,0,0,8.076203197986786e-16
29299,0,0,1.872883306017992e-12
29300,0,0,0.08571809071888362
29301,0,0,0.09910369769412689
29308,0,0,0.11782662853943829
29311,0,0,4.613898460660951e-08
29317,0,0,6.462396841663694e-06
29321,0,0,0.06222954622763297
29324,0,0,1.1461450241188171e-11
29326,0,0,1.092341846719777e-05
29332,0,0,0.013227972502543591
29333,0,0,9.34403303817715e-09
29338,0,0,7.729019669881295e-18
29340,0,0,0.08459442279420093
29343,0,0,2.399402204814124e-08
29346,0,0,5.46955148698245e-06
29367,1,1,1.0
29372,0,0,0.00193101979628787
29374,0,0,0.0166529495132321
29376,0,0,0.048852948017269145
29377,0,0,2.488093299044909e-13
29382,0,0,1.1036702389562494e-08
29386,0,0,0.030127093100549587
29393,0,0,7.925367997875329e-12
29397,0,0,1.5602499843070144e-10
29408,0,0,7.557963711732213e-14
29412,0,0,1.8367270127692293e-10
29415,0,0,0.008528371089744156
29423,0,0,0.09951815358800065
29426,0,0,1.1749875173319684e-09
29431,1,1,1.0
29432,0,0,0.06388794931596198
29433,0,0,0.004426923034261304
29434,0,0,1.97368338487686e-12
29445,0,0,3.7731987816150843e-06
29447,0,0,0.1719815755792658
29450,0,0,1.2543700740589302e-11
29454,0,0,2.601233305814945e-05
29455,1,1,0.9985785058162318
29461,0,0,3.3760878194129256e-05
29465,0,0,0.00222462121438701
29466,0,0,3.3909131865218596e-09
29472,0,0,0.01222412455592312
29477,0,0,1.4433350140670072e-07
29483,0,0,2.07489231900531e-13
29486,0,0,0.009927279681930934
29489,0,0,5.175925601821154e-06
29490,0,0,0.016154523977556394
29491,0,0,1.5072621407243398e-18
29497,0,0,7.756865020115847e-08
29499,1,0,0.06277213017655695
29503,0,0,0.25079820436422795
29509,0,0,1.7632871271501138e-14
29513,1,0,0.3637170506587148
29520,0,0,2.507289758327632e-05
29521,0,0,4.2548040861269515e-10
29538,0,0,0.15771991090941428
29539,0,0,6.064530223584073e-07
29542,0,0,3.681680979102493e-08
29545,0,0,1.1832863204022743e-08
29554,0,0,2.155889654397675e-06
29557,0,0,0.31328785711450363
29568,0,0,5.157999361171527e-11
29571,0,0,0.00014021323605295315
29576,0,0,0.1991015631917691
29579,0,0,3.4322792668629878e-06
29582,0,0,8.60814290947281e-12
29586,0,0,0.13098124157891336
29587,0,0,0.06044614541049796
29589,0,0,0.06960040058966689
29592,0,0,0.1004566725300159
29601,1,1,0.9999999957229593
29607,0,0,0.07642270669859863
29608,0,0,0.012597146381502593
29609,0,0,3.1987643306432676e-07
29618,0,0,0.16755883288719842
29625,0,0,5.194983831606656e-11
29650,0,0,5.54627803218446e-12
29651,0,0,3.465941766786249e-06
29657,0,0,0.026878894660042136
29659,0,0,1.4529747513648837e-16
29665,0,0,0.0418299730337924
29668,0,0,0.07160915685738084
29680,0,0,0.07447778139579568
29682,0,0,1.5147651397684732e-05
29684,0,0,7.729514378430625e-06
29685,0,0,1.2645065803787592e-05
29687,1,1,0.999999999999704
29688,0,0,8.287125034529457e-09
29694,0,0,5.588568068187246e-12
29701,0,0,0.00020300654551282435
29704,0,0,0.01441413166113312
29706,0,0,6.12167801546586e-09
29711,0,0,2.418118792350356e-10
29712,0,0,5.289931780160527e-06
29737,0,0,1.4616059001992359e-05
29745,1,0,0.11598337848444243
29746,0,0,3.268883629287432e-11
29755,0,0,0.004494251300150682
29763,0,0,0.06611883672870808
29765,0,0,1.858359454946408e-17
29766,0,0,3.228729699473876e-05
29772,0,0,1.3783405301341822e-10
29780,1,1,0.9999999994725755
29782,0,0,3.445578686554034e-08
29797,0,0,7.567873070804189e-07
29801,0,0,1.7515330490466236e-17
29802,0,0,0.16935388986501315
29812,0,0,4.6986014580400066e-05
29818,0,0,0.00034875446698394137
29823,0,0,7.261670381081848e-13
29824,0,0,0.015329495798665379
29825,0,0,4.672481948780868e-13
29832,0,0,4.8290398884978854e-14
29833,0,0,0.1251666009072413
29841,0,0,6.744850061960524e-10
29843,0,0,0.009132001883327837
29846,0,0,1.3890951937527537e-11
29849,1,0,0.15227834716523858
29855,1,1,1.0
29857,0,0,0.09702952190053156
29871,0,0,0.07853113541175036
29872,0,0,0.024349069011345557
29873,1,1,0.9851264800844589
29880,0,0,8.577233967573713e-11
29885,0,0,7.304812438224499e-11
29889,0,0,1.976834685421072e-15
29892,0,0,2.244188240549325e-09
29894,0,0,0.03696050629551661
29895,0,0,7.064535380934973e-09
29902,0,0,0.022386224869538077
29903,1,1,1.0
29904,0,0,0.057253772035368376
29905,0,0,0.09615151544698942
29908,0,0,0.13179890688390147
29920,1,1,0.9999999999999998
29925,0,0,4.805930968575346e-06
29928,0,0,4.913717280247058e-12
29933,0,0,3.7605546985074206e-10
29943,0,0,1.1972506479366985e-10
29944,0,0,0.005445238845720315
29948,0,0,1.2581751566606815e-05
29952,0,0,3.5253620366870284e-14
29970,0,0,6.078810078996528e-06
29972,0,0,1.8074205181634163e-06
29973,0,0,9.501702004406701e-14
29976,0,0,0.17851478226786657
29983,0,0,4.617571340500807e-13
29984,0,0,7.608968239899992e-06
29988,0,0,0.008737283210171391
29995,0,0,0.008253340966723735
30016,0,0,2.9225548580093853e-05
30018,0,0,0.0017246071183223475
30023,0,0,2.98881024670148e-08
30033,0,0,3.4029358504129687e-06
30034,0,0,0.0020307962986544077
30035,0,0,0.039625500513684145
30036,0,0,2.8217751075851667e-13
30037,0,0,0.006481754097802267
30041,0,0,0.04957723016891263
30043,0,0,2.258441240106788e-17
30045,0,0,2.0128585787857897e-09
30050,0,0,1.3542582524039199e-12
30071,0,0,0.1783819392352875
30073,0,0,1.023630148988947e-07
30074,0,0,1.5729927390518927e-07
30081,0,0,3.716088988582644e-07
30083,0,0,3.8284956764995483e-13
30086,0,0,3.6633338754877226e-09
30093,1,0,0.23806231496950508
30097,0,0,0.0018555220433903218
30100,0,0,0.007015501260127881
30106,0,0,1.4862145150488488e-07
30108,0,0,1.4321680788290872e-11
30109,0,0,0.0658488080099929
30118,0,0,9.746889923071342e-11
30119,0,0,0.20354816986393656
30133,1,0,0.2517970519896279
30137,0,0,0.010797567737389855
30138,0,0,0.028001697030406645
30146,1,1,0.9999999999999991
30147,1,0,0.2799236254668057
30151,0,0,0.07763574971141118
30164,0,0,0.024951126786393697
30175,0,0,3.194260383810361e-11
30183,0,0,9.252750372432362e-10
30201,0,0,1.73910472070272e-11
30203,0,0,2.5451283991726066e-11
30204,1,0,0.14372906842539074
30213,0,0,1.747564639762664e-10
30215,0,0,0.00977957302879509
30218,0,0,1.0687355974655891e-12
30220,0,0,0.011414148604954516
30224,0,0,0.23275739593070496
30225,0,0,3.962515420700473e-06
30230,0,0,0.1415840394774269
30231,0,0,2.9923563945842513e-05
30232,0,0,0.014948282892039139
30233,0,0,0.002447271084253264
30237,0,0,0.11656646797972771
30239,0,0,0.007325224442091369
30240,0,0,0.0542923958891313
30243,0,0,0.00014714514740428016
30253,0,0,2.480200507409161e-11
30256,0,0,2.0759989961174566e-14
30263,0,0,6.663924534751528e-05
30268,0,0,3.3784233478852744e-12
30278,0,0,0.001641158402314369
30284,0,0,0.1759306835334993
30285,0,0,1.1848870364661647e-12
30286,0,0,2.1484066194643063e-11
30288,0,0,3.490940944492564e-08
30290,0,0,0.031425463697096194
30293,1,0,0.33010758150438346
30295,0,0,0.032924896248099196
30297,0,0,0.10556853037694003
30301,0,0,7.463527966973654e-11
30302,0,0,0.028272532978794045
30306,0,0,0.00042468144577769253
30307,0,0,2.496370204280969e-12
30310,0,0,0.21757598963632685
30311,0,0,8.243627470154356e-05
30315,0,0,2.3451316730265515e-13
30319,0,0,2.9069404443474894e-09
30323,0,0,5.5932523267804573e-11
30328,1,0,0.4597506436035371
30330,0,0,7.411568810448495e-06
30332,0,0,6.839662469459282e-05
30333,0,0,8.40419124530362e-06
30335,0,0,2.7587455495871763e-16
30338,0,0,4.5330766012227254e-08
30339,0,0,0.02601218595171269
30344,0,0,1.5133828539073938e-11
30345,0,0,1.2337325718673523e-15
30347,0,0,1.9908673854014078e-07
30355,0,0,3.118024566264861e-11
30358,0,0,5.418025100810973e-19
30360,0,0,1.0160704210183297e-13
30363,0,0,2.1361616165113012e-09
30364,0,0,0.005235773390192745
30374,0,0,4.957999663261382e-10
30379,0,0,0.11536508856970361
30385,1,1,1.0
30386,0,0,1.8411549880280736e-08
30394,0,0,0.21411292209142058
30397,0,0,3.702471687068681e-10
30399,0,0,3.3841619231510575e-06
30403,0,0,1.975908687706455e-07
30411,0,0,5.561990910385936e-06
30412,0,0,8.379711758177523e-08
30417,0,0,0.11454051042368442
30419,0,0,1.426455007651309e-12
30421,1,1,0.9475883888958602
30426,0,0,0.1487003066853893
30428,0,0,0.2614076985667458
30429,0,0,0.013078552695573325
30430,0,0,0.005873401387689357
30432,0,0,0.05255105589361712
30441,0,0,9.220230899375871e-11
30444,0,0,6.797638849747921e-13
30451,0,0,6.138855389669123e-07
30457,0,0,0.0001406183344153216
30459,0,0,0.011144366557911749
30461,0,0,4.200296274937884e-11
30462,0,0,2.537939513768401e-12
30469,0,0,0.00017298537907535987
30473,0,0,1.0569516859161152e-13
30474,0,0,0.038406498342370914
30475,0,0,0.15222665334592175
30479,0,0,3.4257395749487704e-08
30480,0,0,5.4950747748493305e-08
30493,0,0,1.196397866447462e-13
30494,0,0,0.0010452455445557182
30495,0,0,1.1445755178018969e-09
30503,0,0,2.3630169574652553e-07
30504,0,0,0.26037782344204796
30511,0,0,1.646539131899239e-10
30515,0,0,4.265454716292699e-12
30519,0,0,2.5554210272384876e-10
30524,0,0,0.0010214699951212154
30528,0,0,6.700954497554656e-09
30535,0,0,0.07261074699905405
30537,1,1,0.9999999999933276
30538,0,0,0.00016682351851142333
30544,0,0,0.014900487020458741
30545,0,0,8.159688209396897e-09
30549,0,0,0.02605852895306425
30554,0,0,0.0007732338893158965
30558,0,0,2.4888734744717914e-07
30573,0,0,0.08257590392973534
30575,0,0,0.01265202829052185
30582,0,0,0.018097871378083975
30583,0,0,3.719095340631781e-08
30585,0,0,9.122884456164908e-08
30589,0,0,4.8816298098009556e-05
30608,0,0,2.021186437916927e-07
30624,0,0,1.0475822042865183e-07
30625,0,0,6.760705463663923e-05
30627,0,0,1.281409685179893e-07
30632,0,0,6.458406415009066e-14
30634,0,0,8.638010326673238e-10
30640,1,1,0.9999989646515116
30643,0,0,6.105035293406711e-16
30649,0,0,0.3658225273729965
30651,0,0,0.0003761797052005546
30653,0,0,1.202664934565046e-09
30660,0,0,1.6133325330188662e-06
30663,0,0,2.2197807570168997e-12
30664,0,0,6.084254809450678e-12
30670,0,0,1.6806424492398621e-06
30672,0,0,1.1370183900536917e-05
30674,0,0,6.41145583872241e-06
30678,0,0,2.352144601289652e-13
30679,1,1,0.9979754944706734
30687,0,0,5.6580537587112886e-06
30691,0,0,0.2691683485578179
30694,0,0,0.004860412967783421
30696,0,0,2.7417018258974363e-17
30702,0,0,2.8475185384249163e-16
30724,1,1,0.8659482694790208
30729,0,0,2.336417006834693e-15
30731,0,0,4.4324657602153566e-08
30735,0,0,1.4917555437196484e-05
30737,1,1,1.0
30745,0,0,1.2840018755788526e-09
30748,0,0,9.992912049855861e-13
30749,0,0,0.08615200376596449
30759,0,0,0.01320194362134579
30760,0,0,2.2545896904305e-06
30764,0,0,0.0029908599335809177
30765,0,0,9.322750607434749e-09
30766,0,0,0.0024242968282927073
30771,0,0,7.979365376704116e-12
30778,0,0,6.360968811722312e-06
30780,1,1,1.0
30788,0,0,0.004251137599351789
30789,0,0,1.830892076390748e-13
30793,0,0,0.25310500683231035
30801,0,0,2.9872392513855587e-05
30803,0,0,0.009920896891093904
30807,0,0,5.9183704861330866e-09
30812,0,0,1.8652448729876743e-14
30817,0,0,5.411375728749061e-07
30819,0,0,0.062818003495331
30821,0,0,1.3101263067493817e-08
30826,0,0,0.020523154730981652
30827,1,1,1.0
30828,0,0,7.301080623533935e-18
30833,0,0,0.002116510697099765
30840,0,0,1.8431928770429474e-08
30846,1,1,0.9999999913231937
30848,1,1,0.9999999855973125
30852,0,0,1.5706287224719463e-08
30863,0,0,0.023298693408210894
30872,0,0,0.01585621635636997
30876,0,0,0.10760134118181211
30887,0,0,6.252312881993057e-11
30888,0,0,0.08949700190439476
30900,0,0,8.142836203035434e-14
30908,0,0,2.2519396437943595e-13
30911,1,1,0.8105932620390789
30913,0,0,1.0980966950250213e-07
30921,0,0,3.154999422761307e-05
30927,0,0,1.336932381091487e-08
30936,0,0,0.004374027020903013
30941,0,0,5.366699846573691e-12
30952,0,0,3.3099862566465725e-05
30959,0,0,3.7060011130519188e-06
30964,0,0,0.0022882282388933285
30965,0,0,8.275993170481863e-09
30975,0,0,1.2281766248525251e-17
30980,0,0,2.6417685226734022e-05
30985,0,0,3.687135056674974e-16
30993,0,0,4.896942968963718e-11
31000,0,0,0.11455066798732794
31012,0,0,0.01345607907759075
31015,0,0,3.956431080063697e-07
31019,0,0,0.02296315795496735
31020,0,0,0.010619601136373653
31024,0,0,4.8303985637925146e-14
31028,0,0,0.017831011385896624
31030,0,0,1.3620004157919667e-12
31036,0,0,5.7689661851974687e-08
31044,0,0,1.5734327471582512e-08
31046,0,0,2.397720309389073e-12
31047,0,0,3.309334072871699e-10
31048,0,0,8.422323837623565e-06
31056,0,0,8.57871789583586e-08
31060,0,0,2.951471823357629e-06
31063,0,0,0.22366440868034623
31068,0,0,2.453101951258262e-08
31071,0,0,3.971264652227803e-06
31073,0,0,2.8506445147353736e-08
31074,0,0,3.5335943092852208e-09
31080,0,0,2.9610202480771875e-09
31086,0,0,0.10997053692517757
31107,0,0,0.09821890243568188
31118,0,0,1.2235649180606694e-06
31119,0,0,3.8534808719332836e-08
31123,0,0,3.85828889818129e-07
31134,0,0,0.010667586178758251
31137,0,0,4.3889127030072786e-16
31139,0,0,5.296152907383787e-07
31143,0,0,2.2858284434613328e-07
31145,0,0,9.824348051837945e-11
31159,0,0,8.906392904440873e-07
31161,0,0,4.079476387088926e-15
31167,0,0,0.16801464963363552
31178,1,1,1.0
31179,0,0,2.55175226005511e-16
31188,0,0,0.00041840843461339757
31192,0,0,0.004229019292925855
31195,0,0,0.006479140786760842
31196,1,1,0.9999999999999989
31198,0,0,1.9031348787371844e-07
31203,0,0,5.105784234291112e-07
31209,1,1,1.0
31212,0,0,8.953281278254298e-09
31214,0,0,2.7063109351694218e-08
31218,0,0,4.129869798235616e-14
31221,0,0,1.452947207689639e-07
31239,0,0,0.00777446210010216
31247,0,0,0.14810842604485347
31254,1,1,0.998721842258719
31267,0,0,2.152559042870268e-07
31268,0,0,0.09557075728370203
31274,0,0,8.044642232758866e-08
31277,0,0,2.982062218133841e-14
31282,0,0,0.212011792097965
31290,0,0,0.0001216625880857959
31291,0,0,2.4185423178322868e-15
31294,0,0,0.044917977041086694
31295,1,1,1.0
31305,0,0,1.5647071780273656e-17
31315,0,0,3.666966708901916e-13
31316,0,0,0.04664059444018982
31317,0,0,0.0055894020061814835
31319,0,0,0.09432195713413337
31322,0,0,0.021878233496855984
31323,0,0,0.017445169639130488
31325,0,0,0.006733057155105713
31326,0,0,0.18730641703960232
31327,0,0,1.4714488162290443e-09
31333,1,0,0.27684911445114563
31335,0,0,1.8863021714520168e-13
31347,0,0,5.35868182328886e-06
31350,0,0,0.005942301446854516
31352,0,0,3.143365803037677e-08
31353,0,0,2.3281042393114385e-07
31360,0,0,0.011273123312019993
31367,0,0,1.732551685861164e-07
31370,0,0,4.677780639272909e-06
31373,0,0,3.051792170704e-05
31376,0,0,1.0059607547976839e-09
31377,0,0,6.018778949784578e-07
31378,0,0,8.270166877722575e-07
31379,0,0,4.440435876937862e-15
31385,1,1,1.0
31402,0,0,0.007978894494733354
31408,0,0,9.364541730306184e-07
31414,0,0,0.05681646657349805
31423,0,0,2.793158052737558e-06
31427,0,0,0.24952425704132014
31428,0,0,0.06720216995831559
31443,0,0,4.0188656968489655e-07
31444,0,0,1.4833505371041633e-06
31452,0,0,0.00034857461440301917
31460,0,0,0.0644036378438182
31463,0,0,2.554973934663335e-09
31465,0,0,1.160697340804565e-12
31466,0,0,2.385801708492984e-09
31472,0,0,0.008940015855514254
31476,0,0,7.651113776730588e-07
31488,0,0,6.272958583170235e-08
31490,0,0,0.00044151019657446004
31493,0,0,0.014709920873704619
31495,1,1,0.9999999977923106
31502,0,0,0.15034048579041825
31504,0,0,0.007370538733394106
31513,0,0,1.800439712118219e-08
31514,0,0,4.5324322356326556e-11
31520,0,0,3.6737519455721034e-08
31526,0,0,0.17734242300590536
31529,0,0,0.07410130869235132
31533,0,0,1.1055663590762109e-10
31534,0,0,6.336598013311675e-13
31536,0,0,0.0763360060545617
31544,0,0,0.00016183359833068955
31545,0,0,0.0071832149159662875
31546,0,0,1.1113590219901199e-11
31556,0,0,0.19071238426020978
31557,0,0,0.016307426582148055
31559,0,0,1.2961700934726234e-05
31561,0,0,6.452492380035753e-12
31564,0,0,7.8786301738535865e-19
31567,0,0,2.7071096913904035e-05
31572,0,0,8.956487796442076e-06
31578,0,0,1.610681483991736e-11
31580,0,0,7.252744420032423e-10
31584,1,1,0.9999718480453683
31585,0,0,2.7172973548230943e-05
31603,0,0,6.050592283519934e-13
31612,0,0,4.849491372699749e-13
31620,1,1,0.8876572878048922
31627,0,0,2.5335843711216525e-07
31630,0,0,3.186317821634294e-05
31631,0,0,3.9980770869579715e-13
31638,0,0,0.07225340929510905
31645,1,1,0.5991490698461683
31649,0,0,0.006412390216621929
31655,0,0,1.3980872823342023e-11
31659,0,0,0.023353534428644546
31660,0,0,0.011919010481676822
31663,0,0,0.0018635569779484763
31664,0,0,3.0868913709771076e-05
31672,0,0,9.67457552597654e-07
31673,0,0,2.3933342722346794e-11
31678,1,1,0.9992734096855708
31685,0,0,0.004876521875686447
31690,1,1,0.9999999999999991
31696,0,0,0.012686328364073714
31699,0,0,0.23831908914398095
31705,0,0,2.656333871909646e-05
31709,0,0,1.5098831418530339e-13
31710,0,0,4.761247903758066e-09
31712,0,0,7.486834969460988e-06
31714,0,0,5.281621378957725e-05
31716,0,0,1.3023967320194434e-13
31729,0,0,5.209437962906844e-16
31735,0,0,2.980776173384482e-08
31737,0,0,0.014076749804468177
31738,0,0,0.3547965013341043
31741,0,0,3.6554351613744743e-10
31746,0,0,2.9648768921577583e-12
31749,0,0,0.09194528317357999
31754,0,0,0.014577179733069691
31755,0,0,0.005424322709668951
31764,0,0,0.034417469833783354
31777,0,0,1.2390426468684597e-07
31798,0,0,2.4782062163313265e-07
31802,0,0,0.06230728626140413
31807,0,0,0.002370711672330869
31812,0,0,0.0021680005937939105
31819,0,0,0.00019193048760264572
31823,0,0,2.96504692487792e-15
31832,0,0,0.2573666234222963
31833,0,0,5.628509158049551e-09
31839,0,0,1.7366419271574192e-10
31840,1,1,1.0
31848,0,0,2.5135811374398244e-06
31872,0,0,1.4802605027831626e-07
31873,0,0,0.015956726381609148
31874,0,0,1.4429975182659881e-15
31875,0,0,0.12584652781035216
31895,0,0,6.682228558391046e-10
31898,0,0,6.348910491312694e-06
31901,0,0,0.14375097231445827
31907,0,0,2.89157937069942e-05
31910,0,0,0.0050635667312644945
31913,0,0,0.025999434567512598
31925,0,0,7.573237060656794e-06
31926,0,0,0.17327353957838246
31929,0,0,3.235475720026929e-08
31943,0,0,0.08516404845615214
31946,0,0,0.0026585647099222273
31956,0,0,0.18873844802496298
31957,0,0,3.6924855264979355e-06
31960,0,0,0.06702768064062713
31964,0,0,0.00017112302382616199
31968,0,0,0.31301683996008756
31970,0,0,1.8687060911371247e-08
31972,0,0,4.299724428171475e-08
31984,0,0,0.0034343516534526596
31985,0,0,0.021040235279196514
31986,0,0,0.09277764478845472
31991,0,0,2.5964020122218356e-10
31997,1,0,0.0722668349032149
32005,0,0,4.764905900083413e-14
32012,1,0,0.021830924929023603
32018,0,0,6.724164288076668e-13
32020,0,0,0.0038251699287210044
32022,0,0,0.028138595217613322
32024,1,1,1.0
32031,0,0,0.00393582337649091
32032,0,0,5.133906557454544e-09
32033,0,0,0.24949408052459127
32035,0,0,1.818032756336619e-10
32039,0,0,0.0704533119279855
32049,0,0,2.0355288926095656e-15
32060,0,0,1.5573558892854006e-06
32061,0,0,8.767977013496629e-10
32064,0,0,1.4767186092305608e-07
32065,0,0,6.225178393461307e-07
32073,0,0,4.241139388605681e-07
32075,0,0,1.1504412543130622e-13
32087,0,0,0.002682895484379057
32088,0,0,3.5099965304818136e-10
32089,1,0,0.18564935763498383
32096,0,0,5.574282841132039e-10
32103,0,0,4.247244714210625e-09
32115,0,0,0.020943882014560197
32118,0,0,2.7183816596134676e-06
32124,0,0,0.0073345406085237016
32125,0,0,5.718120725518218e-16
32127,0,0,0.15821334799269302
32133,0,0,0.15314174014675092
32134,0,0,7.796942863357575e-13
32138,0,0,3.81784762003478e-15
32142,0,0,5.2665856717862984e-05
32143,0,0,0.004809587845772646
32144,0,0,9.126982545185756e-09
32150,0,0,0.006746167832888931
32162,0,0,0.025355710888156587
32170,0,0,2.4262676902988455e-11
32172,0,0,2.646847127298183e-06
32173,0,0,0.2511047306176339
32176,0,0,0.0050653924706282405
32177,0,0,0.004448257031387864
32180,0,0,1.6033669404552867e-06
32190,0,0,0.006947769196425924
32198,0,0,3.550781861706062e-06
32226,0,0,0.1530828761400687
32232,0,0,8.561111412195923e-05
32233,0,0,4.691134956594074e-06
32244,0,0,1.2932309019430117e-06
32248,1,1,0.9999999999999645
32254,0,0,2.1946329666985473e-09
32255,1,1,0.9512600475368607
32263,0,0,0.05025408441236839
32265,0,0,0.019542295099392235
32281,0,0,1.8804228415686015e-14
32283,0,0,0.05869785711702882
32292,0,0,2.3337985631450486e-12
32293,0,0,5.2916243391558645e-08
32309,0,0,2.9296814266817673e-11
32310,0,0,9.761532549076152e-16
32318,0,0,0.13867049504764398
32323,0,0,0.006368572460147348
32325,0,0,4.560873643150977e-07
32327,0,0,1.660976074066952e-10
32336,0,0,4.22675343173769e-09
32340,1,1,0.9999999999999996
32341,0,0,1.2176018282553153e-06
32352,0,0,1.7150434943075947e-10
32354,0,0,5.520911842824581e-07
32355,0,0,2.292002890950736e-11
32360,0,0,0.3500851583908914
32382,0,0,0.027121707511639944
32387,0,0,3.871003077150559e-15
32390,1,1,0.9999980173370412
32398,0,0,6.432569365694788e-12
32408,0,0,0.1686011015509189
32413,0,0,0.0024345452307043933
32414,0,0,5.048805249507046e-09
32418,1,0,0.2022700860020829
32433,0,0,1.481597835132003e-10
32435,0,0,1.873456698754131e-11
32440,0,0,7.933559937613142e-10
32441,0,0,2.998619337667213e-16
32456,0,0,1.103492716731837e-08
32459,0,0,6.487399437541826e-17
32467,0,0,0.09132951775025415
32469,0,0,0.05778253297282966
32470,0,0,5.48579835941435e-06
32473,0,0,0.003093931745323594
32483,0,0,0.006574403197674611
32484,0,0,2.024518102771918e-08
32485,0,0,0.037950474727728084
32508,0,0,0.005385883522557807
32515,1,0,0.1817563032857666
32519,0,0,3.825439320782794e-14
32525,0,0,3.4957234984408875e-11
32534,0,0,1.1459304662771691e-14
32535,0,0,0.013045128344225191
32541,0,0,0.07913102332038391
32549,0,0,1.0955143330623329e-13
32550,1,0,0.1662489696813982
32557,0,0,2.8727521104553836e-08
32567,0,0,0.014792457793443098
32569,0,0,1.9264021323847187e-07
32573,0,0,1.8695922848061115e-08
32582,0,0,7.36398615420738e-13
32586,0,0,2.1281616878608665e-05
32587,0,0,1.6234563897795234e-09
32589,0,0,8.955702624111152e-09
32597,0,0,2.0567364012896284e-10
32601,0,0,0.001778280859030874
32608,0,0,3.536481139624398e-07
32609,0,0,1.0186473811581036e-09
32613,0,0,1.3041570197070433e-11
32620,0,0,0.08380511737822037
32622,0,0,8.465350880058088e-05
32626,0,0,8.15289597690664e-05
32631,0,0,0.02716188751781982
32641,0,0,5.7009300985217665e-08
32660,0,0,0.008246375143055037
32667,0,0,4.656499078520108e-15
32669,0,0,1.0841576199196519e-10
32670,0,0,3.6890689936837585e-06
32671,0,0,0.19193385174863795
32673,0,0,2.2282676960961764e-06
32674,0,0,7.124047601216672e-07
32675,0,0,0.0038964683073184903
32678,0,0,3.36713105503791e-08
32680,0,0,2.1126381974014523e-14
32693,0,0,0.0976206053367951
32701,0,0,0.024169720869343887
32704,0,0,0.17996597315768786
32705,0,0,0.13842007750908628
32711,0,0,0.008416300650814107
32719,0,0,3.609950986380003e-05
32727,0,0,5.8767337014777904e-08
32728,0,0,0.1321292217928349
32729,0,0,5.7300083158466736e-08
32731,0,0,0.008257249700844063
32734,0,0,1.6129594120597378e-06
32736,0,0,0.04628366747438122
32737,0,0,6.506264557057518e-10
32742,0,0,5.163547521482646e-10
32746,1,1,1.0
32757,1,1,1.0
32761,1,0,0.08677280307603011
32766,0,0,4.884618285267525e-10
32770,1,1,0.5383558043432957
32788,0,0,1.2000116494136443e-06
32790,0,0,7.332986546526484e-06
32795,0,0,5.569049199852343e-09
32796,1,0,0.07562306436792623
32798,0,0,5.5161374456453466e-06
32800,0,0,9.102123995664018e-05
32802,0,0,0.04821873406169248
32803,0,0,2.38309054639379e-06
32810,1,0,0.1341720883784029
32811,0,0,3.960030022959738e-06
32819,1,0,0.21421564340762436
32825,0,0,1.7711656118370498e-05
32833,0,0,8.200939096712715e-08
32835,0,0,0.07838639847339801
32838,0,0,0.09972842777809701
32842,0,0,0.0008176042491944741
32845,0,0,6.359110450155895e-06
32855,0,0,3.219342617442115e-08
32866,0,0,2.76773300849925e-14
32871,0,0,1.0788960498543547e-07
32878,0,0,3.445625273983875e-07
32881,0,0,6.61389327485368e-12
32888,0,0,9.381906704653471e-08
32894,0,0,1.1525380786663399e-07
32914,0,0,1.502484379632457e-09
32916,1,1,0.9999890318778023
32924,0,0,1.3613829613875874e-14
32934,0,0,9.958750439316323e-09
32937,0,0,0.005144952810588466
32939,0,0,0.0006091237616422712
32964,0,0,7.974884461528362e-16
32966,0,0,1.7880858559981267e-07
32968,1,0,0.0687117580644512
32976,0,0,0.06256845974078412
32994,0,0,1.2412414524768738e-08
32995,0,0,0.039522903463399636
33001,0,0,0.004960440109621519
33011,0,0,1.7357160132795473e-11
33012,0,0,3.767644782239061e-05
33014,0,0,0.0014578235983268304
33024,0,0,3.461187783894072e-11
33029,0,0,0.09943484498859353
33031,1,1,0.9999999999999971
33034,0,0,0.08883468054830396
33038,0,0,0.03149557062595046
33043,0,0,3.594360216815173e-06
33050,0,0,2.555151492409691e-13
33056,0,0,3.89132821279936e-14
33058,0,0,6.9279522662727765e-09
33061,1,1,0.9999999971346882
33063,0,0,8.21773483035843e-08
33064,0,0,7.696872268695563e-10
33066,0,0,2.9887839789056287e-07
33071,0,0,6.167414639815044e-05
33074,0,0,3.761795659992353e-12
33086,0,0,1.3317211247626853e-12
33091,0,0,0.025043124598289224
33102,1,1,0.9713610843443985
33107,0,0,0.07768536994610117
33109,1,1,0.9683500220380848
33110,0,0,0.014654958934537214
33112,0,0,4.339903857211838e-09
33114,0,0,0.20931509272316612
33120,0,0,0.00462909222876646
33121,0,0,0.029182463512404028
33124,0,0,1.1106985832614997e-16
33125,0,0,0.008222954792551203
33135,0,0,0.06938091974492612
33136,0,0,2.0751830743802117e-10
33141,0,0,2.369919033033499e-12
33155,0,0,4.620217029866863e-18
33157,0,0,9.77020204411418e-06
33159,0,0,0.15510992688042533
33167,0,0,5.293894116920947e-08
33172,0,0,0.00046433123623592347
33176,0,0,0.0027882654461511415
33179,0,0,0.007207701848567088
33180,0,0,0.01292997199826175
33181,0,0,0.4206870444752621
33186,1,1,0.9999999976025751
33195,0,0,0.004120152158092865
33201,0,0,3.109890626533213e-05
33227,0,0,0.0020503611217641917
33228,0,0,6.817309992108863e-07
33230,0,0,9.698880700109124e-08
33237,0,0,1.0318137570397375e-12
33246,0,0,0.12621961266551998
33249,0,0,0.35001139645201435
33253,0,0,7.433427973082419e-09
33259,0,0,0.03628659882742797
33273,0,0,0.07673684315086322
33282,0,0,0.005482263620424004
33286,1,0,0.17091397632879965
33306,1,0,0.4094731491596579
33310,1,0,0.242488504955661
33317,0,0,0.038860892009673215
33329,0,0,2.6942086219982194e-08
33331,0,0,1.1695944856937968e-15
33340,0,0,7.731540706107349e-07
33342,0,0,1.6176347016246007e-07
33346,0,0,0.0005719420124550213
33347,0,0,0.020994176250188717
33349,0,0,0.08870125972453907
33354,0,0,1.0151318856835692e-08
33360,0,0,0.22352529723326928
33361,0,0,0.41947520674953054
33364,0,0,4.847679975358472e-07
33371,0,0,1.230045531232069e-07
33373,0,0,0.05810093445243797
33377,0,0,7.710367773911506e-11
33378,0,0,0.0022102360362559977
33379,0,0,1.147490904444057e-13
33401,0,0,0.11118890422877545
33404,0,0,0.3577243164402175
33405,0,0,1.2041714261642742e-06
33407,0,0,1.1605402329294355e-09
33409,0,0,0.10823650683552959
33412,0,0,3.476215359204431e-11
33418,0,0,0.18988501374050099
33423,0,0,5.441442877811269e-13
33427,0,0,5.9151525239377534e-09
33429,0,0,2.622054320848735e-07
33430,0,0,0.002950950741959737
33432,0,0,0.1541571898866905
33443,0,0,7.703106274053393e-12
33452,0,0,0.14872001136489985
33453,0,0,5.093170950879772e-09
33462,1,1,0.9999999963626098
33469,0,0,1.4601821320035944e-12
33472,0,0,0.0015574101891181363
33483,1,1,1.0
33484,0,0,8.161027398750657e-06
33487,0,0,6.229805135890214e-13
33491,0,0,0.05669885832370332
33499,0,0,3.2762665911524388e-12
33501,0,0,7.933427382177642e-06
33505,0,0,3.819007874700361e-08
33514,0,0,3.2053232359605776e-14
33520,0,0,0.002760269856512874
33521,0,0,0.030388217191931036
33522,0,0,1.445880391286564e-13
33525,0,0,9.357118743002683e-10
33527,0,0,4.5115535472667033e-13
33532,0,0,5.0478773099675566e-06
33537,0,0,1.9973824924031407e-11
33546,0,0,0.004122885086799855
33550,0,0,1.3939209902098371e-08
33551,0,0,0.0027592996163468813
33560,0,0,1.921166656630846e-05
33578,0,0,2.4526619055376604e-05
33581,0,0,1.0746361336533197e-09
33594,0,0,1.3286433194712554e-06
33597,1,0,0.20975505342190337
33602,0,0,8.202319694649059e-11
33616,0,0,0.0783616233183725
33638,0,0,5.063225647539446e-09
33648,0,0,0.07777563488950871
33649,0,0,3.553231731779465e-11
33655,0,0,0.24228353775831524
33675,1,1,0.9989600993387421
33682,0,0,4.577645145283479e-09
33685,0,0,0.0004750321773206106
33686,0,0,1.3410467476004677e-07
33688,0,0,0.12660520283781534
33699,0,0,2.1487819398338294e-05
33701,0,0,0.08305007515679497
33703,0,0,1.567873415155173e-07
33706,0,0,2.4743844082863524e-12
33709,0,0,1.7797640793051108e-09
33712,0,0,0.22033247478666407
33718,0,0,2.1935017259950287e-16
33719,0,0,2.5943348067318828e-06
33720,0,0,2.2489514856812756e-05
33731,0,0,8.427058727041e-09
33741,0,0,0.01606195353272991
33749,0,0,1.5253668182665566e-07
33772,0,0,0.07684372820148598
33776,0,0,0.025883005580207837
33777,0,0,7.87789804919102e-07
33782,0,0,1.275243276749679e-06
33784,0,0,1.7223422655393463e-09
33789,0,0,1.2299610358279778e-06
33790,0,0,3.5659591270478396e-09
33791,0,0,9.719473214874221e-17
33794,0,0,0.19256189925136086
33812,0,0,1.3039395860075478e-10
33822,0,0,0.05212443872982498
33826,0,0,0.3127017743864111
33834,0,0,2.3935708953804716e-08
33839,0,0,0.06842604129367891
33843,0,0,4.914701367921637e-06
33848,0,0,2.195228498629359e-05
33853,0,0,0.019148927418085493
33857,0,0,0.008016260997633601
33872,0,0,0.0006745088563378427
33877,0,0,0.08130341841272767
33888,0,0,0.013363057533950529
33889,0,0,1.439893226406314e-05
33902,0,0,7.860176916973139e-10
33916,0,0,0.006788811616373338
33925,1,1,0.9999999995012392
33926,0,0,0.10226202880936797
33929,0,0,0.008232105516346672
33931,0,0,5.036129103107708e-08
33933,0,0,0.04423101853813732
33939,0,0,4.9790992911621515e-08
33940,0,0,0.01191500841992468
33946,0,0,0.4579124945711808
33954,0,0,0.0443967735533993
33974,0,0,1.0520607406034778e-07
33983,0,0,4.449073022768239e-05
33987,0,0,1.4869433214493269e-06
33991,1,1,1.0
33993,0,0,0.3593416273916139
33997,0,0,1.694174289491297e-10
33998,0,0,0.007628926904282324
34010,0,0,0.0028097512762450677
34020,0,0,2.2035126600979096e-07
34021,0,0,0.08854879120609031
34023,0,0,0.007752179836833495
34025,0,0,0.03627726528584299
34029,1,1,0.999999999975093
34030,0,0,5.049506405269183e-15
34034,0,0,0.0020744898963274026
34042,0,0,2.4112942233063477e-07
34067,1,0,0.034667811917041415
34071,0,0,1.1743396056312129e-07
34072,0,0,5.450318786402283e-13
34073,0,0,0.010206890234328858
34078,0,0,0.012582141212161604
34079,0,0,7.125564194543661e-10
34084,0,0,2.520502334185055e-13
34088,0,0,0.22180550791383977
34093,0,0,6.237534875237043e-07
34097,0,0,1.415502951159339e-11
34118,0,0,0.0017636512875800455
34120,0,0,1.069458012325354e-05
34121,0,0,3.6474296163641424e-12
34125,0,0,4.334440613687716e-06
34127,0,0,5.13411188723574e-05
34134,0,0,0.07308049811760854
34145,0,0,0.006504155021070821
34147,0,0,2.254401633350038e-06
34152,0,0,4.73577580469264e-13
34166,0,0,1.1264136393651485e-09
34170,0,0,2.5953452950075074e-13
34171,0,0,1.5886044157702806e-07
34172,0,0,6.549410801081466e-06
34181,0,0,3.53793567857846e-05
34183,1,0,0.08562486030899544
34194,0,0,2.519617416265522e-10
34199,0,0,0.07897184000749426
34200,1,1,1.0
34204,0,0,0.000645269362459122
34216,0,0,0.0035833199880084847
34217,0,0,0.00017724355221804023
34225,0,0,0.0017662771345180604
34231,0,0,1.1935029761914092e-07
34236,0,0,0.10862333110963743
34241,0,0,8.444194848147151e-12
34252,0,0,6.392839546736516e-10
34259,0,0,1.0870981925800529e-08
34264,0,0,1.3411909396516784e-11
34270,0,0,3.3704049686557475e-13
34271,0,0,7.601481173110397e-07
34276,0,0,6.278629515488187e-10
34279,0,0,4.625956390805e-16
34283,0,0,0.2791779686022234
34290,0,0,0.011079462968377411
34292,0,0,3.482276733038906e-06
34294,0,0,2.1571579484420028e-17
34305,0,0,2.7356840214431914e-15
34306,0,0,0.1270712373064665
34316,0,0,8.592500459170151e-08
34335,0,0,0.0022152663858472765
34338,0,0,1.9887787819161266e-06
34340,0,0,0.00012287190311932678
34341,0,0,0.0033927296578432913
34351,0,0,6.480400571299362e-11
34352,0,0,3.887908027536313e-18
34361,0,0,0.010252663153609808
34364,0,0,0.007416748048055892
34365,0,0,0.004233896730051382
34369,0,0,3.6899093904614147e-07
34378,0,0,2.9954186145686116e-05
34382,0,0,3.256581819908632e-12
34408,0,0,1.7536002014773058e-06
34411,0,0,1.3373031012700467e-12
34416,0,0,7.869970905543764e-08
34422,0,0,3.416195225178233e-08
34425,0,0,0.010865420367539465
34429,1,0,0.3596109494097351
34432,0,0,0.017743753415036725
34433,0,0,0.0023072728766368746
34435,0,0,7.072600161405489e-11
34436,0,0,1.0911515740290732e-08
34438,0,0,1.4653058712485988e-13
34439,0,0,0.1679696731702885
34445,0,0,1.6915990551405167e-19
34446,1,0,0.24740074215273586
34454,0,0,1.698121444873876e-08
34456,0,0,0.259226994658421
34460,0,0,0.04618449988702502
34478,1,0,0.006739790429473242
34485,0,0,1.7621580514840892e-09
34488,0,0,7.012783499011516e-10
34491,0,0,0.10403717647505482
34493,0,0,1.1917351327378906e-17
34494,0,0,0.02478490828390892
34496,0,0,4.8769512614338414e-08
34497,0,0,2.1737826671278192e-07
34500,0,0,2.63040441721821e-05
34504,0,0,5.643369334072045e-07
34511,0,0,8.783622823617887e-06
34515,0,0,1.9337858776131373e-09
34522,0,0,0.019369162901573127
34525,0,0,0.01403459721151482
34531,0,0,6.905879007694207e-07
34533,0,0,0.15095663631862977
34540,0,0,5.346023111303444e-10
34543,1,1,0.999698554385865
34545,0,0,0.007425797480113137
34548,1,0,0.35464844091423653
34577,0,0,5.6780013733646963e-08
34581,0,0,0.012263614506686036
34591,0,0,0.022069368760401234
34600,0,0,0.15528991456184563
34610,0,0,7.045051812097748e-08
34612,0,0,0.19194860439023537
34620,0,0,2.7242687631994232e-15
34625,0,0,0.011914432440211837
34632,0,0,1.9182605413780706e-05
34638,0,0,0.012707746869139695
34641,0,0,0.003981933425763578
34643,0,0,2.2719292365221348e-09
34656,0,0,7.495034275691566e-07
34657,0,0,0.10138073337456255
34660,1,1,0.9999999992991977
34662,0,0,3.700715825424451e-15
34670,0,0,4.555828064177129e-10
34676,0,0,0.002186654403405393
34679,0,0,2.9487403691507755e-09
34685,0,0,2.099976152543869e-07
34691,0,0,0.19600595964041864
34702,0,0,4.0991950926248796e-05
34707,0,0,0.009962210366354403
34710,0,0,1.1158897601049676e-07
34719,0,0,2.7338657211958416e-07
34749,0,0,2.0719549234410593e-05
34755,0,0,2.112778357146026e-09
34757,1,1,1.0
34763,0,0,0.0003391481642360441
34764,1,1,0.9999999963975441
34776,0,0,2.9594720712820293e-09
34793,0,0,7.99323452573335e-16
34796,0,0,0.004845931699485046
34802,0,0,0.17761910205311898
34804,0,0,1.3171921903939642e-06
34818,0,0,0.0649526495698159
34819,0,0,3.6460946297470795e-11
34822,0,0,0.0028678822699998627
34823,0,0,0.3099669476480678
34826,0,0,0.0377281798766922
34828,0,0,7.214654940409107e-08
34829,0,0,0.052403383112937775
34841,1,1,1.0
34846,0,0,9.2528491071204e-11
34861,0,0,0.09516256852199712
34864,0,0,3.6702383792794205e-05
34873,0,0,9.733443482192295e-09
34875,0,0,0.3957817314742651
34883,0,0,0.03226308431187178
34888,0,0,4.658865592184573e-05
34891,0,0,1.4065175396964127e-06
34900,0,0,5.993926103271784e-09
34903,0,0,0.00016344469425220675
34904,0,0,2.842743032042545e-08
34906,0,0,0.010741903673658544
34912,0,0,0.006382589571108548
34917,0,0,0.18841003909287293
34922,0,0,1.4636622053866508e-16
34923,0,0,0.0004184728386666949
34932,0,0,3.586371290971584e-06
34936,0,0,1.0022903577613355e-07
34942,0,0,9.185345918806243e-12
34949,0,0,9.740207260711002e-10
34963,0,0,0.043223397279651216
34965,0,0,0.0123001016449271
34968,0,0,2.275311134402529e-07
34975,1,1,1.0
34979,0,0,0.04111426098986422
34980,0,0,2.4537179328263247e-12
34981,0,0,0.005400335020130909
34983,0,0,0.007395434819384492
34986,0,0,0.005492418790120434
34987,0,0,1.7436208332126668e-12
34997,0,0,0.004376676910582992
34998,0,0,6.077015647610926e-09
35006,0,0,2.4804268038520056e-11
35018,0,0,0.030997669726208505
35024,0,0,1.213109853691191e-14
35026,0,0,0.05530001991007485
35050,0,0,0.0167537216557203
35052,0,0,0.011329583283733369
35054,0,0,0.006754346309567182
35072,0,0,0.01790415735168756
35075,0,0,0.16358569393593433
35083,0,0,0.031414268949741884
35084,0,0,0.17277424802544727
35085,0,0,5.26140635438629e-09
35089,0,0,0.01468688785584311
35098,1,0,0.14529963568988674
35112,0,0,6.88473452520117e-06
35120,0,0,0.27195347267223974
35130,0,0,9.939352952955236e-06
35131,0,0,2.291054434539411e-05
35134,0,0,0.00632636318963976
35135,0,0,7.041863147260674e-11
35137,0,0,7.95089179440883e-06
35147,0,0,4.669287128841218e-07
35149,0,0,4.236338688342446e-18
35158,0,0,0.0584398232310187
35161,0,0,4.593905359613634e-06
35169,0,0,5.636684252914412e-05
35174,0,0,0.0001995679774396289
35184,0,0,5.777591406924123e-05
35187,0,0,2.5053342466961643e-07
35190,1,1,1.0
35196,0,0,1.9733583281592384e-06
35205,0,0,4.0573032365882303e-11
35214,0,0,0.23386603305262751
35215,0,0,9.158866202480295e-12
35219,0,0,5.7146435539086235e-09
35234,0,0,6.9782810980283e-08
35235,0,0,1.0484345679248811e-11
35243,0,0,0.008952486618207483
35245,0,0,2.0217599477790167e-08
35246,0,0,7.254800063509016e-07
35248,0,0,0.017836080575548047
35252,0,0,0.000132364239974308
35254,0,0,3.0540070961310924e-09
35259,0,0,7.524157416753935e-13
35265,0,0,0.04926043720964015
35269,0,0,0.030370261626665052
35282,0,0,0.00010483903099568892
35290,0,0,3.350830663689839e-06
35295,1,1,0.9999999973603741
35302,0,0,0.1099065955794189
35304,0,0,1.6579164685936706e-08
35306,0,0,2.1430865672415316e-18
35308,0,0,3.592064097283458e-18
35322,0,0,4.280547211403484e-08
35329,0,0,0.0002003754063395355
35343,0,0,0.014886556086929145
35349,0,0,0.009340457181942605
35353,0,0,1.7386532243614542e-08
35357,1,1,0.9999999981471017
35371,1,1,1.0
35378,1,1,0.9999999999903122
35379,0,0,9.339980333417825e-07
35387,0,0,8.24116489753491e-12
35390,0,0,1.3805564124221217e-09
35395,0,0,1.227625736095386e-12
35406,0,0,1.5930575255254897e-06
35414,0,0,3.111253464860166e-17
35427,0,0,4.283526275100373e-05
35429,0,0,2.030100333630138e-05
35431,0,0,1.2043424694675625e-09
35433,0,0,0.08495989519778634
35434,0,0,4.3300480201273456e-08
35439,0,0,5.2106014157457425e-05
35441,0,0,0.002065797772473351
35445,0,0,0.012178906027561524
35460,0,0,1.92301735937603e-12
35467,0,0,0.008309885041635875
35475,0,0,0.2840332714408567
35491,0,0,2.836612816293438e-05
35492,0,0,2.948866896132493e-15
35497,0,0,0.0028982402954679043
35498,1,0,0.3653340867397282
35507,0,0,1.7592909255473542e-06
35514,0,0,0.00013612195011006897
35516,0,0,9.742658526095885e-13
35529,0,0,1.245004615735039e-07
35531,0,0,0.09847777055995216
35544,0,0,0.3742076712684431
35546,0,0,0.054443337452672616
35555,0,0,0.1635530996859541
35565,0,0,0.02878160352360555
35578,0,0,2.0881857644712727e-08
35581,0,0,1.9875743028071607e-11
35583,0,0,0.011535940898740644
35588,0,0,4.386363551361512e-13
35589,0,0,2.7946393294839996e-10
35597,0,0,2.9596206714287695e-11
35602,0,0,1.2503734809491428e-07
35604,0,0,1.7966351711983451e-06
35606,0,0,4.1169475081782314e-08
35610,0,0,1.0851053955394564e-06
35614,0,0,1.158316787479759e-05
35622,0,0,9.9219269959557e-19
35628,1,1,0.9999999999999094
35632,0,0,0.007104239321289071
35644,0,0,0.12475089334271203
35647,0,0,0.09743881190026091
35654,0,0,0.005155207857634618
35657,1,1,0.9999907731446229
35661,0,0,9.504906211749197e-10
35692,0,0,5.021804557894741e-06
35695,0,0,1.5495843568130323e-05
35720,0,0,0.1237704305893715
35727,0,0,4.8135319788128125e-08
35734,0,0,0.05203367852704759
35739,0,0,0.009655969434272898
35740,0,0,0.00013092619778930846
35744,0,0,4.3510814599657094e-11
35748,0,0,1.4219888469864553e-06
35751,0,0,1.1357414956350098e-07
35753,1,1,1.0
35754,0,0,0.11618568691578506
35769,0,0,0.0026123270908556895
35771,0,0,8.097928550109248e-08
35775,0,0,0.22208566975810365
35779,0,0,5.2137303535079286e-05
35784,0,0,0.0006952808431289528
35799,0,0,7.343395117589643e-10
35806,0,0,9.454837791370142e-14
35807,0,0,0.0022181745062478295
35809,0,0,0.16166972831187562
35817,0,0,0.044159771477949104
35824,0,0,4.956636545516113e-09
35830,0,0,5.259330449785754e-07
35831,1,1,0.9999999756242507
35833,0,0,7.566610203702866e-08
35834,0,0,3.759669953947103e-05
35837,0,0,2.0440966369620574e-12
35852,0,0,5.700368713061023e-05
35857,0,0,0.014015821344062783
35862,0,0,1.1586877582674908e-07
35863,0,0,0.07088729336877637
35870,0,0,2.7025972773556063e-12
35871,0,0,7.241640380999603e-06
35875,0,0,3.34240121425121e-05
35878,0,0,1.5454181799797626e-05
35883,0,0,1.5344700759156815e-09
35889,0,0,0.06674536101503602
35891,0,0,3.677907088117345e-07
35909,0,0,2.0403075404192246e-20
35911,1,0,0.06389368338038853
35915,0,0,7.271369677141778e-09
35917,0,0,0.07896726781683287
35920,0,0,8.044683004496079e-17
35925,0,0,0.00285377307017778
35931,0,0,3.451778655607924e-11
35932,0,0,0.004621547320677384
35943,0,0,1.9333425775308564e-05
35944,0,0,4.8958181103321035e-08
35958,0,0,0.0019039645982087982
35967,0,0,0.030706328465908976
35971,1,0,0.014784648901116212
35973,0,0,0.015134908706494931
35974,0,0,4.480200959043573e-09
35981,0,0,0.004064322990150107
35983,0,0,0.00968590258335672
35985,0,0,0.04429320973885417
35990,0,0,0.010378137762995114
35993,0,0,2.1419620621627673e-13
35998,0,0,5.623762622776691e-11
36003,0,0,0.005785461357215761
36007,0,0,1.6265374243520016e-13
36008,0,0,3.586799202509426e-13
36009,0,0,0.0712161496207273
36011,0,0,9.354818344242145e-06
36013,0,0,7.704904099889328e-09
36014,0,0,0.023508991943861215
36015,0,0,0.011941124647649431
36033,0,0,3.434496216658356e-05
36036,0,0,1.7416071821378235e-05
36037,0,0,0.07602990088501788
36046,0,0,0.012771115788703638
36055,0,0,3.383948923006099e-11
36061,0,0,7.856830756329996e-17
36087,0,0,2.24517782609388e-06
36088,0,0,0.10252193434056445
36089,0,0,2.7013603855981326e-14
36090,1,0,0.17120535009210402
36093,0,0,0.01058815085633164
36098,0,0,1.8895825474859792e-06
36100,0,0,0.004660906612356841
36107,0,0,3.6335089664948548e-09
36113,0,0,5.842214563949522e-05
36124,0,0,1.4064224721834006e-06
36127,0,0,0.014328255602483733
36135,0,0,0.21771763463631932
36140,0,0,9.302635117440255e-09
36141,0,0,3.3855984880752185e-11
36142,0,0,0.04176460444806735
36148,0,0,0.16297255664889745
36149,0,0,4.851409409937827e-08
36163,0,0,3.488495028557969e-07
36167,0,0,0.13521088428112485
36170,0,0,4.960136572745869e-08
36171,1,1,0.9999999975385498
36172,0,0,9.043531608068178e-05
36180,0,0,2.330273996075237e-09
36185,1,0,0.12392913606240381
36188,0,0,3.405564235030572e-08
36203,0,0,0.001059326365894372
36204,0,0,0.010370800876444652
36227,0,0,1.8293022149529234e-11
36243,0,0,0.010362717422130397
36246,0,0,1.9587552516232382e-09
36255,0,0,0.010667023935502852
36256,0,0,0.006937951179829197
36260,0,0,5.950376457686738e-10
36265,0,0,0.00020601650299087023
36270,0,0,0.045082365447048224
36284,0,0,3.81247827262754e-05
36290,0,0,9.553375186441935e-12
36291,0,0,0.12162622575502118
36295,0,0,1.7539733751409982e-11
36298,0,0,2.4054866568302403e-10
36301,0,0,8.845720064703326e-12
36307,1,0,0.2587192098550723
36311,0,0,5.264642746348022e-09
36316,1,0,0.20344471885333423
36318,0,0,6.755929244624739e-08
36322,0,0,4.617753431763379e-15
36323,0,0,9.094653343994724e-12
36325,1,1,0.9999951540533679
36326,0,0,6.335057949173464e-13
36328,1,0,0.016541337395744815
36333,0,0,6.309887309229046e-16
36353,0,0,0.005879595347686803
36358,0,0,1.7078930244623155e-05
36362,0,0,2.239953864355872e-12
36364,0,0,0.01106366275913511
36365,0,0,0.004155483420178839
36368,1,1,1.0
36373,0,0,0.04218341445075327
36377,0,0,0.0222754869008802
36390,0,0,7.04018008448168e-06
36396,0,0,7.858660890217815e-07
36399,1,1,1.0
36410,0,0,0.05079859384762655
36421,0,0,3.5132380059735138e-16
36433,0,0,9.638165077663633e-09
36445,0,0,0.004527908972306116
36451,0,0,0.12534184672194634
36474,0,0,1.075666778523929e-11
36476,0,0,3.229821262822876e-08
36488,0,0,2.563696272931028e-07
36490,0,0,5.626972994130526e-12
36491,0,0,0.08001258026727838
36492,0,0,0.024602349768303677
36495,0,0,3.998824019559685e-06
36507,0,0,0.13638056518675803
36509,1,1,0.8416652942986615
36512,0,0,5.713688744721351e-11
36516,0,0,1.1321691693138156e-12
36527,0,0,1.1283368817659837e-11
36528,0,0,1.309595242072672e-05
36532,0,0,0.00035458178133878547
36537,0,0,1.9610206080764713e-09
36543,0,0,0.14383265866310518
36544,0,0,0.13074917508662698
36546,0,0,1.1608682350188604e-10
36550,0,0,2.5886841161223797e-05
36552,0,0,4.35555860050205e-06
36558,0,0,0.16325094479976585
36565,0,0,1.3868348594415849e-06
36573,0,0,1.0502260786498502e-10
36580,0,0,0.048751858742119326
36581,1,1,0.9593408717269672
36583,0,0,0.0005551821298603166
36589,0,0,6.369433254593225e-09
36595,1,1,1.0
36603,0,0,1.2388994211909123e-07
36613,0,0,1.5476352148436942e-06
36633,0,0,1.5560037122576409e-06
36634,0,0,6.674941326462965e-11
36636,0,0,7.05935873325624e-05
36642,0,0,8.407337116678843e-07
36645,0,0,0.012072030199259147
36652,0,0,1.2875079454220283e-10
36665,0,0,4.503834113833168e-13
36681,0,0,0.007143854220325122
36687,0,0,9.017115891695601e-07
36689,0,0,1.9541199709449903e-05
36690,0,0,0.049328174581801804
36693,0,0,1.1735793041486924e-06
36694,0,0,0.3618377679242887
36695,0,0,4.884465335229788e-06
36696,1,1,1.0
36704,0,0,0.01986727669866135
36707,0,0,1.40042215222451e-06
36709,0,0,2.2464811401674478e-05
36715,0,0,0.00035864107582297104
36730,0,0,0.17545642757604343
36731,0,0,0.00981020623880456
36735,0,0,1.807396730776205e-08
36739,0,0,1.121177100635671e-09
36742,0,0,0.08836220315785943
36749,0,0,0.1391139056935267
36754,0,0,1.1506211377186771e-06
36756,0,0,0.08344451072363784
36759,0,0,0.00023874166009116358
36760,0,0,3.573719636935319e-10
36762,0,0,2.4796673384330343e-07
36770,0,0,5.2780443994952216e-08
36773,0,0,0.009249495481914628
36780,0,0,3.3789642837036994e-10
36781,0,0,7.935722259825104e-07
36784,0,0,2.6574243498012753e-13
36791,0,0,2.6322457453981772e-05
36818,0,0,2.9752617580419363e-08
36819,0,0,1.3497416731822998e-15
36820,0,0,3.8499695416656165e-14
36821,0,0,0.11223211071190702
36824,0,0,0.013766050171278053
36831,0,0,8.122405613285116e-06
36835,0,0,3.234973858973425e-10
36838,0,0,6.507742386283321e-09
36839,1,1,1.0
36848,0,0,1.1661736582739544e-09
36849,0,0,0.10157996039925199
36850,1,0,0.1790399385258571
36851,0,0,0.0203557120815639
36852,0,0,7.655830508982338e-08
36856,0,0,0.0010428723723635957
36858,0,0,6.818596914151664e-05
36860,0,0,0.0061021087676523915
36873,0,0,1.412754361074877e-07
36875,1,1,0.8162716938377858
36876,0,0,3.2391153393744466e-05
36881,0,0,0.04702556876849669
36916,0,0,9.080420030197914e-07
36924,0,0,3.0534640401569806e-12
36926,0,0,0.040532400537401224
36933,0,0,3.8753879210449765e-05
36936,0,0,2.6463297622796934e-07
36943,0,0,1.3069351454344237e-10
36946,1,0,0.2364254619083367
36950,0,0,2.6581005939326342e-08
36955,0,0,0.16763029020412826
36956,0,0,0.00010570554827221064
36957,0,0,2.3162522043681586e-06
36962,0,0,2.6128939641389093e-08
36968,0,0,1.8399594967859856e-06
36970,0,0,0.003944707141565908
36991,0,0,0.02197311373479261
36993,1,1,1.0
37003,0,0,0.09748500141007607
37004,0,0,2.798165851123574e-09
37036,0,0,6.2810807595620485e-09
37041,0,0,1.3088074323766592e-07
37043,0,0,0.046191905376628435
37057,1,1,0.9999999999999993
37058,0,0,4.2812114775187814e-07
37063,0,0,2.7124055205926396e-07
37070,0,0,0.14449463576307792
37072,0,0,3.658511033024089e-06
37074,0,0,7.357910472137166e-09
37078,0,0,0.17705801146687
37085,0,0,9.553898068077241e-07
37090,1,1,0.9999999999991498
37091,1,1,1.0
37096,0,0,7.188978604934714e-09
37097,0,0,3.53179301934352e-08
37102,1,1,0.9999999999998437
37109,1,1,0.9999999999999989
37111,0,0,1.1782486512446054e-10
37115,0,0,7.207375468575595e-16
37120,1,0,0.21042925149927233
37121,0,0,1.5866245680632904e-10
37127,0,0,7.787444059526358e-09
37135,0,0,0.054847247979649884
37139,0,0,3.502975068137832e-17
37142,0,0,3.367438982314966e-11
37149,0,0,1.732680796177161e-10
37157,0,0,1.880422431346745e-08
37167,0,0,0.04009426357003488
37170,0,0,2.495270850892056e-12
37177,0,0,1.8847451495855318e-06
37179,0,0,0.0036688684648751007
37181,0,0,0.005814296421936409
37182,0,0,4.904181385930627e-05
37186,0,0,0.040208039549611815
37188,0,0,0.009063423902476456
37190,0,0,0.024395431511445277
37193,0,0,7.899307315924715e-13
37194,0,0,5.899958675333805e-12
37200,0,0,0.0051971006041582266
37203,0,0,2.7335397806142366e-06
37211,0,0,0.09197515198311473
37221,0,0,2.8911235409720456e-13
37224,0,0,1.2436192637606068e-05
37227,0,0,5.0356710588195004e-08
37237,0,0,1.0900761793787025e-09
37240,0,0,6.145638824551751e-05
37244,0,0,2.1315086771675115e-13
37256,0,0,2.6404704212795384e-06
37261,0,0,5.876689564777302e-08
37264,0,0,2.855761775083485e-17
37270,0,0,1.1876345172960542e-07
37271,0,0,0.0003530916790545834
37289,0,0,2.963237833858844e-09
37291,0,0,0.011040050250914679
37292,0,0,0.11882617671345853
37296,0,0,1.1296974097492133e-05
37298,1,0,0.05416642615030836
37303,1,1,1.0
37307,1,1,0.9999999998517566
37317,0,0,1.7948989380823826e-10
37319,0,0,0.008390287924590553
37321,0,0,1.9544994258195972e-07
37327,0,0,0.014316520906797844
37331,0,0,0.2783031004264017
37332,1,0,0.02986515249273915
37340,0,0,0.12914875002874343
37344,0,0,1.1434168825802488e-11
37359,0,0,1.727214977018791e-06
37360,0,0,0.0001136980723877172
37365,0,0,1.128269496034886e-13
37368,1,1,1.0
37369,0,0,0.19266066943231036
37373,0,0,1.0282640256606335e-08
37378,0,0,0.004186491320288058
37385,0,0,0.00827562988489345
37389,0,0,2.2836184426470686e-06
37391,0,0,0.02867991487140676
37392,0,0,4.2552729277499576e-16
37395,0,0,0.1526448489031903
37401,0,0,1.2984203026453528e-21
37408,0,0,9.749853174488087e-18
37428,0,0,2.5003834269116344e-08
37432,0,0,1.6812504317118342e-09
37441,0,0,0.14213739574437084
37443,0,0,0.17912634590744958
37444,0,0,1.4306207551178707e-06
37452,0,0,1.075543181808502e-10
37455,0,0,2.7101921135130677e-06
37477,0,0,2.0810162798740953e-12
37479,0,0,2.840279236968782e-09
37481,0,0,1.1591841988640538e-06
37489,0,0,0.08146237599421177
37496,0,0,0.009273035283053382
37502,0,0,0.04707293664464875
37504,1,1,0.999999977724148
37507,0,0,3.3304653518614323e-13
37510,0,0,7.5819864618832134e-06
37516,0,0,0.08013438455875954
37521,0,0,0.13124679491633856
37526,0,0,3.801158812497071e-11
37532,0,0,2.8530406155674216e-13
37534,0,0,4.382542945510435e-13
37538,0,0,0.0004373389063178597
37545,0,0,1.6659101361874207e-05
37553,1,1,0.9999971851207509
37557,0,0,0.000272502474298569
37562,0,0,0.14391910741642397
37563,0,0,1.066045879714052e-07
37564,0,0,4.961946897285501e-06
37566,0,0,4.284487575944788e-05
37567,0,0,1.4037696590374329e-06
37573,0,0,5.750385423808358e-18
37576,0,0,0.059904737638432445
37577,0,0,5.746748334259052e-06
37585,0,0,1.89372518174862e-07
37593,0,0,0.00552671453376854
37596,0,0,0.11476482674441423
37600,0,0,1.1476614613436634e-06
37602,0,0,0.05034720656303466
37603,0,0,0.00013352056695393663
37614,0,0,3.353083248111561e-11
37623,0,0,7.81185426321881e-12
37624,0,0,6.970595084816035e-14
37628,0,0,0.14124415921810465
37638,0,0,0.013140055766853457
37639,0,0,0.00962417110659049
37640,0,0,0.01716018040940418
37641,0,0,0.13191208252310688
37643,0,0,2.8762588090574143e-12
37645,0,0,0.14951253371432535
37652,0,0,5.0694933356823727e-08
37656,0,0,1.830043637068418e-06
37657,0,0,3.669498039879076e-13
37663,1,1,0.9999999961666695
37664,0,0,0.06957843879921659
37672,0,0,2.8251159897733467e-06
37675,0,0,1.2634282940018682e-10
37678,0,0,1.9634119646217956e-13
37679,1,0,0.13892045830529168
37691,0,0,8.932959497045203e-06
37692,0,0,1.3344276631381465e-12
37693,0,0,3.5076834739133336e-16
37717,0,0,1.0539544282000539e-08
37721,0,0,6.25668198606562e-08
37722,0,0,1.5989958285986656e-13
37723,0,0,0.017265797035255177
37732,0,0,1.24442045115198e-05
37736,0,0,0.02001841104445813
37740,0,0,0.09006701026265701
37744,0,0,1.8929798052018635e-05
37763,0,0,4.152219458670852e-06
37765,0,0,0.07803829315156946
37769,0,0,0.18524195905514754
37771,0,0,0.003871323445219733
37780,1,1,0.840043356946492
37787,0,0,2.187108027025256e-11
37790,1,1,0.9875880911711483
37795,0,0,2.1870273571360016e-09
37796,0,0,7.457493679180037e-12
37798,0,0,4.2373367344038504e-05
37799,0,0,1.0303330096965262e-07
37805,0,0,8.473197117886664e-10
37813,0,0,0.007680819494961037
37821,1,1,0.9999999999999996
37825,0,0,0.10104440165411102
37828,0,0,0.008236644244430569
37830,0,0,5.832003762823889e-08
37833,0,0,2.100098409817611e-12
37839,0,0,0.4076465735489028
37843,0,0,1.9704580565189194e-06
37845,0,0,2.4249846061211087e-06
37855,0,0,1.279641381846582e-07
37859,0,0,0.03112999294407421
37866,0,0,2.552873646806795e-09
37868,0,0,0.0006831619612720543
37882,1,1,0.9966164796677868
37883,0,0,0.015038200698793006
37891,0,0,2.7166952527198092e-09
37892,0,0,0.0022571701918071294
37893,0,0,2.243746344591193e-06
37910,0,0,4.394548514463852e-07
37911,0,0,2.6567301256380767e-12
37922,0,0,0.13620643894288328
37926,0,0,0.004562415652635349
37929,1,1,0.9999999999999354
37931,0,0,2.9403503444819068e-08
37932,1,1,0.9999990594153129
37933,0,0,5.7564819160540935e-09
37937,0,0,0.017742306415178138
37938,1,1,0.9994704818444422
37939,0,0,4.601639682727725e-15
37941,0,0,5.608316498097e-10
37948,0,0,0.017543651114345284
37953,0,0,2.931701820992785e-13
37973,0,0,4.187083239864743e-17
37974,0,0,0.010720752033067885
37981,0,0,1.205692039385191e-05
37986,0,0,1.7818162781911873e-05
37988,0,0,0.02747333998200315
37992,0,0,8.26242461020232e-08
37993,0,0,2.1970334575124226e-09
37997,0,0,6.807153108021716e-14
38000,1,0,0.391367079774131
38004,0,0,0.004200580650162288
38010,0,0,1.501756475918169e-05
38012,0,0,3.685294607819467e-14
38016,0,0,0.17182375389768464
38023,0,0,0.31475263917855073
38033,0,0,3.409559392855066e-05
38042,0,0,0.27955774127891175
38043,0,0,2.207881982562265e-13
38054,1,0,0.1151155422234769
38063,0,0,2.719967497767114e-05
38070,0,0,1.0250036381603974e-05
38077,0,0,0.16361997837687928
38078,0,0,1.9435945429931374e-05
38084,0,0,2.338383934338411e-08
38088,0,0,9.144045500510907e-14
38093,0,0,1.0723424782042002e-11
38095,0,0,0.014912102674331842
38098,0,0,0.02822349344070579
38109,0,0,6.757254997678066e-11
38111,0,0,0.2784652116917135
38119,0,0,2.538252349705641e-18
38132,0,0,1.418232961388709e-09
38139,0,0,0.04062555858029562
38150,1,1,1.0
38151,0,0,2.247125688673094e-10
38152,0,0,1.48368806889677e-11
38164,0,0,0.0006380990337744184
38178,0,0,0.23485497550382733
38179,0,0,0.007186794159702347
38181,0,0,0.08083271498092982
38187,0,0,7.669911140597663e-07
38194,1,1,1.0
38202,0,0,6.704607513804058e-07
38204,0,0,2.6904748755509243e-20
38205,0,0,1.673854243110157e-06
38213,0,0,4.6511213171423545e-11
38219,0,0,5.416928131757109e-07
38220,0,0,4.548750410503629e-11
38226,0,0,0.01273852796550023
38227,0,0,0.08045870057971491
38241,0,0,0.011759422826203495
38251,0,0,2.617026742137267e-05
38254,0,0,0.0470486881753512
38255,0,0,9.615616121410135e-07
38271,0,0,2.450655351555004e-05
38272,0,0,0.3717801603046304
38274,0,0,1.3711072505360886e-08
38278,0,0,2.0221719858155327e-12
38284,0,0,1.1543155645388353e-08
38292,0,0,1.993016491604489e-06
38303,0,0,9.887058248264363e-08
38309,0,0,1.3797342593494552e-10
38311,1,1,1.0
38314,0,0,0.045490127275873746
38319,0,0,5.186590310874429e-08
38326,0,0,4.00883067839949e-11
38330,0,0,7.554647091027761e-09
38337,0,0,8.024567001828508e-15
38339,1,1,0.9999981627974688
38351,0,0,3.951076437977065e-09
38356,0,0,9.764899850272265e-10
38357,0,0,1.1250803475837518e-06
38365,0,0,0.09781587582062343
38371,0,0,0.15531400137311066
38376,1,1,0.7362894575428803
38379,0,0,2.0078691236032092e-07
38384,0,0,3.697121877715151e-11
38389,0,0,0.024136189100310554
38390,0,0,0.005878695095795316
38392,0,0,3.5170938686032524e-07
38397,0,0,0.30311439799545625
38411,0,0,1.3118712537702512e-05
38438,0,0,3.983758636238427e-06
38451,1,1,1.0
38454,0,0,0.15638210598948374
38455,0,0,8.185066632807694e-09
38460,0,0,2.725291119791709e-08
38464,0,0,5.197062229648901e-05
38471,0,0,2.3010066793389725e-13
38472,0,0,0.15888588350635627
38477,0,0,0.030196456877559417
38484,0,0,2.250478635839137e-06
38494,0,0,2.998295724720098e-08
38498,1,1,1.0
38502,0,0,6.853110222619551e-11
38504,0,0,0.15160998520869376
38510,0,0,0.00568789149209457
38513,0,0,0.08307861331434852
38515,0,0,0.007967200899884277
38516,0,0,5.432403824555758e-15
38520,0,0,2.97766057704126e-09
38521,0,0,3.0434973790526123e-06
38523,0,0,0.029873492860251163
38534,0,0,2.943881943491221e-10
38536,0,0,0.09338771367834102
38546,0,0,0.17931326012055693
38548,1,1,0.9994878186911454
38551,0,0,0.025655941262457654
38553,0,0,0.018421994009552845
38557,1,0,0.18143840503400302
38559,0,0,4.932978238920284e-07
38565,0,0,6.86397249479569e-11
38569,0,0,4.392265623233596e-11
38572,0,0,9.063718632040251e-10
38582,0,0,0.025703221618666033
38583,0,0,3.38227324590852e-05
38588,0,0,1.8601764159661157e-05
38596,0,0,0.09584746627500851
38598,0,0,1.6286796545210763e-11
38599,0,0,7.927272763526141e-07
38607,0,0,0.03027108553525505
38610,0,0,0.07609074429714584
38614,0,0,0.17302184478901125
38616,0,0,1.1623215703877227e-09
38617,0,0,4.485574683595877e-07
38628,0,0,7.797357317438671e-07
38629,0,0,5.0209921589158624e-05
38630,0,0,1.2902881423669963e-16
38632,0,0,0.01667277033148754
38634,0,0,1.755716312723887e-07
38637,0,0,0.01072593053918724
38643,0,0,9.239087898752288e-07
38644,0,0,2.865320502898374e-10
38648,0,0,3.02541320235635e-07
38650,0,0,1.0335687251319204e-11
38661,0,0,1.007786131532472e-09
38662,0,0,2.5664147021648384e-14
38673,0,0,7.444011402188637e-14
38678,1,1,0.9984365517100199
38688,0,0,0.02120994267149929
38689,0,0,1.9481401048722356e-09
38692,0,0,0.003929404454270484
38696,0,0,0.17758573038756667
38709,0,0,5.400248657153849e-08
38711,0,0,0.13865633027975163
38714,0,0,2.2365807185102445e-08
38716,0,0,0.009874427352000614
38717,0,0,1.0152075850844986e-05
38724,0,0,0.043713419021964316
38727,0,0,5.5629020117078894e-08
38740,0,0,0.13947467658981247
38742,0,0,4.789037651726964e-10
38743,0,0,0.002117019107175988
38745,0,0,2.1629645071567276e-12
38752,0,0,4.143228134450369e-09
38763,0,0,0.07774635444763575
38765,0,0,1.914601006494573e-12
38770,0,0,0.05498888170564637
38778,0,0,6.4253938567314e-10
38779,0,0,0.033497965860626984
38783,0,0,0.15321315291937315
38790,0,0,0.2663078423330633
38791,0,0,6.931087485602408e-13
38792,0,0,3.182225301961088e-05
38801,0,0,0.04704852187380794
38803,0,0,0.003001870018857862
38810,0,0,4.219828492433723e-08
38812,1,0,0.2310453683600504
38814,0,0,3.5881125322516016e-10
38832,0,0,2.192576863971975e-15
38839,0,0,6.948077744903564e-10
38841,0,0,0.16246023893315545
38843,0,0,0.11662394481481898
38845,0,0,0.006524371062805875
38846,0,0,2.563350362346454e-13
38847,0,0,0.06404310459556595
38862,0,0,0.3862553529608437
38863,0,0,0.0724670111399991
38869,0,0,0.03506656180863185
38873,0,0,0.15482552519243803
38874,0,0,3.7297807084547336e-06
38889,0,0,7.280705428282544e-16
38905,0,0,0.043910918652626744
38906,0,0,2.478945841075357e-14
38913,0,0,3.581152254728506e-08
38916,0,0,0.2902231765665633
38924,0,0,4.5059830224202825e-05
38933,0,0,1.903209997747785e-09
38934,0,0,0.19463474015969748
38954,1,1,1.0
38959,0,0,3.1535192912316577e-06
38968,1,1,1.0
38971,1,1,0.9999999999999043
38974,0,0,1.8405143418137112e-10
38978,0,0,6.8596184538497425e-16
38979,0,0,2.7855010023728303e-09
38980,0,0,0.019162765104926417
38999,0,0,4.287797823890618e-15
39005,0,0,1.945492427363594e-07
39011,0,0,3.050394821802741e-07
39013,0,0,0.0034867589994490122
39016,0,0,0.0030687443437424347
39035,0,0,3.2901415060561796e-05
39039,0,0,0.0011562100337872878
39041,0,0,0.08415475979006219
39054,0,0,2.2227119356308968e-12
39066,0,0,4.725906061131235e-08
39067,0,0,0.002944823176477913
39089,0,0,0.010245584278257789
39090,0,0,7.217967205339658e-10
39093,1,1,0.9999827567428909
39096,0,0,3.521443036192196e-08
39100,1,1,1.0
39108,0,0,0.03108333612616634
39112,0,0,0.17104326991938182
39115,0,0,0.01638533539228086
39119,0,0,0.10710916496234754
39122,0,0,9.899443610667929e-14
39123,0,0,0.07328981708176245
39126,0,0,8.312396222461717e-06
39132,0,0,2.6711523927487513e-08
39143,0,0,3.6939506481922385e-13
39145,0,0,0.08812764368326759
39149,0,0,0.12076366566934627
39158,0,0,0.07942694767954211
39162,0,0,2.3660388217537507e-14
39174,0,0,0.09786503741029778
39176,0,0,3.2269096059894327e-07
39181,1,0,0.09483731386975533
39203,0,0,6.471064540293096e-09
39205,0,0,0.006632369675473768
39210,0,0,6.55160528663449e-08
39215,0,0,7.161004666561889e-13
39229,0,0,8.44003127800744e-10
39235,0,0,1.5889171852908508e-12
39243,0,0,0.0029784644567099863
39245,0,0,0.04181926218990369
39254,0,0,1.7215485532561396e-06
39255,0,0,1.49791939072042e-09
39259,0,0,0.2586973470854302
39263,0,0,1.3152104423055342e-06
39264,0,0,0.025483017695066675
39271,0,0,1.7621485387102808e-05
39272,0,0,2.043173965759739e-11
39275,0,0,0.049583351903839314
39277,0,0,0.0470234349812709
39279,0,0,7.12441281392853e-14
39283,0,0,1.6980205716374495e-09
39286,0,0,0.1067688824853343
39291,1,1,0.9999999994373006
39304,0,0,2.846316697084727e-06
39316,0,0,5.1099732099922885e-09
39325,0,0,0.09401239497292913
39331,0,0,0.03269783470796744
39333,0,0,0.13900660381135244
39339,0,0,9.353866790321261e-15
39341,0,0,0.041578751615694666
39347,0,0,1.8898885032072946e-06
39355,0,0,5.446527443100242e-08
39357,0,0,0.1608584059086706
39358,0,0,0.205627492377694
39371,0,0,0.03828188957482547
39372,1,1,1.0
39373,0,0,7.415311566898297e-13
39376,0,0,0.0024341926786618246
39385,0,0,9.36358375872361e-14
39387,0,0,1.1284323849403224e-08
39390,0,0,0.09103703835273587
39391,0,0,3.0973602185404524e-05
39395,1,0,0.26517187342307935
39398,0,0,0.008481278821451785
39410,0,0,0.3219557929673928
39415,0,0,0.0022624203238066623
39417,0,0,0.05063131254545296
39422,0,0,2.1199784707046577e-08
39431,0,0,0.009195802533087293
39438,0,0,7.79377553945576e-10
39441,0,0,2.959798749122242e-05
39442,0,0,9.241036691079079e-09
39448,0,0,1.0758038636971324e-05
39463,0,0,6.795207965174333e-05
39464,0,0,0.14807040502703944
39469,0,0,6.18481723033752e-13
39473,0,0,7.010602494003381e-06
39483,0,0,5.4013066542181575e-05
39494,0,0,8.0289316553226e-08
39497,0,0,2.003628597661683e-12
39502,0,0,1.113949399227294e-07
39503,0,0,6.273423369024675e-05
39504,0,0,0.021960508643759206
39522,0,0,0.0004109632631595526
39524,1,1,1.0
39525,0,0,0.0031515110463963894
39528,0,0,0.02877542869332183
39529,0,0,2.6080470101606152e-15
39536,0,0,0.0015831006430209536
39543,0,0,0.00016384348573366702
39544,0,0,2.3831538993353624e-08
39548,0,0,8.177755586947852e-08
39558,0,0,1.518617054703627e-09
39563,0,0,0.001074196843782734
39567,0,0,0.0020991241445997805
39577,0,0,6.48233938079492e-09
39596,0,0,7.845852534767506e-17
39604,0,0,5.43857332523788e-13
39606,0,0,8.535167117229728e-06
39614,0,0,0.005642949305071126
39621,0,0,7.084518461560779e-11
39625,0,0,1.2959030142527829e-06
39637,0,0,1.2402430893335702e-06
39638,0,0,2.542951266189809e-05
39644,0,0,0.23025730923720136
39645,0,0,0.006045876437622509
39650,0,0,2.2704732538509664e-07
39654,0,0,0.2507187324580296
39662,0,0,3.519501367459834e-06
39668,0,0,5.2306298828055556e-17
39669,0,0,0.02754917889180108
39670,0,0,5.437419505976399e-08
39671,0,0,0.00016142160778876325
39677,0,0,0.008326053798341428
39684,0,0,0.20330503161059535
39692,0,0,5.608687641453235e-08
39695,0,0,2.6690553011290192e-08
39696,0,0,3.6571926803171776e-12
39699,0,0,0.00035151172946152427
39701,0,0,3.1335699115899363e-07
39711,0,0,4.6314662780257654e-10
39713,1,1,0.9999999997941627
39720,0,0,0.03897306384320473
39723,0,0,0.004746372006038214
39724,0,0,4.556566086059505e-09
39725,0,0,0.05033581084241611
39741,0,0,0.018881685954820794
39746,0,0,9.624275508293529e-11
39761,0,0,8.396159547885398e-08
39764,0,0,1.5984648980839075e-06
39773,0,0,9.898142410291935e-06
39775,0,0,2.8783427919427986e-11
39780,0,0,6.021960176907973e-08
39788,0,0,2.8148524543048186e-07
39801,0,0,0.17196088949236377
39806,0,0,1.0724422857474284e-12
39825,0,0,0.14480723208357804
39828,0,0,9.960446788529539e-09
39830,0,0,5.726757957195862e-10
39835,0,0,0.08974959258117479
39844,0,0,4.0421509785604607e-07
39847,0,0,7.425591062865599e-14
39848,0,0,1.9292809865163525e-05
39867,0,0,0.16177207872779642
39875,0,0,1.4801741746182575e-12
39876,0,0,9.295102864423332e-09
39878,0,0,0.19112469235719573
39880,0,0,0.0001877644963687946
39882,0,0,7.205941255103516e-09
39883,1,0,0.058009938910855804
39884,0,0,2.960302199906225e-12
39888,1,0,0.24693147952569314
39898,1,1,1.0
39905,0,0,1.1008164586384078e-05
39913,0,0,0.006891853374409746
39914,0,0,2.9336176090729592e-12
39921,0,0,0.22207697453521547
39922,0,0,0.0023590910498873406
39923,0,0,3.1689285281613855e-09
39924,0,0,0.04972852423481095
39927,0,0,0.031022913500772433
39930,0,0,1.782263570469794e-08
39940,0,0,1.061785916902565e-07
39942,0,0,0.004279870200823761
39946,0,0,0.012740328732465745
39949,0,0,1.3369572659162473e-14
39952,0,0,0.005487856041918653
39968,0,0,1.8978486988169074e-16
39974,0,0,1.108832415984025e-12
39979,0,0,8.979509854413964e-16
39983,0,0,7.119257794203715e-12
39998,1,0,0.06358609956933504
40001,0,0,4.216281634791557e-13
40002,0,0,1.1084186536082957e-10
40003,0,0,3.1110003984914586e-06
40005,1,1,0.9291671923524846
40008,0,0,8.562254090902174e-09
40012,0,0,1.3187383418819718e-08
40014,0,0,0.00022861417956687388
40016,0,0,1.934364330508156e-06
40027,0,0,0.07390903409255764
40029,0,0,6.121601175593283e-07
40042,0,0,3.911746537510653e-15
40051,0,0,6.13009678358273e-08
40056,0,0,4.396669921278052e-06
40057,0,0,7.051179191414397e-07
40062,0,0,1.8844569309597068e-07
40069,0,0,0.4556353440183078
40071,1,1,0.9999974676012529
40078,0,0,2.401219891717296e-10
40089,0,0,8.052208823543943e-05
40090,0,0,6.075540082768366e-15
40099,0,0,4.923081025606618e-13
40101,0,0,8.279544615037056e-09
40102,0,0,8.644895508030639e-09
40104,0,0,9.687951275342831e-07
40109,0,0,2.9125777947317623e-07
40114,0,0,0.009781941727344813
40116,0,0,0.04342065447510438
40122,0,0,1.1269817755951715e-05
40127,0,0,0.010700787255914702
40133,0,0,1.1208393417524078e-05
40146,0,0,1.0795323423086712e-09
40159,1,0,0.33763482008107204
40162,0,0,5.66992468141237e-08
40164,0,0,1.0097688312037777e-06
40168,0,0,0.04505038057874587
40178,0,0,0.08545441112972184
40187,0,0,4.2930628262864415e-13
40198,1,1,0.9999999995610185
40201,0,0,4.86523352081054e-10
40204,0,0,5.931703078523751e-06
40208,0,0,1.7569798858715067e-05
40210,0,0,0.0024550821102320613
40211,1,1,0.9999957505198346
40219,0,0,1.711467169433167e-06
40227,0,0,1.2283805424479336e-07
40230,0,0,0.011888336892719384
40237,0,0,0.0012148169960624808
40245,0,0,7.098278302940939e-07
40246,0,0,1.8016742456027884e-13
40248,0,0,0.002260778624243324
40255,0,0,0.0055010588067957175
40257,0,0,0.0001178683335719908
40269,0,0,0.18116144362779887
40270,0,0,4.611903673096412e-08
40271,0,0,0.006435514021542039
40275,0,0,0.0642656007954807
40297,1,0,0.314379474008649
40305,0,0,0.014502895104786003
40309,0,0,0.07683792042046712
40310,0,0,1.2677224105771175e-11
40312,1,1,1.0
40313,0,0,1.4116812964960746e-05
40324,0,0,2.8940926760753407e-08
40331,0,0,1.510328255768969e-10
40332,0,0,0.03772929416083353
40334,0,0,1.6461458767048306e-10
40335,0,0,1.9177029904157393e-13
40341,0,0,4.580620900940305e-14
40344,0,0,0.0363230089766656
40354,0,0,4.033282343904701e-06
40358,0,0,4.7881088217692264e-11
40360,0,0,9.016454062644519e-11
40361,0,0,0.0013306353567586052
40364,0,0,6.222630177127558e-15
40370,0,0,4.5397316433696245e-13
40372,0,0,0.15184197851864772
40378,0,0,7.372892507763287e-11
40382,0,0,3.720720548640453e-05
40383,0,0,8.264773411281402e-08
40384,0,0,1.328515305158369e-06
40390,0,0,9.233692254364078e-09
40392,0,0,0.00014812116575042041
40395,0,0,1.3987170541038403e-07
40398,1,0,0.1166884899179231
40413,1,1,0.9999994223209792
40415,0,0,0.30474362590008236
40419,0,0,0.005297107478229967
40421,0,0,1.8258546572637793e-12
40428,0,0,0.08385784977330958
40433,0,0,0.02057120551987
40440,0,0,0.11474075944783206
40456,0,0,0.09926876166111727
40466,0,0,0.20019924867484987
40473,0,0,1.6877882480406479e-09
40484,0,0,2.39024754790947e-07
40500,0,0,0.18769580079918774
40510,0,0,0.021882869198057393
40513,0,0,0.09189288236855671
40527,0,0,7.659193461501522e-06
40528,0,0,3.6033030595827525e-09
40531,0,0,0.25243386762939957
40532,0,0,3.9060895740915456e-07
40541,0,0,5.2359214625018703e-05
40544,0,0,5.8112399133997265e-06
40545,0,0,0.01941761472282128
40557,0,0,1.2116023540957655e-16
40572,0,0,8.036770715964254e-05
40574,0,0,1.6254686638005745e-08
40586,0,0,0.004153453656704358
40596,0,0,5.224803564961443e-10
40599,0,0,0.0005103975418922961
40601,0,0,0.10591053727622647
40603,0,0,3.00226950685649e-07
40607,0,0,0.14328326149048085
40609,0,0,0.01061232366254355
40612,0,0,0.0019937365216417804
40617,0,0,0.06042294561688264
40622,0,0,2.666576529084502e-09
40627,0,0,9.488839284167343e-11
40631,0,0,2.514042363997618e-11
40632,0,0,0.055750443764171966
40634,0,0,0.062059832787218175
40642,0,0,0.010030357281562817
40644,0,0,1.7192544555055354e-16
40647,0,0,8.63265759723166e-14
40652,0,0,0.010678680192398758
40656,0,0,7.973268798908076e-10
40666,0,1,0.5228393139706111
40687,0,0,0.004935598535045191
40688,0,0,8.413788727408926e-06
40696,0,0,0.0006464980550867154
40700,0,0,0.017832140803317402
40713,0,0,0.0024335389204884193
40718,1,1,1.0
40723,0,0,7.242976406293073e-08
40726,1,1,0.9999999999898666
40732,0,0,1.0307014300967485e-12
40735,0,0,7.191570636419845e-08
40736,0,0,1.2135266674386097e-07
40739,0,0,0.0005050567867118685
40740,0,0,4.986408646141844e-08
40744,0,0,1.4209813489152393e-12
40747,0,0,0.061758744161584424
40760,0,0,6.073136877489114e-17
40773,0,0,2.491906230496742e-08
40777,0,0,8.314755904090565e-12
40778,0,0,0.23042500696106832
40779,1,0,0.07199783867958036
40782,0,0,1.2290061722071604e-12
40788,0,0,0.13944914375085024
40789,0,0,7.758961875963639e-16
40793,0,0,4.670248526689352e-12
40803,0,0,0.18896769616370548
40810,0,0,0.00022249046769344768
40818,0,0,1.913393902149607e-08
40820,1,0,0.09449714906316212
40822,0,0,0.007593194316870055
40835,0,0,2.6609656627382596e-15
40838,0,0,5.299961831884472e-07
40847,0,0,0.0016763201902417774
40851,0,0,5.708119250524763e-08
40852,0,0,0.12049841514286762
40853,1,0,0.2051220422761176
40859,0,0,0.006388775972578765
40865,0,0,0.28593902902708385
40869,1,1,1.0
40876,0,0,3.603519405812932e-07
40878,0,0,0.059887096555567045
40882,0,0,0.002845117413251469
40891,0,0,3.9542655352558305e-08
40901,0,0,2.1931405692338255e-14
40906,0,0,3.7767038400479595e-08
40908,0,0,0.013994994870188958
40911,0,0,9.702462413161698e-13
40913,0,0,1.4014406847015975e-11
40921,0,0,1.4913522797663604e-11
40923,0,0,3.4275163485398044e-07
40933,0,0,4.173962549086605e-11
40934,0,0,0.027865189740479076
40942,0,0,1.0390487469049065e-13
40948,0,0,7.313170927959225e-08
40950,0,0,4.199506909121487e-11
40955,0,0,2.955983703412072e-17
40956,0,0,0.10139006615157468
40959,0,0,0.04198848716762585
40978,0,0,0.334571157551077
40991,0,0,4.9967374528515326e-08
40997,0,0,0.2987548987986576
41001,0,0,0.22832246327186048
41003,0,0,3.3438020182213013e-16
41005,0,0,0.010883260270437118
41011,0,0,3.3643172823744876e-14
41014,0,0,2.2837879400240147e-05
41015,0,0,0.014669652926278233
41017,0,0,0.0001121991549722898
41023,0,0,2.853832156954644e-13
41026,0,0,6.212649902015923e-11
41033,0,0,0.00030843349526226435
41039,1,0,0.18525403192399265
41052,1,1,0.9999999999999998
41066,0,0,0.010903581226738488
41067,0,0,0.09228754757742717
41069,0,0,0.06428049887579294
41076,0,0,0.007953060649479695
41079,1,0,0.2057064940609478
41080,0,0,3.6310260152414748e-06
41081,0,0,0.006914912959091536
41083,0,0,3.951720086787448e-06
41101,0,0,1.7541992631330256e-10
41114,0,0,3.137325558972732e-07
41116,0,0,0.08761069135476367
41117,0,0,5.4772051015595765e-08
41120,0,0,0.09408500773271158
41130,0,0,4.6820398498313215e-16
41136,0,0,1.238916136816318e-13
41142,0,0,1.062966913855508e-09
41155,0,0,0.015455348914896567
41160,0,0,0.05350885279445585
41178,0,0,1.5998252737235027e-08
41182,0,0,0.011869055604294966
41185,0,0,3.3797014101956086e-13
41197,0,0,1.4129099457286813e-06
41198,0,0,0.004349571291512621
41205,0,0,0.38543141447944146
41212,1,1,1.0
41214,0,0,4.067483627837514e-17
41221,0,0,2.2015607818688018e-12
41223,0,0,0.2173603368000763
41233,0,0,0.054989360206660835
41239,0,0,5.427493009158479e-17
41241,0,0,3.670461016752456e-05
41249,0,0,3.884097596718188e-09
41253,1,0,0.046112888360344745
41254,0,0,0.006309288532144128
41256,0,0,1.0645466077251983e-12
41260,0,0,0.0024207874552945414
41276,0,0,1.0553952616600624e-05
41279,0,0,8.363419831923223e-13
41286,0,0,7.699677380848672e-11
41290,0,0,0.13716944045022997
41292,0,0,0.0014927873031591887
41308,0,0,0.03981074714578063
41309,0,0,8.186077993582558e-05
41313,0,0,0.04655119897370825
41329,0,0,1.0727363914942842e-08
41330,0,0,8.733407997944721e-13
41338,0,0,0.15717241686059552
41339,0,0,0.18820914823850157
41351,0,0,0.008483822770576794
41353,1,1,0.9999999980252607
41356,0,0,0.005243055149271059
41360,0,0,0.028145344765426464
41362,0,0,0.00028899695102349294
41366,0,0,1.4371690399268115e-12
41367,0,0,0.07119341713795385
41371,0,0,1.2552209810166217e-05
41373,0,0,3.9402281679123544e-12
41375,0,0,1.3698575093075426e-12
41377,1,1,1.0
41390,0,0,5.724470091010644e-10
41391,0,0,0.02143656678982482
41392,0,0,1.3229825310012026e-05
41402,0,0,2.0744770629588306e-12
41405,0,0,0.3898599338850542
41407,0,0,9.268659143799753e-11
41408,0,0,3.885498860287044e-07
41410,0,0,0.00870413279460131
41412,0,0,0.2775072891366516
41416,0,0,0.02121185595945779
41418,1,1,0.9999999999996796
41424,0,0,0.004253266127067137
41425,0,0,5.402928921549556e-09
41427,0,0,5.437430101885261e-17
41445,0,0,1.0691824077100256e-15
41446,0,0,5.865384483297269e-07
41452,0,0,2.4653298310152857e-09
41454,0,0,1.2683377842341706e-08
41455,1,0,0.033457260021451524
41456,0,0,4.123327632477978e-12
41462,0,0,6.87509666643986e-14
41463,0,0,0.019255538397627843
41465,0,0,9.107629959320664e-10
41467,0,0,3.45694632625713e-07
41477,0,0,5.845876713239186e-05
41478,0,0,7.572001619240287e-06
41480,0,0,9.385645183915671e-09
41489,0,0,0.012504299985554137
41490,0,0,0.01177446563636234
41503,0,0,0.003818263517672153
41510,0,0,1.105593437378642e-05
41517,0,0,0.0025161065208775184
41529,0,0,0.12639290987431673
41532,0,0,0.05561954724423108
41533,0,0,3.345044977426357e-15
41535,0,0,8.244173970730769e-05
41537,0,0,4.9471837516229304e-08
41540,0,0,7.072474720488025e-08
41544,1,1,0.9999999990764974
41546,0,0,2.909394857789906e-07
41549,0,0,0.0030866717622915086
41550,0,0,8.053613753077205e-07
41553,0,0,2.4248404738907176e-14
41561,0,0,0.010814494796795094
41568,0,0,1.3314093176388588e-05
41570,0,0,0.07608960384037401
41584,0,0,1.3721535786003104e-06
41594,0,0,7.937704281462648e-12
41604,0,0,6.617622343473168e-07
41609,0,0,0.07591605150174123
41615,0,0,0.1652285926821863
41620,0,0,0.06350663893606319
41627,0,0,5.98636607543814e-05
41634,0,0,0.04744177961430068
41637,1,1,0.9999999999999951
41644,0,0,0.027770348119809194
41653,0,0,0.001295880798314691
41660,0,0,0.08454301899459321
41661,0,0,0.08814295664992433
41667,1,0,0.0626485414325636
41668,0,0,4.24617110027731e-09
41674,0,0,0.05379446941997278
41675,0,0,1.0674116358822957e-08
41681,0,0,3.1196305383594974e-07
41683,1,0,0.08619559019324997
41690,0,0,0.002169301456386954
41692,1,1,1.0
41693,0,0,0.0023066135308806453
41697,0,0,1.2957466123216102e-07
41703,0,0,0.12221527815632674
41705,0,0,0.2490962782240858
41715,0,0,0.03772133124805347
41721,0,0,1.4606130863814106e-16
41728,0,0,0.0032929015993995747
41732,1,0,0.3580561123438384
41739,0,0,4.194964431185072e-08
41742,0,0,1.2073296349906986e-14
41744,0,0,4.7440932050884355e-05
41746,0,0,0.007199641851238915
41747,0,0,3.918415904198014e-10
41752,0,0,0.007736575511616079
41754,0,0,4.5399979659925576e-07
41759,0,0,2.9104119093634407e-06
41772,0,0,1.2261942701013209e-05
41774,0,0,0.017371254206986805
41778,1,1,0.9465538197436683
41784,0,0,9.565943121904613e-06
41790,0,0,1.802919768725068e-11
41791,0,0,1.269962664728247e-13
41792,0,0,0.009975582352614747
41798,0,0,0.07270028808272523
41804,0,0,4.550925595729978e-13
41811,0,0,0.0037291576379753755
41812,0,0,8.83464730669229e-12
41816,0,0,1.1634067808033653e-07
41819,0,0,7.971717854138092e-14
41825,0,0,2.605823817314253e-08
41843,0,0,1.9252051491165887e-16
41860,0,0,1.1590103841002168e-09
41862,0,0,0.1318511215162595
41869,0,0,3.7939969181082876e-07
41871,0,0,5.288726793267628e-10
41875,0,0,1.5502496579998445e-06
41882,0,0,5.878217286134807e-05
41883,0,0,0.0171952568456561
41888,0,0,0.001304568119257587
41907,1,1,1.0
41916,0,0,7.534878213268991e-08
41924,0,0,5.5053779128280735e-08
41931,0,0,6.968798458199696e-07
41938,0,0,0.3323382874901487
41942,0,0,1.3400204765551232e-12
41944,0,0,1.1932715378664823e-11
41949,0,0,4.696950537450246e-05
41957,0,0,1.989393076181375e-08
41958,0,0,5.409739681230535e-05
41961,0,0,1.9176787902753706e-17
41963,0,0,7.950874448994322e-07
41964,0,0,1.9282638689889566e-16
41968,0,0,0.0009710254628493423
41969,0,0,1.2721231615012798e-07
41975,0,0,5.593075417391208e-09
41983,0,0,0.0007103318276491051
41991,0,0,0.002957526305180066
41994,0,0,1.1010520157591415e-11
41995,0,0,4.695612485132902e-09
41997,0,0,1.0003756105506227e-06
42005,0,0,0.06948093532006351
42023,0,0,5.877076041614206e-13
42028,1,0,0.14455635159190297
42030,0,0,1.5319827444807442e-11
42036,0,0,4.320091987426414e-05
42047,0,0,9.085241602159417e-16
42049,0,0,8.49251957699751e-07
42056,0,0,0.31167871927740803
42062,0,0,6.315022847115463e-08
42067,0,0,1.0947752145454013e-09
42069,0,0,4.023895002789717e-08
42070,0,0,6.349349608268031e-06
42079,0,0,7.066215243234846e-09
42084,0,0,0.031226041214326608
42087,0,0,0.00025189617684888454
42090,0,0,2.019447620245234e-07
42092,0,0,2.1289058772371597e-08
42093,0,0,9.271617730599493e-13
42099,0,0,2.309933450836876e-05
42102,0,0,5.43444196723152e-07
42105,0,0,6.766963189814227e-05
42106,0,0,0.0038850163836926105
42108,0,0,3.0992619555040574e-16
42111,1,1,1.0
42113,0,0,0.057048258706765734
42118,0,0,4.950905909235379e-10
42122,0,0,2.843101426975467e-06
42123,0,0,0.09566583088999729
42125,0,0,2.1154047232712995e-08
42139,0,0,2.1610609990643606e-06
42152,0,0,0.004121543979462726
42157,0,0,0.20309341576836398
42158,0,0,1.4161440890322027e-06
42162,0,0,0.14243176767587293
42171,0,0,9.879543223308587e-07
42172,0,0,0.11473774709389403
42176,0,0,0.06226959488485117
42179,0,0,0.026125704109063397
42190,0,0,1.606944617697846e-18
42194,1,1,1.0
42200,0,0,0.008647777663864577
42210,0,0,0.020755914573463895
42212,0,0,4.946798477264883e-09
42221,1,1,0.989215909976167
42225,0,0,0.0019465790638187705
42226,0,0,0.00025598133347827257
42235,0,0,4.01018686500233e-06
42244,0,0,0.006033465593493619
42245,0,0,7.40027384668176e-10
42250,0,0,2.3607135321851337e-11
42253,0,0,2.815802773741032e-12
42255,0,0,3.4417278415041214e-09
42258,1,0,0.32149450133065666
42266,0,0,6.219501352455263e-14
42267,0,0,2.3339312475990155e-06
42272,0,0,1.1475737790548317e-05
42276,0,0,0.10291438298379985
42277,0,0,0.014720223789462798
42279,0,0,2.4841365358699463e-07
42281,0,0,6.749029924885741e-08
42286,0,0,0.11616661419822295
42287,0,0,0.049514773644487614
42295,0,0,0.12708941170670168
42305,0,0,6.2259031101683025e-06
42311,1,1,1.0
42315,0,0,2.54975605558426e-08
42319,0,0,2.8466503829511414e-11
42321,0,0,4.1531024871970847e-07
42331,0,0,6.474265605647482e-08
42333,1,1,0.9999999999999984
42336,0,0,0.04980508315979215
42337,0,0,0.0016902892414770697
42341,0,0,0.04015985564117525
42351,0,0,1.762915123615702e-07
42354,0,0,4.405285941364724e-08
42357,0,0,1.1379050483650227e-13
42363,0,0,0.11002156059853317
42379,0,0,0.002958608946464601
42391,0,0,1.7633708251452101e-10
42395,0,0,0.021553862989851517
42397,0,0,0.0016544826603209848
42406,1,0,0.3809282769918224
42425,1,0,0.2598648518973832
42437,0,0,0.2646441031759068
42442,0,0,1.1482117034063618e-05
42443,0,0,6.1969588403832815e-06
42446,0,0,0.04433190621493969
42451,0,0,1.0976189230695193e-08
42465,0,0,0.002438647167633305
42482,1,1,0.9999999999999998
42485,0,0,6.373190553077688e-07
42486,0,0,9.87348831332597e-12
42488,0,0,2.7241511544864704e-09
42492,0,0,2.9852449673218974e-07
42498,0,0,8.387664220101198e-13
42500,0,0,5.127844758427184e-07
42505,0,0,0.16744118914246442
42511,0,0,0.005319576010555091
42513,0,0,2.637882156934133e-10
42516,0,0,0.015233291478669586
42521,0,0,0.01648125225782171
42525,0,0,0.013716376161462302
42534,0,0,9.698165806291138e-06
42540,1,0,0.29948868014140045
42541,0,0,0.03585711974615713
42545,0,0,6.269057140195983e-09
42546,1,1,0.9993952671723026
42548,0,0,6.118829009772539e-08
42555,0,0,4.29738401421408e-09
42558,0,0,2.208733257151748e-09
42561,0,0,0.005554678672220338
42562,0,0,0.0460406019113893
42564,0,0,0.13770741109164558
42566,0,0,0.013661749688384421
42568,0,0,0.012222016066912368
42570,0,0,1.9477361918249125e-07
42599,0,0,0.02222262421621133
42603,0,0,4.02784210712971e-14
42604,0,0,9.567585764651477e-08
42608,0,0,1.109765889425498e-10
42630,0,0,0.0761217546297819
42637,0,0,3.367514627239405e-05
42641,0,0,1.575135640966642e-08
42642,0,0,0.03280969699722136
42647,0,0,5.036531301156447e-10
42650,0,0,0.011594325016465871
42651,1,0,0.1615120369224336
42654,0,0,0.08801541790021793
42660,0,0,1.9870436097963122e-10
42662,0,0,3.578548639981984e-13
42667,0,0,0.00016249706297430028
42671,0,0,0.00010705065116871202
42673,0,0,3.606585747396788e-15
42679,0,0,0.17691794045655393
42687,0,0,5.148109923627916e-13
42694,0,0,0.012353124264540582
42696,0,0,0.013538372743680692
42702,0,0,7.350628993937685e-11
42704,0,0,7.516144416626415e-09
42707,0,0,5.08154163985429e-09
42708,0,0,0.011769883353591293
42710,0,0,0.17373185016503967
42712,1,1,0.9999999999999987
42715,0,0,1.3033904584945199e-07
42723,0,0,0.0024550524087258016
42724,0,0,8.675392994061425e-10
42727,0,0,0.00015395435290959202
42730,0,0,5.4104204322774925e-11
42737,0,0,2.8773263546587317e-06
42740,0,0,1.6958753292100086e-10
42741,0,0,4.514138632442575e-06
42744,0,0,3.2499233363408492e-12
42754,1,0,0.060151073519183404
42764,0,0,5.875732368602194e-06
42772,0,0,6.428287924859466e-08
42773,0,0,0.005910410963914121
42776,0,0,2.236215954667434e-08
42779,0,0,2.1691835787993257e-12
42781,0,0,0.05615314077925669
42792,0,0,3.437905437701558e-08
42801,0,0,0.017962774052881735
42804,0,0,0.002855901548294363
42821,0,0,8.260410264881308e-11
42826,0,0,5.931996820647672e-09
42836,0,0,2.164529445307731e-12
42839,0,0,0.06541241737145588
42840,0,0,0.027466128254903566
42845,0,0,0.2241897744692735
42856,0,0,3.4348610411832716e-06
42863,0,0,4.168961182440648e-09
42872,0,0,3.3230257461190576e-07
42877,0,0,0.05474463186252346
42882,0,0,0.0059364029900862755
42883,0,0,0.0027930863503417202
42893,0,0,1.697628914793215e-05
42898,0,0,2.690301606294389e-06
42899,0,0,3.32034315692952e-15
42901,0,0,5.437510246402603e-10
42903,0,0,0.14035549992292456
42906,0,0,9.420216167145039e-08
42910,0,0,2.840779856149919e-10
42914,0,0,2.2582437271852872e-17
42920,0,0,9.625030178078358e-11
42921,0,0,0.009722622393711062
42932,0,0,7.515419701301822e-06
42942,0,0,2.085657243290113e-06
42951,0,0,5.852867466168372e-10
42958,1,0,0.43565892050708305
42959,0,0,0.0060742862931068954
42965,0,0,3.278569469732427e-08
42974,0,0,0.015413819581969454
42976,0,0,4.158197681748414e-06
42994,0,0,0.06357143573881863
43000,0,0,1.1123796889370697e-05
43001,0,0,2.9722553960983355e-12
43002,0,0,2.4765296055885177e-18
43003,0,0,0.12076565431910587
43007,0,0,1.7710833759104086e-15
43010,0,0,0.11998137438600404
43011,0,0,0.0005446308859431311
43015,0,0,0.12421394026604571
43016,0,0,1.6720639883449974e-05
43022,0,0,5.895263846803429e-08
43024,0,0,1.5463521360816636e-07
43025,0,0,0.0036899682066276543
43029,0,0,3.544311264138822e-05
43036,0,0,0.10385212160657879
43039,0,0,7.977989041504537e-06
43047,0,0,0.02399169598206047
43052,1,0,0.31797867804081864
43065,0,0,0.0406017467808664
43066,0,0,2.1710571323944355e-10
43068,0,0,2.2187033387299806e-09
43078,0,0,1.2562368750600756e-06
43079,0,0,8.227466474449906e-07
43081,0,0,0.13143111801749383
43082,0,0,1.369577225042147e-12
43084,1,1,0.99999999857675
43085,0,0,1.1414952649792571e-09
43096,0,0,4.897516584743469e-10
43099,0,0,0.0049084756335566046
43121,0,0,1.6733084410728043e-06
43124,0,0,0.10088086671122132
43145,0,0,0.0001238045548939743
43149,0,0,2.013516577710871e-07
43150,0,0,5.3014814973625405e-11
43164,0,0,2.302746659206002e-05
43165,0,0,0.11279693167883294
43167,0,0,0.12145994525889181
43169,0,0,1.878049528948332e-07
43183,0,0,0.010133589828259796
43190,0,0,1.4938116070381053e-07
43194,0,0,5.470920099359204e-08
43195,0,0,6.754793977483876e-07
43199,0,0,0.04975499353610269
43202,0,0,0.015537832530740746
43205,0,0,4.852451821159255e-07
43208,0,0,0.138777430655546
43229,0,0,3.0024725048302755e-09
43230,0,0,2.613830620255633e-08
43242,0,0,6.214590006965819e-05
43245,0,0,0.1295222813097312
43247,0,0,4.847616043988288e-11
43257,0,0,1.1003263014655085e-08
43258,0,0,0.0005052718423319851
43265,0,0,1.84420890015371e-09
43272,0,0,3.280036059195721e-06
43273,0,0,1.4337363281378348e-14
43274,0,0,2.796895485193862e-06
43276,0,0,4.269003510514346e-05
43277,0,0,0.060804905431012024
43288,0,0,0.06462428446860091
43289,0,0,1.3909927696335606e-10
43293,0,0,0.19802792399268587
43295,0,0,0.0017083412432060215
43300,0,0,0.06451706507071253
43303,0,0,0.13296585033618377
43306,0,0,3.4407642439880453e-12
43310,0,0,5.482697718331781e-16
43314,0,0,0.040973908610267416
43318,0,0,2.3479765600646496e-13
43322,1,1,0.9999999999997427
43331,0,0,3.193702132764552e-11
43333,0,0,0.21287821305479285
43347,0,0,1.107583353109245e-05
43349,0,0,2.5494169044563128e-05
43355,0,0,1.1482562799610724e-05
43377,0,0,2.6722556887261133e-10
43379,0,0,0.02006625058551401
43390,1,0,0.06776883286161782
43393,0,0,0.06474642356287866
43399,1,1,0.9984192699392844
43419,0,0,7.390878752762728e-07
43424,1,1,0.9771670041955208
43428,0,0,0.005773901634260556
43429,0,0,2.8926983317739854e-12
43444,0,0,1.7413302461748042e-08
43445,0,0,7.583812725989276e-07
43449,0,0,2.7900943550071277e-09
43451,0,0,0.008991567284298445
43453,0,0,0.0036481957306616288
43454,0,0,0.039966808599842474
43458,0,0,0.12936645621917658
43466,1,1,0.9999999999999893
43472,1,0,0.36957482268139
43474,0,0,1.061897127640838e-07
43477,0,0,7.261313971193319e-12
43487,0,0,1.5873390638563162e-06
43497,0,0,9.687331744097523e-19
43498,0,0,1.0853147332496342e-08
43505,0,0,0.04194418626701583
43507,1,0,0.39372376079059085
43537,0,0,0.005135283076166463
43538,0,0,0.0634659512298191
43543,0,0,5.437984857908378e-07
43545,0,0,0.04486708435290147
43558,0,0,1.2319566801338028e-06
43563,0,0,0.017310805822828294
43569,1,1,0.9999999999999993
43584,0,0,0.05670990517679223
43591,0,0,0.0503983935787531
43595,0,0,0.008726741960068535
43599,0,0,2.409312365293811e-14
43605,0,0,0.05067748433637797
43607,0,0,0.03829323474341307
43608,0,0,0.0053441603831851404
43616,0,0,0.0038921409992425503
43621,0,0,2.7509153335740727e-08
43622,0,0,1.0845201315901433e-05
43624,0,0,0.002185963744437368
43631,0,0,0.03689160559461989
43642,0,0,0.003543394158682983
43643,0,0,9.32804466607157e-12
43651,0,0,2.6745223740677787e-12
43658,1,0,0.3191505475218928
43661,0,0,6.328096115730657e-10
43662,0,0,0.0048236925260580175
43663,0,0,4.655230025839965e-13
43676,0,0,1.1378033957884436e-05
43678,0,0,4.3674440839470484e-08
43680,0,0,4.630601504835318e-13
43685,0,0,6.098821652340952e-16
43688,0,0,0.03649710806127615
43691,0,0,1.3060601800863485e-07
43694,0,0,4.093208662715492e-08
43696,0,0,1.6428583213569153e-11
43697,0,0,1.063123887628109e-05
43703,0,0,6.979085217061638e-07
43711,0,0,0.003238970684529289
43713,0,0,3.9163065864945215e-10
43715,0,0,0.14442410264498756
43716,0,0,8.852691012695446e-18
43721,0,0,1.4775205684175558e-08
43727,0,0,0.030012882147898365
43735,0,0,1.6717387476089225e-10
43739,1,0,0.043337754539208476
43748,0,0,0.013083309826889622
43758,0,0,2.3595542370054508e-08
43767,0,0,5.783927976787502e-09
43770,0,0,0.22341387518323783
43782,0,0,1.752252040654732e-12
43786,0,0,0.16575797395473385
43792,0,0,0.08148167370955249
43809,0,0,6.641178577939352e-12
43813,0,0,0.040586596710848896
43815,0,0,1.0538109946331933e-07
43818,0,0,3.5418322005164246e-16
43820,0,0,2.586961847152297e-05
43832,0,0,2.6864537119216806e-07
43833,0,0,0.02107101980687433
43835,0,0,2.6133164737301496e-06
43839,0,0,1.193302699049032e-11
43841,0,0,2.7895082912828573e-08
43852,0,0,0.010588630450873996
43862,0,0,7.775719088358504e-12
43864,0,0,0.330640470028212
43866,0,0,2.3799793207838646e-05
43878,0,0,1.1225694810358612e-12
43880,0,0,2.1991680348940933e-07
43883,0,0,1.238877162119099e-05
43895,0,0,6.017868613555304e-08
43897,0,0,0.186099395102067
43904,0,0,1.1555232976771823e-08
43906,1,1,0.9999999999999998
43907,0,0,0.09256942504812396
43912,0,0,1.9783542568959648e-13
43916,0,0,0.168283503182267
43918,0,0,3.4846318436550324e-15
43921,0,0,1.7398755788231922e-09
43924,0,0,7.460775552881142e-14
43931,0,0,1.1445546306113831e-09
43932,0,0,1.2692822047204466e-08
43938,0,0,0.12033900538494136
43942,0,0,0.009332404522854462
43943,1,1,0.9999999913094434
43951,0,0,0.003445819686556452
43953,0,0,1.2449862185346118e-13
43958,0,0,0.03918755372182446
43962,0,0,4.330354042830038e-08
43965,0,0,5.297720753076942e-05
43982,0,0,0.0022463470605692155
43986,0,0,7.111313422809204e-06
43997,0,0,0.01713238363756805
43998,0,0,1.4111386277757893e-09
43999,0,0,2.1598570214536692e-13
44003,0,0,1.8481803987974145e-05
44019,1,0,0.14874632668757973
44021,0,0,0.0023534632912526735
44028,0,0,1.6255711614386516e-05
44036,0,0,0.08116615001949161
44037,0,0,0.06660748537517774
44039,0,0,0.02024544572218848
44040,0,0,3.687265332411291e-05
44043,0,0,0.4202475858358768
44044,0,0,5.386656630878668e-06
44045,1,1,0.9999999999999369
44051,0,0,3.987121894748545e-06
44063,0,0,0.007236662259966009
44072,0,0,1.1950097425722529e-06
44074,0,0,0.0071951363831639645
44077,0,0,0.006388809296798274
44086,0,0,0.0005128733504757221
44088,0,0,6.746067720763465e-13
44089,0,0,0.021379528144904493
44095,0,0,0.02397463043325756
44104,0,0,9.466362616058926e-12
44119,0,0,0.008347701745838518
44120,0,0,1.6714434925767184e-05
44123,1,1,0.9999999999999984
44129,0,0,3.1751635633383783e-07
44130,0,0,6.77741882211575e-11
44134,0,0,4.2720620859004345e-07
44148,0,0,1.0117407406001702e-05
44152,0,0,4.0508072507622645e-06
44165,0,0,2.6242832554296174e-07
44166,0,0,0.011730547685495899
44168,0,0,0.001829616464226797
44170,0,0,7.361667514069332e-09
44187,1,1,0.9999999958864425
44188,0,0,1.3934530214050669e-10
44191,0,0,1.0979012649206382e-08
44199,0,0,4.442231480521449e-08
44203,0,0,2.9995107731635307e-07
44207,0,0,0.2408367788970854
44215,0,0,8.994133392666852e-11
44227,0,0,9.445731700286652e-13
44237,0,0,0.030592454373308625
44243,0,0,6.991080428703527e-05
44245,0,0,0.218240577047971
44249,0,0,1.6388542109451687e-07
44251,1,0,0.08197842953910246
44258,0,0,0.003801669108327241
44260,0,0,5.326511540467798e-10
44265,0,0,2.9217198202002945e-08
44267,0,0,0.0009730701184843503
44280,0,0,2.621010396989333e-08
44294,0,0,1.8157975440319012e-10
44313,0,0,1.7496765735018672e-08
44319,0,0,0.00967309346832537
44328,0,0,7.530045046074797e-09
44353,0,0,0.1244605184285391
44355,0,0,3.708490416410207e-05
44371,0,0,4.461221107616138e-13
44372,0,0,0.019965684905692345
44373,0,0,0.000271640210933028
44375,0,0,5.167868161475411e-08
44388,0,0,4.6903795147674294e-11
44389,0,0,5.29215753424009e-08
44390,0,0,0.010639543855999127
44392,0,0,9.439085539290577e-10
44397,0,0,9.799478620888901e-16
44406,0,0,0.08120424431568554
44412,0,0,1.092629479119214e-08
44415,0,0,1.1941400038100737e-12
44421,0,0,0.00516103510475236
44422,0,0,5.536466384631825e-13
44428,0,0,3.205386158850276e-12
44431,0,0,3.004876631338649e-05
44433,1,1,0.9999999891425494
44436,0,0,2.721479315774804e-08
44442,0,0,0.008148570598643346
44443,1,1,0.9999843011860892
44446,0,0,9.38315364479364e-08
44457,0,0,2.991742943682269e-08
44458,0,0,0.03155263119622415
44475,0,0,9.778090473047491e-12
44477,0,0,0.03556955191681833
44480,0,0,4.312623768088403e-11
44494,0,0,3.4986185773981685e-12
44505,0,0,0.05307219732042682
44516,0,0,3.3248639365818233e-12
44522,0,0,0.15461468416834645
44526,0,0,3.3071304909739246e-11
44527,0,0,0.0001099418130317074
44534,0,0,0.04875332446825589
44543,0,0,3.600598203623964e-10
44545,0,0,0.26962069411382955
44556,0,0,0.03453134849887586
44559,0,0,6.548849473099445e-09
44563,0,0,1.7160270131583795e-08
44565,0,0,3.2875207331672963e-07
44567,0,0,1.597415939649453e-11
44572,1,0,0.12063271411822675
44573,0,0,7.09909393178692e-06
44578,0,0,0.005862447051260484
44585,0,0,0.15516538925488282
44594,0,0,5.806663535976339e-11
44598,0,0,0.015068407286979044
44600,0,0,2.39915194081595e-07
44601,0,0,4.0559974513526117e-16
44608,0,0,3.2714175270001333e-10
44611,0,0,0.02715439400609853
44629,0,0,0.0012754373026668537
44639,0,0,0.008117566135088865
44641,0,0,0.09892292465085907
44643,0,0,7.663745095056142e-13
44650,0,0,0.2571204219463
44653,0,0,0.051251798730263094
44667,1,0,0.1385324245693141
44668,0,0,2.784883796174013e-06
44673,0,0,0.1404033790118584
44675,0,0,5.919033302621158e-09
44678,1,1,1.0
44684,0,0,1.2064327621231215e-08
44693,0,0,4.335051176372416e-06
44694,0,0,1.137288589994652e-08
44697,1,0,0.022296956651870852
44703,0,0,0.04019790717159957
44705,0,0,1.1042459288903188e-05
44729,0,0,4.120703820911937e-06
44736,0,0,9.60559070260911e-12
44748,0,0,0.05577611834308997
44764,0,0,1.7491205962491334e-05
44768,1,1,0.9999999942133013
44770,1,1,1.0
44787,0,0,0.2094543678937062
44788,0,0,2.5344527481527918e-08
44789,0,0,4.33451407239836e-06
44790,0,0,2.3443177427529583e-10
44794,0,0,0.09878027568462225
44802,0,0,2.044137106470131e-07
44810,0,0,5.128445232729303e-13
44811,0,0,0.16626584246726797
44814,0,0,0.02493142928664456
44825,0,0,3.624070484631115e-08
44832,0,0,0.04472396252212395
44835,0,0,0.1582482584853514
44840,1,1,0.9999972991912436
44841,0,0,0.00844450654542513
44848,0,0,3.836896745157751e-10
44849,0,0,0.0001274468673225668
44853,0,0,6.123371113922454e-07
44856,0,0,0.18221085496347358
44859,0,0,0.005088110066134712
44864,0,0,6.542773354635129e-13
44867,0,0,0.0873868295950243
44872,0,0,8.437785216713218e-08
44873,0,0,2.5919722404471272e-05
44875,0,0,3.3967009061396157e-06
44878,0,0,4.311597946484053e-08
44882,0,0,0.01661923970953034
44883,0,0,8.266664642323899e-16
44884,0,0,8.639294268288479e-07
44890,0,0,8.377869518271753e-09
44893,0,0,8.010614078421497e-12
44894,0,0,0.015327711769019202
44899,0,0,0.006485332507776105
44905,0,0,1.5037533008297974e-11
44908,0,0,1.700699356140865e-07
44929,0,0,7.764752385039262e-10
44937,0,0,2.0195602464133553e-08
44938,0,0,5.848813271301388e-09
44944,0,0,0.17513017659472704
44958,0,0,1.280276395525406e-12
44961,0,0,2.7791097317382006e-08
44968,0,0,7.294706586307592e-07
44975,0,0,4.095103628050473e-06
44980,1,1,1.0
44982,0,0,3.719509045782081e-05
45000,0,0,6.177441538510277e-11
45003,0,0,3.638162795171694e-12
45005,1,0,0.11112299417194578
45010,1,1,1.0
45015,0,0,4.781855606776266e-07
45018,0,0,0.016106676656307765
45021,1,1,0.9999999999999996
45027,0,0,2.939817101844285e-06
45040,0,0,0.1513443172836153
45044,0,0,4.5053615303350225e-07
45051,0,0,0.13524377990526834
45052,0,0,8.068208208617116e-05
45058,0,0,0.045034853321585855
45060,0,0,0.16054768836149336
45061,0,0,0.0036636846678560586
45067,0,0,0.0005551418939582286
45068,0,0,0.06413484748287364
45075,0,0,5.948487206388042e-08
45082,1,0,0.2487080812131634
45089,1,0,0.20623458462709213
45101,0,0,0.14474557344309974
45114,0,0,2.4600796384140766e-10
45124,0,0,6.705593953353676e-11
45128,0,0,0.005757573710968663
45132,0,0,0.0026180734099952585
45135,0,0,7.669072351650427e-11
45141,0,0,6.626934020423013e-17
45144,0,0,3.245484511282573e-11
45145,0,0,0.07421602844253684
45149,1,1,1.0
45152,0,0,2.746121623209721e-11
45159,0,0,1.0604152156036267e-13
45166,0,0,7.142910309484254e-05
45175,0,0,1.9232102556930455e-05
45179,0,0,0.19006302702864902
45193,0,0,0.1426251073900284
45196,0,0,2.6456619032725258e-09
45197,0,0,1.587938737888456e-11
45199,0,0,1.445953359319971e-07
45209,0,0,0.14218143071380496
45214,0,0,0.06686846779224287
45220,0,0,0.04762990675212973
45227,0,0,1.3666180698997103e-16
45228,1,1,0.9999999720700689
45235,0,0,6.418464306056838e-09
45236,0,0,0.020466777263256762
45243,0,0,2.522161844576031e-08
45247,0,0,5.030979581556776e-08
45250,0,0,0.00015111188535305494
45252,0,0,0.002292642603234029
45253,0,0,0.025401397736688154
45259,0,0,0.05203841305429923
45262,1,1,0.9999802840393849
45268,0,0,0.027066486563818645
45275,0,0,0.0002798882233363341
45279,0,0,0.000513426676727545
45280,0,0,8.454742821099566e-10
45287,0,0,0.09104601687727651
45300,0,0,6.922175190327662e-13
45302,0,0,5.096436015954092e-08
45314,0,0,0.13391336203263607
45321,0,0,0.014800369150508643
45323,0,0,3.9014588476917e-07
45325,0,0,3.0207433141267253e-13
45345,0,0,0.0032029963876340955
45347,0,0,1.1160484152516965e-10
45364,0,0,1.6751203545162362e-14
45366,0,0,5.303331824104791e-08
45384,0,0,0.017162112011373038
45387,0,0,0.23944764639819108
45392,0,0,0.000630857541830603
45401,0,0,0.04828810647401317
45416,0,0,0.027967328989214706
45423,0,0,5.7275065861550795e-05
45425,0,0,0.001952314295931305
45431,0,0,0.021645692630366926
45433,0,0,0.010197213454229302
45434,0,0,0.028962804982966668
45435,0,0,1.946746744899634e-15
45438,0,0,4.3633888655725745e-07
45439,0,0,2.049401669134106e-11
45442,0,0,0.01125523173075359
45451,1,1,0.9995150391615563
45458,0,0,8.531320741116276e-05
45465,0,0,0.07545917482760527
45469,0,0,2.8412381167953844e-08
45472,0,0,1.2479512672129188e-05
45500,0,0,3.277635573632349e-06
45502,0,0,4.216827788951486e-14
45503,0,0,4.841217807242089e-12
45508,0,0,1.1105525516796848e-05
45519,0,0,2.846597202142165e-17
45527,0,0,2.568918385236232e-11
45530,0,0,1.091159239738126e-09
45533,0,0,0.23886090632582999
45534,0,0,3.507218681240498e-05
45537,0,0,0.11382097922120622
45540,0,0,0.007497347060954524
45542,0,0,0.38439508527267496
45543,0,0,4.642969273966727e-06
45545,0,0,8.76606212793812e-11
45547,0,0,2.2580761443021093e-07
45551,0,0,6.867377186887406e-12
45555,0,0,0.051172990661201095
45561,0,0,1.4531976793859726e-08
45562,0,0,6.280866740885993e-05
45568,0,0,0.0036777147771145232
45574,0,0,1.0531587397368954e-08
45577,0,0,8.536165415940965e-07
45582,0,0,1.2008061750436066e-09
45588,0,0,0.10173080560766277
45599,0,0,5.034161686553439e-18
45609,0,0,0.14311080645197363
45617,0,0,0.17887922953967586
45618,0,0,0.005948574736038655
45624,0,0,1.5948254792551944e-07
45627,0,0,0.009243722238575166
45636,0,0,3.386539398550996e-12
45639,0,0,0.0011925800824625838
45640,1,0,0.4849561841033318
45648,0,0,8.523115372276945e-07
45661,1,0,0.21815845752139595
45666,0,0,0.016646799055505365
45670,0,0,2.5116129770427605e-06
45678,0,0,5.272258643340132e-10
45682,0,0,1.7778065015824868e-10
45685,0,0,0.0007974899791725085
45690,0,0,0.20908162551044263
45695,0,0,0.0003806287084271124
45698,0,0,5.052169574681048e-08
45703,0,0,0.0012783419260689536
45705,0,0,3.751723030371548e-08
45708,0,0,1.5450688358460433e-08
45710,0,0,0.09854002190775105
45714,0,0,0.03641914969031247
45719,0,0,1.4760951276071498e-09
45722,0,0,9.884611632705288e-07
45725,1,1,1.0
45742,0,0,1.1548565951127459e-13
45756,1,1,0.9999746181703938
45760,1,1,0.9999999881104183
45768,0,0,1.9286983421459453e-10
45772,0,0,1.416232730581088e-06
45775,0,0,0.02880550515526737
45776,0,0,2.7352118906216984e-07
45784,0,0,0.0005508074516669209
45792,0,0,2.2600650811439906e-06
45795,0,0,1.5351588332685208e-05
45796,0,0,9.36633521846182e-10
45797,0,0,0.1395071011657885
45800,0,0,0.0020133764456083517
45813,0,0,0.025344959227280354
45830,1,0,0.020362209950207842
45831,0,0,0.005158079664099722
45833,0,0,0.09476325025323704
45840,0,0,0.06041523559821267
45847,0,0,0.0762490326040864
45851,0,0,2.9530590012873635e-06
45852,0,0,0.014764182758905914
45863,0,0,0.06437057044944952
45879,0,0,2.984086022560429e-05
45888,0,0,8.070402587282514e-12
45892,0,0,1.3506951771985646e-07
45898,0,0,5.809433633910239e-12
45900,0,0,0.00766175496852431
45905,0,0,0.0024965189997854264
45914,0,0,0.11051757764487263
45939,0,0,0.004347860958284533
45950,0,0,0.010211141885776182
45951,0,0,9.588647571833634e-09
45954,0,0,0.19388625653230274
45955,0,0,1.0475087104027055e-08
45958,0,0,5.1147364913144555e-08
45973,0,0,7.781530548460817e-09
45978,0,0,0.1197305028338716
45984,0,0,2.110337794647883e-10
45985,1,1,0.999999999999998
46003,0,0,2.3128346632476594e-05
46006,0,0,1.2360945175434898e-11
46017,0,0,0.0005383645107949864
46019,0,0,1.7119884464387687e-12
46020,0,0,0.0005415773925262795
46022,1,1,1.0
46027,0,0,2.320382323591616e-11
46030,0,0,5.8093840772841556e-09
46033,0,0,1.1692014342090048e-06
46038,0,0,1.29972596177698e-08
46060,0,0,3.0393850400322646e-08
46065,0,0,6.7859811419373865e-12
46066,0,0,2.173053084185055e-08
46072,0,0,5.1334401723768664e-05
46075,0,0,1.7772091568528142e-10
46078,0,0,0.1227036501438545
46080,0,0,2.5861241852272073e-06
46082,0,0,2.0623166527593286e-07
46086,0,0,2.072795150131121e-10
46109,0,0,0.04625502054716585
46111,0,0,2.6205380016411906e-10
46114,0,0,7.716479647570255e-18
46119,0,0,1.786432129563589e-08
46122,0,0,1.1948788611454886e-06
46127,0,0,4.549108807584492e-07
46130,0,0,0.006618441538237334
46133,0,0,8.516552883897455e-07
46137,0,0,0.07338371817596984
46139,0,0,0.03034937763313146
46150,0,0,6.503722416604891e-12
46152,0,0,2.0356428605661506e-11
46156,1,1,1.0
46160,0,0,2.629566961149996e-07
46176,0,0,0.04095837509221482
46183,0,0,7.952413190427642e-14
46186,0,0,9.397098779579754e-06
46188,0,0,4.771584836332873e-06
46191,1,1,1.0
46205,0,0,0.1657937929697364
46210,0,0,0.055086024743399215
46212,0,0,0.010532207299353983
46217,0,0,5.794436309168234e-08
46221,1,1,1.0
46227,0,0,4.513336482266717e-05
46229,0,0,0.004466178811450703
46232,0,0,1.836149681502406e-09
46239,0,0,0.11078213124914084
46246,0,0,0.14656677314494615
46261,0,0,1.0209153704304343e-07
46263,0,0,1.2199122940782687e-13
46295,0,0,0.010126443613505448
46301,0,0,7.749084554322409e-13
46302,0,0,3.084632638008049e-08
46313,0,0,1.0194877931088001e-06
46323,0,0,1.350484786628947e-10
46328,0,0,0.12944692994454723
46332,0,0,3.948484768846498e-12
46335,0,0,1.5835215044194496e-10
46340,1,0,0.35290526144742385
46342,0,0,0.004448705874113422
46353,0,0,1.1594887083939145e-11
46365,0,0,1.0263524268386577e-10
46366,0,0,0.46843298952742213
46384,0,0,0.005462474949115462
46385,0,0,5.843476993226755e-10
46394,0,0,4.678899993074015e-10
46403,0,0,4.580917110821309e-06
46416,0,0,2.6385152727882615e-18
46417,0,0,2.261936621239175e-11
46420,0,0,0.005869201713139155
46430,0,0,0.02399770643905528
46434,0,0,2.0527883908735486e-09
46435,0,0,0.008493585495202363
46440,1,0,0.046158323151551744
46452,0,0,6.453883277846716e-07
46457,0,0,0.003706018525300714
46461,0,0,1.270851423775004e-11
46467,0,0,0.08449810344381871
46473,0,0,0.0031409044488102484
46477,0,0,0.0687963213790202
46481,0,0,2.837548785361913e-06
46490,0,0,1.921099721583576e-10
46499,0,0,0.030332369300465345
46501,0,0,0.005850079341166684
46506,0,0,2.896097263299758e-07
46509,1,1,0.9999999999980278
46526,0,0,1.1093345107119392e-09
46532,0,0,0.030124096872638464
46534,0,0,0.06269035993186982
46535,0,0,0.009743753888056284
46539,0,0,0.17103011489777387
46545,0,0,0.17686137249190434
46546,0,0,8.139779182277064e-06
46551,0,0,0.08999102272045194
46557,0,0,0.005340296495122794
46558,0,0,0.04826954670178281
46564,0,0,2.132067212582867e-15
46578,0,0,0.00883375197345684
46590,1,0,0.31874367382045565
46597,0,0,0.22394891069231543
46603,1,1,0.9999999999997236
46616,0,0,0.09094379975865216
46626,0,0,8.523412136911248e-09
46648,0,0,1.2161046393462664e-05
46657,0,0,5.198655088967449e-13
46662,0,0,4.523837266520869e-12
46663,0,0,0.010798487699868627
46664,0,0,6.378977767160657e-10
46672,0,0,2.513250701011319e-07
46688,0,0,0.014518375093268908
46690,0,0,0.007969048890874637
46696,0,0,4.9823042419461997e-11
46698,0,0,0.0018033042050639115
46700,0,0,0.24426871144945148
46719,0,0,1.1389468005680722e-13
46722,0,0,2.4287149003771327e-08
46725,1,1,1.0
46727,0,0,3.2259659633066735e-09
46729,0,0,4.97942769968197e-08
46733,0,0,0.004711179701406725
46735,0,0,2.385861101641832e-13
46736,0,0,0.04109514675024138
46737,0,0,1.1436393873576136e-05
46742,0,0,0.03200930321201015
46749,0,0,0.0036720874596695235
46751,0,0,1.3421836690912173e-17
46762,0,0,5.011707481108206e-07
46766,0,0,2.539283411680667e-16
46784,0,0,0.010921687270987315
46785,0,0,0.002513831569905766
46786,0,0,0.002486064447979501
46787,0,0,3.740869123116418e-10
46799,0,0,0.00029244813264036045
46801,0,0,0.02150270717222855
46803,0,0,1.354819713458143e-11
46805,0,0,0.005505163483608352
46812,0,0,2.2670630837015343e-09
46814,1,0,0.10227285052017651
46821,0,0,1.386756738746842e-11
46828,0,0,2.0137735760926436e-07
46833,0,0,1.1145944197191633e-09
46834,0,0,1.1582540916004996e-05
46836,0,0,0.012193778598208731
46848,0,0,1.1352267175024731e-07
46874,0,0,0.012600523820299126
46876,0,0,0.07541080496137761
46877,0,0,0.007935059150996591
46881,0,0,2.5322106558365842e-11
46882,1,0,0.4594605145579126
46885,0,0,2.0578634465859946e-08
46906,1,0,0.18088194573199004
46909,0,0,1.5124023596170255e-11
46911,0,0,0.1354313131504079
46915,0,0,0.009841154997920333
46924,0,0,0.1979223369657438
46925,0,0,4.141031608835476e-08
46929,0,0,0.00031888489014366366
46939,0,0,9.452104001685987e-10
46940,1,1,0.8509683746873411
46941,0,0,4.6832139076814577e-07
46947,0,0,3.4136074043001854e-12
46952,0,0,8.357075053285982e-12
46956,1,0,0.1589309850308639
46958,1,0,0.0036898976516178254
46959,0,0,3.623822132305286e-11
46964,0,0,0.0007159036236313263
46972,0,0,7.5432368475956e-06
46973,0,0,0.11005317041176856
46978,0,0,0.002705345839671212
46982,0,0,1.8025771889704143e-08
46984,0,0,6.794236219034566e-09
46995,0,0,1.6508645188783124e-07
47000,0,0,0.019877095412422482
47013,0,0,1.2346497201188779e-15
47017,0,0,0.1576596299662782
47020,0,0,0.12360034272781005
47024,0,0,0.01554279871472597
47027,0,0,0.07067799555964824
47031,0,0,1.9807880210042663e-06
47039,0,0,0.0010958257026083909
47045,0,0,3.1114153139428382e-06
47055,0,0,0.13331548094556947
47062,0,0,1.1573623644469418e-10
47074,0,0,0.010004979638853629
47076,0,0,1.9072375410106498e-05
47077,1,0,0.41518114419316043
47080,0,0,3.209959055813088e-08
47091,0,0,0.1658890894343243
47095,0,0,4.1715659935268545e-14
47102,0,0,1.028550084377649e-06
47105,0,0,3.020536803629993e-10
47109,0,0,0.12245622687561687
47116,0,0,2.725142793354573e-08
47117,1,1,1.0
47125,0,0,0.005957518210893766
47130,0,0,5.307193635790402e-06
47141,0,0,0.29663877372149483
47143,0,0,0.00016811192719459837
47145,0,0,0.01447284665366551
47151,0,0,2.8331182772380615e-05
47160,0,0,1.2926902454245247e-11
47187,0,0,0.1421514181721014
47198,0,0,0.10410174063861401
47205,0,0,0.03552595221782408
47211,0,0,0.06757572100438931
47219,0,0,4.992343633108731e-07
47221,0,0,4.542063781013078e-05
47227,0,0,3.863268783079608e-06
47230,0,0,0.02631156228080179
47235,0,0,2.8419356608252952e-08
47238,0,0,0.011396705363855375
47246,0,0,0.0069098686849410566
47247,0,0,0.00021481944834653963
47252,0,0,1.1467178387589672e-07
47255,0,0,0.21483817226549237
47256,0,0,0.028881691598529803
47257,0,0,7.652456615344862e-06
47259,1,1,0.9999999999999964
47262,0,0,9.22759824463993e-11
47267,0,0,7.838264709763709e-07
47275,0,0,2.2487857442146322e-10
47283,0,0,1.3085834594726376e-11
47293,0,0,0.00016565173422802406
47303,0,0,1.5316110040225637e-05
47307,0,0,7.784230850056752e-10
47313,0,0,5.5330898129791455e-11
47316,0,0,3.714624950530575e-12
47318,0,0,6.129144230893923e-07
47319,0,0,0.004988613710024118
47326,0,0,2.492478297419377e-05
47339,0,0,6.465213501428556e-06
47344,0,0,0.005001562203525541
47345,0,0,1.5494723427311133e-05
47346,0,0,0.11698343605465569
47348,0,0,0.0007113035031689351
47349,0,0,7.345186329913545e-13
47350,0,0,1.1089547583201729e-08
47353,0,0,4.159977506084199e-08
47370,0,0,2.3345375422071087e-06
47375,0,0,5.028035155040289e-10
47379,0,0,1.4352714674523384e-07
47382,0,0,1.524084736576746e-09
47390,0,0,0.0010470288167559716
47395,0,0,0.13962243813174838
47398,1,1,1.0
47404,0,0,3.247706756046736e-10
47406,0,0,0.002648338055545471
47409,0,0,0.019956440843786123
47418,0,0,2.373662890347316e-08
47436,0,0,0.16112228846743576
47444,0,0,2.1071163599332789e-10
47445,0,0,0.0041016175741778
47458,0,0,2.3911869792278064e-07
47464,0,0,0.1948243723497237
47467,0,0,1.3533431058318464e-05
47469,0,0,0.0003741813135221601
47471,0,0,2.220879958562859e-08
47473,1,0,0.09096353192569057
47474,0,0,1.1262006342665659e-12
47481,0,0,1.649231003510216e-07
47486,0,0,0.040544676545766226
47491,0,0,5.851500465579522e-10
47504,0,0,0.008234875911944724
47505,0,0,0.0448766224914925
47507,0,0,0.04107906298474245
47509,0,0,0.0038347352279280806
47513,0,0,1.1432338515403146e-15
47515,0,0,4.6082730391035437e-07
47524,0,0,5.515282044511319e-08
47532,1,1,0.9999999979681182
47534,0,0,1.3697121115865294e-13
47536,0,0,3.646705074778733e-07
47544,0,0,0.0035645973550298233
47549,0,0,4.734858544431532e-07
47551,0,0,0.06337479637242431
47553,1,0,0.08724468042200897
47555,0,0,1.1486759780294778e-14
47557,1,1,1.0
47563,0,0,1.175832995415107e-07
47572,0,0,1.983358498708429e-09
47576,0,0,0.0350632979532018
47588,0,0,5.1440845307553154e-08
47589,0,0,7.21627428896344e-15
47591,0,0,0.2940148663260144
47592,0,0,0.0034660468878562577
47603,0,0,6.635811363202504e-09
47610,0,0,0.06374643394775555
47615,0,0,0.11431387134016258
47620,0,0,1.0615757494631246e-10
47643,0,0,3.8919737810400236e-11
47662,0,0,1.0657115900705642e-05
47665,0,0,4.1938684148551094e-10
47666,0,0,7.801367179602682e-09
47668,0,0,0.06050844202573412
47672,0,0,0.05872505526678346
47676,0,0,0.00037339417699182737
47685,0,0,2.852051279843044e-10
47687,0,0,0.08657675524267812
47689,1,1,0.9999999999993969
47695,0,0,0.36626381673225095
47696,1,1,0.9999921912551997
47697,0,0,2.403747527197419e-21
47702,0,0,1.377919265064012e-06
47711,0,0,0.14440118032773525
47717,0,0,2.0105813610590958e-09
47720,0,0,1.4579255361569304e-06
47727,0,0,4.834900417571932e-10
47728,0,0,5.782120449142728e-11
47744,0,0,7.128847360557562e-13
47751,0,0,8.184351503999559e-07
47754,0,0,1.9730463394147463e-07
47756,0,0,0.0011539468764555309
47757,0,0,1.0103577929892133e-09
47764,0,0,0.006727733808607906
47766,1,0,0.3927446662092849
47767,0,0,3.048547239347086e-10
47773,0,0,0.04226655862938295
47775,0,0,2.4202142005905788e-09
47796,0,0,0.13982299673339643
47802,0,0,1.7949081208673962e-06
47803,0,0,0.010181393286474064
47805,0,0,0.15169400084553666
47806,0,0,3.8719568319927994e-07
47809,0,0,0.004110379849577258
47814,0,0,0.003325072666815661
47817,0,0,8.203999221337804e-06
47819,0,0,8.043611085221752e-06
47820,0,0,5.6131452346595195e-08
47821,0,0,0.00012772810075833768
47825,0,0,0.10287354455655415
47827,1,1,0.999564577323053
47839,0,0,0.19927614396683455
47840,0,0,6.561494999568522e-10
47841,0,0,2.7217947766314127e-06
47844,0,0,4.54503942374908e-08
47848,0,0,1.6086070194155653e-08
47865,0,0,8.132638619850431e-10
47866,0,0,0.01569352537418152
47879,0,0,0.00037503605489914174
47885,0,0,0.0021358329667322505
47896,1,0,0.164876731015698
47899,0,0,0.13503138749556745
47900,0,0,0.0040670555205656305
47905,0,0,2.1699358785028214e-05
47908,0,0,2.2599516830080554e-06
47915,0,0,4.8845053568962776e-08
47918,0,0,0.0002261229034379967
47919,0,0,0.22353020778581953
47921,0,0,1.4513197646681156e-16
47922,1,1,0.9999999978600982
47925,0,0,0.02215651881716779
47927,0,0,2.8344123048883825e-09
47933,1,1,0.9879709058239703
47934,0,0,3.0365333326520026e-07
47939,0,0,5.952033964998146e-11
47945,0,0,0.0748318840772968
47948,0,0,4.051008735852349e-06
47952,0,0,0.020955233698682824
47953,0,0,5.298511434400849e-06
47957,0,0,3.850176373899018e-13
47961,0,0,6.612657133363319e-05
47968,1,1,0.999991147153618
47973,0,0,2.2906446104543074e-06
47974,0,0,1.512622374876307e-10
47975,0,0,1.605576082578979e-05
47980,0,0,4.035124751824151e-07
47984,0,0,0.23176249976129504
47985,0,0,2.249610950142044e-06
47986,0,0,0.011683132417879417
47991,0,0,0.019375443422310696
47992,0,0,0.004642707906521532
48001,0,0,0.0050744926836460875
48003,0,0,1.1284923774112496e-05
48015,0,0,7.402090998360588e-05
48019,0,0,0.000656222873274899
48024,0,0,1.212098402673773e-09
48025,0,0,0.005911277439055798
48028,0,0,0.018193231357613224
48029,0,0,6.879752296387712e-11
48031,0,0,3.998323784430115e-07
48032,0,0,7.311935482268494e-14
48036,0,0,1.560852772046615e-05
48040,0,0,6.775363647922656e-08
48045,0,0,0.006852737055699383
48048,0,0,0.10861239613074315
48050,0,0,0.30366872013753826
48059,0,0,1.7034522767219598e-06
48060,0,0,0.00037508808773944937
48061,0,0,6.815218769577467e-07
48063,0,0,2.4407593518151103e-12
48067,0,0,1.0035720394832685e-07
48070,0,0,1.3342104680886192e-15
48072,0,0,3.512916763954029e-08
48086,1,1,0.9996888656997087
48088,0,0,7.562783646386764e-12
48091,0,0,7.49280176853487e-07
48093,0,0,2.3428226828775495e-08
48094,0,0,0.034440497038480185
48102,0,0,2.7009534733389636e-09
48111,0,0,5.5687701220518365e-06
48116,0,0,0.20225327962529732
48128,0,0,0.2099093727453718
48131,0,0,1.1785729125995644e-07
48135,0,0,0.007076706952308069
48137,0,0,1.1127086278224463e-11
48143,0,0,3.183993484165444e-11
48146,0,0,0.04505939147096638
48149,0,0,0.08468160334360915
48151,0,0,0.002430429538637951
48156,0,0,6.406691118119954e-07
48162,0,0,0.018502103160125457
48164,0,0,3.005313578160704e-17
48171,0,0,8.125086707979066e-10
48181,0,0,2.6556297231365093e-08
48185,0,0,0.0013688453852348705
48189,0,0,3.302638536588926e-07
48193,0,0,5.352662664251719e-12
48194,0,0,0.02905074247447247
48201,0,0,5.186096004140989e-07
48210,0,0,1.1691299313324773e-05
48227,0,0,4.207507367671739e-12
48230,0,0,0.03320306535576447
48236,0,0,0.0938620966171953
48237,0,0,5.829984349802779e-09
48241,0,0,0.011914239209102154
48254,0,0,0.00746964845452622
48262,1,1,0.9999999999999745
48264,0,0,0.009247130968258395
48274,0,0,0.06650411069109177
48278,0,0,5.602316909366858e-13
48279,0,0,7.151567989670796e-09
48297,0,0,4.006852018473261e-17
48298,0,0,0.2061610917783528
48301,0,0,0.0005779313791620811
48302,0,0,8.001039215060896e-08
48303,1,0,0.35976906141209264
48306,0,0,2.3336357952183523e-17
48311,0,0,7.58582182027734e-08
48315,0,0,0.34385164571923504
48320,0,0,2.6286231392905556e-09
48321,0,0,0.05429047958622773
48323,0,0,5.3513184142269416e-09
48329,0,0,0.00021751651640849733
48341,0,0,0.1801022058236321
48345,0,0,3.256529341506518e-11
48356,0,0,2.0517446096183332e-05
48357,0,0,1.9956745432196123e-18
48358,0,0,2.507633410553926e-08
48359,0,0,3.4237982993998915e-06
48363,0,0,3.869811182958057e-07
48367,0,0,0.20577753239925814
48379,0,0,0.014274367543852334
48380,0,0,1.2056429259929711e-06
48385,0,0,1.1292728281572983e-06
48386,0,0,2.6120173947795823e-10
48399,0,0,2.0590713853084203e-05
48403,0,0,7.428929795270036e-06
48409,0,0,2.9897065280926585e-12
48419,1,1,0.9999999999999991
48421,0,0,0.010661771111703319
48426,0,0,6.17078453033996e-06
48430,0,0,0.011369183756825683
48440,0,0,7.741916316482637e-15
48454,1,1,0.9995183512126071
48456,0,0,5.346216067299304e-16
48458,0,0,0.04068882432953678
48464,0,0,0.01860790683362874
48471,1,1,0.9999999917303554
48474,0,0,2.6427769280997777e-07
48479,0,0,1.1323276817935189e-10
48482,0,0,0.05090448135528797
48483,0,0,0.2838923175707914
48484,0,0,5.1755358306421836e-08
48485,0,0,1.4397628336282982e-08
48486,0,0,0.008317914532967723
48491,0,0,0.019040639405223752
48495,0,0,0.009108752411223628
48504,0,0,1.769937874366393e-17
48512,0,0,1.2867987579481855e-05
48515,0,0,5.129860006065214e-12
48531,0,0,0.004751721339139286
48536,0,0,0.09929393488930126
48537,0,0,5.788468213348795e-18
48544,0,0,0.010193676860071513
48553,0,0,0.003849654327229792
48554,0,0,0.0014705696030657633
48555,0,0,0.1475428843687493
48566,0,0,4.823985963018066e-07
48576,0,0,9.020377257731479e-07
48577,0,0,4.505012566457838e-05
48581,0,0,0.2027194419513724
48583,0,0,0.0019918675219470503
48587,0,0,1.4084473118647765e-08
48596,0,0,3.094173654168727e-08
48616,0,0,0.18485764979256622
48622,1,1,0.9999999981309431
48629,0,0,7.756733693667351e-11
48636,0,0,0.01426634226632503
48648,0,0,1.075884326545005e-06
48653,0,0,6.759782550613556e-10
48655,0,0,0.054463089589217056
48657,0,0,0.041714740455036335
48664,0,0,0.04613152524722302
48668,0,0,0.00031601576955833833
48669,0,0,7.65583805388104e-13
48678,0,0,1.8729744270279317e-08
48681,0,0,2.268787354058633e-05
48688,1,0,0.056047941784458266
48689,0,0,8.22686133443232e-14
48717,0,0,6.903978026085244e-09
48728,0,0,5.886223071983676e-07
48729,0,0,4.2161827368194475e-12
48731,0,0,0.01335333609806715
48745,0,0,0.008977056343600505
48747,0,0,0.20194554893826808
48761,0,0,9.565411333731416e-08
48762,0,0,8.70357521659829e-06
48767,0,0,5.924273780335999e-18
48770,0,0,0.027523094465052477
48787,0,0,2.901122186075872e-07
48793,1,1,0.9999999981332754
48797,0,0,0.06100255863782805
48812,0,0,0.0007558737505202811
48817,0,0,0.23939809666987907
48828,0,0,0.019857474310901534
48832,0,0,4.7513040685635035e-07
48835,0,0,3.674868339372823e-06
48836,0,0,2.3893692701740093e-07
48837,0,0,4.055525093203253e-06
48844,0,0,3.727058692960034e-16
48846,0,0,0.012821918919201486
48857,0,0,0.011532728212576254
48865,0,0,9.350451263819428e-10
48869,0,0,1.0099840917768156e-07
48890,0,0,8.778518125768236e-14
48892,0,0,0.00012494423857242943
48906,0,0,7.320225143954129e-09
48907,0,0,0.13914994696844923
48946,0,0,0.011183397530741981
48947,0,0,8.128117314521751e-07
48957,0,0,0.008740551988523288
48958,0,0,0.002747311365096277
48959,0,0,1.0157699071099865e-12
48965,0,0,8.217085471207854e-13
48969,0,0,4.298457347893336e-07
48977,0,0,3.0362712792946867e-13
48982,0,0,0.009558141168571715
48991,0,0,0.0759872181115691
48993,0,0,0.009893704935893458
48995,0,0,3.6428418206028714e-11
49005,0,0,0.04562254048604413
49010,0,0,6.549867769808357e-07
49014,0,0,3.496550996462132e-09
49015,1,0,0.08483397721636124
49016,0,0,2.0444785404851573e-08
49033,0,0,0.00017520616454894705
49035,0,0,1.0713729040460112e-12
49038,0,0,1.0383574804927136e-17
49042,0,0,6.851802124196158e-19
49044,1,0,0.09408438707094932
49048,0,0,1.7750615499467996e-09
49050,0,0,4.751167444580225e-12
49061,0,0,0.00021407774882295245
49071,0,0,0.0036836048192796637
49075,0,0,6.639853351809973e-09
49076,0,0,1.243337402315469e-06
49081,0,0,4.3921686352470265e-10
49089,0,0,3.7569653256227e-12
49095,1,0,0.2684169397557488
49107,0,0,5.432360071799923e-06
49122,0,0,2.239098889839512e-08
49124,0,0,7.519485882771928e-08
49126,0,0,1.2259175063234734e-05
49128,0,0,0.14488292768063002
49132,0,0,5.867157971977868e-07
49133,0,0,1.5642303690323393e-12
49136,0,0,6.212695822668776e-09
49137,1,1,0.9999999984911336
49140,1,1,1.0
49142,0,0,1.2097997649697978e-07
49144,0,0,0.15850005861805205
49149,0,0,0.06784803261120421
49166,0,0,4.350148247290677e-06
49169,0,0,8.346863335973774e-06
49181,0,0,3.7004598798971347e-13
49185,0,0,2.154474954191149e-05
49187,0,0,2.008856644110993e-06
49200,0,0,2.611056816117054e-10
49203,0,0,0.00045713722666723314
49205,0,0,0.027193594347080522
49215,0,0,0.10118569749379558
49216,0,0,1.6083452028959724e-06
49218,0,0,8.214882085677162e-12
49220,0,0,0.013154976818688187
49231,0,0,2.6291325006700343e-07
49244,0,0,0.07165732705924653
49253,1,1,0.8483467055968729
49255,0,0,0.021570121016474736
49266,0,0,6.079223626720192e-08
49271,1,0,0.047136006255151346
49283,0,0,3.191791414413378e-09
49284,0,0,1.1820958657411454e-08
49300,0,0,1.809672424670854e-07
49307,0,0,3.3964335287341664e-17
49308,0,0,3.253894726411672e-05
49312,0,0,1.4623289973852078e-17
49313,0,0,5.991693742392987e-05
49318,0,0,1.245093560927153e-06
49324,0,0,0.09948093466395194
49341,0,0,4.159275278108791e-08
49344,1,1,0.9999999999999722
49345,0,0,0.013558874161524502
49347,1,0,0.2832574894948132
49349,0,0,4.0060034663944334e-11
49362,0,0,0.007898556914449862
49369,0,0,1.4545611226833021e-06
49391,0,0,0.022890305449325087
49397,0,0,0.010048547128955504
49399,0,0,0.10167189775218485
49400,0,0,1.0467649930403632e-05
49404,0,0,2.019810744863947e-07
49405,0,0,3.382223724231488e-05
49422,0,0,0.06691764299727677
49425,0,0,4.8816520227691894e-11
49429,0,0,1.4936645989186024e-09
49430,0,0,2.4160572467257258e-08
49433,0,0,7.707197575003276e-16
49434,0,0,6.393301521492919e-07
49435,0,0,0.004920620700923294
49438,0,0,2.510586680727339e-07
49440,1,0,0.10972707424090082
49444,0,0,0.10502066495518492
49445,0,0,0.054718378876831224
49449,0,0,0.005932071105942794
49454,0,0,0.02829340549680707
49455,0,0,6.77188057194103e-08
49458,1,0,0.21720949673262993
49477,0,0,1.0357412294996932e-07
49484,0,0,0.03644957509399613
49493,0,0,0.020720237916822624
49498,0,0,0.013752023768156629
49499,0,0,5.942072476046539e-07
49522,0,0,0.06362335254475479
49525,0,0,7.713757308886589e-14
49527,0,0,0.03777775908465869
49529,0,0,0.0034286873722943452
49540,0,0,0.31647921273436996
49541,0,0,0.12852903937752197
49542,0,0,0.019070728968755547
49551,0,0,5.0832879373569615e-14
49557,0,0,1.5338084531434045e-08
49559,0,0,1.3529256043909472e-05
49564,0,0,3.5859802569339677e-07
49567,0,0,6.362842153374313e-14
49568,0,0,5.96454049543081e-11
49570,0,0,0.11833096019175496
49599,0,0,0.02527297975434916
49601,0,0,6.319409542979546e-11
49604,0,0,8.524528454742641e-07
49605,0,0,1.919517691879992e-06
49614,0,0,0.23986183886413157
49616,0,0,6.959454559666569e-13
49631,0,0,5.63293765006447e-06
49633,0,0,5.977777115960348e-05
49636,0,0,0.13388795688796074
49637,0,0,0.008493465263337623
49640,0,0,0.0041928339440304874
49642,0,0,0.29190024197733566
49656,0,0,7.328808244179992e-07
49660,0,0,0.010006261229476024
49662,0,0,0.3343435275139331
49666,0,0,0.03951041345967803
49670,0,0,8.027440380361406e-07
49674,0,0,3.5420886078168185e-05
49676,0,0,1.8204646603346665e-12
49682,0,0,5.026931093255396e-10
49691,0,0,4.435495034353524e-15
49696,1,0,0.22261545798204668
49701,1,1,0.9591597792307928
49704,0,0,0.17835414086608162
49705,0,0,1.0218292643427624e-08
49717,0,0,0.2403187194636902
49720,0,0,5.8717264623742095e-05
49726,0,0,0.0007862676832919239
49729,0,0,0.0014726578625212587
49732,0,0,4.2983864426140743e-10
49734,0,0,2.858625619499571e-05
49735,1,0,0.12406163519233795
49736,0,0,7.989882931635764e-09
49737,0,0,0.043983598876736855
49742,1,1,1.0
49743,0,0,3.9220287031090267e-10
49748,0,0,2.7332004475195835e-10
49757,0,0,0.18648031479899813
49759,0,0,0.020395328996845336
49760,0,0,0.084903639465853
49763,0,0,0.10495279551991628
49764,0,0,3.898973689963941e-05
49785,0,0,5.675886064675843e-13
49787,0,0,1.8207353073999252e-08
49789,0,0,6.307340236605979e-11
49791,0,0,0.00016514858004699264
49799,0,0,0.25878227522778213
49810,0,0,0.0021719451002951097
49812,0,0,3.257320119804419e-06
49818,0,0,2.6669110090583478e-08
49828,0,0,8.096770497315776e-06
49842,0,0,0.08669584400506594
49846,0,0,6.340204099868133e-17
49848,0,0,3.431742810688668e-08
49854,0,0,3.3371701189193465e-07
49858,0,0,2.6654303405385606e-18
49859,0,0,0.13472764708328447
49866,0,0,0.01156998407501329
49876,0,0,0.13418689480722248
49879,0,0,0.06996238414102751
49884,0,0,0.006337183132878448
49885,0,0,3.0181665758310533e-09
49890,0,0,6.301487007946642e-12
49896,0,0,2.599748347201998e-05
49898,0,0,1.8450880835075225e-13
49903,0,0,6.668436287065006e-07
49925,0,0,0.012224385725484906
49926,0,0,0.014861455274170928
49927,0,0,1.9050209600286945e-05
49935,1,1,0.9999999864037703
49942,0,0,0.01664571938034328
49945,0,0,1.0175310966737552e-05
49948,0,0,1.9541118023992885e-12
49949,1,1,0.9999999211927129
49951,0,0,5.574522899340609e-06
49964,0,0,4.934885458709173e-06
49966,0,0,0.019480052226387125
49974,0,0,0.3430527881885519
49983,0,0,6.588731559665169e-09
49991,0,0,0.012871454716954167
49994,0,0,0.14136993686539276
50000,0,0,4.023668327167239e-13
50011,1,1,0.8371606830118681
50014,1,0,0.12846918355741904
50023,0,0,0.3083458836162391
50024,0,0,0.16805248178731533
50027,0,0,2.182641432513281e-06
50029,0,0,0.07857917862738317
50032,1,1,1.0
50048,0,0,0.0045818881839170995
50060,0,0,8.977120328003172e-10
50067,0,0,0.1117105813020462
50075,0,0,1.2107655446117996e-05
50076,0,0,5.718108102042141e-06
50078,0,0,8.803801891805062e-16
50086,0,0,9.907087020900847e-14
50089,0,0,6.462992105892313e-13
50094,0,0,1.1926817794492924e-05
50095,0,0,0.031896663941195884
50114,0,0,2.144619688100062e-06
50117,0,0,1.7784584637890173e-08
50120,0,0,8.426580999183152e-12
50123,0,0,0.039113462798145066
50130,0,0,1.5639983359080504e-08
50132,0,0,1.9559944808480053e-10
50133,0,0,0.24621698844392503
50136,0,0,1.652322602224891e-13
50145,0,0,3.4321010899584762e-09
50148,0,0,0.04885385389224809
50149,0,0,6.797242819680127e-10
50150,0,0,1.5482607379474752e-06
50151,0,0,0.04420618001881636
50177,0,0,0.05668640101769449
50180,0,0,0.27117629875897564
50182,0,0,0.22928008167157504
50184,0,0,1.6846253879497447e-07
50194,0,0,9.2438632819165e-07
50200,0,0,2.2277930918156424e-10
50208,1,0,0.10745511859798673
50209,0,0,7.930272585782059e-12
50211,0,0,9.858541417363853e-14
50212,1,1,0.9999999999472697
50213,0,0,0.10133596244586446
50216,0,0,1.988687377870644e-05
50218,0,0,0.3061088138749915
50219,0,0,5.773769134699204e-10
50222,1,1,0.9999896576398952
50227,0,0,5.058659941853094e-08
50233,0,0,0.11406614862797071
50234,0,0,1.2755152207439434e-08
50235,0,0,1.2890360189171386e-07
50240,0,0,0.08345770058373407
50246,0,0,7.201882002065096e-09
50247,0,0,0.01335665464209041
50252,0,0,0.48904686780161816
50261,0,0,4.604356224077788e-08
50268,0,0,0.07429472039167839
50275,0,0,0.011843117914845923
50277,0,0,4.479314024321201e-10
50287,0,0,0.04000330374378695
50289,0,0,9.284643598862227e-07
50295,0,0,0.013268603927876549
50299,0,0,0.013880850591059346
50315,0,0,0.07669399654676459
50317,0,0,7.990502054686914e-07
50320,0,0,0.003295459269711272
50322,0,0,2.8248500672107893e-05
50328,0,0,0.002551798796085637
50330,0,0,0.0059853973308849956
50346,0,0,3.664710955099343e-05
50360,0,0,0.002140352048911972
50364,0,0,3.0495068072323607e-15
50369,0,0,0.11681261267644906
50373,0,0,0.09595564442744697
50375,0,0,1.4696067085394656e-12
50384,0,0,0.017036632263355615
50385,0,0,2.0283914843506042e-09
50388,0,0,5.6409192443860015e-15
50390,0,0,3.781309061947826e-09
50400,0,0,0.018616997695832894
50404,0,0,2.382876569629261e-05
50407,0,0,0.028664599945782118
50413,0,0,9.011134990091944e-07
50415,0,0,0.053861808782796464
50421,0,0,7.448559483856006e-06
50428,0,0,0.05642123476508096
50429,0,0,0.20135182416618042
50431,0,0,0.03304717424807101
50439,0,0,1.3760892700152243e-11
50449,0,0,0.04869557152038614
50460,0,0,0.1567912738100345
50467,0,0,0.11287503674600412
50471,0,0,1.4293017501101397e-06
50482,0,0,7.411661023819632e-08
50496,0,0,3.007734278383487e-06
50497,0,0,0.009418947963100256
50498,0,0,0.1254799728251199
50502,0,0,0.19141031133022024
50505,0,0,0.014969389226618
50507,0,0,6.462218955871159e-11
50512,0,0,0.005390818286963755
50514,0,0,6.306470757871853e-09
50518,0,0,6.5696934922939505e-18
50525,0,0,1.6968623017277537e-08
50531,1,1,0.9717706773951456
50537,0,0,1.571087295960168e-08
50558,1,1,0.9999999999999978
50559,0,0,0.07572667415033144
50562,0,0,0.004492377766437413
50574,0,0,3.20923787397933e-14
50575,0,0,3.340956254593201e-08
50576,0,0,2.445914574092611e-07
50586,0,0,1.2165235524087076e-05
50587,0,0,9.068290026546215e-12
50588,1,0,0.10093799123273821
50596,0,0,0.017419229632670438
50612,0,0,5.9178089888958e-08
50614,0,0,4.508364526654015e-13
50618,0,0,0.014909901487137167
50623,0,0,0.1613727239702973
50624,0,0,2.6056249943505016e-07
50625,0,0,2.3221744427449564e-06
50626,0,0,4.659041937168345e-13
50628,0,0,2.3736610476142405e-10
50630,0,0,0.005121287785380517
50639,0,0,3.1680565275853274e-08
50640,0,0,8.447335349378624e-06
50645,0,0,0.02915617968123993
50649,1,1,1.0
50650,0,0,4.0129688476389134e-05
50657,0,0,0.008657675890306285
50664,0,0,0.19978786081141683
50668,0,0,6.719511981095335e-09
50676,0,0,0.01565851943632402
50677,0,0,6.426844210859679e-11
50679,0,0,5.5930181854421747e-11
50688,0,0,8.298646836940721e-11
50690,0,0,5.842945471944005e-18
50695,0,0,0.02356414626240997
50697,0,0,4.955019610536075e-12
50701,0,0,7.963707122795277e-14
50703,0,0,5.535748919637856e-07
50712,0,0,5.145028601805857e-11
50720,0,0,0.09882893287338072
50721,1,0,0.21634560205415526
50726,1,0,0.4039109458261214
50733,0,0,2.2425018858078686e-07
50737,0,0,4.638629180014146e-06
50745,0,0,2.1355540886731906e-13
50746,0,0,0.06247179064344153
50747,0,0,1.727367059348013e-10
50748,0,0,2.2571835613286598e-14
50755,0,0,0.2622178255418597
50760,1,1,0.7466119326405556
50768,0,0,7.727338773829608e-08
50769,0,0,1.473503627783987e-06
50776,0,0,0.034978664606322964
50787,0,0,0.09117135808756238
50793,0,0,5.6655444787768565e-12
50794,0,0,0.0022711383412846392
50820,0,0,0.03919988610991896
50828,0,0,0.010656926954391554
50829,0,0,7.582238338342806e-12
50831,0,0,0.11991644288613101
50839,1,0,0.09382423884070915
50843,0,0,5.444245770948608e-08
50853,0,0,4.447296730743716e-06
50862,0,0,9.920704350617426e-08
50865,0,0,2.099138210358743e-12
50871,0,0,2.2500655865332906e-11
50879,0,0,0.0096983853218335
50897,0,0,2.573365607227761e-11
50899,0,0,8.492260855156548e-16
50902,0,0,0.07913788897233756
50904,0,0,0.006259473184918449
50909,0,0,7.616394015071032e-05
50920,0,0,1.1833020374555696e-05
50933,0,0,0.0010918637269668756
50938,0,0,1.8596510581246022e-13
50946,0,0,1.447620483507655e-07
50953,0,0,4.85192576515398e-07
50957,0,0,0.0014492788993672346
50963,0,0,0.13555198772119187
50975,0,0,1.9900646302698699e-07
50976,0,0,3.511685842660616e-09
50987,0,0,4.400103009482196e-06
50988,0,0,0.0022548896997983234
50993,1,1,0.9999999999990112
50998,0,0,0.00023685246880399136
51001,1,0,0.11706528798011162
51004,0,0,9.184394187080758e-14
51007,0,0,0.00011477734049852475
51010,0,0,0.0024984589596420688
51013,0,0,0.08269860964748292
51018,0,0,6.499519545817735e-13
51019,0,0,0.18537628381152674
51020,0,0,2.671340100078474e-06
51021,0,0,0.03418706810922909
51024,0,0,0.007512231048552577
51026,0,0,0.022737968073379824
51042,0,0,1.0306062834991811e-10
51049,0,0,0.018999131130136526
51050,0,0,0.005476516371081108
51073,0,0,0.0024158146635587566
51074,0,0,1.2745219772839867e-06
51077,0,0,7.45819350655086e-14
51078,0,0,0.019301023843223016
51090,1,0,0.12304053153241282
51092,0,0,1.6334266745335074e-12
51096,0,0,0.21435327101697113
51097,0,0,2.1844948072231723e-06
51100,0,0,3.850722799756649e-16
51102,0,0,0.011272246529348301
51105,0,0,0.3582424281576129
51110,0,0,6.003980740258194e-12
51132,0,0,0.024716137818911854
51136,0,0,0.14184574188794513
51142,0,0,0.048463535299692585
51143,0,0,2.313223656717331e-05
51145,0,0,0.004400134749274266
51166,0,0,1.2896567357950998e-09
51170,0,0,1.0848238623060388e-08
51178,0,0,1.9006092515137263e-15
51179,0,0,1.4714616869069782e-09
51187,0,0,0.002684458471775723
51189,0,0,2.4175503156612605e-07
51194,0,0,0.02496923533005438
51204,0,0,0.00983951399699766
51206,0,0,0.010264900989438792
51208,0,0,0.08408625118845577
51210,0,0,2.915677898864375e-08
51214,0,0,2.1310544915222516e-08
51216,0,0,1.4991818760490444e-08
51220,0,0,0.005806460728805622
51229,0,0,5.659323841369957e-13
51240,0,0,3.301152809804415e-13
51247,0,0,4.2237266037430026e-11
51255,0,0,0.012858580391730944
51260,0,0,0.16721499485966818
51268,0,0,0.03432261992672992
51271,0,0,0.0005761453760265691
51272,0,0,8.778766012875221e-08
51276,0,0,1.5896623400677347e-06
51277,1,1,0.9999999999981453
51284,0,0,0.10971345636493833
51285,0,0,4.7146121672235807e-08
51288,0,0,1.1042052040741263e-16
51291,0,0,8.312563278989953e-06
51296,0,0,0.3730076091148954
51297,0,0,1.2612002311107082e-12
51315,0,0,3.2314896371770533e-18
51317,0,0,0.07855696782134923
51319,0,0,5.951364488555606e-19
51322,0,0,1.548164776247791e-08
51324,0,0,1.6536133034795633e-10
51326,0,0,4.8681506797421824e-12
51327,0,0,4.3513012488517683e-07
51332,1,0,0.09789440802278684
51333,0,0,4.3207523301000585e-07
51335,1,0,0.3366208531593665
51339,0,0,0.14517085934628227
51344,1,1,0.9999999999994444
51345,0,0,0.014990852898386267
51356,0,0,4.8598387886666496e-05
51359,0,0,0.0035055477990584925
51361,0,0,0.1297567069823625
51375,0,0,1.375299722737063e-13
51376,0,0,0.023031112567608102
51389,0,0,0.009274021998885034
51398,0,0,3.7959717438012306e-05
51399,0,0,0.06639610657694862
51402,0,0,6.425829774071238e-05
51415,0,0,2.863404717189601e-05
51416,0,0,3.6738125736096676e-08
51418,0,0,1.3273942112653836e-07
51421,0,0,1.7068356875637096e-08
51422,0,0,0.006974976275642388
51425,0,0,0.0002825740924070241
51433,0,0,1.7843295893243972e-08
51441,0,0,5.013362720129941e-13
51453,0,0,4.2176279143491607e-10
51456,1,1,0.9999999999995464
51457,0,0,0.01450527961687533
51460,0,0,0.011021245415116955
51471,1,1,0.9999999998528586
51472,0,0,8.034573000976381e-08
51484,0,0,4.94144127597977e-07
51489,0,0,5.373516054806175e-11
51491,0,0,0.3703593600628203
51493,0,0,6.195073796105082e-12
51502,0,0,0.0242974163322319
51506,0,0,3.361651835468152e-08
51524,0,0,0.00595230928002183
51525,0,0,1.2289051193890037e-14
51529,0,0,7.669552071358319e-08
51538,0,0,1.7218660452080836e-15
51541,0,0,3.3940690057340017e-11
51547,0,0,1.7318274410680151e-12
51548,0,0,1.0584449320435655e-18
51555,0,0,0.42926946883724854
51563,0,0,6.805316538688589e-09
51564,0,0,3.1224036364492025e-11
51566,0,0,0.021514973855386827
51574,0,0,2.3689898543879293e-16
51583,0,0,0.25090286059629374
51586,0,0,0.44554104255803983
51587,1,0,0.008236443881409128
51588,0,0,4.474252292139681e-05
51600,0,0,0.0005431390523231812
51601,0,0,0.24636624986474084
51607,0,0,6.21341434249678e-07
51611,0,0,1.0448448781915356e-10
51613,0,0,1.508031792088361e-08
51621,0,0,1.7136411735584587e-07
51625,0,0,0.009805276774660457
51639,1,1,0.9999999999999996
51642,1,1,1.0
51646,0,0,1.0868674998080042e-12
51651,0,0,0.25580243992595625
51653,0,0,1.6681045074337019e-10
51654,0,0,0.016708827280944912
51657,0,0,0.08542903873145842
51659,0,0,0.061590867071432284
51660,0,0,3.747742274678892e-07
51661,0,0,4.757825671158088e-10
51668,0,0,0.2096518409647835
51670,0,0,1.0219944858970023e-06
51673,1,0,0.2436934476573918
51675,0,0,0.02260458225912918
51676,0,0,0.030151271002815342
51678,0,0,2.8365734769358652e-14
51679,0,0,9.166768418306318e-12
51682,0,0,2.3282596218807726e-06
51687,0,0,0.27969591851951026
51689,1,0,0.066000190574047
51706,0,0,0.009692512646926756
51709,0,0,6.618741990262698e-08
51711,0,0,0.03211034595240179
51714,0,0,6.949915420861424e-08
51716,0,0,0.010859339713178505
51720,0,0,0.021875778454269995
51722,0,0,0.115843834156991
51723,0,0,0.003504382185942336
51728,0,0,3.577366146290083e-18
51729,0,0,1.697646566010398e-06
51734,0,0,5.002376673101814e-11
51736,0,0,0.01931042779787162
51739,0,0,9.95111439956334e-09
51742,0,0,1.6165769548573932e-06
51744,0,0,0.002197754352914372
51751,0,0,4.425927825564531e-15
51762,0,0,1.6797326588284238e-11
51766,0,0,2.1127188426502368e-07
51771,0,0,0.007637748377808259
51774,1,1,0.9999999907387415
51782,0,0,1.654666691024038e-05
51785,0,0,0.004193725433581576
51787,0,0,0.0005397785811066413
51789,0,0,1.1166426573389016e-07
51791,0,0,0.04111451974971247
51792,0,0,1.4473733883953554e-08
51793,0,0,0.13272404257932632
51795,0,0,3.465594699111869e-05
51797,0,0,0.08622760271812452
51800,0,0,0.17743708638423322
51801,0,0,3.678286536614044e-09
51806,0,0,0.0007245322997618765
51808,0,0,0.13355152275474563
51814,0,0,0.15792374662690223
51822,0,0,0.0006714523868713771
51826,0,0,4.764687108208159e-11
51829,1,1,0.5646466324138063
51851,0,0,0.06088988483106081
51862,0,0,0.10116065188334855
51868,1,0,0.36704016961515074
51869,0,0,0.10079781902443978
51871,0,0,5.577616566882515e-12
51879,1,1,0.9999999994647379
51884,1,1,0.9983138143598083
51886,1,1,0.8054142431077055
51888,0,0,5.872082148056232e-14
51892,0,0,2.456401992097589e-10
51894,1,1,0.999999999515927
51895,0,0,0.0001295692414189127
51899,0,0,0.00013544286120316515
51905,1,0,0.10166140950090036
51907,0,0,4.8736869338342205e-09
51921,0,0,3.506592978263964e-06
51925,0,0,0.004193909516200694
51928,0,0,4.665167478769085e-08
51931,0,0,6.406510256698936e-08
51932,0,0,1.6718654057629848e-09
51935,0,0,0.005570407419920917
51936,1,1,1.0
51948,1,1,0.9999998385180057
51949,0,0,1.2404713933481158e-05
51962,0,0,8.919356075725383e-11
51970,0,0,0.06661041967660991
51976,0,0,1.2575109147723583e-14
51986,0,0,3.3184019196762687e-09
51996,0,0,0.1567835998603009
51997,0,0,1.0797226001440996e-06
52007,1,1,0.905817913884778
52012,0,0,0.07480927022179487
52013,0,0,0.019413076877771586
52017,0,0,1.0739566756937548e-16
52021,0,0,4.2969868405397234e-07
52022,0,0,0.08918988567093192
52027,0,0,4.0797408589985817e-07
52036,0,0,2.130830433387676e-07
52038,0,0,0.17665644120765658
52042,0,0,1.0686508632002937e-08
52043,0,0,1.7058583437512728e-07
52059,1,1,0.9999999999999973
52063,0,0,7.838980110839303e-08
52066,0,0,6.401138576205427e-09
52070,0,0,0.01913247504674592
52086,0,0,0.019721385946720158
52092,0,0,1.1854628768390994e-06
52103,0,0,5.548297482274493e-09
52108,0,0,6.0598720947819105e-09
52110,0,0,3.2754335226285226e-11
52121,0,0,0.0014123869774027924
52125,0,0,0.10973140959514778
52133,0,0,6.380982320426278e-07
52136,0,0,0.005682880376399842
52138,0,0,0.15507307875816834
52148,0,0,0.14649939913940274
52149,0,0,2.2276650101640025e-15
52156,0,0,0.008069267080087185
52159,0,0,1.0210453748433514e-11
52165,0,0,1.4740373612307147e-12
52166,0,0,3.170754533547586e-19
52168,0,0,1.2009841963543762e-08
52172,0,0,0.0047224125174265
52175,1,0,0.2643018513322519
52180,0,0,0.22778443902034437
52190,0,0,2.9035990242543533e-11
52194,0,0,0.008349264266035146
52199,0,0,3.2944521196231283e-06
52205,0,0,2.8585312600162076e-11
52216,0,0,3.885765862759143e-09
52232,0,0,3.026351150671625e-09
52240,0,0,0.03626430569782922
52247,0,0,2.996643206668968e-18
52255,0,0,1.480457542317427e-10
52258,0,0,0.00794966059222292
52261,0,0,2.196789708548518e-11
52264,0,0,7.834204383326066e-13
52265,0,0,0.0085458848026214
52266,0,0,3.462712984769779e-05
52275,0,0,1.812182812998524e-07
52286,0,0,0.012335367989164656
52288,0,0,0.18609325066348603
52289,0,0,2.1705562883166637e-08
52302,1,1,0.96662834198274
52303,0,0,0.010291343949159669
52304,0,0,0.004498546842941842
52310,0,0,4.242475831169087e-08
52311,0,0,9.024053000640662e-07
52313,0,0,0.15590366355898266
52321,0,0,1.4306212199214466e-12
52332,0,0,2.213406667902909e-06
52338,0,0,1.6094148309056711e-06
52342,0,0,0.0899348974293428
52346,0,0,0.03355747393523782
52353,0,0,7.700428685239604e-08
52355,0,0,2.0556189290246196e-17
52358,0,0,0.028281594023305285
52364,0,0,3.191962159114273e-08
52365,0,0,1.3625635295199004e-13
52366,0,0,0.11128232297535981
52377,0,0,1.692322641444612e-12
52381,0,0,0.10286071866290639
52382,0,0,1.0823870180138806e-17
52387,0,0,0.006621658671245816
52388,0,0,0.061895472184597636
52396,0,0,2.2752750465537866e-08
52402,0,0,0.0774665379726187
52407,1,1,1.0
52408,0,0,0.004531513923063337
52415,0,0,0.02610323465411396
52416,0,0,6.087843660311198e-07
52417,0,0,1.7459984792504166e-06
52419,0,0,1.4540868844235744e-08
52423,0,0,2.2093508444990687e-07
52435,1,1,0.9999999999940945
52441,1,1,0.9994661542322337
52459,0,0,8.83138339869552e-10
52460,0,0,0.04861464129554522
52465,0,0,0.009968737425951247
52467,0,0,2.720611166861277e-08
52476,0,0,0.25940839242229924
52481,0,0,1.502527767925035e-08
52487,0,0,5.6430792121017725e-06
52491,0,0,0.009242126710114595
52493,0,0,7.197469955494474e-11
52498,0,0,1.2064542363097214e-12
52503,0,0,3.621018055169829e-20
52507,0,0,0.0009339781958981479
52514,0,0,3.1535087194373065e-09
52516,0,0,2.14078836347107e-05
52519,0,0,1.8662777118106596e-07
52524,0,0,7.333161444299429e-10
52528,0,0,5.187262711835811e-07
52539,0,0,1.5390277704889054e-10
52544,0,0,2.694099494693563e-09
52552,0,0,4.883525334489888e-06
52572,0,0,0.03307010080256634
52573,0,0,0.0017171277052335635
52574,0,0,5.647851102752139e-16
52576,0,0,7.763268416116647e-12
52582,0,0,3.1993025205408066e-18
52594,0,0,0.2717648717490226
52598,0,0,0.017120108088018185
52602,0,0,8.98950204783464e-11
52608,0,0,3.334554201818032e-06
52609,1,1,0.9999918148323326
52613,0,0,0.1756407299666038
52620,0,0,0.04862422550678531
52623,0,0,0.17854698942642583
52632,0,0,0.00011708045847239758
52646,0,0,0.010878684145744895
52647,0,0,1.828455003963632e-06
52652,0,0,0.005622001458696979
52653,1,0,0.26563872716932885
52654,0,0,0.11498171701610578
52656,0,0,2.3171031148663764e-12
52661,0,0,0.15972886330285432
52676,0,0,0.004371340067909585
52678,0,0,0.005425245777522455
52682,0,0,5.03510018529633e-08
52687,0,0,7.375100657471466e-06
52690,0,0,2.2423745150562612e-10
52699,0,0,0.030390033209330414
52700,0,0,0.00010206136536730508
52707,0,0,0.004455408873505415
52711,0,0,0.008749717371163047
52715,0,0,0.10558005219594448
52726,0,0,3.891577923389031e-06
52733,0,0,3.3838592802726244e-13
52737,0,0,1.4588306972135605e-08
52748,0,0,0.006447654969748123
52750,1,0,0.2924035973113334
52751,0,0,1.1812947157327818e-08
52752,0,0,0.01369863296768972
52759,0,0,0.007111081394137309
52763,0,0,4.5551776154369375e-06
52773,0,0,1.5716898736050397e-07
52775,0,0,7.986060251149155e-16
52777,0,0,0.006144490280849714
52782,0,0,0.005507806546966023
52790,0,0,3.894590132609835e-17
52793,0,0,1.1238669971761916e-05
52795,0,0,3.269708753715534e-08
52799,0,0,7.022290075683822e-10
52811,0,0,0.00752673817460072
52813,0,0,9.415639474395762e-13
52815,0,0,1.6534879529532638e-11
52820,0,0,1.4621239657346191e-06
52837,0,0,0.09462681901010779
52849,0,0,2.7310945989628933e-17
52859,0,0,0.03257455401640759
52886,0,0,7.75740504029281e-11
52887,0,0,0.012208464043424247
52893,1,0,0.49377629512892796
52904,0,0,0.0001334466822733098
52908,0,0,0.007099888539487189
52912,0,0,2.0670995399160566e-06
52913,0,0,8.981794760176536e-07
52917,0,0,2.250521413071292e-08
52919,0,0,0.004087097824889392
52932,1,0,0.080295261138269
52936,0,0,0.02172926251825624
52938,0,0,0.009155567495242052
52941,0,0,0.045211968520721374
52944,0,0,2.49615000449422e-12
52947,1,1,0.9051791647352863
52955,0,0,0.006573603087331574
52958,0,0,3.735071742613114e-12
52964,0,0,0.018553062373691743
52974,0,0,0.011986597122082741
52977,0,0,0.006324952136431651
52981,0,0,0.14860715303779654
52985,0,0,2.635951373589263e-11
52986,0,0,1.9069057718187882e-08
53000,1,0,0.1485697491910671
53001,1,1,0.9999999999999982
53010,0,0,0.000991441828537321
53011,0,0,4.2075419143213345e-18
53018,0,0,0.03229340511776857
53020,0,0,0.007255797436121057
53022,0,0,0.049389520184332625
53026,1,1,0.9356443410389872
53028,0,0,0.02235061755331475
53031,1,0,0.14942925844779295
53033,0,0,0.04615145838865012
53039,0,0,9.44314004045251e-12
53042,0,0,2.1381726043735542e-13
53046,0,0,1.5453530522198403e-09
53052,0,0,0.199168680065406
53053,0,0,0.18440884748619138
53059,0,0,1.0820060768092241e-10
53073,1,0,0.20854585677358592
53074,0,0,0.03414201286923533
53081,0,0,4.658707714259593e-10
53086,0,0,0.008169230434732166
53101,0,0,0.001165813640770407
53107,0,0,2.2307971773848664e-07
53108,1,1,0.9999999992768693
53109,0,0,9.126504088852209e-06
53112,0,0,0.0025266503680002068
53113,1,1,0.999999952367407
53114,0,0,6.5998561915970155e-09
53115,0,0,2.6708483020550955e-09
53122,0,0,0.2618605515753463
53125,0,0,0.030932391578997524
53126,0,0,2.1782008584074403e-06
53136,0,0,0.0860659385085642
53146,0,0,8.427088987676434e-11
53153,0,0,0.009664356843912616
53157,0,0,4.2651834532853435e-05
53163,0,0,1.564332540608597e-06
53166,0,0,0.09648075560670634
53171,0,0,4.229779814891503e-10
53179,0,0,1.2739562529372816e-05
53180,1,1,0.9999999999999998
53182,1,0,0.15100098181178323
53187,0,0,1.783408677966135e-09
53191,1,0,0.0668993312777338
53202,0,0,0.00748163372468459
53209,0,0,0.23822200515643735
53213,1,0,0.06737183695819694
53214,0,0,2.5950693293146237e-10
53215,0,0,0.08034237513696338
53217,0,0,0.023799267831665787
53237,0,0,1.5855811076359232e-08
53245,0,0,3.1502685252520386e-11
53263,0,0,0.01818696617131242
53283,1,1,0.998507899315221
53285,0,0,0.0005265308829114508
53291,0,0,6.410221818007957e-05
53316,0,0,0.003837240204649872
53322,0,0,1.6074226014408715e-06
53333,0,0,0.03781710379418135
53336,0,0,1.0180756320907744e-07
53346,0,0,1.081391900662127e-11
53347,0,0,5.4320373851226825e-09
53363,0,0,0.2960485090294155
53366,0,0,6.242284498486242e-10
53370,0,0,3.1043358728309974e-07
53374,0,0,1.7280518835590167e-09
53375,0,0,5.84205129625605e-09
53381,0,0,8.149838844791813e-07
53382,0,0,5.754139846505578e-07
53387,1,1,0.9999999999999867
53392,0,0,1.2956891270444688e-08
53414,0,0,3.747976426428636e-08
53415,0,0,0.07746339656485836
53419,0,0,2.2612382158919694e-14
53421,0,0,0.0007080083136960062
53428,0,0,0.07021598702092094
53429,0,0,5.65318273808877e-09
53433,0,0,0.01489220664744992
53437,0,0,7.573427697054046e-09
53440,0,0,5.876838004552379e-08
53441,0,0,7.541180965849789e-07
53442,0,0,3.486397454450987e-13
53444,0,0,1.622601014131293e-14
53447,0,0,0.12168180210910011
53448,0,0,0.010017770972827708
53449,0,0,1.7666331249853025e-12
53457,0,0,0.05987519739695524
53469,1,0,0.2368539567582169
53472,0,0,0.10088057594819337
53480,0,0,0.07440934878291951
53490,0,0,7.313060226334064e-14
53491,0,0,0.00015264958024360824
53493,0,0,0.4235944525350749
53501,0,0,4.604581757728519e-16
53510,0,0,0.006948073700234819
53513,0,0,2.4911081999432928e-11
53514,1,1,0.7670375565273467
53524,0,0,1.4590478081175427e-09
53531,0,0,0.013438437310015825
53535,0,0,0.061510761347939896
53559,1,1,0.9971972522475824
53560,0,0,7.532628009587006e-10
53563,0,0,3.075520512230103e-11
53565,0,0,2.1095872449145068e-08
53574,0,0,8.370883234833235e-13
53576,0,0,3.29429397822164e-07
53580,0,0,0.00016080005638953638
53581,1,1,0.993740762001991
53582,0,0,0.011072834172451643
53590,0,0,0.0028735310523054
53599,0,0,2.1608709259681778e-09
53604,0,0,1.4889339732125386e-07
53606,0,0,3.290271050448568e-11
53608,1,1,1.0
53626,0,0,0.08084623498425986
53637,0,0,4.0928749041474276e-11
53640,0,0,7.464594553782606e-13
53645,0,0,0.015751759280422835
53647,0,0,1.6659151358031105e-08
53653,0,0,0.003953449608590874
53663,0,0,3.373111969959621e-05
53671,0,0,0.029985816837888632
53676,0,0,8.250333755593534e-13
53680,0,0,0.007768174055295579
53685,1,1,0.9999999945902258
53696,0,0,0.031490392660664744
53701,0,0,0.06764777227798145
53705,1,1,0.9999999999999982
53714,0,0,4.7392066930888475e-12
53717,0,0,0.055174500848913274
53721,0,0,0.07201125738330941
53732,0,0,9.767420141732946e-06
53734,0,0,7.878773086113023e-08
53738,0,0,2.1033151721301036e-11
53739,0,0,0.07173599188860157
53746,0,0,0.08014123341713025
53748,0,0,0.07780372180183373
53751,0,0,0.0037772656333005085
53753,0,0,0.003762137577826981
53754,0,0,0.00987286118313593
53755,0,0,0.004036498430506906
53756,0,0,0.0002330104986889096
53759,1,1,0.9999998069843017
53760,0,0,2.158053162315478e-09
53765,0,0,0.10784750424717471
53769,0,0,2.4686526065536558e-09
53770,0,0,0.17560885124288664
53774,0,0,0.02900227013471735
53776,0,0,1.3172893807453564e-20
53779,0,0,0.04167026635298787
53780,0,0,2.8383944993657097e-10
53781,0,0,3.172294955736004e-08
53787,0,0,0.11291783995054014
53794,0,0,1.2011618264028832e-13
53796,1,0,0.3979137144071497
53797,0,0,3.6299513473494e-08
53800,0,0,0.01318544017406311
53801,0,0,2.3108281645039737e-06
53804,0,0,0.00471820876358085
53807,0,0,0.0015999259728065745
53814,1,1,0.9999999989522472
53828,0,0,1.8623585818064798e-05
53829,0,0,0.00572584048077399
53833,0,0,5.930626370548747e-19
53838,0,0,7.93304741915946e-08
53839,0,0,0.06337167518528243
53845,0,0,0.024469033250525532
53855,0,0,4.220778354106491e-11
53861,0,0,0.0915864036027567
53882,0,0,0.04967750886423289
53888,0,0,0.03383785310746515
53909,0,0,5.188057514995104e-11
53911,0,0,0.003555215239102393
53916,0,0,9.118484019313394e-07
53918,0,0,1.0807575619264556e-12
53924,0,0,3.2813994862570616e-10
53936,0,0,0.00019138722856551222
53946,0,0,0.00809102964723663
53963,0,0,0.2564784872931006
53967,0,0,1.8576290661886556e-15
53968,0,0,2.3414651871526728e-12
53970,0,0,0.015385786019683009
53973,1,0,0.03110162683928842
53974,1,0,0.11036936615890496
53979,0,0,7.376129715900396e-07
53980,1,0,0.19660317419788698
53987,0,0,2.7851195678768095e-07
53988,0,0,4.855338532052887e-12
53996,0,0,0.10235747839520663
53997,0,0,0.0044369330233704225
53998,0,0,0.0007040927951693227
54022,0,0,4.082761453547199e-09
54034,0,0,7.78610932752048e-11
54035,0,0,0.009139995349256703
54039,0,0,2.1748688873465237e-13
54049,1,1,1.0
54062,0,0,9.847535385597546e-12
54064,0,0,0.01906616033073316
54068,1,0,0.1577328344763198
54072,0,0,0.0017462261290322406
54075,0,0,0.0053441905019888025
54093,0,0,1.0917410195533881e-06
54094,0,0,0.06343589049585904
54102,0,0,2.8379679999304346e-09
54103,0,0,0.12634274238787677
54105,0,0,0.01176374533893379
54108,0,0,0.01667376811659973
54109,0,0,0.01945294323395618
54116,0,0,0.20994368009068307
54118,0,0,1.1547697939618481e-05
54119,0,0,4.5084718131243057e-07
54121,0,0,0.00031709979299396877
54122,0,0,9.093370740069e-11
54145,1,1,0.999999999999371
54153,0,0,5.317734835367052e-08
54155,0,0,6.377673606942634e-05
54165,0,0,5.0758577870425464e-18
54166,0,0,0.3073407953073542
54167,0,0,0.29806716667038496
54170,0,0,0.09254277490982103
54172,0,0,0.03347072200526167
54175,0,0,1.6552881720578438e-07
54176,0,0,5.921157200693935e-16
54192,0,0,1.5952171876654967e-11
54211,0,0,0.10605453501346682
54213,0,0,2.587029377931074e-12
54219,0,0,0.006194385859468325
54221,0,0,0.0040796400044082306
54232,0,0,1.7414690153060867e-05
54240,0,0,0.01254326969727052
54244,0,0,0.05505562463550133
54246,0,0,0.0293613104393528
54247,0,0,1.2211600319765948e-12
54248,0,0,2.9134361089003127e-09
54249,0,0,3.6928924027999504e-07
54253,0,0,2.9131010645464242e-12
54259,0,0,2.9030692437538914e-07
54260,0,0,0.0003798170238567991
54262,0,0,1.7785221334287266e-10
54263,0,0,1.2939195416548602e-21
54265,1,0,0.11686499157726545
54278,0,0,8.408207365343968e-11
54298,0,0,2.975519795844569e-07
54303,1,1,1.0
54304,0,0,0.004691990235753042
54306,0,0,0.011408722721841874
54311,0,0,0.0020412990926856594
54319,0,0,1.4696842969360074e-08
54328,0,0,7.824000119252746e-12
54330,0,0,0.02409982489963681
54331,0,0,0.14926898062611973
54337,0,0,0.03233916950924499
54340,0,0,0.00447433787117195
54343,1,1,0.9999964523621242
54344,1,1,1.0
54345,0,0,0.10072169728057041
54351,0,0,1.670022778646921e-06
54352,0,0,1.5704925122618908e-08
54356,0,0,0.22107754111413364
54366,0,0,3.5621425977117155e-08
54369,0,0,1.376369309369292e-09
54371,0,1,0.6682846251366039
54380,0,0,3.183193069218132e-08
54385,0,0,0.05617386208490033
54395,0,0,0.07850301747046759
54398,0,0,3.218105055515061e-05
54406,0,0,6.542286954886241e-05
54423,0,0,0.30046563309460006
54427,0,0,0.06271133742374048
54433,0,0,9.786403692290623e-07
54439,0,0,3.9472144129018313e-10
54440,0,0,2.7762509763153093e-06
54441,1,0,0.21852739956183104
54442,0,0,6.4118998699519265e-09
54447,0,0,9.178912989465724e-14
54461,0,0,3.0709034178924397e-10
54471,0,0,7.288406363738739e-11
54472,0,0,5.2128642637866354e-11
54486,0,0,6.384790543557853e-13
54495,1,1,1.0
54498,0,0,1.4940694013601482e-09
54501,0,0,5.219866888917811e-09
54505,0,0,0.15637470214797894
54511,1,1,1.0
54518,0,0,6.3304949528441235e-06
54519,0,0,0.00541438840105731
54523,0,0,0.04576229803379398
54530,0,0,4.87275637524038e-11
54538,0,0,0.17961880436932995
54544,0,0,2.5231998936575942e-12
54559,0,0,9.922343108943374e-13
54563,0,0,0.0031927542702897185
54566,0,0,0.06214025191469234
54576,0,0,0.12491501856714707
54578,0,0,0.17789271260546907
54580,1,1,0.9999999999995983
54585,0,0,0.005045921376600338
54595,0,0,0.0005307728347078783
54598,0,0,5.670477894598594e-05
54604,0,0,4.6156629978422215e-09
54613,0,0,0.0001780014008888407
54614,0,0,4.0891847837382245e-08
54621,0,0,2.144046398408767e-11
54623,0,0,1.4879238309379287e-06
54626,1,0,0.29301834648492453
54640,0,0,0.04055310754594683
54641,0,0,1.547101992582034e-07
54644,0,0,0.0005565434303435783
54647,0,0,7.947224448333455e-14
54650,0,0,0.024511584476363975
54655,0,0,0.0814363099126359
54657,0,0,6.197657123991697e-12
54659,0,0,0.4583784346912064
54664,0,0,0.002543524852833576
54666,0,0,9.108834752745385e-10
54672,0,0,0.042375733562478604
54675,0,0,2.4330414259373805e-10
54680,0,0,0.000573909773981433
54694,0,0,8.172130710570617e-11
54698,0,0,3.4400195288481624e-08
54699,0,0,2.5727485763421647e-05
54705,0,0,1.982075135955098e-06
54710,0,0,1.7780477106722875e-11
54713,0,0,4.0123311810467016e-08
54719,0,0,4.509365054899168e-09
54721,0,0,0.0119800697963172
54730,0,0,2.7822857366863552e-05
54734,0,0,4.483336662773515e-15
54737,0,0,0.008097181274299163
54740,0,0,1.8100531500184132e-09
54741,0,0,0.15808442018987356
54745,0,0,0.004153729825662931
54748,0,0,8.704344201822186e-06
54749,0,0,2.598848429735558e-10
54750,0,0,2.7489213382489844e-18
54751,0,0,1.1427076443813854e-08
54756,0,0,0.007024884946625638
54760,0,0,0.3587863427365271
54768,0,0,0.0106697122057727
54772,0,0,6.705277843115954e-12
54780,0,0,1.1170972135487825e-13
54786,0,0,0.05852767109242516
54792,0,0,0.004057206324492531
54797,0,0,3.1771160849970406e-05
54798,1,0,0.18435166189373803
54812,0,0,0.0012709286969893275
54822,0,0,0.010313069824764239
54824,0,0,0.018456322736723468
54825,1,0,0.02817723967386681
54826,1,0,0.2711777318522073
54829,0,0,3.8680122416302805e-05
54830,0,0,4.278790658290313e-07
54846,0,0,1.4799657350771797e-06
54848,1,1,0.9999999992867896
54849,0,0,8.733052597159248e-12
54850,0,0,5.170329667082936e-12
54859,0,0,9.261099765753289e-11
54860,0,0,2.942905568059828e-10
54862,0,0,0.03285114067215345
54874,0,0,0.06567704296521594
54875,0,0,0.1621942936816399
54882,0,0,4.530838007792212e-07
54884,0,0,3.39045933789353e-05
54886,0,0,2.8865796325772994e-06
54888,1,1,1.0
54889,0,0,7.253836537108835e-08
54892,0,0,0.01357725233333276
54901,0,0,4.280340048144619e-09
54915,0,0,0.016616039934219208
54919,0,0,8.053673020266655e-09
54920,0,0,0.08402332532783952
54921,0,0,2.983776656170765e-08
54923,0,0,7.992735714610137e-07
54925,0,0,0.1228360486822572
54929,0,0,5.21090962003539e-10
54937,0,0,0.1417275948643184
54948,0,0,6.089887161033393e-06
54970,1,1,0.9999999999999998
54972,1,1,0.9999999997933107
54975,0,0,0.09060332506576607
54986,0,0,1.0155114178657098e-07
54990,0,0,0.023033110155435455
54993,0,0,5.875926425340172e-09
54997,0,0,0.1487732156853919
55005,0,0,0.10024076463445145
55007,0,0,2.6183630227356897e-05
55011,0,0,0.06650190810261475
55034,0,0,1.630457223618736e-06
55035,0,0,2.621684452338845e-07
55043,0,0,0.1283666495876249
55044,0,0,3.298293244701302e-07
55053,0,0,0.04944903268362955
55056,0,0,0.0027301054290870957
55059,0,0,1.0236442261338525e-07
55062,0,0,3.356923167278559e-14
55067,0,0,5.343054568346185e-05
55068,0,0,5.075446490076237e-07
55075,0,0,4.282763309621605e-10
55080,0,0,0.0016019050216988639
55084,1,0,0.1536009782963543
55093,0,0,0.03876778380925749
55095,0,0,0.006141905109501118
55101,0,0,0.09794758949469552
55103,0,0,1.273251062094124e-09
55119,0,0,1.054781725230177e-09
55120,0,0,1.9301302515013142e-17
55123,0,0,7.972221665915924e-16
55129,0,0,4.8095013340029e-07
55130,0,0,0.16636459107164636
55134,0,0,8.876942800662276e-13
55135,0,0,0.1595328880508392
55158,0,0,0.002091858856334789
55165,0,0,1.8571932122925353e-05
55170,0,0,3.23384921800853e-10
55174,0,0,4.957671172085707e-05
55177,0,0,0.0823502381639168
55180,0,0,3.656094854930535e-06
55188,0,0,3.1540918626457635e-07
55191,0,0,0.04727049136279332
55198,0,0,5.086390219687265e-10
55199,0,0,0.003297601988306486
55200,1,1,1.0
55202,1,0,0.11518780528396742
55216,0,0,2.950589717229232e-05
55236,0,0,4.10317390666183e-11
55245,0,0,2.3243324836395636e-13
55248,0,0,0.12704834907658247
55250,0,0,0.0001121392658499982
55255,0,0,5.584698470019128e-12
55257,0,0,4.820047030419623e-08
55266,0,0,3.315942110779998e-12
55270,0,0,6.75241456738902e-13
55279,0,0,5.121174368548371e-13
55280,0,0,3.9520175257628676e-05
55282,0,0,0.0001137107850720397
55283,1,1,0.9999999652540957
55294,0,0,3.067972809625199e-06
55296,0,0,3.9172625985514e-05
55301,0,0,0.3400240885090258
55307,1,1,1.0
55310,0,0,1.6169024539405672e-12
55320,0,0,1.0363939317931888e-10
55327,0,0,3.261015656507069e-08
55333,0,0,3.332261632846207e-10
55337,0,0,0.013016993633470213
55338,0,0,2.0478254411437987e-08
55346,0,0,1.063743723544133e-08
55354,0,0,5.346186657309598e-05
55356,0,0,3.756128513977134e-08
55364,0,0,0.007286867544150131
55365,0,0,8.207227476558998e-09
55373,0,0,4.1834156920367185e-09
55377,0,0,0.003826684533072608
55379,0,0,3.554224282469701e-05
55394,0,0,3.567764545126214e-11
55397,0,0,1.2383293756100721e-17
55404,0,0,0.0005604115145224333
55428,0,0,9.796838146180364e-07
55429,0,0,0.10098473555418165
55439,0,0,6.048325303863923e-11
55443,0,0,4.290592720150258e-05
55446,0,0,0.01664092813822871
55448,0,0,2.742412130181662e-07
55449,0,0,6.053831026752892e-11
55456,0,0,4.911729453062494e-15
55462,0,0,5.74569588934666e-09
55465,0,0,4.798467589179001e-09
55471,0,0,6.498429503245203e-09
55476,0,0,1.8485647669213217e-09
55478,1,1,1.0
55479,0,0,0.006440761441190583
55484,0,0,0.041732898382892625
55486,0,0,5.451911843568878e-05
55488,0,0,0.006316483704899812
55492,0,0,3.3196606188230594e-11
55495,0,0,0.08597887898511661
55496,0,0,5.348005630504846e-12
55511,0,0,4.3637329879978905e-11
55514,0,0,2.2952524637184e-11
55515,0,0,1.2458015086174976e-06
55516,0,0,0.20833590258571186
55524,0,0,4.1091462435870396e-05
55536,0,0,0.02160569447737644
55537,0,0,5.696956637967021e-08
55541,0,0,7.791200385657403e-11
55545,0,0,0.054662276371381054
55550,0,0,2.0829473778797124e-12
55553,0,0,3.3140006979068374e-12
55562,0,0,0.01192071084692461
55570,0,0,1.2980513919011658e-06
55572,0,0,0.028768702872489914
55586,0,0,1.346135025891371e-12
55591,0,0,6.452263052252661e-06
55596,0,0,0.0030855199442478697
55614,0,0,0.1425829967769903
55617,0,0,2.934784340642563e-12
55622,0,0,5.546076533419136e-09
55626,0,0,0.19070847938227034
55643,1,1,0.9999993394282356
55644,0,0,0.2852334458393238
55647,0,0,0.07734279778006406
55648,0,0,4.02356291162072e-15
55657,0,0,0.00011543045601284205
55658,0,0,0.002908963314258298
55661,0,0,1.0262753003973018e-12
55666,0,0,2.877152113824404e-14
55669,0,0,0.01787671907273952
55670,0,0,0.048667461355047126
55674,0,0,1.3699934237216324e-11
55677,1,1,1.0
55678,0,0,1.4849335997217766e-09
55684,0,0,0.06703026273085048
55685,0,0,7.933946678170134e-05
55686,0,0,1.200883482987405e-05
55691,0,0,5.292985860831213e-12
55694,0,0,1.9891975358433162e-12
55705,0,0,6.899703502313542e-10
55710,0,0,0.06448159053555752
55711,0,0,9.68366324173212e-06
55712,0,0,0.14983826603579573
55713,0,0,0.02628659354764562
55716,0,0,3.710052178236261e-11
55727,0,0,3.634354419672318e-06
55729,0,0,0.13765066078547106
55730,0,0,6.098296361150426e-12
55738,1,0,0.07607474013759896
55752,0,0,7.950383743019548e-09
55765,0,0,4.526241805868998e-19
55771,0,0,0.023937418554378483
55772,0,0,1.5480702227908578e-10
55776,0,0,1.517474448491517e-08
55778,0,0,5.134908438280505e-06
55780,0,0,6.160351491988388e-08
55781,0,0,2.7294606240617057e-14
55784,0,0,3.2288355986487153e-13
55788,0,0,0.02714412995367381
55793,0,0,0.3200348240647478
55799,0,0,0.003311461862028505
55802,0,0,1.0158537147008457e-11
55805,0,0,1.146148906947217e-15
55806,0,0,5.451612964430836e-05
55807,1,1,1.0
55817,0,0,4.2403940592711264e-14
55819,0,0,0.05389919216313088
55820,0,0,1.817376960121542e-05
55827,0,0,0.10637656251246416
55833,0,0,1.8306489074079336e-10
55841,0,0,0.016204153083286398
55843,0,0,0.0025560044977083573
55849,0,0,8.948960695359786e-14
55853,0,0,9.92983889435478e-07
55855,0,0,0.014418287493103673
55864,0,0,0.056665135780834694
55866,0,0,0.0028509605099507193
55867,0,0,2.1053633297013094e-07
55875,1,0,0.1670319158798172
55876,0,0,9.344065497564751e-08
55885,0,0,1.56038955458024e-11
55910,0,0,0.03825857666635796
55911,0,0,1.895761895781874e-09
55912,0,0,1.354143177541819e-13
55915,0,0,4.89642567581809e-08
55917,0,0,0.06003916280304044
55919,0,0,5.1505152573753466e-05
55932,0,0,9.955982452828367e-07
55933,0,0,5.181918585306243e-13
55934,0,0,0.07857487593210782
55942,0,0,0.001100644487049847
55943,0,0,8.380618611051501e-06
55952,0,0,1.9497667556888319e-10
55955,0,0,1.1605712927054195e-13
55957,0,0,1.4784416496412995e-12
55960,0,0,0.16688037889621812
55963,0,0,3.5361481572335904e-07
55964,0,0,0.005186003623970835
55973,0,0,8.260045943932624e-11
55987,0,0,0.01825529563224223
55988,0,0,9.092885859171303e-07
55989,0,0,7.210240718542701e-08
55990,0,0,6.931862863562286e-10
55992,0,0,0.14036573044110837
55995,0,0,0.05926000920691426
56005,0,0,1.5153824856590798e-12
56008,1,1,0.9999999917255221
56010,0,0,2.7028009081311495e-08
56024,0,0,0.057754803031217904
56041,0,0,2.8822115832919897e-07
56042,0,0,2.0613697884837765e-06
56051,0,0,5.770461040484232e-12
56054,0,0,3.0908135263117354e-11
56072,0,0,3.2610712035824225e-17
56073,0,0,7.27901273097933e-09
56075,0,0,1.0156725942545552e-13
56079,0,0,0.00788632894147584
56081,0,0,0.006489822032125974
56086,0,0,3.772843068372155e-07
56093,0,0,3.3205097854616034e-06
56104,0,0,4.979145056744795e-05
56107,0,0,7.621683230102452e-15
56116,0,0,0.02693602995311608
56118,0,0,1.613278062168118e-05
56122,0,0,0.0016795758187574718
56125,0,0,7.231803306612025e-08
56128,0,0,6.70207249397342e-12
56129,0,0,0.1018796406630694
56132,0,0,0.13386706710456658
56143,0,0,6.138249519961677e-07
56147,0,0,8.479816139950899e-10
56149,0,0,1.1044754458856239e-05
56151,0,0,0.01731911565655458
56152,0,0,0.046970429749993485
56156,0,0,7.744343695182367e-06
56158,0,0,9.181153463787e-05
56162,0,0,1.0773265766555945e-06
56165,0,0,0.0069221730520419985
56182,0,0,0.15073867816816153
56184,0,0,9.735187080078995e-09
56190,1,1,0.9996209970487551
56200,0,0,0.28890235804497305
56205,0,0,7.52131222741901e-14
56206,0,0,1.426315478040122e-06
56208,0,0,2.1350339755712763e-06
56211,1,1,1.0
56215,0,0,9.902718775865736e-06
56216,1,0,0.24288229071049683
56217,0,0,0.06493488126563071
56218,0,0,5.903777449734424e-08
56219,0,0,0.012589663778548522
56222,0,0,0.0042962939854410305
56230,0,0,0.08127923582946575
56235,0,0,0.03206683237154907
56240,0,0,0.19855940379447404
56245,0,0,0.008755269713079017
56250,0,0,1.463260238388479e-13
56252,0,0,0.006871553855747468
56259,0,0,0.16178962035787675
56261,0,0,0.02603661349563371
56263,0,0,0.2232007406488322
56266,0,0,0.0030878838214934757
56268,0,0,4.073092182144113e-12
56270,0,0,3.0619758231635166e-05
56272,0,0,0.014355219593865987
56277,0,0,1.5563399508459012e-16
56280,0,0,2.2203383134976956e-07
56282,1,0,0.08121525171234904
56286,0,0,0.07024235627835108
56293,0,0,0.008762024516148988
56294,0,0,9.903545592181684e-09
56310,0,0,1.1435689083567807e-16
56315,0,0,4.124743457763606e-09
56344,0,0,1.413580988121901e-08
56347,0,0,1.908365363469633e-08
56349,1,1,1.0
56357,0,0,6.465048333065194e-08
56366,0,0,0.012809302219559792
56378,0,0,6.168994650479445e-13
56383,1,1,0.9460836702305971
56394,0,0,6.931546918713935e-11
56399,0,0,2.939988775233532e-11
56401,0,0,0.03644547388570241
56405,0,0,1.3042309979762185e-13
56409,0,0,9.452244612725841e-05
56416,0,0,2.426774035532171e-13
56423,0,0,0.18423941371594818
56426,0,0,0.3284131114780654
56429,0,0,4.609740480968278e-09
56430,0,0,5.444940108092354e-09
56433,0,0,8.184841478334293e-06
56450,0,0,0.008563603926212375
56456,0,0,2.985426628688184e-08
56461,0,0,0.0013256608429541492
56468,0,0,2.6564453482519766e-15
56470,0,0,4.241987235015032e-10
56479,0,0,3.995278396558969e-07
56482,0,0,1.7317454698760344e-08
56484,0,0,0.0008538536762318469
56486,0,0,5.429989150579249e-06
56493,0,0,5.098155089141478e-06
56496,0,0,2.5076238804089336e-07
56500,0,0,8.28035222520626e-10
56509,0,0,9.67789401810376e-06
56510,1,0,0.22688917473596731
56517,0,0,0.11708724909829953
56520,0,0,0.001163870577221914
56523,1,1,0.9538841456088197
56524,0,0,0.13328041687425024
56525,0,0,0.045869885985598956
56529,0,0,5.453916448465236e-12
56531,0,0,0.01954791591480661
56533,1,1,0.9458525812805075
56534,0,0,0.0042332967880383526
56546,0,0,1.0230223093274288e-09
56548,0,0,8.093406608353794e-10
56553,0,0,2.017007898947231e-10
56569,0,0,1.2315252787403235e-05
56580,0,0,0.04607241121759392
56583,0,0,0.003926250409975547
56585,0,0,4.089943115066539e-08
56586,0,0,6.24390953063232e-08
56588,0,0,2.047453099371272e-12
56589,0,0,0.016785822023887963
56592,0,0,4.5409983952606206e-05
56595,0,0,0.0024987314327865884
56596,1,0,0.13146627443289396
56608,0,0,0.1402840465473415
56610,0,0,0.003227141893079492
56613,0,0,1.4409748466141733e-05
56622,0,0,0.01590472565356647
56630,0,0,8.789205449828027e-16
56634,0,0,0.06914690043733737
56642,0,0,0.00011797217479911293
56645,0,0,0.006485718228420669
56652,0,0,1.5272295881505285e-06
56655,0,0,0.005898608692123603
56662,1,1,1.0
56665,0,0,0.004324871639039257
56668,0,0,0.0033607360742144952
56678,1,1,0.9999999999991946
56679,0,0,0.013808828715666665
56688,0,0,1.0067773586982151e-08
56689,0,0,4.4541395852547706e-13
56692,0,0,4.223143498690166e-09
56703,0,0,0.145008576620283
56707,0,0,4.114632444553783e-08
56708,0,0,2.5384857856542622e-08
56709,0,0,1.306642921412978e-12
56715,0,0,1.4826816492418256e-06
56724,0,0,0.0032130118586420875
56730,1,0,0.26417244778466714
56731,0,0,0.3599144641577093
56733,0,0,0.03689992414092662
56736,0,0,1.0943335397091182e-16
56737,0,0,3.290498122835405e-05
56739,0,0,9.364670118021632e-12
56741,0,0,3.2107546088703926e-10
56746,0,0,2.645500326628187e-06
56748,0,0,3.0523201398964753e-12
56749,0,0,0.06951012779484848
56750,0,0,0.0061575624135771275
56759,0,0,0.011679991702311524
56766,0,0,4.241479961744925e-08
56767,0,0,6.275402432570895e-09
56771,0,0,0.018116839923764123
56774,0,0,0.03856793918554022
56784,1,1,0.9735081501045478
56791,0,0,7.532577144678645e-08
56794,1,1,0.999999999999682
56796,0,0,4.141270245994645e-07
56798,0,0,1.308742954579545e-08
56799,0,0,3.480018117755455e-08
56801,0,0,0.09680066180260587
56808,0,0,7.374754660472958e-08
56814,0,0,0.004333830383739923
56826,0,0,0.03523633625217155
56828,0,0,1.0749229926836434e-12
56830,0,0,2.604520909178718e-06
56831,0,0,2.4826222152772045e-08
56834,0,0,6.894365312739922e-08
56841,0,0,0.06306840405271784
56842,0,0,0.17473212590759207
56846,0,0,0.0020767269199769445
56853,0,0,0.002456053910076935
56856,0,0,4.417900870943134e-08
56858,0,0,2.8764747806956774e-09
56861,0,0,0.18736527167881808
56868,0,0,1.087281938273704e-07
56869,0,0,0.015231242999931113
56871,0,0,5.538251054359014e-14
56876,0,0,0.033299265978738016
56880,0,0,0.006789884520554418
56889,0,0,2.565522361073651e-07
56894,0,0,3.928369051422559e-06
56895,0,0,1.174429645579435e-08
56901,0,0,4.692691716421601e-15
56905,0,0,1.900866850096069e-12
56907,0,0,0.3191156891969504
56910,0,0,5.960761524398883e-05
56915,0,0,2.8833988958112446e-10
56929,0,0,0.03617031811717162
56936,0,0,0.0002954478071649659
56941,0,0,8.241435651670911e-11
56947,0,0,2.2582068259243725e-06
56952,1,1,0.9999999999999993
56953,0,0,1.8058223033265654e-08
56955,0,0,0.06699339145036236
56956,0,0,0.22187296676768856
56958,0,0,4.934721542940524e-07
56961,0,0,0.0005548683965688246
56963,0,0,1.0065687634134826e-07
56965,0,0,1.3998566185620705e-10
56968,0,0,0.009042715397016756
56973,0,0,3.403422954674911e-17
56975,0,0,7.09234891830781e-06
56976,0,0,1.246127457611206e-13
56980,0,0,0.040217503032095855
56981,0,0,2.7004342080762626e-06
56991,1,1,0.9995350873161004
57004,0,0,7.076214069010657e-16
57012,0,0,0.34968892659369544
57025,0,0,0.24278571715439348
57028,0,0,1.3117454994026068e-05
57035,0,0,0.34785490298566424
57054,0,0,1.4505728706476223e-05
57057,0,0,2.682755289105387e-15
57058,0,0,0.005076246513408838
57061,0,0,5.963444402712917e-09
57063,0,0,5.147664557393991e-08
57064,0,0,5.012683027021752e-05
57068,0,0,1.128173774452118e-16
57076,0,0,0.11755873298956296
57080,0,0,0.002640200620875271
57088,0,0,4.937393956587385e-09
57091,0,0,1.0909062819088675e-10
57095,1,0,0.20653271709654258
57100,0,0,8.459801486875747e-06
57110,0,0,1.1046953486762976e-08
57121,0,0,0.19836270034989203
57123,0,0,1.662917798987175e-11
57129,0,0,1.8457426509205562e-14
57132,0,0,1.324283072019842e-06
57141,0,0,1.1576410538212883e-07
57142,0,0,7.040025549412631e-07
57154,0,0,0.006649626567087619
57162,0,0,5.081152881702397e-08
57170,0,0,5.265193850732551e-06
57174,0,0,2.8006985786918744e-10
57176,0,0,0.005259531037048332
57180,0,0,0.21926933331769724
57181,0,0,1.3886782377913359e-12
57182,0,0,1.238387091293958e-05
57186,0,0,0.025687072390332535
57192,0,0,0.005538448381481683
57198,0,0,1.1746000145693714e-09
57206,0,0,2.4533630117048563e-05
57209,0,0,0.00026021276959769726
57214,0,0,0.10097338855977245
57215,0,0,0.1255185036873734
57222,0,0,0.05267800794117983
57223,0,0,1.2294192731697114e-12
57226,0,0,8.479240909320618e-08
57227,0,0,0.01723991288113612
57230,0,0,1.691508639008678e-08
57233,0,0,0.13282866257564885
57241,0,0,0.11030851374471333
57249,0,0,1.361156001396309e-07
57251,0,0,0.031443418837356185
57255,0,0,0.21501617346056429
57259,0,0,6.006901358312071e-08
57266,0,0,0.020451308657953863
57270,0,0,2.8418117506637125e-07
57273,0,0,2.08490411544042e-12
57278,0,0,1.524509287806895e-08
57281,0,0,0.005491022020442281
57283,0,0,0.17236348107427635
57285,0,0,0.00538850567939797
57286,1,1,1.0
57293,0,0,5.43589119326949e-06
57297,0,0,2.0630825668685728e-08
57306,0,0,7.422005026695676e-15
57310,0,0,1.1827498379078325e-09
57311,0,0,9.002030632398112e-11
57313,0,0,3.5276437748331953e-10
57316,0,0,4.846860894509472e-10
57323,0,0,0.13185911095149863
57324,0,0,1.0421588883484716e-10
57326,0,0,8.007270573637142e-05
57328,0,0,3.2072692546739712e-06
57332,0,0,3.9257036893538207e-10
57333,0,0,6.705879701290727e-08
57337,0,0,9.613770372528498e-08
57342,0,0,9.809645664858531e-09
57374,0,0,9.148949496971304e-12
57378,0,0,2.619599710426101e-06
57389,0,0,0.006663749073786425
57390,0,0,0.0076329757167115635
57398,0,0,0.055823457676066356
57406,0,0,0.06770911554568258
57409,0,0,1.562902155121463e-11
57410,0,0,2.2099476681324034e-06
57413,0,0,9.548533196107355e-08
57425,1,1,0.9999999999999984
57431,0,0,0.005420718815769915
57434,0,0,0.00024123830846794483
57435,1,1,0.9999999827012837
57440,0,0,3.89454324856509e-12
57443,1,1,0.9999999999768197
57447,0,0,8.947549132259227e-12
57450,0,0,4.530943468697181e-11
57452,0,0,3.730584250749808e-05
57463,0,0,2.8854299488456747e-08
57468,0,0,4.54689369726752e-12
57485,0,0,4.141538338996719e-06
57488,1,1,0.9999999898781654
57501,0,0,3.7773362739582444e-08
57502,0,0,5.301089015425637e-12
57520,0,0,0.018594283750583803
57530,0,0,0.02382679694613474
57531,1,0,0.45662966995263854
57533,0,0,2.8013214172610136e-07
57535,0,0,1.3418362326404984e-11
57558,0,0,6.360838222948578e-06
57568,0,0,0.25095983344780626
57570,0,0,1.693657272235793e-08
57588,0,0,0.004312783713111491
57600,0,0,0.24240916701712154
57603,0,0,4.841888523975929e-06
57609,0,0,3.020075852002962e-08
57616,0,0,0.0058365881164662205
57618,1,1,0.917700806168096
57625,0,0,0.002160146846448691
57629,0,0,0.1463509542764537
57631,0,0,7.711857969436589e-09
57632,0,0,0.00010454678952656785
57638,0,0,3.778120085380236e-11
57642,0,0,3.3287426677113986e-14
57644,0,0,0.0533885662706585
57650,0,0,9.26757765183609e-06
57651,0,0,0.008673027205901051
57655,0,0,3.610967872565853e-20
57659,0,0,0.012853645203782165
57683,0,0,2.784364673223395e-06
57684,0,0,2.3719402871354907e-12
57686,1,0,0.09016982659801183
57688,0,0,0.00830900325915491
57692,0,0,0.003956928012024674
57698,0,0,0.20437555369509325
57699,0,0,2.303778077641985e-05
57703,0,0,5.595783645424385e-06
57704,0,0,1.7759245016245814e-06
57721,0,0,0.0002282997054607691
57735,1,1,0.5232599994476994
57736,0,0,0.001442079239508095
57746,0,0,0.24369824833129927
57748,0,0,0.02806343922397618
57750,0,0,5.077422314439992e-09
57753,0,0,4.902778480428564e-12
57756,0,0,6.372901114392988e-07
57766,0,0,1.6568155219695766e-08
57771,1,0,0.08379092287100436
57773,0,0,3.34467138051357e-07
57776,0,0,2.063851405672624e-10
57777,0,0,0.012290273816004945
57778,1,1,0.9881673161300346
57780,0,0,3.5233896581746085e-15
57790,0,0,7.427102255992239e-08
57794,0,0,0.12231958989088665
57801,0,0,0.1069203357176721
57804,0,0,0.006748972353615649
57811,0,0,4.129645450435071e-08
57813,0,0,4.048689710426383e-08
57816,0,0,0.007170311529204154
57824,0,0,0.17147091638397702
57832,0,0,0.30167758847144993
57833,0,0,0.07622805584582126
57845,0,0,3.444159035796663e-08
57852,0,0,0.0033392463906523275
57853,0,0,2.951959658829704e-06
57854,0,0,0.013841011200632644
57859,0,0,5.5546735488839026e-12
57866,0,0,0.13089216014976907
57877,0,0,0.04193235275040755
57883,0,0,7.687472419226144e-06
57890,0,0,8.140279709757762e-07
57895,0,0,3.749541260488752e-07
57899,0,0,7.351684258474864e-11
57900,0,0,0.14115390942074058
57907,0,0,0.0016021377945300305
57911,1,1,0.9952050288388975
57913,0,0,3.919961780616436e-06
57919,0,0,0.0512875982244907
57929,0,0,2.5202760821103146e-11
57933,0,0,0.056047941784458266
57936,0,0,0.025360761985484783
57942,0,0,3.222836035162001e-08
57946,1,0,0.3675863414754232
57954,0,0,0.00847412721054793
57955,1,0,0.2777592771947024
57958,0,0,0.003009354063845417
57974,0,0,0.3085677346838812
57976,1,0,0.07462039635469286
57984,0,0,0.1329577511354334
57988,0,0,0.16348673258916455
57990,0,0,1.6208966172880155e-06
57993,1,1,0.9999999999999645
58000,0,0,0.07432644375134291
58002,0,0,0.02046181321795257
58005,0,0,1.0173014510095027e-13
58006,0,0,2.8602538767421744e-07
58007,0,0,0.018293863677421085
58015,0,0,1.1271605339952932e-06
58018,1,0,0.4237297896815801
58024,1,1,1.0
58025,0,0,8.873762901327047e-15
58026,0,0,0.0684938377187397
58030,0,0,1.2764585465362626e-13
58040,0,0,0.0092674262602899
58043,0,0,4.517013694055237e-06
58046,0,0,5.495990451741958e-08
58050,0,0,0.16027071684618277
58054,1,0,0.01205556405598044
58056,0,0,0.00013308845130394003
58057,0,0,1.3159290833925824e-05
58078,0,0,5.083460618739935e-08
58079,1,1,1.0
58082,0,0,2.4348811755470863e-10
58091,0,0,3.367515975627719e-16
58096,0,0,0.007843815918890908
58098,1,0,0.30167683855068894
58099,1,0,0.05885376181507382
58103,0,0,0.024816935981115118
58108,0,0,0.01903896655744957
58110,0,0,2.1758410592306422e-14
58113,0,0,3.4765519297526786e-12
58120,0,0,0.1606840770094755
58121,0,0,0.004705807169015452
58124,0,0,0.005465382957777878
58140,0,0,0.07379447292507776
58143,0,0,1.1387701624886587e-05
58154,0,0,2.6136957161980932e-06
58158,0,0,6.51987255899815e-05
58160,0,0,0.04141366064452924
58176,0,0,0.11248502781509442
58188,0,0,4.961039565820733e-18
58192,0,0,1.446021781677542e-12
58195,1,1,0.9999999864397475
58204,0,0,0.11501833439150555
58206,0,0,0.007278494143464875
58207,1,1,0.9999999872843567
58210,0,0,3.0299135936189265e-07
58214,0,0,0.006857912749187029
58222,0,0,0.12404559721096106
58228,0,0,0.003554928088594556
58238,0,0,4.055854226243628e-13
58243,0,0,9.29766799611207e-15
58245,0,0,0.159892556913478
58247,1,1,0.999999999998419
58258,0,0,2.581197241689092e-12
58275,0,0,0.01844658300439069
58278,0,0,0.051352836580150815
58289,1,1,1.0
58290,0,0,0.024890922887787804
58298,0,0,0.022322236556368225
58300,0,0,0.0007346110212572105
58303,0,0,4.72784585426127e-12
58306,0,0,0.005752985939941979
58307,0,0,1.1182255374308547e-12
58309,0,0,0.008086265646360715
58310,0,0,8.751882146762873e-05
58318,1,1,0.9671846369041512
58324,0,0,0.022806270953918715
58329,0,0,4.1535835017493867e-13
58341,0,0,0.3285763469610208
58348,0,0,0.009216702220096936
58349,0,0,0.0033330348395798123
58350,0,0,1.3441471851219665e-10
58354,0,0,1.14117829473819e-05
58355,0,0,0.2705605789035625
58359,0,0,5.0721719823046836e-05
58365,0,0,0.06629535721476487
58370,0,0,2.1118042454902655e-06
58371,0,0,0.05953830174070984
58377,0,0,2.798716631577838e-07
58387,0,0,9.188248563981142e-06
58389,0,0,2.1614827392219583e-18
58390,0,0,0.00010155935792959426
58397,0,0,1.5040299953384657e-06
58408,0,0,0.004306194588722374
58417,0,0,1.5032817102107962e-06
58428,0,0,8.647325305453248e-08
58432,0,0,0.0033174489748436994
58433,1,1,0.9999999999973064
58434,0,0,0.02953634822217889
58436,0,0,7.615050111858052e-05
58442,0,0,0.2183882261024341
58449,0,0,5.266409581672344e-10
58458,1,1,1.0
58468,0,0,5.074964661393336e-07
58494,0,0,4.449016988419662e-06
58506,0,0,0.000595974019855826
58508,0,0,1.1892368660699061e-06
58514,0,0,9.372973886135717e-09
58518,0,0,5.058295886979035e-08
58528,0,0,0.07193084008613176
58529,0,0,2.1402189339517914e-07
58535,0,0,1.560504533638993e-07
58545,0,0,0.009419663118176073
58546,0,0,1.7740057272002774e-12
58552,0,0,2.3528909962878357e-10
58558,1,1,0.9994702086485966
58560,0,0,5.172543215633438e-14
58561,0,0,2.849994753424761e-05
58563,0,0,0.014470964118628832
58569,0,0,0.19374137463137767
58572,0,0,0.026130414783807
58573,0,0,1.5965780383742984e-08
58586,0,0,5.446024098665585e-07
58588,0,0,1.2903801930803352e-17
58589,0,0,5.466554045726459e-07
58591,0,0,1.755877516199884e-17
58594,0,0,0.04177096830143535
58597,0,0,0.01557244523019376
58598,0,0,0.03174474604366262
58603,0,0,0.22372837526692177
58609,0,0,3.8131159334543265e-05
58612,0,0,8.4807525791947e-10
58615,0,0,0.11216938729441352
58623,0,0,0.04881525751840636
58625,0,0,7.33213548206202e-05
58626,0,0,7.388791533503197e-14
58630,0,0,0.03461262103701872
58632,0,0,7.76120264512414e-14
58633,0,0,0.10931809707012215
58649,0,0,0.003729190756288991
58650,0,0,0.04268838483732279
58653,0,0,0.00012248509167596934
58655,0,0,7.878742819247558e-12
58657,0,0,7.398550156653173e-07
58658,0,0,0.004897152191350753
58665,0,0,0.00289436704751809
58668,0,0,5.136742264403681e-05
58671,0,0,2.872993033637885e-05
58674,0,0,2.0413354832605516e-12
58695,0,0,3.050121677321777e-05
58696,1,1,1.0
58699,0,0,1.0222800586450838e-13
58702,0,0,0.06993828323541659
58709,0,0,0.31515836719070855
58710,0,0,0.007461061870078573
58712,0,0,0.19003605752217856
58713,0,0,1.003819825211451e-11
58721,0,0,3.130843799934548e-08
58728,0,0,0.054474797373152486
58729,0,0,1.3320181281999499e-08
58731,0,0,0.02831255788509736
58733,0,0,0.00645223482149808
58737,0,0,5.938892395452397e-16
58746,0,0,0.16179768930963892
58749,0,0,1.8293462541898357e-05
58750,0,0,5.886034854487885e-09
58753,0,0,0.10501968624459258
58757,0,0,0.10146208216128652
58766,0,0,3.105005984992946e-11
58773,0,0,0.006947131705573942
58785,0,0,3.957943258743584e-07
58792,0,0,3.871130400667036e-05
58797,0,0,6.897418060706481e-12
58807,0,0,4.894398602256107e-13
58813,0,0,2.4388204210822334e-14
58814,0,0,4.1709682145806485e-09
58815,0,0,0.03283154466583917
58816,0,0,0.010857944855599934
58817,0,0,1.6698895045941984e-08
58818,0,0,0.00026571000474309654
58822,0,0,0.0022026177540493117
58827,1,1,0.8601475686415005
58830,0,0,0.008260005113889956
58832,0,0,8.858692821112183e-16
58835,0,0,4.716106180393043e-08
58837,0,0,8.140811781123114e-09
58846,0,0,2.1271158109516313e-11
58866,0,0,0.20922137208217392
58882,0,0,0.011595019169886348
58886,0,0,4.293414711910267e-13
58888,0,0,0.023558969428251086
58889,1,1,0.9293433450065955
58904,0,0,1.1004364659454048e-05
58908,0,0,1.960003099944684e-05
58909,0,0,3.898892128757828e-07
58930,0,0,0.008905219272002303
58935,0,0,0.11427164575631912
58948,0,0,0.04679752660085551
58952,0,0,0.0010383142503959555
58957,1,1,0.9999999967040691
58959,0,0,0.00038269672934138164
58987,0,0,0.00896750292332595
58998,0,0,0.007671140920192188
59003,0,0,3.1036039214807744e-05
59009,0,0,1.9266463117051047e-09
59011,0,0,1.2641927181727839e-06
59013,0,0,1.1784424582940236e-10
59017,0,0,0.059359958757815155
59027,0,0,1.2462102612057487e-12
59028,0,0,0.05161942671285301
59050,0,0,0.2322964679895048
59051,0,0,7.543946100011937e-14
59063,0,0,1.1141665637364358e-12
59064,1,1,0.9910853273406481
59077,0,0,2.7627787520541264e-07
59078,0,0,1.0530765927804191e-07
59111,0,0,2.4693170836870965e-05
59113,1,0,0.18022079619998502
59116,0,0,0.0026948831382133855
59124,0,0,7.957087028941345e-06
59140,0,0,1.953292054215459e-11
59149,0,0,0.007703824561053981
59158,0,0,1.8880953847874697e-08
59166,0,0,4.7476140337505617e-17
59176,0,0,0.00122131196926188
59179,0,0,1.1661763594213696e-11
59189,0,0,0.0001846999470669193
59190,0,0,0.018469718070365168
59195,0,0,1.212500137972197e-06
59199,0,0,3.87763093487248e-12
59207,0,0,0.008652176726164222
59209,0,0,4.6852824776473403e-07
59216,0,0,0.0746490374772515
59219,0,0,9.04457681440937e-10
59232,0,0,0.038981589892949586
59241,0,0,0.03341685341426009
59256,0,0,3.758024097515403e-11
59264,0,0,0.02875383588533959
59267,0,0,0.025091323938779525
59270,0,0,0.2878236168092338
59277,0,0,0.0006109026415256443
59278,1,1,0.9999999999999998
59285,0,0,0.021303544950259164
59291,0,0,0.1582912823065851
59292,0,0,1.4081273609547683e-08
59295,0,0,3.464895042801314e-05
59308,0,0,1.3140515103514725e-10
59316,0,0,0.03212639159094434
59326,1,1,0.9992737722987178
59332,0,0,0.002263483479484077
59333,0,0,2.3555123193550312e-08
59335,0,0,5.301688475173481e-05
59337,0,0,3.2569298359652947e-11
59341,0,0,3.461805394657136e-05
59342,0,0,4.013104973847645e-08
59358,0,0,2.9289675467020978e-08
59359,1,1,1.0
59360,0,0,4.7691629682120535e-16
59361,0,0,8.900097645726797e-09
59362,0,0,4.121258345794553e-08
59363,0,0,0.00010095949580773124
59366,0,0,8.241833895380937e-07
59369,0,0,0.006457982797664096
59379,0,0,0.06316452030282362
59381,0,0,0.06883013521485754
59402,0,0,2.5291006064689183e-07
59403,0,0,4.189384618260971e-09
59407,1,1,0.999999999999226
59427,0,0,2.7539125061210037e-10
59443,1,1,0.9999999988207611
59446,0,0,2.8924310530298946e-19
59451,1,0,0.12780603029341742
59454,0,0,7.604290933943017e-09
59459,0,0,4.333962280815616e-06
59463,0,0,1.4093724333797584e-10
59466,1,0,0.12221528533336477
59467,1,1,0.999999993504022
59473,0,0,0.1071003703604562
59477,0,0,0.0019455103217154387
59481,0,0,1.3351433939662502e-06
59516,0,0,0.024758798689363058
59522,0,0,0.004968193401853401
59527,0,0,0.007491003121954682
59546,0,0,4.469727245060955e-10
59547,1,1,0.9999999962018742
59548,0,0,4.13673175269248e-10
59552,0,0,0.0012543014891164847
59554,0,0,1.922603210883621e-08
59560,0,0,5.058576552243369e-10
59567,0,0,2.484026857629156e-10
59576,0,0,0.23065370793355164
59581,0,0,1.5512469068618312e-13
59584,0,0,0.011778403705827934
59594,0,0,1.9904914134930197e-10
59597,0,0,0.043143713826991115
59599,1,1,1.0
59600,1,0,0.20066012940738426
59603,0,0,1.2781271731961208e-13
59606,0,0,0.054134492019907325
59610,0,0,1.4177512454406785e-06
59613,0,0,3.6454748203195905e-09
59614,0,0,1.9493740949348253e-08
59618,0,0,7.456621568118574e-09
59619,0,0,1.8179652249725258e-07
59620,0,0,1.0197134379151401e-13
59627,0,0,0.003682996489439208
59631,1,1,1.0
59633,0,0,0.0015044703207002786
59634,0,0,3.915676115510821e-07
59635,0,0,2.0762759098629243e-13
59636,0,0,0.018660841297590547
59637,0,0,2.7565012413135765e-11
59641,0,0,0.00565492712133954
59655,1,1,1.0
59657,0,0,0.23852245742447847
59662,0,0,0.0033946059812098505
59664,0,0,2.889110963207874e-13
59674,0,0,0.006258422958820393
59690,0,0,6.822182882995691e-08
59694,0,0,4.0134161175879486e-10
59697,0,0,1.5464934000241168e-12
59698,0,0,2.3178906963320695e-12
59702,0,0,0.11683698613823341
59714,0,0,4.2283330550187495e-10
59715,0,0,0.01815387228394519
59723,1,0,0.01397947819754812
59733,0,0,2.846150852255255e-12
59742,1,0,0.031001754131025315
59747,0,0,4.815812650519818e-06
59752,0,0,0.0003120438146898721
59757,1,1,0.9999999977944323
59782,0,0,3.190150441877155e-08
59783,0,0,7.288157201865301e-11
59789,0,0,3.000197162801032e-18
59803,0,0,1.6041863275933083e-09
59811,1,1,0.9958747578379179
59814,1,1,0.999994164401461
59816,0,0,0.25050108278841643
59818,0,0,8.706457178982612e-16
59820,0,0,0.46218374945874774
59822,0,0,0.13461977740641332
59826,1,0,0.31102625181337273
59857,0,0,0.0001459470811884805
59859,1,1,1.0
59868,0,0,0.141996455072413
59872,0,0,0.005470575766416842
59877,0,0,2.7189590941963487e-07
59879,1,0,0.31226788346227946
59880,0,0,1.4255349813000148e-09
59892,0,0,0.040142912886701666
59897,0,0,2.595491773424109e-06
59901,0,0,3.766352906851404e-11
59902,0,0,0.11428875908768156
59910,0,0,0.0006024678764914465
59918,0,0,1.12084145522107e-09
59921,0,0,1.2565356647828283e-08
59923,1,1,0.9774175561409538
59931,0,0,0.0020188180057438606
59934,0,0,8.339184463824518e-06
59938,1,1,0.9999999843253844
59943,0,0,0.07354928820151317
59952,0,0,0.00013986889980897898
59968,0,0,0.039461764743772006
59974,1,1,1.0
59977,0,0,5.166470200458619e-13
59987,0,0,0.01729729876816963
59989,0,0,0.08294055010265956
59991,0,0,5.651898390052636e-07
60006,0,0,0.054939662674897825
60008,1,0,0.03817735439127053
60011,0,0,0.0019022419252797955
60013,0,0,7.463248280324284e-15
60015,0,0,3.400254232813284e-08
60038,0,0,3.939440097852427e-08
60039,0,0,0.1008431914194863
60050,0,0,1.9100204789229924e-11
60052,0,0,7.03299779842847e-08
60053,0,0,0.35834449678331065
60059,0,0,2.7398708619018455e-13
60065,0,0,0.47290890290399024
60072,0,0,0.010707222782332895
60077,0,0,0.0035535364954075647
60083,0,0,0.007282288963891427
60088,0,0,1.157432208856689e-05
60106,1,0,0.29774680377697654
60107,0,0,1.714303718111889e-12
60109,0,0,0.09961258156000773
60110,0,0,2.16129257054091e-08
60117,0,0,0.1559972440430607
60144,0,0,3.505842460771557e-05
60145,0,0,1.720653297713732e-13
60147,0,0,5.769259740958365e-13
60154,0,0,0.000369171261043144
60156,0,0,0.20369734249418206
60163,0,0,0.10121793066028612
60167,1,1,0.9999858226339042
60168,0,0,5.0874080412819806e-08
60178,0,0,0.0014195208707949909
60179,0,0,0.12826284021617348
60207,0,0,1.2733135880663091e-11
60216,0,0,5.571862529768518e-09
60230,1,1,0.9999999999970159
60232,1,1,1.0
60234,0,0,0.0007814954417057694
60236,0,0,0.06189678770881832
60239,0,0,0.0011068495796960538
60240,0,0,0.00035287595074995576
60246,0,0,0.0007442125462844154
60255,0,0,0.004775685518836472
60257,0,0,0.0320739223415539
60267,0,0,0.0526694668449121
60270,0,0,1.1511291814384443e-15
60275,0,0,0.009095806908685186
60278,0,0,4.2606275081413905e-15
60279,1,1,0.9988798248903196
60280,0,0,0.006640899749269844
60300,0,0,0.0016281307837808735
60310,0,0,6.265617706395013e-10
60321,0,0,0.1664649799892901
60324,0,0,0.017937190410065473
60340,0,0,3.4479547244096e-07
60349,0,0,0.020492809954394436
60352,0,0,7.100583692927576e-10
60358,0,0,0.004439166871798569
60362,0,0,5.877537729933203e-06
60366,0,0,0.016970051721109235
60368,0,0,0.07893332104864692
60370,1,0,0.12896336009603807
60374,0,0,9.803076506950572e-17
60385,0,0,0.06536851408193578
60392,1,1,0.9999999999998219
60403,0,0,2.4577640333659267e-11
60407,0,0,6.439538140217897e-07
60417,0,0,0.004160419357795726
60421,0,0,2.6549640565421555e-08
60426,0,0,4.612845973722818e-05
60432,1,0,0.004584682577026719
60434,0,0,2.103229225250685e-09
60449,0,0,6.439397450374508e-05
60488,0,0,0.1045452258724306
60489,0,0,1.9022263718621603e-13
60493,1,1,1.0
60494,0,0,1.251399415079772e-07
60497,0,0,0.04437361612419239
60521,0,0,0.016718258482399537
60526,0,0,1.9452546659832683e-17
60530,0,0,1.5717859188343833e-16
60541,0,0,4.194797700984515e-06
60548,1,1,0.9999999987253947
60549,1,1,1.0
60550,0,0,0.01302091578271656
60560,1,1,1.0
60561,0,0,8.508933392691104e-06
60566,0,0,0.008778210092278577
60568,1,1,0.999999999999982
60570,0,0,4.800452453146597e-07
60575,0,0,3.573025939838931e-14
60577,0,0,2.581194906265694e-11
60582,0,0,3.685232929505073e-13
60588,0,0,5.714453398605593e-07
60602,0,0,1.2890923824486816e-06
60605,0,0,0.37975374849425614
60620,1,0,0.23669027567442866
60632,0,0,0.04254425810960785
60634,0,0,9.232854604238605e-09
60640,0,0,5.410976223419166e-09
60649,0,0,1.7821514850174914e-06
60652,1,1,0.9999999999999996
60656,0,0,1.785095987724698e-11
60674,0,0,3.3159745741786625e-06
60685,0,0,0.10338408568793908
60686,0,0,0.0004971248395991846
60688,0,0,3.514288640604458e-13
60692,0,0,0.04941296450027524
60708,1,1,0.999999998981685
60709,1,1,0.9999999999993225
60711,0,0,3.4561255252113143e-11
60713,0,0,4.0834450761159905e-10
60718,0,0,6.8683050479209025e-09
60722,0,0,0.11644730397247524
60728,0,0,0.0035338651105936356
60732,0,0,4.762226322277062e-13
60733,1,0,0.1342275232064603
60735,0,0,1.3524334517079907e-06
60753,0,0,5.12414337965915e-12
60756,0,0,0.027623564689479803
60758,1,1,1.0
60762,0,0,7.420692625254031e-13
60777,0,0,0.06314322483811066
60789,0,0,0.00666213964139229
60815,0,0,0.24375095057281215
60818,0,0,2.322432082707494e-06
60819,0,0,6.789214018023833e-07
60827,0,0,0.15439554985410425
60829,0,0,0.0012927136548954693
60833,0,0,0.17600650673950968
60842,0,0,9.814663011206311e-15
60846,1,1,0.9999874497726113
60848,0,0,0.0018999085279758766
60866,0,0,6.150338172772349e-11
60875,0,0,1.42259635133439e-11
60882,1,1,1.0
60887,0,0,1.7610552712743667e-10
60888,0,0,6.012493156683077e-05
60890,0,0,6.377161158505796e-10
60904,0,0,8.146279037703338e-06
60906,0,0,0.00621345900380426
60911,0,0,0.05139300159807661
60912,0,0,0.011873151891933442
60924,0,0,0.004953042444139455
60935,0,0,7.320389920766231e-14
60937,0,0,0.00363983163063159
60946,0,0,1.1188464442169084e-09
60960,0,0,3.65157776451274e-14
60961,0,0,3.156538649217738e-08
60965,0,0,4.47858003224715e-08
60973,0,0,1.0750216881275623e-06
60979,0,0,2.7827288313873674e-06
60984,0,0,0.01086531503006998
60997,0,0,0.03711858938912747
61003,0,0,8.10638569449849e-10
61010,0,0,0.03308182247162482
61017,0,0,0.27342695769717573
61021,0,0,1.1198461452191534e-11
61022,0,0,0.005764277898399725
61025,0,0,1.3469475651666101e-06
61027,0,0,0.009982305789449834
61034,0,0,1.753905364830538e-06
61037,0,0,1.0668067504788865e-08
61039,0,0,2.4904748391137294e-06
61043,0,0,2.476370179097588e-10
61044,0,1,0.543619739571453
61050,0,0,5.3786611151785884e-08
61060,0,0,0.04054765781448921
61062,0,0,0.1354743820583959
61063,0,0,0.019346509199503086
61066,0,0,5.693675207977189e-12
61071,0,0,7.43445078791622e-11
61080,0,0,2.6730204581729712e-08
61081,0,0,0.0470744139732864
61088,0,0,9.130629982371258e-16
61098,0,0,1.830755498087197e-08
61104,0,0,1.1860003607723603e-08
61105,1,1,0.9999999999998213
61113,0,0,2.870127600263418e-12
61123,0,0,4.9528451670776945e-12
61135,0,0,9.576434528379552e-18
61138,0,0,2.762105783734158e-08
61140,0,0,8.879776316540613e-08
61144,1,1,0.9999999999999998
61147,0,0,0.006772921346807516
61148,0,0,0.16216737902722797
61150,1,0,0.15857792789592956
61153,0,0,0.0023206945690696533
61155,0,0,0.008565709060238687
61156,0,0,6.861806199234737e-06
61164,0,0,3.6354886942238094e-11
61167,0,0,0.051773455391626075
61170,0,0,1.5485805586411118e-05
61174,0,0,0.024497584071897734
61175,0,0,0.0074787040968608085
61178,0,0,1.1764662886113904e-17
61179,0,0,0.00492629819842265
61189,0,0,2.586517963305404e-07
61196,0,0,0.1449638503973653
61203,0,0,0.09231666771626752
61206,0,0,5.230703078310212e-12
61226,0,0,5.3156973534942553e-11
61229,0,0,3.1960470035998893e-16
61230,0,0,3.2110544747573404e-13
61234,1,1,0.9999999999999496
61235,0,0,0.1260738543849696
61239,0,0,1.3453248136954789e-05
61248,0,0,0.015782289408610282
61249,0,0,0.03354201603577496
61250,0,0,0.007873999437039501
61261,0,0,0.1305299927457383
61267,0,0,2.897450168814458e-12
61284,0,0,0.01873701304673873
61288,0,0,0.006408278635290463
61290,0,0,3.4984732336655276e-08
61311,0,0,8.016413479135662e-16
61318,0,0,5.132260447687776e-11
61319,0,0,0.02378557885196474
61321,0,0,2.5412780988774654e-12
61326,1,0,0.16200085473695924
61331,1,0,0.08077978384596289
61333,0,0,0.00013589306441208856
61335,0,0,9.50784157969423e-08
61342,0,0,2.9577184193533352e-06
61343,0,0,2.11032671667992e-07
61351,0,0,0.031001754131025315
61352,1,1,0.9999999993443864
61370,0,0,1.7765729916492583e-15
61378,0,0,0.07130409678743445
61387,0,0,2.1335784492543928e-13
61390,0,0,1.1631641983870395e-07
61405,0,0,2.5806125987307418e-06
61407,0,0,3.5273545038581936e-16
61417,1,1,1.0
61420,1,1,0.9989864582600532
61423,0,0,4.369251556246364e-06
61424,0,0,0.03631805114144462
61434,0,0,1.2893702150116885e-05
61436,0,0,4.90973649763199e-05
61451,0,0,0.0024295871129951163
61460,0,0,0.009175845869972171
61468,0,0,0.00013024425522037157
61472,0,0,5.744103538132748e-05
61479,0,0,6.4085043380607e-10
61483,0,0,0.016402136898760158
61489,1,1,0.9999999909777416
61492,0,0,0.006560214571253195
61494,0,0,1.5962426916140567e-07
61495,0,0,0.25634599273836267
61498,0,0,0.005829117975189855
61505,0,0,4.262584125716e-11
61510,0,0,3.060744363692371e-05
61514,0,0,1.329750488690017e-12
61516,1,1,0.9995745057000407
61524,0,0,1.857155672313872e-15
61529,0,0,0.2865173136704475
61530,0,0,2.750025438669931e-11
61535,0,0,0.00012893965296230793
61537,0,0,8.053091336547187e-06
61538,0,0,5.4995359463801776e-12
61541,0,0,0.06759760040562852
61552,0,0,8.436218399174608e-09
61565,0,0,7.900490714618586e-05
61570,0,0,1.720623994243722e-08
61574,0,0,8.039453776250459e-12
61576,0,0,0.016854202614021135
61587,0,0,1.38758798153338e-10
61589,0,0,0.008383303451847445
61596,0,0,0.03743871499397228
61599,0,0,0.10151410336938811
61604,0,0,0.00023769398298174573
61609,0,0,2.845617386597466e-08
61611,0,0,1.9542197852628454e-09
61612,0,0,2.299602900265359e-15
61613,0,0,0.0005613605618454314
61615,0,0,8.544565296887788e-06
61616,0,0,4.4935754042275866e-10
61624,0,0,1.1694873749820016e-10
61637,1,0,0.2550078332938697
61646,0,0,9.012299907296004e-14
61654,0,0,3.5345978356611706e-11
61658,0,0,0.004737429976386191
61665,0,0,4.15389013576002e-12
61668,0,0,1.8106584481710008e-07
61680,0,0,0.01214832797410888
61686,0,0,7.648986878315243e-08
61688,1,1,1.0
61690,0,0,0.044992468430483684
61698,0,0,1.1206829627698335e-11
61703,0,0,0.0006445882501513254
61713,0,0,0.17431304388723606
61714,0,0,2.927514640631893e-06
61715,0,0,0.16722656632208466
61720,0,0,0.09546108537304501
61729,0,0,1.735130455581549e-05
61733,0,0,9.28305434350555e-08
61737,0,0,3.658341657018212e-11
61739,0,0,0.004188084236056624
61748,0,0,4.425367195957858e-10
61762,0,0,0.20575598008508292
61767,0,0,1.5425046780778786e-06
61768,0,0,2.3912839722769943e-09
61769,0,0,0.01434446616027276
61771,0,0,0.19533161730844903
61773,0,0,4.624084096006708e-12
61777,0,0,7.692521468735992e-08
61784,0,0,0.008330735224816026
61789,0,0,0.02905728645254106
61797,0,0,3.1997555914346077e-06
61799,1,0,0.010405817607950703
61808,1,0,0.4123354703881377
61810,0,0,4.769842231433955e-11
61816,0,0,5.6475427752865805e-12
61825,0,0,6.868251195837369e-12
61843,0,0,4.931375376015795e-05
61845,0,0,1.0784980555381371e-05
61846,0,0,0.04731279119149955
61847,0,0,0.25060002159909467
61851,0,0,1.002129564515634e-06
61852,0,0,0.05811750683003983
61855,0,0,5.26439441636641e-13
61869,0,0,0.02418454986211777
61871,0,0,1.149054289866538e-14
61878,0,0,0.02121872223039459
61880,0,0,0.07873054542417551
61890,0,0,2.0271695644860948e-07
61898,0,0,1.2920494895335265e-08
61905,0,0,5.655936297467126e-05
61914,0,0,2.1368566884893707e-08
61917,0,0,2.704628331566065e-10
61939,0,0,0.004353314856731461
61959,0,0,0.044702700262216816
61962,0,0,0.0042308809127431755
61967,0,0,3.416688181700743e-06
61971,0,0,7.906008543492439e-07
61976,0,0,0.09610770905982378
61981,0,0,0.18211287307458432
61984,0,0,0.006266140964286397
61985,0,0,9.431418515639945e-05
61986,0,0,0.04171701022784613
61987,0,0,0.11456856587048225
61992,0,0,2.016978131422054e-05
61994,0,0,7.008898950500283e-08
61997,0,0,0.22361998601092042
61999,0,0,8.295079516840926e-13
62000,0,0,4.0584713408390807e-07
62002,0,0,0.17940242443934762
62004,0,0,0.051983379861021306
62015,0,0,0.0041033852504437085
62019,0,0,4.956699027415063e-16
62025,0,0,2.0717642696337367e-14
62033,0,0,1.0242791648710268e-08
62034,0,0,0.09640541379058355
62044,0,0,1.4371237577799738e-08
62047,0,0,3.245763608246968e-16
62053,0,0,1.1653484429271247e-07
62054,0,0,0.021495408987029455
62056,1,0,0.04706433367006378
62057,0,0,0.0004250136499930365
62061,0,0,3.6403190585410215e-06
62066,0,0,0.03130618206072657
62067,0,0,1.7871932233573445e-11
62071,1,1,1.0
62075,0,0,8.46991347076509e-06
62081,1,1,1.0
62089,0,0,0.044050500954699805
62096,0,0,4.821892985858411e-13
62103,1,0,0.021000150941680163
62119,0,0,1.3426363880064628e-05
62125,0,0,0.001892973262340053
62137,0,0,1.4310136100668158e-12
62138,0,0,5.829388161135001e-07
62141,0,0,8.204283919067199e-08
62144,0,0,0.010125159104393868
62152,0,0,1.2517736135667722e-14
62153,0,0,1.898363099237644e-10
62155,0,0,0.006708108378167017
62157,0,0,0.01677794977367235
62159,0,0,0.04082527222734894
62161,0,0,0.01177420562625765
62163,0,0,0.010758646217764
62164,1,1,0.9999999907648901
62166,0,0,0.11049728609871998
62171,0,0,5.0835883941581605e-06
62176,0,0,6.597346812201621e-05
62182,0,0,0.0026483912977677947
62187,0,0,4.744914181408344e-13
62189,0,0,8.922574561779348e-14
62191,0,0,0.14205365606076661
62198,0,0,4.020706202923554e-10
62203,0,0,0.3660314867298287
62215,0,0,2.3633889263238915e-12
62221,0,0,0.00013401167896672653
62227,0,0,9.393404430308865e-12
62230,0,0,3.6180851423410293e-05
62231,0,0,1.4267825150020749e-12
62235,0,0,0.07474987900548298
62236,0,0,0.05270518099586026
62243,0,0,0.18665581065741485
62244,0,0,1.8181455567463624e-09
62253,0,0,8.73763350716725e-06
62255,0,0,7.843034960014405e-13
62257,0,0,4.7289563341584834e-11
62260,0,0,1.368088409184586e-10
62261,0,0,2.469791149883007e-07
62269,0,0,7.358382344494597e-09
62272,0,0,0.07673545876180905
62276,0,0,0.024464818937619624
62279,0,0,2.916763798435922e-11
62281,1,0,0.23464289409689693
62296,0,0,1.335246070773586e-07
62304,0,0,1.6548867822697412e-11
62311,0,0,0.006955049668911513
62313,0,0,4.6278660803787346e-11
62314,0,0,2.7308833312326623e-06
62316,0,0,0.005399242183055544
62319,1,1,1.0
62320,0,0,0.0035976822498721894
62322,1,1,0.9999999999999984
62324,0,0,6.560551059076126e-07
62330,0,0,3.1020550226896076e-09
62335,0,0,1.3265588025172492e-12
62338,0,0,0.0018958522010606234
62339,0,0,3.6085873849454713e-13
62344,0,0,0.003035953114609864
62349,0,0,0.03632893475679315
62357,0,0,0.09447535095437931
62359,1,1,1.0
62363,0,0,0.016068673694176458
62372,0,0,0.04225035706689786
62384,0,0,2.115099784656814e-13
62385,0,0,1.2409546171112702e-08
62395,0,0,1.0853236608607246e-11
62404,0,0,0.010063342615833356
62406,0,0,1.0317551927344835e-08
62409,0,0,0.006141192657402615
62415,0,0,7.329799038869884e-06
62418,0,0,0.2912471706997839
62429,0,0,5.689144653542036e-11
62432,0,0,5.1979399396749005e-08
62433,0,0,0.26617380676430236
62435,0,0,3.7241491139955514e-09
62436,0,0,0.0641543388541356
62440,0,0,1.3385956234078265e-13
62441,0,0,0.048482946660495255
62442,0,0,1.4615345072050603e-11
62447,0,0,1.337072902032337e-07
62451,0,0,1.4253288673238212e-15
62453,0,0,0.22642123434844746
62459,0,0,5.576849840731883e-06
62473,1,1,0.9999999999999996
62485,1,1,0.9999999999999984
62495,0,0,1.714658950044814e-08
62496,0,0,5.762926024711083e-07
62501,1,1,0.9999999999980276
62505,0,0,2.4007112145286845e-17
62509,0,0,0.002147524171363514
62510,0,0,0.0172315821750245
62514,1,1,0.9775074046926496
62520,0,0,1.1926791692670525e-13
62525,0,0,0.029565288353406147
62534,0,0,2.2965413582501788e-14
62536,0,0,3.4165608188539574e-06
62542,0,0,0.06462488209659802
62548,0,0,0.4018948900899424
62550,0,0,0.052302044128664155
62553,0,0,0.12176764590237565
62573,0,0,1.0622453589372829e-07
62575,0,0,7.685133224430604e-05
62592,0,0,2.717582042425926e-09
62595,1,1,0.9999999999999998
62599,1,0,0.14995896728693622
62601,0,0,9.646794579006351e-11
62603,0,0,5.653593083970641e-11
62608,0,0,7.324661197747086e-07
62612,0,0,8.379853847160868e-06
62615,0,0,0.2076835543146564
62620,0,0,1.0074125771609477e-08
62627,0,0,2.5671670596858525e-06
62642,0,0,8.245656492454972e-18
62651,0,0,1.0321740097277308e-15
62652,0,0,0.04139063057629271
62666,0,0,1.2643633305790166e-07
62669,0,0,4.322668110361193e-14
62676,0,0,1.0149751622108569e-07
62677,0,0,3.578121865891662e-07
62679,0,0,0.0004156252459179688
62685,1,1,0.9624413318040791
62695,0,0,7.941109848921013e-06
62707,0,0,0.03137653915774726
62710,0,0,7.038644528906854e-07
62716,0,0,5.211191892143916e-15
62720,0,0,1.3205875424159022e-10
62721,0,0,0.18045032606550454
62723,0,0,1.6256479263691138e-06
62729,0,0,2.3022181742080252e-08
62732,0,0,1.1286362889390268e-07
62740,0,0,0.008973598818557285
62744,0,0,3.1970477553201165e-07
62747,0,0,0.12765636061767216
62753,0,0,3.1710402142991283e-16
62759,0,0,5.4783072998780006e-11
62761,0,0,5.054896995341006e-05
62766,0,0,0.04849281819971048
62769,0,0,0.06930756463359311
62782,0,0,3.7725971867264497e-07
62783,0,0,4.310130980818364e-06
62787,0,0,5.8383609709242815e-12
62790,0,0,0.12160400793611144
62795,0,0,2.528489754783151e-06
62801,0,0,0.12632609898426594
62805,0,0,0.004217280144661436
62808,0,0,3.5020964946316605e-08
62810,0,0,0.2229701961512822
62815,0,0,2.260728004641922e-09
62821,0,0,0.0018131801640428387
62823,0,0,2.125090325197715e-10
62824,0,0,1.478282516893088e-09
62830,0,0,2.0944210227108067e-07
62833,0,0,0.022120381475646676
62834,0,0,2.0445529507495786e-10
62840,0,0,1.5405281554852972e-06
62845,0,0,8.772489022823602e-10
62853,0,0,1.696398746892719e-07
62855,0,0,9.908424508886034e-16
62857,0,0,0.010201908419536367
62861,0,0,0.015931839383992136
62862,0,0,1.8691469868133983e-06
62864,0,0,1.5547586417395102e-09
62869,1,1,0.999999999998533
62870,0,0,3.630526413526386e-08
62884,0,0,0.3414446875115616
62885,0,0,0.0004048888431698425
62893,0,0,4.8517560941310596e-08
62897,0,0,3.8545530042709e-05
62898,0,0,0.003999849631743709
62909,0,0,0.03257355227669948
62911,0,0,0.03992202145727339
62913,0,0,0.0018626712774136123
62916,0,0,7.001575264665625e-06
62918,0,0,0.08195795579196186
62920,0,0,4.017064066054453e-11
62921,0,0,3.279093350777522e-05
62923,0,0,0.09370924483618895
62926,0,0,4.482564912290708e-08
62930,0,0,0.07181397229315907
62932,0,0,0.2004508308441264
62933,0,0,0.019967819493263723
62948,0,0,0.01383949852634882
62953,0,0,3.5159584330341186e-11
62955,1,1,0.9999999969715956
62957,0,0,9.12826967299058e-12
62967,0,0,5.83940187070264e-07
62973,0,0,8.175329672679339e-07
62990,0,0,8.566864213562618e-10
62992,0,0,0.04322680181979351
62995,0,0,0.0020820835999130656
62996,0,0,8.314641564288219e-07
63003,0,0,5.543982977970021e-15
63013,0,0,7.143394905389942e-15
63015,0,0,1.2213920719706558e-05
63016,0,0,0.015701409549146342
63018,0,0,4.0413970512742383e-07
63019,0,0,0.12654260067532264
63022,0,0,0.00012630683427617507
63034,0,0,2.133075406630413e-14
63044,0,0,2.72529708060407e-10
63051,1,1,0.9999999986657975
63059,0,0,1.130186982465229e-08
63061,0,0,0.07576354924650038
63067,0,0,0.1469088240319685
63069,0,0,9.430499217886011e-16
63071,0,0,0.1103939105437038
63088,0,0,1.928727834192034e-11
63089,0,0,1.1146597576454589e-05
63095,0,0,7.905425113445342e-11
63097,0,0,0.04183308714201877
63113,0,0,4.820277291797552e-09
63130,0,0,2.278316416854401e-10
63135,0,0,1.122670052739934e-11
63137,0,0,9.143921152495606e-11
63144,0,0,0.2949436748792752
63149,0,0,0.006067256943272887
63158,0,0,6.7303357033164506e-18
63163,0,0,4.272835744364706e-15
63169,0,0,0.0021886281538338014
63174,0,0,0.010691204748105752
63180,0,0,0.11338687522221108
63189,0,0,2.105177595105696e-06
63197,0,0,2.677771033663106e-07
63207,0,0,0.0670491461082939
63208,0,0,2.3636852445987856e-13
63211,0,0,7.932011464298946e-07
63215,0,0,1.6896863261715534e-06
63216,0,0,1.5092860864378513e-05
63218,1,1,0.9999999943593758
63226,0,0,0.11146203736645253
63239,0,0,2.7494062326878917e-10
63241,0,0,0.006630690282375741
63242,1,0,0.1407752545190551
63243,0,0,0.06357262689946726
63252,0,0,0.032426238419934465
63254,1,1,0.9999999999999998
63265,0,0,3.514085436719798e-05
63266,0,0,0.009802844881903588
63267,0,0,0.28567082325978727
63273,0,0,0.1822598769976419
63276,0,0,1.5587209282479505e-08
63278,0,0,0.007553989366696188
63279,0,0,9.447791034043886e-09
63283,0,0,2.4777925474628466e-13
63287,0,0,0.009031671420287279
63288,0,0,0.013108167379627654
63291,0,0,2.848691794324184e-07
63298,0,0,1.243340900468607e-12
63304,0,0,0.007452587315007988
63312,0,0,2.8308372693780614e-06
63314,0,0,2.6898430442768685e-12
63316,0,0,0.005845484942883882
63318,0,0,2.8584185243034083e-12
63319,0,0,0.03379718249717469
63324,0,0,0.04612178119199879
63337,0,0,1.6176077163488186e-10
63340,0,0,0.006763151643275751
63352,0,0,1.7974109122633477e-09
63355,0,0,0.019996851791889196
63369,0,0,0.00027123213548360203
63375,0,0,0.018478837580098658
63381,0,0,6.1026600250957e-06
63382,0,0,0.4137994769209296
63383,0,0,1.871333924070497e-05
63384,0,0,0.11159331381830821
63387,0,0,0.018748333166171038
63391,0,0,3.916668240693179e-10
63393,0,0,0.0004536654005131988
63396,1,0,0.3845708283184237
63402,0,0,5.139257232561056e-07
63404,0,0,1.0641665243814819e-07
63405,0,0,2.3920785886719094e-16
63406,0,0,5.655040999539833e-14
63422,0,0,0.037674346831117214
63431,0,0,0.001675633389858864
63433,0,0,1.0287325741375282e-13
63436,0,0,5.0961947882804035e-18
63451,0,0,9.513739700634901e-08
63452,1,1,0.6948333093674297
63461,0,0,0.044111814231424566
63470,0,0,0.023735324282410708
63471,0,0,0.0559510873198298
63472,0,0,3.7600942199051226e-13
63474,0,0,6.70582277904605e-05
63478,0,0,0.05188986495779674
63482,0,0,1.0701959320237753e-14
63484,0,0,3.298012763029096e-17
63486,0,0,2.123518858427063e-17
63487,1,1,0.9981387038522381
63491,0,0,0.01240275447642932
63492,0,0,9.876323445549043e-06
63498,0,0,9.585754663508277e-12
63499,0,0,0.30029430106613364
63512,0,0,1.6175571909758568e-13
63526,0,0,2.1081316665316613e-12
63528,1,0,0.051881929370970206
63529,0,0,0.03725956871625213
63531,0,0,1.4259537951381614e-11
63534,0,0,0.012700198339713824
63536,0,0,1.1239252030798094e-05
63546,0,0,0.026106597918910575
63550,0,0,9.063990755747895e-09
63551,0,0,1.6918305921815618e-08
63554,0,0,6.215691516344683e-12
63562,0,0,1.7602198629065313e-12
63564,0,0,0.07477883755695858
63568,0,0,0.08502985213554345
63572,0,0,9.985318825397949e-06
63573,0,0,0.09137928091045786
63574,0,0,4.9123595873104096e-08
63582,0,0,0.17618988094609495
63584,0,0,4.294089193932451e-09
63587,0,0,0.058520668689391826
63590,0,0,0.07214414860016866
63592,0,0,4.0076521438528245e-08
63600,0,0,0.0001486509103269558
63619,0,0,8.821556733599344e-07
63622,0,0,6.052013526858855e-08
63623,0,0,1.2504895214710724e-12
63629,0,0,2.8872175822540343e-09
63630,0,0,0.19568011537808713
63644,1,1,1.0
63649,0,0,2.411658921687023e-09
63674,0,0,1.6718947710690325e-07
63682,0,0,0.04941292873600017
63686,0,0,2.4600704545775007e-16
63687,0,0,0.013048146905944046
63689,1,1,0.9999966648685559
63690,0,0,1.3116532726212165e-08
63697,1,1,1.0
63703,0,0,6.896740754871853e-07
63719,0,0,0.0015077616028684488
63726,0,0,3.004477103798693e-07
63728,0,0,2.233050302121354e-11
63731,0,0,1.4616209191532642e-05
63736,0,0,0.08534648579866574
63737,0,0,0.018599365756280732
63744,0,0,1.4813084928697e-13
63746,0,0,4.0239441277136975e-06
63755,0,0,1.892645376932271e-05
63756,0,0,1.867208900193829e-09
63757,0,0,3.450219452817455e-05
63758,0,0,0.15515915569491548
63767,0,0,0.008963779722974106
63773,0,0,0.0007009708564141968
63775,0,0,1.3316174783206955e-07
63777,0,0,0.018952794563756693
63781,1,0,0.06258309163587565
63783,0,0,4.785741397602428e-12
63786,0,0,0.18614399582165184
63787,0,0,0.0678389785868916
63788,0,0,1.0738791711436552e-08
63789,0,0,0.20821300034462367
63793,0,0,0.058629708421300136
63799,0,0,5.2647449627764226e-05
63802,0,0,0.03206905673570388
63804,0,0,1.321919253540708e-11
63817,1,1,0.5157238476469732
63819,0,0,8.284036154720573e-15
63830,1,1,1.0
63840,1,1,0.9999999996331899
63841,0,0,2.7248074447583755e-07
63850,0,0,0.016922165725287527
63852,0,0,5.807130066307685e-09
63853,0,0,3.2898526891755966e-12
63855,0,0,8.295754836052811e-11
63858,0,0,8.753413369901365e-07
63862,0,0,0.010307531367275144
63864,0,0,0.00047725043685732096
63867,0,0,0.005496309898358573
63883,0,0,0.19559607410831012
63887,0,0,0.026541981077868426
63893,0,0,0.00322798112980854
63910,0,0,0.12528406608743697
63916,0,0,0.01315972390174184
63919,0,0,0.005895781083739261
63926,0,0,0.011107137778992315
63933,0,0,3.6078811184768905e-07
63935,0,0,6.294499349239399e-06
63936,0,0,1.9293438613002121e-13
63942,0,0,5.793666641565393e-10
63963,1,0,0.16382201673368715
63973,0,0,0.011042291806456675
63975,0,0,4.561264210714745e-06
63980,0,0,2.9240831545632508e-08
63990,0,0,8.266061252709126e-08
63991,0,0,0.39559623026569346
63995,0,0,4.692089816985145e-12
63998,0,0,1.222624558076453e-07
64003,0,0,0.003932232610979302
64007,1,0,0.12529538678943414
64015,0,0,0.04420552807138706
64032,0,0,0.036438676443147834
64043,0,0,1.7343597564887412e-06
64045,0,0,0.20997128085593975
64046,0,0,0.006707166426502888
64048,0,0,8.722318313414182e-07
64052,0,0,0.05883931010308299
64053,1,0,0.30241611973951743
64055,0,0,3.785108890496062e-08
64060,0,0,2.9792018936232586e-11
64064,0,0,6.136630047657465e-05
64070,0,0,0.01726174446713781
64075,0,0,0.015646072737523865
64084,0,0,3.4833426146731828e-06
64087,0,0,0.008755794439839705
64088,0,0,1.8864149029437175e-11
64092,0,0,0.020757344946564244
64105,0,0,0.026168525184787583
64109,0,0,0.00521471146464923
64111,0,0,1.6307360520510023e-16
64122,0,0,0.23951982206350783
64126,0,0,0.03424711386017133
64129,0,0,8.79230615501399e-06
64130,1,1,1.0
64142,0,0,7.823207805802588e-12
64143,0,0,3.224614264888533e-09
64144,0,0,0.16750683043862152
64146,0,0,6.352682702916437e-07
64150,0,0,0.0008056976993216707
64152,0,0,0.03074428351006883
64153,0,0,4.256904721943465e-12
64156,0,0,5.79919858450654e-05
64157,0,0,0.03628665864484161
64169,0,0,0.00027098998391402243
64177,0,0,0.0043687377300072215
64180,0,0,3.0221081637536335e-06
64187,0,0,0.11995807439237623
64190,0,0,0.040494102245592266
64191,0,0,1.0658759302678382e-07
64192,0,0,9.41747563068961e-09
64213,0,0,2.5773709996394795e-05
64219,0,0,0.004246840748944755
64222,0,0,3.9299371289911245e-06
64227,0,0,1.8849996814308874e-09
64230,0,0,0.10065962746339424
64231,0,0,3.299924855596848e-13
64237,0,0,0.0035059210866946653
64238,0,0,0.003430757998185913
64240,0,0,5.711836074317382e-07
64247,0,0,0.010140153651265365
64250,0,0,1.335001438362644e-08
64252,0,0,3.0940730037918675e-09
64255,1,1,1.0
64256,0,0,0.1592574748754762
64258,0,0,2.7600071549162166e-08
64259,0,0,0.10788222230343975
64262,0,0,3.609284106417382e-09
64273,0,0,4.925625001629321e-10
64279,0,0,0.1591377877140926
64285,0,0,0.007508076308025646
64289,0,0,4.749040830976787e-09
64290,1,1,1.0
64291,0,0,2.4012166553175613e-13
64293,0,0,1.3633845959801422e-11
64298,0,0,8.193317689333252e-06
64299,0,0,0.0003710816766711142
64303,0,0,0.0001979152395562353
64309,0,0,0.015241891227086269
64310,0,0,2.1604027270268733e-06
64319,0,0,0.02887740708017461
64320,0,0,0.17132431060448566
64336,0,0,0.008846447573252723
64338,0,0,8.134193489766962e-06
64343,1,1,0.9928680095917423
64345,0,0,0.012025555463152551
64348,0,0,7.824878321363268e-09
64355,0,0,6.180826557038001e-17
64373,0,0,2.8511858218849663e-11
64375,0,0,0.028997625923746294
64388,0,0,2.5412795506967896e-09
64389,0,0,9.341575511923409e-07
64393,0,0,1.4735150968230172e-09
64401,0,0,5.301800323172221e-11
64412,0,0,1.154197463535373e-18
64422,0,0,0.03683900239914343
64424,0,0,0.004138300147039914
64425,0,0,4.22777401034647e-10
64430,0,0,0.15080476543575366
64433,0,0,1.6194431079302274e-05
64437,1,1,0.9999999999994236
64443,0,0,0.00849116323294059
64447,0,0,0.10365177308490796
64448,0,0,0.03264432630018255
64452,1,1,1.0
64468,0,0,4.2232451270273024e-11
64473,0,0,0.01244130752674859
64474,0,0,4.011949262803896e-06
64482,0,0,0.03514142004334067
64483,0,0,3.6343428622089125e-12
64489,0,0,0.21838163719526005
64496,0,0,3.896793551136525e-09
64499,0,0,0.29298629962120026
64506,0,0,2.384202219064253e-09
64507,0,0,1.0481340971821679e-12
64509,0,0,3.37563781545654e-05
64511,1,0,0.08350076209931105
64520,1,1,0.9999999999999993
64526,0,0,3.121042051862545e-10
64530,0,0,0.00757059707377136
64533,1,0,0.47229882642122833
64535,1,0,0.07511487464998366
64536,0,0,4.665826148538058e-16
64538,0,0,3.979116306121688e-08
64542,0,0,1.556852311504822e-11
64544,1,1,1.0
64552,0,0,3.372926575017808e-08
64568,0,0,0.0016138706598942479
64569,0,0,0.00014200308498153069
64577,0,0,7.901731177857924e-10
64579,0,0,8.25039713252087e-12
64580,0,0,0.2515251907420978
64582,0,0,0.11715188362342
64590,0,0,5.0339818469119623e-08
64592,0,0,1.62253383932728e-12
64604,0,0,1.522500721814772e-14
64607,0,0,8.208742686175971e-06
64612,0,0,3.4213387785043133e-06
64615,0,0,1.3172355388784575e-14
64617,0,0,1.569920499544995e-12
64639,0,0,0.00010750040429922581
64643,0,0,0.04476233839085857
64645,0,0,6.226158997470806e-15
64650,1,1,0.9824917802488731
64651,0,0,2.7788686527133434e-09
64653,0,0,9.757474169011987e-08
64668,0,0,7.917858803564739e-07
64676,0,0,2.670378555243074e-05
64694,0,0,2.9558490167053608e-12
64695,0,0,0.014682933039264096
64698,1,0,0.2058991076044329
64704,0,0,2.2789828543807025e-18
64705,1,1,0.999340343242985
64712,0,0,0.0010897737430697974
64716,0,0,6.530254657764503e-09
64717,0,0,0.12044981043002526
64720,0,0,0.0044673402741873215
64724,0,0,4.327671173493771e-11
64725,0,0,0.007005988606388602
64740,0,0,1.7247282430438186e-17
64745,0,0,4.776309244067989e-05
64747,0,0,0.006714189792234053
64748,0,0,2.867388002987137e-07
64757,0,0,3.905116314898512e-08
64759,0,0,1.2857502431854306e-12
64766,0,0,0.020907642955353304
64768,0,0,0.002537199190461329
64772,0,0,3.690689385512507e-07
64776,0,0,0.017570721887757046
64777,0,0,9.202998804124591e-07
64785,0,0,5.859664258300067e-10
64794,0,0,1.2719662756899616e-09
64804,0,0,3.0489092167518926e-07
64810,0,0,7.419306304674574e-12
64818,0,0,6.216395796672505e-06
64832,0,0,2.54692526080992e-06
64841,0,0,1.2360389887561342e-12
64846,0,0,3.400318942317496e-08
64857,0,0,1.2137313626874706e-07
64863,0,0,3.3535572678354465e-14
64873,0,0,0.009370733487258379
64878,0,0,0.00818167595630117
64888,0,0,1.9889880910916578e-17
64901,0,0,0.029920470237213875
64904,0,0,0.0004042058394535193
64907,0,0,0.010687169408433284
64917,1,0,0.22795518520780264
64919,1,0,0.019736758042853526
64920,0,0,0.004109545893637251
64939,0,0,0.09931854306923596
64952,0,0,0.3790888767491917
64954,0,0,5.39713268936205e-09
64960,0,0,0.014923277550582084
64961,0,0,0.003363850419357207
64967,0,0,6.658541061684503e-06
64969,0,0,0.046368933611961635
64972,0,0,5.203471424334583e-13
64973,0,0,3.892618775005699e-07
64976,0,0,0.04446416541608354
64987,1,0,0.3427745728120033
64988,0,0,7.862886925181055e-10
65001,0,0,0.05403802660580742
65006,0,0,4.6113205383741454e-08
65012,0,0,2.510925356524958e-13
65014,0,0,0.07158888614503174
65018,0,0,5.4288538291043143e-14
65037,0,0,0.00010079333839902771
65039,1,1,0.9999999999999998
65041,0,0,2.0143515223960397e-07
65055,0,0,0.18481374656333355
65056,0,0,3.030993565319181e-12
65066,0,0,8.816454702368784e-05
65069,0,0,0.026492825301843846
65078,0,0,0.2108295017502647
65079,0,0,6.14945006843769e-07
65082,0,0,1.0317631168399387e-05
65091,0,0,1.2457337224024904e-17
65094,0,0,3.6281384741064574e-07
65097,0,0,8.218164484380064e-11
65099,0,0,3.1182312291574187e-09
65104,0,0,0.02233136755139372
65114,0,0,0.07646347757253072
65117,0,0,6.423832742690514e-08
65125,0,0,7.927385909082486e-13
65127,0,0,0.007411804153249443
65133,0,0,2.6973431191207147e-06
65140,0,0,0.24777553583837783
65142,0,0,0.1104656950199044
65144,0,0,6.14430281453703e-09
65145,0,0,0.18930835565276558
65149,0,0,0.25806707975525667
65159,0,0,0.0036771668383812194
65161,0,0,0.0008863789775668904
65163,0,0,0.042798001884001
65175,0,0,1.800948706531806e-08
65176,0,0,0.35064389110277405
65178,0,0,8.209647870848792e-07
65181,0,0,3.2257204128540636e-06
65182,0,0,0.004020824488119396
65183,0,0,0.028011408966269972
65184,0,0,0.0016237777440908199
65186,0,0,1.8684558508209711e-07
65192,0,0,0.03370601144871775
65193,1,1,1.0
65196,0,0,0.08042007459378264
65203,0,0,1.4045480394036291e-13
65207,0,0,0.0013031639486904224
65212,0,0,0.0001337591924936262
65221,0,0,2.7195946147153425e-06
65238,0,0,7.09418117698775e-13
65240,0,0,0.015092513640732969
65242,0,0,2.2760893196319647e-07
65243,0,0,4.538373205090463e-08
65246,0,0,0.001277604140862858
65256,0,0,0.12053301247906426
65257,0,0,0.15211029746685062
65265,0,0,1.6237100060629e-12
65270,0,0,9.80698972557886e-10
65280,0,0,2.944643980600755e-08
65281,0,0,0.1476091732677434
65284,1,1,1.0
65287,0,0,0.007991462109383137
65288,0,0,2.9916300781824835e-09
65295,1,1,1.0
65296,1,1,0.9999999999999991
65303,0,0,0.3370794248873345
65308,0,0,2.754460685978077e-10
65310,0,0,1.809343806075404e-13
65319,0,0,3.597240713150462e-05
65322,0,0,3.3721538577828024e-08
65325,0,0,5.129501855932803e-15
65331,0,0,5.2134994841634316e-14
65334,0,0,0.3498067721821086
65338,0,0,0.14638691030896117
65340,0,0,0.0317525582292257
65346,0,1,0.692848268544141
65359,0,0,0.07693731121592037
65361,0,0,1.4700031994409768e-07
65376,0,0,0.002741307593155838
65387,1,1,0.9991823272632727
65392,0,0,0.11391965096319286
65393,0,0,0.01605934201187065
65398,0,0,0.25716453681216966
65399,0,0,0.07492225097800857
65400,0,0,0.010284874441367149
65405,0,0,0.034896700489555656
65407,0,0,4.200994756631759e-07
65415,0,0,0.04310253852701906
65416,0,0,0.08472815461471951
65419,0,0,1.4080176462680177e-12
65422,0,0,4.092535573248726e-09
65428,0,0,0.009915869345101967
65433,0,0,1.454074189939927e-06
65443,0,0,1.3031409009267016e-07
65444,0,0,3.6215812821925505e-10
65448,1,0,0.18075261403781864
65451,0,0,0.1282576369913579
65452,0,0,0.010376312835334446
65467,0,0,9.542649361770736e-18
65468,0,0,2.119791484290202e-08
65471,0,0,7.777942946779284e-08
65473,0,0,0.33838606810758476
65477,0,0,1.8570321449097965e-05
65486,1,1,0.970528878265403
65490,0,0,0.00333898653647155
65491,0,0,4.43195807072828e-06
65492,0,0,1.8846065851528661e-06
65495,0,0,0.06019340714610239
65498,0,0,0.2492494324192547
65525,0,0,0.00017576194748603554
65527,0,0,7.203829188084183e-09
65536,0,0,2.394228409573484e-09
65557,1,1,1.0
65559,0,0,1.0758853873658224e-10
65560,0,0,0.008199297201328828
65567,1,1,0.9999967118196714
65577,0,0,1.166937627702237e-09
65579,0,0,7.36689145401953e-12
65582,0,0,0.012068276847706786
65588,0,0,0.103049114399011
65598,0,0,1.4554232176362595e-05
65599,0,0,2.824386968750891e-07
65610,0,0,1.723303501970124e-05
65614,0,0,1.011885205359175e-15
65619,0,0,0.001726072726293619
65620,0,0,0.08881606472110282
65626,0,0,0.0478248425291347
65629,0,0,0.019324729521080133
65630,0,0,1.0736756493629544e-18
65633,0,0,1.3374227245396692e-14
65640,0,0,6.052759879896671e-09
65651,0,0,3.4756643105600597e-11
65656,0,0,0.007910837501988352
65662,0,0,0.16851076346451135
65666,0,0,0.032047004817348346
65673,0,0,0.009703561295915849
65676,0,0,3.4089899915295876e-09
65680,0,0,0.00033501096588868935
65683,0,0,0.0077599630510434715
65689,0,0,1.7115893388282594e-05
65692,0,0,0.0005459879799314476
65698,0,0,0.0011366670745023672
65700,0,0,7.118459494942098e-12
65704,0,0,7.593226233380038e-08
65709,0,0,2.591493716278398e-09
65720,0,0,5.001994613638264e-05
65724,1,0,0.1561492855876976
65725,0,0,2.0850075170975488e-10
65732,0,0,2.0942443034944446e-13
65736,0,0,3.0060264448073955e-08
65737,0,0,0.01690766727957562
65783,0,0,0.002585124150808967
65785,0,0,2.3580740850184323e-10
65792,0,0,0.09330819364844706
65793,0,0,8.287309954634942e-06
65801,0,0,1.5226092251526554e-05
65807,0,0,0.23515766409293884
65822,0,0,5.077382675278083e-13
65850,0,0,2.978052830922358e-13
65859,0,0,0.3661947240651536
65860,0,0,5.33169857353185e-08
65864,0,0,0.05889850981711288
65867,0,0,3.4169294065250557e-12
65869,1,1,0.9999999999999996
65880,0,0,2.2112176337583495e-11
65887,0,0,0.03152003446417347
65891,0,0,0.004166028118807092
65892,1,1,0.9990016011881399
65894,0,0,1.1797576371588791e-09
65908,0,0,6.199784226966388e-08
65910,0,0,0.07283407328584661
65920,0,0,3.1320399099380307e-10
65921,0,0,0.010870577839129664
65925,1,0,0.3076656959616271
65931,0,0,2.9445725998977634e-10
65943,0,0,0.00030112266358481
65944,0,0,1.577415753021859e-09
65954,0,0,3.195843197646944e-07
65959,0,0,1.8881811892546905e-09
65960,0,0,3.986192228439913e-12
65961,0,0,2.10251995047038e-07
65962,0,0,4.646365989810781e-16
65980,0,0,0.013373081359026104
65983,0,0,0.1331818592656784
65995,1,1,0.9989704857739219
65996,0,0,3.152190582532645e-05
66013,0,0,0.2530426962972737
66017,0,0,0.08124027885987149
66022,0,0,0.00902538841075521
66026,1,1,0.999999996823288
66032,0,0,2.8185415579731796e-09
66039,0,0,1.1726547376697178e-12
66044,0,0,0.020885135876622697
66049,0,0,2.2625530749081384e-05
66052,0,0,7.189518017769653e-07
66057,0,0,0.021358421352003002
66067,0,0,2.0429205403705687e-07
66069,0,0,9.005199697849745e-07
66073,0,0,3.368813254589418e-05
66075,0,0,1.1373612331525131e-14
66076,0,0,0.0030929515816576574
66078,0,0,0.04465981128442703
66079,0,0,0.0064427975802029925
66090,0,0,1.5719406932782815e-06
66091,0,0,2.4196235873060794e-10
66092,0,0,0.49593898718510426
66096,0,0,1.8816731996399526e-09
66098,0,0,1.56936919512116e-11
66104,0,0,3.9469765722463964e-08
66106,0,0,0.04851044497696506
66107,0,0,0.003016694592157186
66117,0,0,8.912338754736883e-11
66119,0,0,1.378775678779096e-15
66128,0,0,0.05343961831130578
66131,0,0,0.010322997438636974
66136,1,0,0.3489700575392597
66146,0,0,0.37174663591230495
66148,0,0,1.0037738012254191e-05
66153,0,0,0.023141487049162527
66156,0,0,0.08246553826067388
66159,0,0,0.09645874879953575
66160,0,0,0.04422287824573853
66178,0,0,2.7863273579296617e-09
66201,0,0,5.395602039670619e-09
66210,0,0,0.002668031275409666
66212,0,0,0.10824445827335512
66213,0,0,1.982306095802155e-12
66215,0,0,0.01588135107144236
66223,0,0,1.5271647649887287e-06
66227,0,0,2.3914452182651963e-13
66238,0,0,0.06064160197354667
66243,0,0,0.09784854605398738
66248,0,0,0.009674492694529066
66249,0,0,1.272508257182005e-11
66253,0,0,3.1071845526946154e-07
66255,0,0,0.0032286172336297462
66259,0,0,0.23258445551966958
66270,0,0,2.92062753055176e-12
66271,0,0,1.9564787376179394e-05
66275,0,0,0.009285890588755223
66276,0,0,0.0003843533225115832
66278,0,0,0.061006465214940964
66280,0,0,0.0320753225447669
66281,0,0,9.31860318651849e-08
66286,0,0,0.1828732010384124
66289,0,0,5.099353768359949e-07
66300,0,0,2.1269077503476528e-13
66302,0,0,0.02917554245758542
66307,0,0,0.16074409748828225
66308,0,0,0.15123837671898502
66314,0,0,0.009040165456467363
66315,0,0,0.01093090571131847
66322,1,1,0.9999999999999996
66323,0,0,4.082257797746011e-07
66327,0,0,0.1477198087151727
66330,1,1,0.9999999999999998
66332,0,0,8.216598146950832e-05
66336,0,0,7.75960909822626e-05
66338,0,0,2.0183482774441727e-05
66343,1,0,0.07576850779800043
66350,0,0,0.12894209158371442
66352,0,0,5.517701637975009e-08
66366,0,0,2.127307676093655e-09
66372,0,0,0.0008567886161892349
66374,0,0,0.012995717483218585
66383,0,0,5.199453366754202e-10
66388,0,0,0.04978558129156684
66389,0,0,0.03188755528360235
66393,0,0,0.23415942968755
66394,0,0,3.057765784110805e-07
66398,0,0,7.8349937450582e-09
66399,0,0,0.00038049830889946504
66404,1,1,0.9999999999999978
66406,0,0,4.219130184077958e-09
66435,0,0,4.8197399375503264e-09
66437,0,0,0.2042187138415083
66438,0,0,7.427964983208297e-07
66442,0,0,0.00862871814136364
66443,0,0,1.07978014618359e-12
66452,0,0,0.04206717607682867
66453,0,0,0.11417845680319368
66458,0,0,3.638051424206738e-11
66469,0,0,3.458724733771285e-11
66472,1,1,1.0
66482,0,0,1.5829985166663496e-07
66484,0,0,0.11113004684603475
66488,0,0,6.189880748647866e-08
66489,1,1,0.9999999994658495
66497,0,0,4.149709068386436e-11
66501,0,0,0.004225703775579962
66506,0,0,1.0276806211713595e-08
66520,0,0,8.361905275979838e-15
66522,0,0,0.12447718252505881
66531,0,0,2.0532332375127354e-16
66536,1,0,0.04594112750824174
66537,0,0,5.890145322449528e-08
66548,1,1,0.9305342187810483
66561,0,0,0.028216087984404056
66562,0,0,0.3404947577682043
66568,0,0,0.06824749429652831
66577,0,0,0.029194616058828997
66579,0,0,2.5996757526772505e-10
66583,0,0,0.0034752559326950705
66589,0,0,1.2949331555329207e-08
66590,0,0,0.27105503756231
66600,0,0,4.731786288514072e-06
66603,0,0,0.016373181507105414
66611,0,0,0.009184686660752854
66613,0,0,8.390483815317137e-05
66614,0,0,1.8714461850238217e-05
66617,0,0,7.945745533086355e-09
66618,0,0,0.04802715180253254
66627,0,0,8.141744269128734e-13
66630,0,0,0.0013055806611029844
66637,0,0,4.740113962219753e-14
66641,0,0,5.0323322894102085e-06
66660,0,0,0.001599586479604857
66667,0,0,4.2775378225229534e-05
66673,1,1,1.0
66675,0,0,0.010987499262890575
66677,0,0,0.025537347158312726
66696,0,0,0.0026070396582745918
66698,0,0,1.4699674256689746e-12
66702,0,0,3.878746425365688e-14
66708,0,0,1.1141652489612253e-07
66717,0,0,5.4252682608313265e-12
66727,0,0,4.181431334587629e-09
66732,0,0,0.001740936922885735
66738,0,0,0.06708987774368375
66739,0,0,0.008553892993989645
66746,0,0,0.19677643832583822
66747,0,0,0.03583517979859203
66748,0,0,1.833480962702245e-11
66753,0,0,0.15556846884774447
66758,0,0,0.01269278602929089
66765,0,0,5.916572391211949e-13
66767,0,0,8.11718366474988e-12
66768,0,0,7.368785475210722e-15
66769,0,0,0.03494993277308613
66770,0,0,0.00741563567271185
66774,0,0,0.16806528730856088
66780,0,0,0.06861282043413088
66785,0,0,3.15638691431621e-08
66786,0,0,0.1032895264064454
66789,0,0,0.0033527034258384087
66791,0,0,3.0630688939061047e-12
66794,0,0,0.028181676512585647
66798,0,0,0.0008854879816710815
66805,0,0,0.24025023559716593
66812,0,0,0.02999650450595598
66814,0,0,1.747450007415282e-07
66817,0,0,3.627561328382785e-05
66821,0,0,0.005321781805769888
66824,0,0,6.104155141122352e-07
66825,0,0,3.695426734078334e-10
66828,0,0,0.011638374484744906
66833,0,0,0.0033003499811873156
66837,0,0,1.5773773456759683e-06
66848,0,0,1.0594054529628333e-05
66849,0,0,1.129489767095398e-06
66851,0,0,3.5198581512453143e-10
66856,0,0,0.007460680567307055
66859,0,0,0.013286801122523445
66860,0,0,0.004402056812207561
66861,0,0,2.1980214049649363e-08
66865,0,0,3.1750580085319414e-06
66874,0,0,0.011747556776693898
66875,0,0,6.006761644465054e-12
66888,0,0,2.099380789139266e-08
66903,0,0,0.012275939804595296
66906,0,0,0.08649182552819219
66909,0,0,1.8075552813066915e-12
66918,0,0,5.786463402349994e-10
66919,0,0,2.900677694475772e-12
66921,0,0,8.492076795857492e-12
66927,0,0,5.28283129834454e-10
66937,0,0,2.594722864064771e-11
66938,0,0,5.35824991159924e-09
66939,0,0,0.05410559679551645
66950,0,0,4.182266573987329e-08
66962,0,0,2.815461974565588e-10
66973,1,0,0.12919098886602048
66982,1,1,0.9999999999995179
66987,0,0,0.3274872834868107
66997,0,0,2.3332523218405387e-13
67003,0,0,1.757478930575717e-13
67015,0,0,1.894163266576768e-12
67020,0,0,1.1139608644332382e-09
67023,1,1,0.9999999999999958
67025,0,0,6.495416109420776e-09
67029,0,0,2.641145777164426e-08
67037,0,0,9.793214606815492e-16
67040,0,0,0.009899002002140684
67054,0,0,9.43665685519715e-10
67060,0,0,3.827373462420511e-17
67087,0,0,0.0030762820713273174
67096,1,1,1.0
67106,0,0,0.14130988297878885
67109,1,0,0.008371340655707792
67110,0,0,1.5278332113866277e-13
67111,0,0,0.01199579257079647
67115,0,0,1.715688157393565e-12
67126,0,0,2.1217277879639795e-08
67128,0,0,0.0026952160410426765
67135,0,0,1.2743487381544978e-11
67136,1,0,0.18069035652965806
67142,0,0,6.940822928761324e-09
67149,0,0,6.143691176000684e-06
67162,0,0,2.997293222205302e-06
67171,0,1,0.5106261924658868
67182,0,0,3.3311160727598033e-12
67188,0,0,1.6426783671406073e-12
67198,0,0,2.6777140987971163e-16
67199,0,0,0.05905128199799226
67202,0,0,8.021090124622174e-13
67208,0,0,0.2825969789536963
67209,0,0,5.89093059152092e-11
67212,0,0,7.252433282196679e-12
67219,0,0,0.013589542256803294
67230,0,0,9.027110735006582e-11
67264,0,0,0.10274156393258192
67270,0,0,0.4466041097768132
67271,0,0,0.05493208558810305
67277,0,0,1.1360176618255523e-12
67282,0,0,9.837309759481115e-10
67285,0,0,0.16854722826723947
67290,0,0,1.5905370314582572e-07
67291,0,0,8.657454154349556e-06
67295,0,0,0.016084299458594166
67296,0,0,5.325782194503012e-07
67300,0,0,9.104436507369163e-07
67305,0,0,2.2872568709481404e-06
67310,0,0,0.09917975155168669
67318,1,0,0.178395655324043
67323,0,0,2.1906087174022242e-07
67324,0,0,1.595488537088092e-12
67325,0,0,0.004824342811318786
67331,0,0,6.25533016579483e-15
67337,1,1,0.8199632021372143
67340,0,0,0.003985119510367937
67343,1,1,1.0
67346,0,0,0.08907651156990466
67348,0,0,8.722731378147757e-10
67350,0,0,0.05566252581092608
67356,0,0,4.704934964949834e-07
67357,0,0,3.0406777113766963e-14
67358,1,0,0.3669174859047763
67374,0,0,0.047316363350295085
67376,0,0,3.523994413768943e-10
67392,0,0,3.936878068935258e-14
67400,0,0,0.0001316272530340701
67401,0,0,1.1018526953131622e-05
67403,0,0,0.14781092792272216
67416,0,0,1.113189659349066e-07
67421,0,0,2.9891006599582225e-13
67437,0,0,0.16524104319514474
67442,0,0,0.052230148900915103
67445,0,0,0.008228151103441612
67454,0,0,0.08194762330402999
67455,0,0,4.633388143572775e-06
67457,0,0,3.5217424269046635e-11
67469,0,0,1.8611374812316555e-10
67475,0,0,0.014926993624673514
67480,0,0,2.538989988879912e-18
67481,0,0,1.1916989438232686e-06
67483,0,0,0.015431437116501856
67488,0,0,0.09172380280643185
67492,0,0,8.752081422673002e-13
67503,0,0,7.944092834305281e-07
67506,0,0,0.002933386303491222
67509,0,0,8.412874106945493e-07
67515,0,0,0.019083663456291925
67518,0,0,2.4906844363882472e-11
67520,0,0,0.05382772236554406
67535,0,0,3.0270163307742473e-10
67539,0,0,5.973187095936861e-05
67542,0,0,5.126971839138694e-10
67551,0,0,1.42411693419159e-08
67553,0,0,0.006107947285062524
67565,0,0,0.004966668362148336
67567,0,0,6.682014717126468e-08
67583,0,0,6.930568621098902e-10
67585,0,0,0.04014737204702008
67588,0,0,9.269904231041876e-08
67599,0,0,0.004900980385102449
67602,0,0,0.007207222994420639
67605,0,0,1.2571190468323704e-09
67610,0,0,0.0011702040454789802
67612,0,0,1.1440935968033018e-11
67620,0,0,0.007863231367931163
67622,0,0,9.121366295999813e-06
67648,0,0,1.5853533899349936e-11
67667,0,0,8.560195629272523e-06
67672,0,0,0.016443814000513146
67677,0,0,0.056115596170149884
67678,0,0,0.021775967719839195
67681,0,0,0.09868540505205539
67686,0,0,0.07549939438598531
67688,1,1,0.9999999994564162
67700,0,0,0.005167037697145995
67702,0,0,0.05837601978591896
67714,1,1,1.0
67715,1,0,0.09652823405811208
67718,0,0,0.03282905517628156
67719,0,0,1.9622555586456523e-05
67735,0,0,3.7255576869234294e-06
67741,0,0,3.1495318608385585e-15
67747,0,0,1.4110012902081813e-12
67749,0,0,7.26351536239483e-17
67754,0,0,0.005858148809031712
67755,0,0,0.003135029141086465
67756,0,0,0.01012187064262082
67765,0,0,0.10471167822661653
67766,0,0,0.2200928072623662
67774,0,0,7.846446574497142e-07
67776,0,0,1.6469464696340292e-15
67784,0,0,0.002610958997315232
67786,0,0,1.9902138129247288e-08
67790,0,0,3.725561257750392e-08
67792,0,0,0.012382446680453806
67805,0,0,2.505067108931418e-10
67809,0,0,0.00015949943529587005
67814,0,0,2.8769034151534075e-11
67818,0,0,2.8950489754640234e-06
67825,0,0,0.05550898049830717
67842,0,0,0.10458070278365775
67848,0,0,0.010123007615295485
67850,0,0,9.260846483649293e-08
67853,0,0,0.0015597720990868918
67854,0,0,7.81800548675823e-15
67855,0,0,7.343131540525538e-07
67856,0,0,9.590810108716576e-10
67860,0,0,0.000329669922271033
67863,0,0,5.745943374955838e-07
67865,0,0,7.675863005495003e-10
67873,0,0,0.21299008205302417
67878,0,0,5.439093339691231e-05
67884,0,0,1.9662714808887407e-12
67891,0,0,0.0027814120391683925
67897,0,0,0.19196686409944216
67901,0,0,3.588477108532734e-09
67907,0,0,3.2173696190397903e-14
67914,0,0,0.2877886259087788
67916,0,0,0.07765163586638757
67920,0,0,4.5939430530135186e-12
67922,0,0,0.1832277504141094
67928,0,0,0.006448226494376205
67941,0,0,0.01418436500650464
67945,0,0,2.5297590035710668e-14
67947,0,0,3.4024327523197547e-09
67956,0,0,0.005694382641881055
67959,0,0,1.6740821461051432e-07
67962,0,0,3.611511150276948e-08
67966,0,0,1.2329980794261473e-07
67975,0,0,5.8451668868081234e-09
67995,0,0,0.04825764606891516
67998,0,0,8.504747737751546e-18
68007,0,0,0.1736521734107028
68019,0,0,0.0008214771440915682
68029,0,0,5.019171791004597e-21
68030,0,0,2.2394185470196145e-17
68031,0,0,7.212710980628436e-16
68042,0,0,0.00017506862250552267
68047,0,0,4.411094491969976e-11
68049,0,0,3.8091551196962325e-08
68052,0,0,1.831417121913424e-14
68053,0,0,6.1848980700280364e-15
68056,0,0,1.6453447491829802e-06
68058,0,0,0.012528715100273409
68061,0,0,2.0505625595960165e-07
68066,0,0,1.0939627716981114e-08
68073,0,0,2.500841714066911e-09
68075,0,0,8.631169061563345e-07
68076,0,0,0.08545571021076068
68082,0,0,5.76870526542211e-17
68084,0,0,0.14626084528624728
68088,0,0,1.3854118829379736e-06
68089,0,0,0.005653309505221517
68091,0,0,2.317910847655023e-06
68121,0,0,1.6146204215856409e-12
68128,0,0,3.4736893046939584e-09
68134,0,0,1.6520964590745486e-14
68137,0,0,2.526177049461789e-12
68142,0,0,0.003444556680894703
68151,0,0,0.3514980866636535
68154,0,0,1.0262508146034304e-09
68164,0,0,3.546785871328379e-13
68176,0,0,0.008450681227550948
68192,0,0,6.644039375346433e-13
68193,1,1,1.0
68198,0,0,5.528785262487633e-09
68200,0,0,2.2334518033213517e-12
68214,0,0,2.9710125787310217e-13
68221,0,0,0.034719558842905514
68224,0,0,0.0058189207516856955
68226,1,1,0.9999999999999998
68233,0,0,6.222444659218384e-10
68258,0,0,1.1806828323723908e-14
68259,1,1,1.0
68264,0,0,9.652135030081795e-05
68281,0,0,6.336383356539075e-18
68282,0,0,0.002773045608906677
68285,1,0,0.07008876366772845
68300,0,0,0.0019511126260038053
68304,0,0,0.003194867904759611
68309,0,0,6.181234831214708e-08
68313,1,1,1.0
68328,0,0,0.058224508241232584
68329,0,0,3.021534048792086e-13
68330,0,0,0.073927202713165
68331,0,0,1.0889118683148044e-19
68335,0,0,0.2390432450735071
68338,0,0,4.4223068681584705e-05
68343,0,0,0.038515476345350366
68349,0,0,3.3907353038287966e-06
68360,0,0,0.016849910638785267
68373,0,0,0.00515939119922078
68376,0,0,1.9249731855127847e-06
68377,0,0,1.8143276460537128e-08
68382,0,0,2.856910434769936e-18
68393,0,0,7.72940616465756e-06
68401,0,0,8.994217968715169e-06
68405,1,1,0.9999999999999658
68409,0,0,3.462364549575915e-08
68416,0,0,0.026556032753574165
68422,0,0,4.209603275998455e-11
68427,0,0,9.042391611465861e-09
68434,0,0,3.8676761871595317e-07
68435,0,0,3.597288100003733e-14
68438,0,0,0.09463364530403344
68440,0,0,0.00018169185029353528
68450,0,0,0.021362946666934748
68459,0,0,0.28906953261163865
68464,0,0,0.06593699335819775
68477,0,0,3.6273510134948833e-07
68478,0,0,0.008552855116822036
68487,0,0,1.778801181615348e-17
68488,0,0,0.01990063675030697
68489,0,0,0.0053150279437634155
68493,0,0,1.7702721483601854e-08
68498,0,0,0.0015902524281109394
68499,0,0,0.007869497180453345
68501,0,0,0.0249286521814883
68504,0,0,1.030832579800873e-06
68518,0,0,0.004083723750694087
68519,0,0,1.2441167828904216e-11
68521,0,0,0.09062156232988547
68529,0,0,0.006602116693910687
68532,0,0,0.010056680655847413
68540,0,0,6.75837237980135e-07
68546,0,0,4.175582439616256e-09
68549,0,0,1.2374918599349855e-08
68554,0,0,2.0643555081049887e-14
68562,0,0,5.163343264564213e-05
68564,0,0,6.999296250054203e-18
68569,0,0,5.352545382863926e-07
68570,0,0,0.1558078120328581
68582,0,0,1.0091623685048256e-15
68583,0,0,1.6905241549451347e-07
68590,0,0,2.6858814508837104e-09
68596,0,0,3.6532435355933705e-07
68602,0,0,1.7739813528491728e-05
68604,0,0,0.015541531802984301
68620,0,0,7.626850550111194e-08
68622,0,0,9.080408208479462e-10
68631,0,0,0.05470925881049706
68643,1,1,0.8878888217415294
68649,0,0,4.659399905957473e-08
68658,0,0,1.2404573082011908e-09
68668,0,0,0.00021368357536387275
68670,0,0,2.4281728701503664e-07
68674,0,0,1.2588076050464117e-13
68678,0,0,0.009024995609784363
68696,0,0,8.951531037548576e-05
68697,0,0,0.11037029033430111
68705,0,0,0.2858890004155524
68715,0,0,1.4263169847621015e-07
68747,0,0,6.64315331038464e-05
68751,0,0,3.661918992521769e-08
68753,0,0,1.9948624950657996e-07
68756,0,0,0.0003545524242584735
68764,1,0,0.06858697874001789
68783,1,0,0.2582519736329691
68784,0,0,0.053433274147920644
68785,0,0,1.3699861060259487e-07
68788,0,0,6.235116012844114e-16
68790,0,0,4.712785809978728e-05
68794,1,1,0.9999999999999998
68796,0,0,0.005257598252085223
68801,0,0,7.098075916815098e-05
68809,0,0,0.0032878149650349534
68812,0,0,0.004567016401589329
68813,0,0,7.863139803649126e-17
68815,0,0,0.022013987981647023
68823,0,0,0.002401289902833223
68825,0,0,6.565600719279558e-11
68833,0,0,8.828748674912915e-05
68834,0,0,2.1946507859912486e-12
68844,0,0,2.9430102211131876e-05
68845,0,0,0.13021662010647814
68857,0,0,4.229108330770331e-05
68861,1,1,1.0
68874,0,0,0.013284453501018182
68877,0,0,6.452541880650929e-11
68887,0,0,0.15553629011855263
68910,0,0,0.01840420118025085
68914,0,0,0.020364679859593282
68918,0,0,0.002628759967952685
68923,0,0,4.754864101178457e-07
68933,0,0,5.190381977112591e-11
68934,0,0,0.003123813150674388
68950,0,0,0.2528250675032971
68951,0,0,0.019397601201345052
68959,0,0,1.0933421341631252e-12
68962,0,0,0.007325180932354621
68966,0,0,0.01925331676471385
68970,0,0,1.1807972970039294e-06
68972,0,0,2.0962756314504267e-14
68974,0,0,0.009659250746747904
68975,0,0,0.028084815078449503
68992,0,0,0.07877049465164754
68994,0,0,0.14412297162356968
68998,0,0,5.2619984496292186e-05
68999,0,0,2.481415410474106e-09
69005,0,0,1.1249789401058279e-11
69011,0,0,0.1552322040344189
69026,0,0,2.9685051753926066e-09
69027,0,0,8.356628317353564e-05
69035,0,0,6.083860491169712e-06
69052,0,0,0.3281810550194337
69055,0,0,1.2457533364626868e-06
69056,0,0,3.944953866565384e-06
69065,0,0,1.8021930851405306e-07
69075,0,0,4.5961706308335275e-06
69081,1,1,0.758040752587277
69090,1,0,0.11455191458996433
69091,0,0,6.434680280332093e-05
69094,0,0,1.8982334448017033e-05
69098,0,0,0.23700076340956502
69103,0,0,0.008196316037822457
69104,0,0,0.10734776200951253
69117,0,0,0.012269018236410884
69120,0,0,2.061597177526703e-08
69122,0,0,9.283306426997e-09
69137,0,0,0.00039262745539280376
69150,0,0,0.007583434991576632
69155,0,0,0.04324291572937436
69156,0,0,2.767358150941478e-07
69157,0,0,0.1806864081620184
69158,0,0,0.039532732067381574
69160,0,0,6.872749509161006e-12
69167,0,0,1.7531797600485372e-05
69171,0,0,1.3707994594833694e-06
69175,0,0,0.24582389937149435
69178,0,0,1.7826343208731078e-10
69179,0,0,0.011999437288015651
69180,0,0,5.96591141632787e-13
69183,0,0,0.044835767895360146
69185,0,0,5.488084117102223e-16
69188,0,0,7.99620532129591e-06
69208,1,0,0.33868274617550354
69209,0,0,0.3162711760796823
69210,0,0,4.540813421927208e-09
69221,0,0,0.46937203219541845
69222,0,0,0.03334548931178578
69230,0,0,3.1514357303503997e-09
69231,0,0,3.416621529491207e-07
69235,1,1,1.0
69246,1,1,1.0
69252,0,0,0.05349243063829241
69255,0,0,0.19816330833521728
69257,0,0,1.6460715789005e-08
69261,0,0,1.593590861515225e-08
69264,0,0,0.006641916125991803
69265,0,0,0.07523668519468098
69271,0,0,1.0040455713164342e-07
69277,0,0,0.07861255777600787
69278,0,0,0.1721074688939205
69285,0,0,0.04320603474333219
69287,0,0,2.4093498186142183e-08
69294,0,0,1.3697146785422789e-17
69296,0,0,0.00026452825291566724
69303,0,0,1.58552496621441e-10
69311,0,0,0.010702671848871413
69312,0,0,3.3083667411195324e-08
69317,0,0,6.285165648575657e-06
69319,0,0,0.08267389908664541
69322,0,0,0.0029230750826729863
69327,0,0,1.1638106244241326e-05
69329,0,0,0.2632721772080885
69335,0,0,1.1120469383881454e-05
69338,0,0,7.698655017554237e-12
69341,0,0,0.12295138500324919
69344,0,0,0.0020963174205124767
69348,0,0,9.410398751410979e-07
69350,0,0,0.012361350734573274
69351,0,0,0.03590007674131766
69353,0,0,0.00010489604731638298
69369,1,1,0.9999841047880079
69372,0,0,6.253558970958465e-11
69375,0,0,0.004840457036562291
69382,0,0,0.005981052876388812
69393,0,0,0.033843157196509814
69397,0,0,0.006254725703815321
69400,0,0,5.1199763995502354e-08
69408,0,0,1.2357252395509442e-09
69414,0,0,7.567061350275855e-05
69420,0,0,3.224412683372238e-08
69421,0,0,0.11424184301473803
69425,0,0,0.12730236062926295
69433,1,0,0.18854944274936286
69444,0,0,0.0006906298997541557
69447,1,1,0.9999987689030411
69449,0,0,0.38765580172177727
69458,0,0,0.08564217410505916
69459,0,0,3.0870865304478166e-16
69465,0,0,0.007306346622984832
69467,0,0,2.1970594759794885e-12
69468,0,0,8.376550609938829e-06
69472,0,0,7.636114159218098e-10
69477,0,0,0.01465629096571923
69479,0,0,0.006897224001527402
69481,0,0,1.4143826221510955e-06
69488,0,0,2.8291385773505497e-13
69494,1,1,0.9823835318289011
69506,0,0,7.253672984810537e-07
69512,0,0,0.004960309729375472
69516,1,0,0.041530297263562894
69518,0,0,0.026809915429529745
69522,0,0,8.058467115974954e-11
69526,1,1,0.9999999999998384
69533,0,0,0.015288621457502627
69538,0,0,0.09304726454541343
69547,0,0,1.5531124836598231e-12
69548,0,0,0.17189311126819964
69550,0,0,9.41674406288342e-09
69551,0,0,0.11862334922893919
69552,0,0,6.634132671144897e-08
69559,0,0,3.0464180381592484e-10
69560,0,0,1.1308979965757028e-14
69563,0,0,3.324127186584281e-08
69566,0,0,0.2419273951719906
69570,0,0,0.03805216194908484
69572,0,0,0.08302487388437056
69573,0,0,1.328192121847447e-07
69575,0,0,0.025998244552687257
69595,0,0,0.011659643989676262
69597,0,0,0.00012098529170843368
69611,0,0,0.00010341559807378384
69615,0,0,0.036912828943564194
69635,0,0,1.040715813000843e-12
69641,0,0,2.8612527278779475e-08
69651,0,0,0.004583674127738994
69654,0,0,0.052704020752930444
69660,0,0,2.6475367502358996e-14
69664,0,0,0.0028731757848842513
69666,0,0,0.08617656842194436
69670,1,1,1.0
69675,1,0,0.04227388885642044
69677,0,0,0.052787679722403405
69685,0,0,0.18230020678993072
69687,0,0,4.1937535191425217e-07
69688,0,0,1.5309199514475319e-06
69693,0,0,0.013814682221579357
69694,0,0,0.0037422837479961046
69695,0,0,2.048010870129947e-09
69698,0,0,6.670112133730273e-06
69704,0,0,2.0231393089184137e-06
69708,0,0,0.041480805408668726
69709,1,1,1.0
69716,0,0,0.010925465184685979
69730,0,0,2.317909001883291e-09
69731,0,0,1.7045112743444363e-07
69732,0,0,2.006334053647932e-09
69737,0,0,0.0009057029615994199
69739,0,0,0.00010319314756656351
69742,0,0,1.6719690240373375e-06
69745,0,0,0.000182752478209882
69752,0,0,0.13010868115231725
69758,0,0,4.686153169259213e-05
69762,0,0,1.588444412599915e-12
69770,0,0,2.96556902292256e-12
69780,0,0,0.11961160118747363
69786,0,0,1.414367641477353e-13
69792,0,0,0.005654637398958139
69800,0,0,5.238038509844954e-08
69806,1,0,0.3014504134937045
69807,0,0,0.01030434240498354
69810,0,0,1.862959825923906e-11
69815,0,0,3.5818574469920435e-10
69816,0,0,6.722796884941978e-06
69819,0,0,0.2651422239781866
69821,0,0,0.004750781621409218
69824,0,0,4.958767508189509e-10
69831,1,1,0.9999912173654172
69834,0,0,0.1270886925588343
69843,1,1,1.0
69844,0,0,2.0737245167581242e-07
69847,0,0,1.0856850091001523e-12
69848,0,0,1.2394886545205055e-08
69857,0,0,2.158566343628993e-07
69861,0,0,1.1686294445871261e-07
69864,0,0,1.6228858415244036e-10
69866,0,0,0.019717741172365036
69867,0,0,1.726249626495915e-12
69875,0,0,1.1795370323445275e-12
69876,0,0,0.0030349023073485307
69884,0,0,0.1251200991824998
69894,0,0,0.08864995038791026
69902,0,0,0.45569364582751404
69908,0,0,0.28593095679523295
69910,0,0,1.53800125490168e-05
69912,0,0,0.0005911234937455171
69913,0,0,0.0029472851979180413
69926,0,0,0.00046295068705196405
69927,0,0,0.07235897658529625
69928,0,0,2.443227095468199e-07
69930,0,0,4.458258127695407e-06
69932,0,0,1.395403556179309e-08
69934,0,0,4.9449324898930913e-05
69936,0,0,6.791732267777268e-08
69939,1,0,0.2720697504766215
69940,0,0,3.298714708369168e-15
69944,0,0,3.29384604044187e-09
69950,0,0,0.029663145133275167
69960,0,0,0.00023405920008835623
69968,0,0,0.17346386147667697
69974,0,0,2.629232497112502e-11
69977,0,0,1.978931973096129e-10
70003,1,0,0.07150349097225656
70015,0,0,7.355473223255919e-06
70017,0,0,0.03148247770749218
70021,0,0,0.014158358968986155
70025,0,0,0.44210151673799414
70026,0,0,0.00730648207911891
70028,0,0,0.22179087606091888
70033,0,0,7.749077959818581e-17
70038,0,0,0.00245568870933628
70039,0,0,2.3194096340607602e-05
70046,0,0,0.015549691334834515
70048,0,0,6.430609743768674e-07
70058,0,0,1.892597270139535e-07
70063,0,0,7.141236977633195e-10
70066,1,1,1.0
70073,0,0,3.147993656520744e-07
70079,0,0,0.009584548148090255
70080,0,0,8.422774441989364e-12
70093,0,0,2.591142317502997e-12
70096,0,0,4.8305051449650185e-06
70104,0,0,8.357516320626412e-08
70107,0,0,0.02825063818587843
70108,0,0,5.512243005592778e-08
70114,0,0,0.12717527817343072
70121,1,1,0.9999915970698819
70123,0,0,0.0062494482175237225
70142,0,0,0.009508420038354665
70146,0,0,1.9664767198230284e-12
70151,0,0,1.0304253331613998e-06
70159,0,0,0.43981620252353487
70160,0,0,9.597942155448158e-08
70168,0,0,4.3774090614520155e-10
70171,0,0,5.2034713750999654e-08
70181,0,0,4.6629149498645616e-11
70187,0,0,6.260448907351041e-13
70193,0,0,5.767831080282652e-06
70196,0,0,1.1951219579414886e-09
70197,0,0,1.737418730940521e-07
70200,0,0,0.07714096628714448
70203,0,0,6.806330581003742e-19
70217,0,0,2.1200794562264567e-15
70220,0,0,0.0021273390081711
70226,0,0,0.22574829303882207
70234,0,0,0.11551281572271745
70239,0,0,0.10006719985260729
70241,0,0,6.272290965850722e-14
70242,0,0,0.06628286229501092
70249,1,0,0.18545739447714976
70253,0,0,0.27269460455756656
70270,0,0,9.449405959857614e-10
70276,0,0,2.649682762983689e-09
70281,0,0,6.385357318410451e-12
70282,1,1,1.0
70283,0,0,1.3248822148832271e-10
70284,0,0,6.953674060500611e-09
70294,0,0,4.910605776197667e-05
70303,1,1,1.0
70308,0,0,4.245877608782109e-09
70309,0,0,0.0793594168414473
70312,0,0,0.03752982008981524
70321,0,0,1.391646465908516e-07
70324,0,0,1.890417944277907e-11
70325,0,0,6.030608298380596e-08
70344,0,0,0.0005327628819090123
70353,0,0,7.734394372292878e-06
70354,0,0,0.023406920718401093
70360,0,0,1.465414604994403e-08
70362,0,0,0.12399603594039599
70363,1,0,0.23703731605807365
70372,1,1,0.9999999999999982
70373,0,0,9.51920470068353e-10
70382,1,1,0.9999999999999778
70395,0,0,0.0031933279928978934
70400,0,0,0.2392328621527357
70425,0,0,2.9558820209039842e-08
70429,1,1,1.0
70430,0,0,0.0206644011491077
70438,0,0,4.943515793177935e-13
70448,0,0,0.08168943979763825
70454,0,0,0.0113523423681048
70458,0,0,0.06880853799748406
70482,0,0,3.3631479179605185e-05
70494,0,0,3.648004062386047e-05
70495,0,0,2.6732254867329354e-16
70498,0,0,0.11551122693362048
70499,0,0,5.057289499487831e-15
70506,0,0,2.4096254882333056e-08
70507,0,0,9.374380900588196e-09
70513,1,1,1.0
70528,0,0,0.002875433814330605
70529,0,0,0.022349316410218617
70530,0,0,1.870724984079479e-17
70540,0,0,2.5424102705557295e-05
70542,0,0,0.0013281262699529088
70545,0,0,1.4530023884465338e-11
70550,0,0,0.3378577070151895
70552,0,0,1.0877849608897006e-08
70559,0,0,1.9870298458142368e-08
70565,0,0,9.782730374627779e-05
70569,0,0,3.68589519115488e-06
70580,0,0,4.584372949043396e-10
70593,0,0,0.19908399104726615
70602,0,0,5.534991499633122e-08
70604,0,0,0.1320059634297982
70606,0,0,0.07610842471273978
70609,0,0,7.300018848228202e-10
70614,0,0,0.0007621409654959382
70615,0,0,1.7852523705656918e-07
70621,0,0,0.0514578577728272
70622,0,0,1.689076510031223e-10
70623,0,0,1.0256332615687215e-06
70628,0,0,0.009504912827056601
70629,0,0,0.20375856522787428
70630,0,0,0.0003822096286815975
70631,0,0,0.06966819099410089
70641,0,0,2.5445910678005477e-05
70643,0,0,1.4432611759319816e-06
70656,0,0,3.949812032713319e-06
70661,0,0,0.01414803418096872
70663,0,0,0.3068667283001869
70668,0,0,1.236331530373132e-06
70676,1,1,0.9999999999996794
70677,0,0,0.009612379410132795
70678,0,0,1.6070088910707227e-09
70681,1,1,0.9680745579639136
70687,0,0,5.270343881844749e-07
70705,0,0,8.166015153021381e-15
70707,0,0,6.691547876638885e-09
70712,0,0,0.013345885931708134
70717,0,0,0.019547756437113272
70726,0,0,0.022027596659151914
70733,0,0,1.8509094571185232e-12
70736,0,0,2.3689496056524986e-09
70749,0,0,0.0023935596604119577
70755,0,0,0.17082902453694734
70759,0,0,0.029173829100560635
70760,0,0,7.8956140240874e-06
70778,0,0,0.000480307574167492
70779,0,0,0.05687061044220037
70785,0,0,6.147824116021199e-07
70788,0,0,0.005499528941620943
70789,1,1,1.0
70792,0,0,0.009768878756880643
70796,0,0,0.051874904273477566
70798,0,0,0.1304051594846397
70811,0,0,0.00012526495696677824
70814,0,0,0.11103384012672535
70816,0,0,0.08185932195448135
70817,0,0,0.09164544029893607
70818,0,0,3.165044913103645e-11
70826,0,0,4.027321545503506e-08
70829,0,0,0.006639511880023488
70841,1,1,0.9999999966255764
70842,0,0,1.1635323644494798e-10
70843,0,0,6.462739032159523e-08
70847,0,0,7.146901415995971e-12
70856,0,0,2.619868778320858e-12
70857,0,0,3.142647252098259e-05
70860,0,0,3.4373841724355246e-08
70861,0,0,7.556983852411663e-09
70864,0,0,1.7350390688161648e-09
70874,0,0,0.011925875608422757
70877,0,0,0.09706888968758152
70896,0,0,8.35501178927644e-13
70904,0,0,0.0020228621558788045
70905,0,0,0.01640656724829006
70912,0,0,0.01161260703372718
70920,0,0,7.638756893256959e-11
70921,0,0,6.366290540980523e-10
70922,0,0,0.13168394511311043
70925,0,0,1.7604529499764176e-08
70935,0,0,5.603170691208162e-13
70936,0,0,3.185164812374757e-16
70939,0,0,2.398684130435183e-17
70941,0,0,3.0136829047670627e-06
70948,0,0,0.07441636611088304
70954,0,0,6.471085374934073e-18
70956,0,0,0.07376285587205635
70964,0,0,0.08682806446231452
70976,0,0,2.7507246473042333e-07
70977,0,0,0.010940418657639329
70978,0,0,9.296534323958473e-12
70985,0,0,2.6361195206544712e-05
70986,0,0,8.118957828375607e-06
70988,0,0,0.012797775654440225
70989,0,0,6.627869453356489e-09
71018,0,0,0.0005900736919383665
71025,0,0,0.27265017082601156
71032,0,0,0.016182275102719055
71035,0,0,0.1990309107630373
71042,0,0,2.617051195480302e-08
71043,0,0,1.3334775892720047e-07
71045,0,0,0.0044176649029428975
71048,0,0,2.0426568162078655e-07
71052,0,0,0.11445147788375404
71059,0,0,2.293893794226674e-08
71066,0,0,0.03826623985853825
71072,0,0,2.4664696664515025e-10
71077,0,0,0.1182768423522964
71080,0,0,2.1973766530053733e-05
71082,0,0,0.3577265882949589
71083,0,0,1.8153121860269736e-07
71089,0,0,7.293445228125739e-07
71097,0,0,1.2211976562714647e-10
71113,0,0,0.03264047383366184
71127,0,0,2.050349894824512e-12
71130,0,0,4.1105676842214493e-14
71132,0,0,1.8442473831101618e-14
71139,0,0,4.954086494667056e-09
71141,0,0,7.023278461240669e-08
71143,0,0,0.004392114635770292
71148,0,0,0.00043021591093351494
71155,0,0,9.336884286529367e-11
71156,0,0,0.003563629728421701
71166,0,0,0.018125927276391268
71168,0,0,0.013231848581625351
71169,0,0,1.4310555497346964e-07
71173,0,0,1.5523852125863663e-06
71175,0,0,3.2666190055492044e-08
71181,0,0,1.1073797929529635e-06
71186,0,0,0.0021621731118353026
71189,0,0,5.8472280130777704e-05
71191,0,0,6.024916126283992e-12
71193,1,1,0.9999999972531612
71206,0,0,0.08949192254083438
71210,1,1,1.0
71220,0,0,0.06823407579006788
71224,0,0,2.0084887883625995e-15
71238,0,0,0.0026127818508089014
71239,0,0,4.465486011704348e-09
71243,0,0,2.82918917174616e-17
71244,0,0,0.010412144535008163
71245,0,0,1.8850348765408456e-10
71263,0,0,3.3582633392136755e-16
71270,0,0,0.012912178151994452
71273,1,1,1.0
71276,0,0,0.031205627458035824
71283,0,0,0.007623443426626629
71286,0,0,0.002181484648055406
71287,0,0,0.005430222207077241
71289,1,0,0.12008435830459696
71290,0,0,0.047722564094937
71292,0,0,5.2126798549908685e-09
71296,0,0,0.023778538094064283
71299,0,0,3.9662541678637284e-11
71303,0,0,0.21487198231832905
71304,0,0,5.437397822229422e-09
71312,0,0,4.133651308556414e-07
71317,0,0,4.290909488820392e-10
71324,0,0,1.588719707932783e-11
71325,0,0,5.442654746830108e-07
71326,1,1,1.0
71330,1,1,1.0
71334,0,0,0.01813176329416585
71341,0,0,0.01934252437025185
71344,0,0,0.00012355567854941261
71350,0,0,0.04617449361160288
71352,0,0,4.585835570617757e-06
71355,0,0,2.5003403373175766e-15
71358,0,0,0.036067086435625624
71367,0,0,2.29294209526964e-11
71373,1,1,0.7067193597374662
71379,0,0,1.0993783462134533e-12
71385,0,0,6.646455356430486e-11
71386,0,0,3.5407708560470304e-06
71390,0,0,9.167992078554722e-10
71391,0,0,7.52778457293327e-08
71394,0,0,2.1316044486071738e-07
71401,0,0,0.15658632937496544
71406,0,0,0.0005988783148560323
71410,1,0,0.1915170475338977
71414,0,0,5.218094212381665e-11
71426,0,0,0.0010929641050045646
71427,0,0,2.4754902800642975e-08
71430,0,0,0.0005277520465157277
71436,0,0,0.015794635022648013
71439,0,0,0.09668097265221846
71440,0,0,1.6283603466199683e-06
71441,0,0,4.74967796835605e-05
71447,0,0,0.14942844005755468
71448,0,0,0.0034492577338932537
71451,0,0,0.14081443180406272
71453,0,0,0.054638358005981144
71461,0,0,2.1075483932631907e-13
71476,0,0,1.7834978657901153e-09
71489,1,1,0.9999788090248477
71493,0,0,1.3880448176912636e-08
71497,0,0,0.08462665749358805
71498,1,0,0.30188230466642924
71514,0,0,5.571414254610679e-10
71517,0,0,0.011927222459099614
71528,0,0,4.0645723112266486e-10
71531,0,0,1.2305626007622875e-05
71534,0,0,0.002359009159072024
71535,0,0,0.09357552718999257
71536,0,0,3.6182948560453984e-09
71538,1,1,0.993377162081883
71545,0,0,0.08651766810587574
71550,0,0,1.8049026015581853e-08
71552,0,0,6.191754177502586e-13
71557,0,0,0.23975409765250225
71559,1,0,0.277979875437291
71565,0,0,3.789777590152623e-09
71571,0,0,0.11397672813108096
71572,0,0,4.181804617633264e-06
71578,0,0,0.03624212762168719
71580,0,0,0.026004163882416727
71582,0,0,0.007899091108539213
71592,0,0,4.389916004467255e-09
71599,0,0,2.164044335682922e-10
71602,0,0,1.4331945104728016e-06
71604,0,0,1.57907098667565e-12
71616,0,0,0.012427931202115687
71624,0,0,0.3327345024997181
71628,0,0,6.811501813710327e-13
71630,0,0,0.014501400271581838
71636,0,0,3.636527397904471e-13
71639,0,0,0.014203347002090506
71656,0,0,1.2230239756431124e-14
71659,0,0,0.09314685646155701
71662,0,0,0.10256896550302595
71663,0,0,2.741661957497423e-14
71673,0,0,0.0354918218898105
71674,0,0,0.1548481321688052
71679,0,0,0.09956064387651595
71691,0,0,7.231103890857255e-06
71697,1,0,0.2099236448431039
71702,0,0,0.008216246428389496
71715,0,0,1.0924030950984796e-05
71722,0,0,4.532628292308921e-16
71739,0,0,2.0673846735419866e-12
71740,0,0,7.243531308169212e-12
71743,0,0,2.264525690829823e-06
71746,0,0,1.9539369474032228e-05
71752,0,0,5.783802424527309e-09
71775,1,1,0.9999999999985734
71803,0,0,0.006492318096928853
71805,0,0,0.0003230812743388461
71816,1,1,1.0
71824,0,0,2.5329407465174784e-08
71835,0,0,3.0840662572577468e-06
71841,0,0,1.869072285353305e-10
71856,0,0,0.0033389969449278806
71857,0,0,0.057542268684522696
71861,0,0,1.1112206859169017e-09
71864,0,0,3.712869514907992e-05
71867,1,0,0.12536795398576295
71872,0,0,5.6523179689181674e-12
71878,0,0,0.04083214232673617
71880,0,0,4.143014539810406e-06
71889,0,0,0.005744937280691947
71901,0,0,0.1122967788233958
71911,0,0,0.18761438999924593
71920,0,0,2.961355561897795e-12
71941,0,0,0.14455407871527656
71942,0,0,9.91679949687548e-06
71943,0,0,3.8604979963050317e-07
71949,0,0,4.0352400405621776e-09
71954,0,0,3.457081349900219e-07
71967,0,0,0.101201507633252
71970,0,0,6.342526392520811e-13
71989,0,0,5.86729043658835e-10
71991,0,0,0.07825817452861385
72010,0,0,2.1173946266167406e-08
72030,0,0,0.22899773004635907
72031,0,0,1.6171279379159654e-08
72032,0,0,0.009136351220411348
72041,0,0,1.3445453499033288e-15
72044,0,0,1.8887716166041805e-11
72051,0,0,1.978071370069193e-09
72052,1,1,0.9999973454957947
72058,0,0,0.048756756498581855
72062,0,0,5.406253455770044e-11
72065,0,0,0.014835164669380911
72066,0,0,4.197052992652865e-06
72069,0,0,0.0060697355232875215
72076,0,0,6.962919622161447e-05
72078,0,0,1.1725444846950013e-06
72081,0,0,1.595955957856163e-05
72082,0,0,3.201460232245547e-08
72083,0,0,9.218892743924551e-09
72084,0,0,0.019252015526775877
72087,0,0,2.4433058813274585e-08
72101,0,0,1.3667887692614851e-08
72107,0,0,3.776474805892403e-09
72116,1,1,0.9621078382234942
72119,0,0,0.3393271659230702
72128,0,0,0.014260024190463556
72137,0,0,2.4159957647904002e-17
72140,0,0,4.541544062943802e-09
72141,0,0,2.9318663422153487e-06
72149,0,0,8.753733215935877e-16
72153,0,0,3.696673187463741e-14
72158,0,0,0.046035799851642294
72160,0,0,3.032912112180669e-07
72182,0,0,0.00014563613071135384
72183,0,0,1.38743046087969e-17
72184,0,0,3.007498479401751e-11
72196,0,0,1.930727745206123e-14
72201,0,0,0.070431707359292
72203,0,0,0.014804833232770093
72204,0,0,0.017248698652059802
72208,0,0,7.184530992618877e-13
72212,0,0,1.7680756999689784e-05
72213,0,0,8.734356291596344e-11
72222,0,0,1.153236811910429e-12
72227,0,0,1.0846628641575019e-07
72249,0,0,5.352053862048203e-13
72250,0,0,0.013778797949886436
72251,0,0,5.280238717215584e-08
72259,0,0,5.400612865843354e-12
72263,0,0,3.619987921267882e-13
72265,0,0,4.904947475589479e-06
72266,0,0,3.830767255368489e-06
72268,0,0,0.003113470706445555
72269,0,0,7.680076185125958e-08
72273,0,0,2.5943854220439564e-10
72277,0,0,2.748223247537407e-07
72285,0,0,0.05321097190901142
72301,0,0,0.00014207374002256592
72305,0,0,6.69994790875499e-08
72307,0,0,3.399754438230547e-09
72309,0,0,0.07058825364131849
72311,0,0,0.057590644137116904
72315,0,0,8.518388958011735e-13
72326,0,0,4.202403001603002e-10
72328,0,0,1.3121707100180962e-11
72350,0,0,1.3045479955465089e-05
72351,0,0,0.0073031549135978415
72359,0,0,0.005837752659504394
72361,1,0,0.3298016210465851
72362,0,0,0.0011766172702905447
72365,1,1,0.9999999996984226
72372,0,0,0.00016593342832531757
72377,0,0,4.000956306096913e-15
72378,0,0,0.15110570304762275
72383,0,0,6.302804302395529e-06
72387,0,0,0.0011718663075517798
72391,0,0,2.4483358060875693e-13
72392,0,0,0.007343522956940322
72396,0,0,0.03287274404691567
72398,0,0,1.084826459647531e-05
72399,0,0,0.05276605953613612
72407,0,0,2.9479195312019864e-13
72410,0,0,9.886117155283393e-12
72423,0,0,0.010532242473188996
72424,0,0,0.012547432481024003
72432,0,0,0.1956073319246697
72435,0,0,0.1847131563009245
72436,1,1,0.9999997516580448
72439,0,0,8.717351951839507e-16
72445,0,0,0.0044733013661833855
72450,0,0,0.0002333324803019189
72454,0,0,1.073166142607455e-05
72455,0,0,0.018187721236255987
72470,0,0,0.009179759460075607
72474,0,0,5.829009281167064e-09
72508,0,0,6.960509270687183e-09
72509,0,0,0.16724300139668466
72517,0,0,2.9956649218155523e-10
72528,0,0,0.06995800407723317
72536,0,0,0.005388774514670349
72537,0,0,6.488374186740701e-13
72541,0,0,1.3550613551612687e-11
72544,0,0,0.01632876613289067
72545,0,0,0.016562805029450144
72546,0,0,1.7758991136843028e-15
72549,0,0,0.01863352238160575
72555,0,0,0.19352900018005595
72559,0,0,1.2390800771785963e-09
72572,0,0,0.08919192255583784
72574,0,0,0.0004457589677892129
72579,0,0,1.2876303813099665e-10
72587,0,0,5.070685822495145e-12
72601,0,0,1.2523148677864595e-10
72606,0,0,0.0544756094402851
72611,0,0,0.08074168611726197
72615,1,1,0.9999999990720967
72618,0,0,4.459699970939573e-12
72649,0,0,0.002851605838706201
72655,0,0,3.474501280501097e-08
72659,0,0,0.0029610057031618777
72665,0,0,3.2945219481411326e-13
72671,0,0,2.343427349690777e-10
72673,0,0,3.727823651416869e-12
72674,0,0,3.746718029286099e-08
72676,0,0,1.6025034607850028e-09
72688,0,0,1.0234276409963494e-10
72689,1,1,0.999999999999998
72694,0,0,1.9874659285757983e-07
72697,0,0,0.024092370605257395
72704,0,0,7.671024531397746e-06
72709,0,0,0.012029140074123174
72713,0,0,0.08965322837147686
72714,0,0,0.007306340824061459
72715,0,0,0.008275097277295597
72721,0,0,1.8659966907458712e-06
72725,0,0,7.1821828235408e-11
72731,0,0,4.263538486566017e-13
72734,0,0,2.344795577380331e-09
72747,0,0,0.008529252701228765
72750,0,0,0.036837558895679294
72754,0,0,0.0024421341920214663
72755,0,0,0.004193480997529417
72761,0,0,7.291913607877462e-13
72762,0,0,0.017959178004232943
72769,0,0,0.006124009959026504
72773,0,0,1.2025150623196426e-06
72775,0,0,0.0001737990042580559
72776,1,0,0.17667556296649367
72781,0,0,3.0106066981257092e-09
72782,0,0,0.01941768578240472
72783,0,0,3.2184016607015113e-12
72784,1,1,0.5787417301306894
72812,0,0,1.2621223297733684e-05
72822,0,0,0.03199207866211826
72830,0,0,0.20007868794940661
72832,0,0,0.022522635977946223
72834,0,0,4.157468301429189e-08
72840,0,0,0.08455706406050838
72848,0,0,4.102398493628346e-09
72856,0,0,0.31686735170289365
72873,0,0,1.5105644702812036e-05
72877,0,0,9.072538148999043e-07
72886,0,0,0.06444277504988184
72888,1,1,1.0
72890,0,0,4.544025851167952e-10
72892,0,0,0.01584669980465911
72894,0,0,0.10636120419927222
72914,1,1,1.0
72915,0,0,0.02162554683926593
72917,0,0,0.25378868599649823
72921,0,0,1.4667589049626829e-06
72922,0,0,0.011792941781774757
72925,0,0,0.03764672308357179
72927,0,0,5.4795781748079515e-17
72937,0,0,0.10072385164616897
72956,0,0,9.177181736984987e-07
72960,0,0,8.923194093257049e-10
72963,0,0,3.358417907196572e-12
72969,0,0,4.444869456452205e-12
72970,0,0,3.430425839118167e-08
72974,0,0,0.04134667136455487
72975,1,0,0.15533426373337803
72977,0,0,0.03241290428561638
72979,0,0,0.00917507978830906
72980,0,0,7.648523043579497e-09
72998,0,0,0.010146939717863191
73014,0,0,7.82368297524587e-13
73017,1,1,0.9999999999999991
73019,0,0,1.3936113466556423e-09
73024,0,0,9.715218362348093e-11
73031,0,0,0.011632547600310662
73038,0,0,2.125969189493378e-13
73045,0,0,4.513797186254615e-11
73047,0,0,1.2681259173237012e-11
73057,0,0,1.1565317130812329e-11
73085,0,0,0.02977944349199221
73088,0,0,5.465336342849898e-10
73092,0,0,6.654321765838667e-07
73115,0,0,0.0004929290934932664
73123,0,0,0.04736448183699412
73132,0,0,9.489141300293764e-18
73138,0,0,0.031156373543521437
73144,1,1,0.9999879320315989
73159,1,0,0.059338503121159944
73161,0,0,0.006693064785756283
73166,0,0,1.4636836537838146e-18
73171,0,0,0.04607708240466523
73185,0,0,2.8897255972491925e-06
73193,0,0,1.6386892731154405e-06
73196,0,0,1.779610251870672e-06
73217,0,0,7.095784829354418e-06
73222,0,0,2.4073861332359967e-16
73225,0,0,0.0070977164857714044
73240,0,0,0.09460967116402069
73241,0,0,2.509930663434589e-12
73258,0,0,0.02144626398747761
73260,0,0,0.12272648879017085
73265,0,0,1.100559198757004e-07
73271,0,0,2.0777042534265984e-17
73276,0,0,2.6891445681736227e-14
73279,0,0,0.0002942728142598885
73285,0,0,0.0038363162840171316
73289,0,0,0.002321566631868971
73290,0,0,7.127347771635269e-12
73292,0,0,4.798850578364824e-06
73297,0,0,3.413697515981016e-08
73302,0,0,3.912906029305743e-07
73312,0,0,0.0002447956198589937
73328,0,0,1.700370576730817e-05
73331,0,0,2.8385409515219096e-08
73334,0,0,0.03148466170382
73349,0,0,3.3820395986857763e-05
73350,0,0,0.008591558725550933
73360,0,0,5.783327312709255e-07
73366,0,0,3.7166643733816567e-09
73368,0,0,1.706091910802228e-09
73369,1,1,0.9975633331722619
73372,0,0,4.398896643047938e-17
73377,0,0,0.10148921761373098
73393,0,0,0.048604101603394345
73396,0,0,0.17371143481124696
73399,1,1,1.0
73404,0,0,1.0700191544351607e-12
73407,0,0,0.0027920126931284517
73410,0,0,1.4054377673101998e-06
73411,0,0,0.039097767483404336
73415,0,0,0.1348470285604203
73416,0,0,1.0517534652139763e-05
73422,0,0,0.23734311205107678
73435,0,0,2.621033788352156e-12
73436,0,0,5.359896278007601e-05
73441,0,0,3.5232132186343937e-06
73454,1,1,1.0
73458,0,0,0.03208176319204036
73460,0,0,3.4636882331848458e-09
73466,0,0,1.4889548846993047e-07
73470,0,0,0.00012491725878630385
73489,0,0,0.035834984127288735
73496,1,1,0.9890094789238436
73504,0,0,1.1928129306561103e-10
73518,0,0,7.421243726857214e-11
73520,0,0,0.01670426461879241
73529,0,0,1.0098785440968671e-09
73530,0,0,0.13767975905408517
73532,0,0,2.008513498004507e-12
73536,0,0,1.0507179421730179e-07
73540,0,0,0.019729498818662258
73551,0,0,1.5817345419981545e-11
73552,0,0,1.610299963698263e-08
73558,0,0,0.002575487960975301
73567,0,0,6.643252262605154e-05
73569,0,0,1.5448125766781179e-13
73570,0,0,1.7837205919037225e-13
73572,0,0,1.6100581866213696e-16
73582,0,0,1.1430479003985319e-07
73585,0,0,1.0726050241135897e-09
73587,0,0,7.476054653701747e-06
73591,0,0,0.04049192249401005
73597,0,0,2.861707073608148e-07
73602,0,0,1.1524591360806746e-06
73605,0,0,4.191549204723217e-12
73614,0,0,1.3484752107668424e-08
73622,0,0,8.880177453114126e-08
73644,0,0,0.10802375065839472
73647,0,0,1.2210969023342846e-18
73648,0,0,2.645832439332522e-08
73651,0,0,1.91985778889556e-05
73654,0,0,1.313189422124923e-07
73655,1,1,0.999999994765834
73661,0,0,0.04355239836450656
73663,0,0,0.4200741867861814
73673,0,0,0.09555942869994281
73679,0,0,0.010491982009613153
73682,0,0,8.64752344395831e-07
73685,0,0,3.7013249629724202e-06
73690,1,1,0.9999999999999993
73697,0,0,0.00564012652165603
73699,0,0,8.553215219308556e-05
73708,0,0,1.8093819290992391e-09
73712,0,0,8.232377243796081e-05
73713,0,0,0.04819185270521811
73725,0,0,2.9279526325899886e-10
73728,0,0,0.09284721150567204
73737,0,0,0.31734067217009226
73742,0,0,0.005042990716408021
73743,0,0,2.949305364161396e-12
73745,0,0,0.00045104321521720163
73746,0,0,6.699656673876794e-06
73752,0,0,0.007661101422209489
73755,0,0,1.4791448831003713e-13
73759,0,0,6.537316303181024e-18
73760,0,0,0.059888787491776896
73761,0,0,0.0049465237059146475
73765,0,0,0.1034869219712324
73778,0,0,1.2692761960111218e-11
73787,0,0,0.003129318380950352
73789,0,0,0.004491828985257292
73805,0,0,4.4354711602649556e-18
73809,0,0,0.012431721494562231
73820,0,0,0.004001025601131448
73825,0,0,0.03904670647621926
73826,0,0,0.005176710608624611
73830,0,0,1.9915256301536484e-11
73841,0,0,6.326877859655178e-08
73843,0,0,0.15981534439949593
73850,0,0,8.099585206276605e-13
73852,0,0,5.358204387585202e-18
73855,0,0,0.18621046354592374
73857,0,0,0.21884220328181822
73858,0,0,1.8036106709739272e-05
73868,0,0,1.1942162433313846e-06
73885,0,0,9.011636904651364e-08
73898,0,0,5.093040831626028e-07
73899,1,1,0.9758353001184092
73908,0,0,0.32771725407147134
73913,1,1,0.9998678716912092
73914,0,0,0.004292554925793255
73922,0,0,3.4597972841752836e-08
73923,0,0,0.006162121807027546
73924,0,0,2.8598957200397514e-11
73934,1,1,0.998977919303104
73945,1,1,0.8498297281386644
73947,0,0,8.460807314603649e-09
73956,0,1,0.596424503946298
73968,0,0,8.30439931120547e-05
73973,0,0,0.011067955113818027
73983,0,0,5.9627105724473355e-05
73988,0,0,0.02109883414311374
73991,0,0,2.148295038597106e-15
73992,0,0,0.0024439052966509596
73995,0,0,2.1336189022725922e-05
73996,0,0,8.095066443643234e-07
73998,0,0,5.392913031795194e-06
74002,0,0,6.91377271746367e-07
74006,0,0,0.0028675871969306545
74008,0,0,4.914429448324095e-07
74017,0,0,0.003212893687397539
74018,0,0,0.0018197072756486585
74019,0,0,0.013333625167623582
74021,0,0,0.006588463669134181
74024,0,0,1.401617239487575e-12
74028,0,0,0.02424777984399516
74036,0,0,1.0578273271158314e-10
74042,0,0,0.10133611267421315
74043,0,0,3.55025686179853e-06
74044,0,0,0.31327972985047076
74052,0,0,0.04523725177037506
74053,0,0,0.0011115388763565275
74054,1,0,0.3085344572697961
74062,0,0,2.4503178237575195e-10
74072,0,0,1.493245876425174e-06
74074,0,0,1.339730500144647e-12
74087,0,0,1.5935104315322696e-14
74094,0,0,0.03071821030895291
74101,0,0,0.17847366508124993
74103,0,0,0.011097611507764478
74107,0,0,1.5824951388871657e-08
74114,0,0,9.574048387217324e-12
74129,0,0,4.380345032996524e-13
74130,0,0,0.008606183558785348
74134,0,0,1.4470009207274166e-12
74138,0,0,4.3819654701351743e-13
74141,0,0,8.616315678250513e-14
74144,0,0,0.01267708705075152
74147,0,0,0.05089729228405632
74150,0,0,6.154624552766911e-10
74165,1,1,0.9999999999993359
74175,0,0,4.430908079790302e-12
74178,0,0,3.4058189295211184e-05
74184,0,0,1.6628397590104595e-06
74194,0,0,6.398607606145041e-10
74195,0,0,9.88239049100066e-06
74196,0,0,6.547584739412183e-12
74204,0,0,6.380237979918236e-09
74208,1,0,0.10599295737844196
74210,0,0,2.8559649523111014e-07
74216,0,0,3.7603766122514904e-07
74221,0,0,0.036999069450204224
74227,0,0,0.010979349419262678
74231,0,0,4.741665752338874e-07
74240,0,0,0.08088092736946985
74241,0,0,0.03978388692977899
74262,0,0,0.045418216662823335
74268,0,0,0.009148169203827796
74283,0,0,7.565868016809368e-10
74287,0,0,1.2889346849590313e-09
74290,0,0,0.00028856766147348394
74297,0,0,1.2801111747430203e-08
74308,0,0,0.05097763071157527
74309,0,0,0.08341235010159584
74312,0,0,9.083141256186196e-16
74330,0,0,2.503487243093303e-13
74331,0,0,0.00633864260240944
74343,0,0,0.17662432509582207
74344,0,0,7.657063868199738e-10
74345,0,0,4.423108225104281e-08
74351,0,0,0.005934704774763636
74354,1,0,0.11838560446533931
74371,0,0,0.00405837665492092
74380,0,0,0.09839791945051198
74399,0,0,0.033496097936491866
74402,0,0,0.015597181861050427
74405,0,0,0.0019884268168759134
74409,0,0,3.310384669014141e-11
74411,0,0,0.17595005187559665
74414,0,0,3.702113931948822e-10
74421,0,0,0.3619813325624848
74423,0,0,0.15499090687773062
74437,0,0,0.003072744469666856
74461,1,0,0.35562124323805605
74473,0,0,1.3477129181984444e-10
74475,0,0,3.6425683367184487e-06
74476,0,0,4.7166848845208535e-14
74478,0,0,0.017771231558387866
74479,0,0,5.861303322496741e-08
74480,0,0,2.666230093633428e-06
74505,0,0,0.26117367453132173
74508,0,0,3.2077755611841545e-06
74515,0,0,1.5085139444346529e-05
74517,0,0,0.002148213521160366
74519,1,0,0.025830277029680968
74528,0,0,1.1969716382175338e-11
74532,0,0,2.6334382854546547e-05
74534,0,0,0.03782600035979254
74541,1,0,0.14687257904402276
74546,0,0,0.004141480279118293
74551,0,0,5.248237030472157e-10
74558,0,0,1.848570886443524e-14
74559,0,0,0.0059879729438450345
74562,0,0,1.2068758765174794e-12
74586,0,0,0.15573911034917096
74593,0,0,1.1601985839941693e-07
74595,0,0,0.01947116106715906
74598,0,0,0.16348492861458738
74599,0,0,4.854963237237185e-12
74607,0,0,0.010250504460103416
74610,1,1,1.0
74611,0,0,4.1617773778357554e-15
74618,0,0,0.018532872456240013
74622,0,0,0.0001704559074737042
74640,1,1,0.9999999999998925
74648,0,0,0.13427388292915454
74651,0,0,4.568970723320867e-15
74660,0,0,0.0002023990993936613
74669,0,0,9.561181827084987e-18
74675,0,0,0.011305760320081622
74680,0,0,4.0175685738530616e-05
74684,0,0,0.015559815334335094
74692,0,0,3.5355212470955437e-08
74693,0,0,0.04968419456120103
74697,1,1,0.9999999953144942
74702,0,0,7.560071517805692e-09
74711,0,0,0.027921379899211094
74718,0,0,1.7075846091351214e-07
74725,1,0,0.330368085605805
74732,0,0,4.78300646689776e-08
74738,0,0,0.06317467391377247
74739,0,0,9.360331532495075e-09
74740,0,0,7.108628050505131e-09
74741,0,0,0.06813803737096008
74757,0,0,0.004508009151657427
74762,0,0,3.675533177915151e-09
74765,0,0,1.9878893711277484e-06
74768,0,0,0.14026711844097947
74774,0,0,0.0017401017556623623
74776,0,0,1.3685429590023993e-12
74779,0,0,0.010458868647261723
74782,0,0,0.15688914656024514
74784,1,1,1.0
74786,0,0,0.00014520840325023322
74787,1,1,0.9878093338863309
74789,0,0,0.016700759246744856
74797,0,0,3.766559318206398e-15
74803,0,0,1.2336661615107168e-05
74810,0,0,1.4444121410160956e-11
74811,0,0,9.681808668773707e-08
74818,0,0,5.511648680734854e-14
74819,0,0,7.0983978519817625e-06
74830,0,0,9.331270587699502e-13
74839,0,0,2.2584583957159815e-09
74840,0,0,0.04427422046881678
74845,0,0,5.914696583891115e-11
74853,0,0,0.08985861452086018
74858,0,0,4.9301119640318455e-08
74859,0,0,0.19434218923069668
74867,0,0,5.303086948403246e-06
74868,0,0,3.563570859214024e-06
74879,0,0,2.4112902201324867e-05
74880,0,0,0.008124721379491459
74885,0,0,0.006493924419323789
74888,0,0,7.906762724111008e-16
74889,0,0,2.8380188005968054e-07
74890,1,1,0.9999999921554211
74891,0,0,2.5550091440871766e-07
74893,0,0,6.257770797327487e-10
74894,0,0,0.12619102366349477
74895,0,0,0.001239462394676927
74897,0,0,1.6147275552184034e-09
74909,0,0,0.12611254204554428
74910,1,1,0.9999999999999996
74912,0,0,4.180452801285024e-16
74922,0,0,0.005726464603066768
74930,0,0,3.535728536670581e-05
74931,0,0,5.583439254306514e-06
74932,0,0,0.12078958781081818
74944,1,1,0.9999999926254577
74949,0,0,2.5381210540792913e-05
74954,0,0,5.050705888484736e-11
74955,0,0,3.2062187818590367e-12
74957,0,0,8.311163069191088e-07
74961,0,0,0.14566259831040054
74965,0,0,0.22117064504442796
74969,0,0,4.975630122798481e-06
74970,0,0,0.2535383717449203
74973,1,1,0.9999999999999096
74978,0,0,1.200492914124522e-10
74981,0,0,0.04397954674759012
75011,0,0,0.06184137972366863
75027,0,0,2.694457258651795e-06
75028,0,0,1.7504268256670135e-06
75034,0,0,5.371386342949278e-12
75035,0,0,2.4595847971817607e-09
75038,0,0,0.014047369770983358
75039,0,0,0.05701800756451591
75046,0,0,1.90521352122236e-06
75049,0,0,0.004869259946147445
75050,0,0,3.170791715895756e-07
75064,0,0,0.031416618325046136
75073,0,0,6.529207408184496e-17
75076,0,0,9.117524452344043e-06
75080,0,0,2.054788472322642e-05
75106,0,0,8.050161396541383e-07
75109,1,1,0.9804903104406106
75113,0,0,2.468132469196168e-05
75120,0,0,0.23735932481726546
75121,0,0,0.07307674964325644
75127,0,0,9.386159657736056e-15
75128,0,0,0.01441529385570682
75132,0,0,8.058520748956825e-13
75135,0,0,1.3279930364911318e-11
75143,0,0,1.7229997884704509e-10
75149,0,0,4.617732419157606e-08
75153,0,0,0.0040478707737989835
75157,0,0,0.021373354393766624
75166,0,0,1.5030662959241467e-09
75168,0,0,1.2286423068953469e-13
75180,0,0,0.018560385121374055
75193,0,0,0.004104760731146006
75195,0,0,4.1695342294940235e-06
75205,0,0,0.002037629624871513
75208,0,0,1.1338858375544126e-15
75210,0,0,1.6711589147214276e-08
75219,0,0,0.005612358711334774
75223,0,0,0.03840793855145665
75231,0,0,1.0756881448045143e-10
75248,0,0,0.34551057204118485
75281,0,0,3.645784150074346e-15
75283,0,0,5.932778023366076e-07
75284,0,0,3.806476951055851e-10
75286,0,0,0.002821822720406062
75289,0,0,3.0625135757417853e-09
75297,0,0,0.03978231804252047
75302,0,0,5.262170172338576e-10
75303,0,0,6.591828257940305e-05
75306,0,0,4.9882765884551174e-05
75307,0,0,9.234873300956888e-06
75316,0,0,7.22478936185624e-07
75328,1,1,1.0
75329,0,0,1.8757647140959843e-08
75331,0,0,0.07942893740933782
75356,0,0,1.6806514415378547e-11
75363,0,0,1.1659890625742789e-05
75371,0,0,4.072998867681607e-12
75374,0,0,0.24167347478904838
75376,0,0,3.81699497294159e-17
75377,1,0,0.10108168875302717
75386,0,0,7.006803602640906e-05
75389,0,0,8.426919895019015e-16
75392,0,0,0.06634167089536042
75393,0,0,0.07634854928403383
75398,0,0,8.633482365618014e-05
75399,0,0,7.646950359373516e-06
75404,0,0,0.06000286836987974
75405,0,0,2.083510117334081e-05
75417,0,0,0.043455614036323365
75422,0,0,1.4752143059851916e-07
75435,0,0,1.34241084629426e-08
75437,0,0,3.1307765767953103e-09
75440,0,0,0.003040220504496441
75441,0,0,2.267452664711454e-07
75446,0,0,1.3848687174701876e-11
75456,0,0,0.0711860489906761
75460,0,0,0.15786211483939008
75461,0,0,0.45878658576550385
75467,0,0,0.12834453928541312
75473,0,0,4.584554688581404e-13
75474,0,0,0.2903415099317355
75477,0,0,0.021480699827576295
75478,0,0,0.002468793946051484
75480,0,0,0.04121807586012077
75488,0,0,0.19006204952664146
75494,0,0,0.002856883248679769
75502,0,0,0.016765706027247185
75504,0,0,1.1474196736262285e-13
75507,0,0,8.279616772367114e-14
75508,1,1,0.9999999999999232
75511,0,0,1.944677927861889e-05
75512,0,0,2.3295775957045555e-06
75523,0,0,1.4630992005807606e-06
75531,0,0,0.0034756722084306173
75537,0,0,4.3368165361060616e-08
75548,0,0,2.1705016517262662e-08
75552,0,0,1.465887424975923e-07
75558,0,0,0.02478636269228305
75560,0,0,8.411137157852979e-10
75561,0,0,0.026894216687200996
75563,0,0,2.1136936846235632e-13
75571,0,0,0.0460363617955355
75573,0,0,1.6616471763832226e-16
75581,0,0,1.289108359031911e-05
75582,0,0,2.0380082977704935e-06
75586,0,0,1.69647371598671e-15
75588,0,0,3.9208802836875705e-12
75593,0,0,4.594557980099493e-12
75599,0,0,1.193591270774856e-06
75625,0,0,0.21847416126005118
75632,0,0,1.322254993118341e-10
75640,0,0,4.614317449201536e-09
75642,0,0,3.996981733742771e-05
75644,0,0,2.9399996199883037e-05
75650,0,0,0.11567318273160038
75660,0,0,5.826824309096121e-06
75663,0,0,1.2198202420087735e-06
75666,1,1,1.0
75692,0,0,9.457853658242053e-13
75699,0,0,7.233466126531693e-14
75700,0,0,9.697740021711811e-14
75702,0,0,2.2894608854363125e-10
75703,0,0,4.06841976327135e-10
75709,0,0,4.672626166546106e-13
75714,0,0,5.305415204297437e-11
75717,0,0,1.8884958514254716e-12
75719,0,0,6.907349256434699e-10
75722,0,0,0.006839797687827657
75723,0,0,7.2006755187244875e-12
75726,0,0,0.12156137592639917
75728,0,0,1.3902350347430056e-05
75746,0,0,0.00017710095231396537
75752,0,0,3.0869510822729865e-06
75758,0,0,1.825267257042208e-13
75766,0,0,1.9708482877956854e-10
75769,0,0,0.26757764789816996
75770,0,0,9.835897347300285e-15
75777,0,0,1.111584199942961e-12
75781,0,0,1.2562474010451438e-09
75790,0,0,1.4809783954064263e-06
75792,0,0,1.815289121007883e-05
75794,0,0,1.2091812710528119e-12
75816,0,0,5.343943431766973e-13
75820,0,0,1.0332328234133504e-08
75823,1,1,0.9999781156118943
75833,0,0,2.7058713743564567e-10
75840,0,0,0.20472343859301512
75848,0,0,0.07039984845417295
75851,0,0,2.166370367171849e-06
75856,0,0,5.16342381129213e-13
75870,0,0,1.550553934376372e-08
75871,0,0,0.049382573785349784
75878,1,1,1.0
75880,0,0,0.3545051285883853
75885,0,0,0.00020608781080935654
75887,0,0,8.651186027517648e-09
75893,1,1,0.9999999995695144
75900,0,0,7.731194567297088e-10
75903,0,0,0.00038924817212454473
75906,0,0,0.00022641709755812106
75910,0,0,7.094754737466593e-15
75915,0,0,0.00020498089015022478
75920,1,1,0.9999999999994038
75941,0,0,3.464446168934972e-10
75944,0,0,0.03840841321153351
75951,0,0,4.468516772240936e-05
75957,1,0,0.09398072648435281
75971,0,0,7.62938608919183e-07
75979,0,0,2.656840249089429e-12
75991,0,0,8.037814826944499e-10
75992,0,0,5.718812380524494e-06
75994,0,0,0.013377955787358755
75997,0,0,4.576133319108273e-05
76000,0,0,0.04705653843135616
76002,0,0,1.0316788546914201e-09
76007,0,0,0.08843824522821238
76008,0,0,0.0025701390050952046
76010,0,0,0.04292720877721587
76011,0,0,2.8168660073920676e-12
76021,0,0,2.9220979541989663e-06
76037,0,0,7.601714160979668e-14
76046,0,0,0.006365881804071341
76059,0,0,0.30878496038934183
76060,0,0,0.014081234956308534
76066,0,0,0.0982202856026097
76075,0,0,0.003204443789323206
76079,0,0,1.0622410561411508e-12
76088,0,0,4.266313864442242e-07
76113,0,0,0.18624853510701234
76114,0,0,4.0880660134426845e-09
76115,0,0,1.1172024271517986e-07
76116,0,0,3.4937982298151842e-06
76117,0,0,8.470495924697014e-16
76122,1,1,1.0
76125,0,0,8.600346604632382e-08
76127,0,0,5.942988085360754e-14
76135,0,0,2.7662353969022673e-10
76147,0,0,8.423788400819551e-07
76155,0,0,0.2206391272038772
76161,0,0,0.041386285550568405
76163,0,0,2.9385088665215684e-08
76166,1,1,0.9999999987170463
76170,1,1,1.0
76171,0,0,0.19474676642474356
76172,1,0,0.09713046082417356
76175,0,0,9.936960723913267e-10
76176,0,0,0.0904082389106259
76179,0,0,1.0511842686565595e-06
76187,0,0,0.0054257989854055375
76202,0,0,0.08908635527700137
76211,0,0,0.022498987139831995
76215,0,0,2.2035057994333655e-06
76226,0,0,1.499646726410329e-06
76229,0,0,0.006487900516994691
76235,0,0,0.024699266004830297
76254,0,0,1.9410043864247533e-06
76258,0,0,7.333679465173795e-06
76264,0,0,0.036797600618042214
76266,0,0,7.542219221362827e-06
76267,0,0,9.242009135884633e-12
76268,1,0,0.008344699748300415
76273,0,0,3.071860225238316e-13
76291,0,0,3.368649949414858e-10
76302,0,0,1.5078210459803095e-07
76309,0,0,7.382168626621294e-16
76316,0,0,0.002743780845367909
76319,0,0,0.07329349250032759
76320,0,0,5.361836021938729e-06
76321,1,0,0.0431913123521568
76324,0,0,9.307506582710937e-05
76325,0,0,1.1294253965811169e-07
76326,0,0,0.04696864562826946
76327,0,0,0.008041603934775732
76328,0,0,1.950285554898704e-05
76332,0,0,5.9523824643065995e-06
76333,0,0,1.377186480597719e-07
76353,0,0,0.18701494584784928
76355,0,0,0.00048557587400475136
76356,0,0,0.04111542873878537
76359,0,0,4.998265211002959e-07
76374,1,1,1.0
76382,0,0,5.13651444249527e-13
76384,0,0,3.0949159065087078e-06
76389,0,0,4.714944815423486e-15
76391,1,0,0.15386356783134392
76395,0,0,1.996266033543746e-07
76396,0,0,0.08513713969589458
76398,0,0,3.56956472701483e-11
76408,0,0,2.632083615041257e-14
76415,0,0,0.15782102692452896
76416,0,0,1.0313505477484821e-13
76425,0,0,1.1216766839078231e-08
76430,0,0,6.766148307889198e-08
76438,0,0,1.0135498160807583e-05
76443,0,0,3.139349315419421e-12
76453,0,0,4.7800271559658756e-05
76455,0,0,0.21327893284639138
76457,0,0,3.0958824458377403e-09
76464,0,0,5.366244553808896e-17
76465,1,1,0.9999999996175704
76468,0,0,6.154404086525246e-12
76473,0,0,5.1708538247362564e-14
76476,0,0,0.06283206220335714
76480,0,0,2.632442996698714e-12
76485,1,1,1.0
76486,0,0,3.1180577002966933e-12
76497,0,0,1.372298272405817e-08
76498,0,0,0.05781835418616708
76499,0,0,0.18909483510590636
76503,0,0,5.405488943629746e-05
76505,0,0,8.053157306001623e-06
76507,0,0,2.6964404990204426e-05
76508,0,0,3.3096996745691855e-09
76516,0,0,0.046921669854578574
76519,0,0,2.317908171297886e-15
76520,0,0,0.08947459884153788
76522,1,1,0.9999999999999998
76524,0,0,0.12979379859261758
76527,0,0,0.08463034212958329
76536,1,1,0.9999999990489252
76537,0,0,2.789659144543069e-12
76550,0,0,0.017153173782148836
76553,0,0,0.046108907254500286
76555,0,0,0.2305888679029598
76556,0,0,2.2571651398861227e-06
76562,0,0,0.07909805040124351
76564,0,0,0.20143853815442048
76572,0,0,0.04414525139239171
76576,0,0,8.98582185941697e-06
76579,0,0,0.15339318050698791
76594,0,0,0.022373324614738933
76604,0,0,0.004004898704944297
76610,0,0,7.828980173774072e-12
76611,0,0,0.2685322548988793
76615,0,0,3.295392902292709e-05
76616,0,0,0.014113656821538067
76619,0,0,0.0015008663973071956
76630,0,0,0.009666448717339036
76635,0,0,6.48753122829915e-06
76636,0,0,0.015937678763371148
76651,1,1,0.9999999999999138
76656,0,0,0.2995725896116758
76682,0,0,0.016453261649655188
76688,0,0,0.002124668183687162
76694,0,0,0.19999537853438057
76696,0,0,6.02113137458268e-07
76701,0,0,2.839960670361552e-12
76710,0,0,1.8287119012047863e-18
76714,0,0,0.06194930605119534
76716,0,0,0.07068009839418717
76717,1,0,0.18701060604881303
76721,0,0,6.606331563617842e-08
76724,0,0,0.011764119550097518
76727,1,1,0.9997290562378025
76737,0,0,6.148873014465891e-06
76742,0,0,0.21196841838577854
76746,0,0,6.149660527553144e-11
76747,0,0,0.15746473633621577
76759,0,0,5.505402785545354e-10
76761,0,0,1.8254637262178708e-09
76783,0,0,0.003029948477556132
76786,0,0,7.774764733048918e-07
76790,0,0,0.00031163486532903003
76794,0,0,1.8832943061979403e-06
76797,0,0,0.014994154197893477
76800,0,0,7.738305832095678e-05
76805,0,0,7.68741279098758e-06
76810,1,1,1.0
76812,0,0,0.2580025728784112
76814,0,0,0.2608898458462296
76825,0,0,0.0003939744777162761
76841,0,0,0.0030279223506094917
76848,0,0,2.21646085181779e-14
76858,0,0,1.8323028105339026e-08
76860,0,0,0.22572355949735812
76862,0,0,3.93667993041317e-09
76870,0,0,2.1229929754320552e-07
76871,0,0,1.9592156419740177e-08
76874,0,0,2.987748720397681e-08
76894,0,0,0.0018285867610609804
76896,0,0,3.2028852391525905e-09
76904,0,0,1.79481911836049e-17
76906,0,0,0.053932965263926325
76911,0,0,7.842343606771334e-06
76912,0,0,2.557194027399634e-07
76914,1,1,1.0
76918,0,0,1.696272590638609e-13
76923,1,1,0.9999999999999489
76925,0,0,0.034520496543888814
76928,0,0,1.5089564879589083e-06
76932,0,0,6.330231599509901e-06
76939,0,0,0.062036636950403345
76947,0,0,0.04388211362411515
76955,0,0,0.035497726899788175
76962,0,0,0.004756772383764909
76964,1,0,0.26693413502772156
76978,0,0,0.06390641827438877
76982,0,0,0.020043961090907253
76991,0,0,2.0398392820123873e-08
76992,0,0,1.3669118243276678e-06
76998,0,0,0.019957252945840196
76999,0,0,4.102541818890421e-07
77012,0,0,1.9769815161228005e-06
77014,0,0,0.027903505773881638
77020,0,0,2.747490273802665e-07
77022,0,0,0.002807805634029523
77024,0,0,9.258224035522271e-12
77034,0,0,2.7072454099586543e-13
77047,1,1,0.9999999999999984
77059,0,0,0.05825539911251972
77060,0,0,1.3750991408849668e-07
77061,1,1,0.9389862826965398
77073,0,0,4.583069432145786e-08
77083,0,0,0.020817467568477525
77089,0,0,0.0021961854643036474
77097,0,0,1.2023569186544416e-11
77099,0,0,4.6560759867497146e-08
77103,0,0,6.008121206366661e-07
77104,0,0,2.779922111576171e-06
77110,0,0,3.495259678803675e-08
77115,0,0,2.378368869693922e-18
77127,0,0,8.480595864505726e-07
77134,0,0,6.602598748291085e-09
77139,0,0,3.5604119580118036e-08
77140,0,0,6.735918291070462e-06
77141,0,0,5.31130934088066e-07
77146,0,0,2.4786251455562297e-07
77151,0,0,6.150932004311302e-09
77157,0,0,9.9525624133375e-12
77164,0,0,5.697691222434375e-08
77165,0,0,3.04831291399858e-06
77171,1,1,0.9751527134523166
77173,0,0,2.3479180508498232e-07
77180,0,0,2.3119111130562055e-05
77184,0,0,1.6089681218413392e-05
77197,0,0,2.774026738343873e-10
77202,1,1,0.998421861978173
77205,0,0,0.23339281624273722
77206,0,0,1.796012901453068e-16
77210,0,0,0.014907408998385337
77224,0,0,0.018216561262101885
77227,0,0,0.011075127245943454
77228,0,0,3.7968432668441437e-07
77234,1,1,0.9999999999999087
77236,0,0,2.4496126011948663e-09
77239,0,0,0.014053693802715105
77246,1,0,0.16308574539038626
77247,1,1,0.5412162442644207
77251,0,0,0.038653387847586554
77254,0,0,0.09817374865745425
77255,0,0,1.0928597834142849e-15
77266,0,0,1.4963041795487178e-13
77267,0,0,0.13248117847720495
77275,0,0,1.1388621943942181e-12
77287,0,0,0.0036758610252884657
77299,0,0,0.006556951590784493
77304,0,0,1.7144283424200792e-12
77312,1,1,1.0
77313,0,0,0.020882144597846458
77324,0,0,3.8448516905914616e-07
77326,0,0,0.010374302757622274
77330,0,0,1.9055237622230176e-11
77333,0,0,2.1684455616257758e-07
77336,0,0,6.993909121942302e-06
77340,0,0,0.004487584942701548
77342,0,0,0.013313557228823464
77343,0,0,0.031375000691837525
77344,0,0,7.132842940233225e-18
77359,0,0,5.994568346446494e-12
77365,0,0,7.475369007911401e-13
77369,0,0,0.007035869887047142
77381,0,0,0.041966528031775786
77386,0,0,0.00468110893066275
77387,0,0,1.6120993104266253e-06
77395,0,0,3.84579954057504e-07
77400,1,0,0.19793952659877276
77404,0,0,0.015724597821588384
77406,0,0,0.007665314905630228
77407,0,0,3.37702633090956e-12
77409,0,0,3.9358097633579445e-12
77414,0,0,0.11188952383219772
77417,0,0,0.019964082656537156
77420,0,0,2.283164869302975e-13
77423,0,0,0.203225890317981
77427,0,0,0.21177244766688263
77449,0,0,0.00010706840264730246
77457,0,0,6.10894937089499e-14
77465,0,0,1.0599936280040499e-05
77477,0,0,1.0679648545210104e-06
77491,1,1,0.9999999999999751
77494,0,0,4.659635485132182e-08
77496,0,0,6.433683643652874e-08
77497,0,0,0.043537510677618275
77504,0,0,0.04436923890402806
77506,0,0,5.645548901812888e-10
77512,0,0,0.02751063421745509
77517,0,0,0.05344463786484101
77518,0,0,1.863853721857196e-08
77520,0,0,6.247514335961002e-12
77523,0,0,0.0844221326556325
77524,0,0,0.001074094443019251
77525,0,0,0.1508433710616224
77529,0,0,4.094817958019595e-12
77538,0,0,5.0734922394731395e-08
77548,0,0,0.14818362815264627
77549,0,0,0.03448561907560596
77565,0,0,2.1101373316597077e-18
77567,0,0,3.059788510163965e-09
77571,0,0,0.017733042895367052
77585,0,0,2.6866336996860324e-12
77589,0,0,0.05910868777405577
77603,0,0,2.6343444208425294e-06
77612,1,1,1.0
77618,0,0,1.3509995896335676e-08
77638,0,0,4.861278261365266e-09
77640,0,0,0.032848688230920034
77641,0,0,0.006752310232943258
77643,0,0,7.097047236208562e-08
77646,0,0,1.4190003870468287e-08
77655,0,0,6.062908782540741e-18
77657,0,0,5.960342735173014e-06
77667,0,0,6.677379849002619e-13
77673,0,0,0.005808928529305513
77683,0,0,1.349330550774578e-08
77685,0,0,0.2522662926160573
77690,0,0,7.504358221335942e-07
77692,0,0,5.530933458667573e-09
77719,0,0,4.0483723993743043e-10
77723,0,0,2.1671830182376154e-06
77726,0,0,0.008850120260190926
77733,0,0,0.032012326860872985
77741,0,0,1.7051655717922314e-07
77742,0,0,1.500001295309333e-11
77746,0,0,3.3517803645707834e-18
77749,0,0,0.00020081370174197328
77757,0,0,1.9283724960095287e-05
77758,0,0,8.20483171628601e-07
77760,0,0,1.158968097275071e-07
77762,0,0,8.93514912957998e-07
77767,0,0,0.27647584634845956
77772,0,0,1.1675718899551407e-11
77785,0,0,0.08934250422914282
77788,0,0,3.4565287759778103e-06
77794,0,0,5.695169717482808e-08
77820,0,0,2.5424939715116267e-21
77837,0,0,0.11514849040046743
77840,0,0,0.018332373482910894
77844,0,0,3.5590501155726115e-08
77847,0,0,0.07941211187898319
77856,0,0,2.6895323159827664e-06
77867,0,0,0.0435081044074812
77868,0,0,0.006471923823653064
77870,0,0,2.4671207916682018e-05
77871,0,0,0.02959813987544495
77879,0,0,1.699426710176668e-05
77882,0,0,7.622820984860937e-05
77884,0,0,0.03398808002645095
77894,0,0,0.11331485951814503
77897,0,0,2.5008632232191166e-11
77903,0,0,0.20414976411968566
77911,0,0,0.18041723036986887
77912,0,0,0.0018076104160512346
77914,0,0,1.2690799777114015e-06
77916,0,0,0.23188807648830623
77921,0,0,7.832986829874224e-09
77929,0,0,0.1374095520026913
77930,0,0,1.8536930246038494e-07
77937,0,0,4.727868653279551e-11
77938,0,0,1.3195834476600911e-12
77943,0,0,0.0006311890797612908
77945,1,0,0.17972719802993273
77947,0,0,8.212471567377736e-06
77948,0,0,0.005893633944152997
77952,0,0,0.12975078851125932
77966,0,0,7.562790483846151e-09
77967,0,0,2.5821005394436964e-08
77972,1,1,0.9931159156568803
77973,0,0,7.274053288423604e-05
77975,0,0,2.487267135788931e-05
77985,0,0,4.2294989200495725e-08
77987,0,0,8.726642770375973e-12
77988,0,0,1.850882946981375e-11
78004,0,0,0.0033527380468315487
78005,0,0,3.130714598128021e-17
78007,0,0,0.22767491631673634
78010,0,0,6.937652318293143e-07
78015,0,0,0.11045025954912924
78017,0,0,0.0900416091980358
78020,0,0,0.010045527853361129
78023,0,0,0.24124363268127424
78026,1,0,0.1772135123516409
78030,0,0,4.0147925514733415e-15
78034,0,0,0.036042505681090076
78035,0,0,8.787336431146662e-13
78040,0,0,6.523769405597237e-07
78045,0,0,0.067156713055363
78051,0,0,1.060741696431743e-05
78059,0,0,4.614916301033906e-15
78061,0,0,0.016512879202861725
78066,0,0,5.282473483667212e-12
78078,0,0,0.015266667939872842
78080,1,1,0.9999999961534722
78089,0,0,3.595649961407239e-07
78096,0,0,0.07466604502526468
78116,0,0,0.4012749149371932
78123,0,0,3.3229758074003817e-06
78125,0,0,0.2730314260075706
78126,0,0,0.02652554115616206
78141,0,0,0.02269145111696275
78164,0,0,6.202636471199868e-13
78171,0,0,1.741737038094674e-16
78180,0,0,7.449102286181858e-15
78182,0,0,1.1009909900897528e-05
78188,0,0,1.4491626019667617e-08
78203,0,0,2.5111012193662557e-07
78205,0,0,7.355155331114764e-08
78207,0,0,0.09351716688028594
78214,0,0,3.055937351534359e-06
78216,0,0,0.05440048270396019
78222,0,0,0.17495254581332664
78229,0,0,0.21627185476142857
78230,0,0,3.5916069695571514e-11
78239,0,0,0.028666588580462844
78241,0,0,2.034210573298916e-11
78247,0,0,3.999687492350065e-08
78248,0,0,0.031409095181671516
78249,0,0,0.006673210157522314
78261,0,0,5.268450336978675e-10
78264,0,0,5.709693701002395e-07
78265,0,0,0.05443253635445127
78278,0,0,0.05265051412752775
78283,0,0,1.4912753403949612e-06
78303,0,0,2.0866946506516256e-07
78309,0,0,0.024537390120043846
78311,0,0,3.097592466113324e-06
78312,0,0,5.092760968252193e-09
78319,0,0,2.433489890740515e-12
78327,0,0,0.12360084856489165
78332,0,0,8.123024178351161e-08
78336,0,0,0.06371469937837873
78342,0,0,8.126741151677095e-07
78352,0,0,0.17982639125018135
78354,0,0,1.8785854011573016e-06
78357,0,0,1.258958675842433e-06
78358,0,0,2.6330121530479517e-09
78360,0,0,8.99367527213028e-07
78363,0,0,0.008723414641850993
78365,0,0,6.871995666650065e-18
78370,0,0,9.588707986632264e-12
78379,0,0,0.004965828957245619
78407,0,0,0.002416234709758723
78412,0,0,0.012992523054270651
78414,1,1,0.9999999997271216
78425,0,0,0.008405106527822281
78430,0,0,4.681065858141078e-05
78436,1,1,0.9795063704592205
78439,0,0,3.890831733701527e-17
78442,1,1,0.9999999999999998
78444,0,0,0.13375426546145386
78446,0,0,0.03538016957836769
78449,0,0,2.2823871732458746e-07
78450,0,0,0.0018733196265923583
78451,0,0,6.093777836852963e-06
78452,0,0,0.11999948692658367
78456,0,0,0.09458273466453537
78464,0,0,3.239320828372842e-19
78465,1,1,1.0
78467,0,0,1.955701100878297e-11
78472,1,1,0.9822713134369978
78475,0,0,0.13085801059154853
78480,0,0,0.21869106231201269
78492,0,0,6.362521192240547e-09
78498,0,0,0.3721591478073456
78500,0,0,6.180320089877198e-08
78508,0,0,0.12998960592076775
78511,0,0,0.0619205885241111
78514,0,0,0.2177977751396452
78518,0,0,4.541645134410766e-05
78519,1,0,0.0882943187913317
78520,0,0,6.616209005484812e-07
78525,0,0,8.781582954312781e-12
78526,0,0,2.710597545046723e-07
78530,0,0,1.4080791864017117e-06
78535,0,0,0.002434044691906455
78558,0,0,0.11339084615793216
78561,0,0,0.019901295622757765
78569,0,0,0.005490565110908903
78574,0,0,0.027870860795730753
78580,0,0,5.846169809018796e-13
78582,0,0,0.3854670478331236
78583,1,0,0.11514819726547892
78584,0,0,9.110640838421792e-08
78601,0,0,0.1595233624004469
78604,0,0,0.0046197919170905275
78617,1,1,1.0
78629,0,0,1.1391317987575884e-08
78635,1,1,0.9999999999999998
78637,0,0,4.629639402337475e-09
78649,0,0,1.129136439963725e-11
78650,0,0,0.014361518729830137
78651,0,0,0.004435824661650667
78656,0,0,0.017387038326054004
78661,0,0,2.213685947456932e-11
78668,0,0,0.0009663913958260547
78671,1,1,1.0
78672,0,0,0.0040529798138600965
78677,0,0,0.2522403569228809
78688,0,0,1.703004293811344e-05
78692,0,0,8.059530043309363e-16
78696,0,0,0.0061664345635840355
78709,0,0,0.07784715121332077
78712,1,1,1.0
78719,0,0,1.1503650553520546e-06
78721,0,0,1.1156782385435456e-12
78734,0,0,0.07175906612835728
78735,0,0,3.7354244268205873e-07
78736,0,0,7.369535206749356e-08
78738,0,0,4.12844855300894e-12
78743,0,0,1.1956795852089849e-10
78749,0,0,7.09121579637397e-18
78752,0,0,0.13875868479216236
78754,1,1,1.0
78755,0,0,0.09521860885332602
78760,0,0,0.03755570463434676
78769,0,0,5.967482850501543e-10
78782,0,0,1.983667881562608e-15
78790,0,0,0.057370293006940534
78811,0,0,7.552597382479669e-06
78812,0,0,0.050426339676955596
78816,0,0,1.7378077668009237e-10
78818,1,1,0.5318512693709369
78826,0,0,1.7664183585891588e-05
78830,0,0,0.06437057044944952
78836,1,0,0.06192218616317778
78838,0,0,0.13174362791123267
78844,0,0,0.10783704649062727
78846,0,0,2.303781649173319e-14
78848,0,0,0.04359728897461232
78853,0,0,7.932502030599892e-10
78854,0,0,6.037030272817883e-13
78855,0,0,0.004072415121121138
78866,0,0,2.8552955188353815e-11
78871,0,0,4.3843415437445496e-10
78885,0,0,0.060431592691055115
78909,0,0,0.2519407843697908
78912,0,0,1.2788284760624441e-17
78920,0,0,0.002987064952428338
78924,0,0,4.827706216945418e-12
78931,0,0,6.906204359131876e-13
78934,0,0,7.45517675984894e-07
78939,0,0,0.049344122638559425
78948,0,0,0.004616148208987712
78959,0,0,6.506623308759011e-09
78963,0,0,2.0247236693918635e-09
78973,0,0,0.0030662665231256632
78975,0,0,5.083710451567072e-12
78993,1,1,0.9648899359903834
79009,0,0,3.698497887294313e-06
79025,0,0,0.014674853297182535
79026,0,0,2.444501029019217e-12
79028,0,0,2.5971721188907096e-13
79037,0,0,3.1625992934319044e-07
79043,0,0,0.020402330968613682
79045,0,0,5.211956672313647e-12
79046,0,0,0.019304308565300847
79058,0,0,0.04024835235971055
79067,0,0,1.2137836288998668e-05
79072,0,0,0.07711077493148054
79076,0,0,5.07968513331585e-16
79078,0,0,7.578563993266451e-05
79081,0,0,1.3410285175527793e-18
79100,0,0,0.04925282099269871
79105,0,0,0.11204270052566899
79106,0,0,3.8903511507577967e-13
79107,0,0,4.255863557113766e-06
79108,0,0,0.016761489447809162
79120,0,0,3.093517499161899e-08
79125,0,0,5.027846328808566e-07
79127,0,0,0.1449593197338387
79128,1,0,0.03937251814870975
79131,0,0,0.04037619071658908
79140,0,0,0.013389692862373265
79147,0,0,0.24824786356266682
79149,1,0,0.12285056938638854
79158,0,0,0.016156676443387585
79176,0,0,3.3112489854034805e-08
79179,0,0,0.007775864091359798
79185,0,0,1.616586116240709e-08
79186,0,0,0.01116400531891373
79187,1,1,0.9999999999998905
79189,0,0,0.003462993898283664
79191,0,0,1.2852035875288621e-08
79195,0,0,1.0360208659909919e-07
79204,0,0,0.07111809039615513
79208,0,0,0.14548576012921793
79211,0,0,1.2032066537925946e-14
79212,0,0,4.201635501964025e-17
79214,0,0,3.2614085800696696e-15
79216,0,0,0.1578199731664185
79225,0,0,1.3613909156441992e-09
79240,0,0,0.0014143562028392695
79251,0,0,8.279430494381983e-16
79255,0,0,3.1987430505406784e-12
79259,0,0,0.13828387836338335
79289,0,0,2.0884688803163828e-08
79291,0,0,0.03646734543492382
79305,0,0,0.0025729520053071604
79310,0,0,3.058513209970097e-08
79314,0,0,9.261494304758504e-13
79320,0,0,0.013732417169779713
79321,0,0,0.00779286551840308
79326,0,0,6.788863983790947e-12
79327,0,0,0.07907304639015739
79330,0,0,5.1833353654732846e-08
79334,0,0,4.782966464203591e-10
79344,0,0,1.8978624307433192e-08
79347,1,0,0.1573531997960567
79349,0,0,0.04975323354264794
79354,0,0,7.115655910020225e-06
79356,0,0,5.012089602990012e-08
79366,0,0,1.9715708041804956e-12
79370,0,0,0.004608594794489466
79372,0,0,2.5551282364960546e-07
79375,0,0,6.138665523632876e-07
79381,0,0,7.459122014631159e-07
79385,0,0,1.1252268232193604e-06
79397,0,0,1.168399808970762e-09
79399,0,0,6.211777147801121e-13
79401,0,0,9.75495143821285e-09
79407,0,0,3.532873921240363e-06
79412,0,0,1.0042111654237598e-05
79421,0,0,2.7392984015837275e-15
79422,0,0,0.0002720123355935108
79424,0,0,0.0859120975932772
79430,0,0,0.06346518467992793
79433,0,0,0.0052229445166414165
79441,0,0,4.673826258475118e-18
79447,0,0,8.96534374886781e-16
79448,0,0,6.2981559489618895e-19
79466,0,0,0.061702903076543414
79467,0,0,0.27599107509675935
79476,0,0,0.029802352177433038
79482,0,0,4.969212156624663e-07
79488,0,0,8.920333775469451e-08
79495,0,0,0.005001975901137939
79502,1,0,0.03253054095393483
79506,0,0,0.007663347114599836
79510,0,0,0.158362462568832
79511,1,1,0.999999999991799
79513,0,0,3.191044445330432e-12
79515,0,0,0.0018399516176988053
79519,0,0,1.3756988695654487e-06
79521,0,0,0.10198127813558008
79524,0,0,2.854356348875159e-06
79526,0,0,0.07022518453357793
79529,0,0,0.011788565413300384
79533,0,0,9.795221693840607e-12
79534,0,0,0.04910619188199444
79541,0,0,0.0072157007931839285
79542,0,0,1.7355037525993279e-07
79550,0,0,0.045245260413669795
79552,0,0,1.20911209268086e-12
79557,0,0,2.346517104921338e-17
79571,0,0,2.9065665607066497e-13
79572,0,0,1.1355851191519397e-09
79573,0,0,1.0357255315509853e-07
79584,0,0,3.5639675146639133e-16
79589,0,0,1.056766296799012e-08
79594,0,0,0.006585445377508877
79595,0,0,0.1579969090216492
79598,0,0,4.205378352683973e-07
79612,0,0,8.807395265086564e-14
79620,0,0,2.708663720662701e-10
79623,0,0,0.1227863729111795
79625,1,1,0.999999999999952
79638,0,0,0.027865522821794064
79642,0,0,2.159241925640464e-06
79646,0,0,0.12721535425410535
79650,0,0,0.003220781902423077
79654,0,0,4.21548002525456e-05
79659,0,0,5.80182091908021e-16
79662,0,0,0.004537447544255
79667,0,0,7.350761968478193e-13
79669,0,0,3.743558548266964e-09
79678,1,1,0.9999999999999059
79679,0,0,0.0026117843041016044
79681,0,0,3.7588708309771944e-06
79693,0,0,1.1314755727420254e-16
79709,0,0,4.3006602105265645e-10
79719,0,0,6.32754879298727e-13
79727,0,0,0.044146370062969585
79730,0,0,0.10903758732666599
79735,0,0,1.439681060657407e-08
79739,0,0,4.5469533546783285e-09
79740,0,0,8.95749074590754e-08
79742,0,0,1.5445306681057562e-05
79749,0,0,3.5877180477884393e-06
79752,0,0,6.335213719007761e-17
79754,0,0,0.013900020101593434
79761,0,0,6.067625200482154e-07
79763,0,0,0.0003078977094119775
79764,0,0,4.263373615030549e-15
79777,0,0,1.013961459631492e-10
79781,0,0,3.511665278762761e-05
79783,0,0,7.866872247895389e-08
79790,0,0,0.0029475123141930537
79799,0,0,4.4742320088274945e-07
79800,0,0,0.01311195806912986
79807,0,0,8.075362857232662e-06
79809,1,1,1.0
79811,1,0,0.11077160895975022
79814,0,0,8.014177430796903e-16
79818,0,0,3.7182479178804785e-12
79821,0,0,0.0034204855177428287
79823,0,0,0.06413644646509742
79825,0,0,0.07339618705533511
79830,0,0,3.227431253625124e-16
79833,0,0,0.016636285387170713
79838,1,1,0.9999999999999538
79839,0,0,0.16210618457026194
79841,0,0,4.1160693301883e-12
79843,0,0,0.0024962470767674132
79847,0,0,1.1200193436919053e-16
79850,0,0,0.01301020815089565
79864,1,1,0.9999999999999991
79866,0,0,2.114446830671926e-07
79869,0,0,0.15676287474648254
79878,0,0,0.011527360405958455
79879,0,0,1.2807437914304947e-10
79889,0,0,1.1834565509896935e-14
79911,0,0,0.006240201154040535
79912,0,0,7.155622321303432e-05
79919,0,0,1.560665779360775e-09
79924,0,0,2.736886656678401e-05
79934,0,0,0.00023752137241101853
79940,0,0,1.0565441953851631e-07
79941,0,0,0.006981708248762318
79954,0,0,6.230576023008229e-18
79967,1,0,0.07890223224013254
79968,0,0,8.517427897444134e-11
79970,0,0,0.15447937897546293
79971,0,0,0.025612718833030703
79975,0,0,0.09071779917617885
79983,0,0,0.03914351660860198
79986,0,0,0.043946557797887364
79989,0,0,0.2780180707358884
79992,0,0,0.05338420797098484
79995,1,1,1.0
80000,0,0,4.9962303070100505e-06
80016,0,0,5.78505560968959e-05
80021,1,0,0.009410853498705202
80022,0,0,0.018096690972608204
80026,0,0,3.2973106218020553e-12
80035,0,0,2.0691654367382192e-10
80036,0,0,0.19592559994640352
80042,0,0,7.478525496630306e-07
80043,0,0,0.0004125742970755537
80044,0,0,0.05793333199134806
80054,0,0,0.0004890169334721686
80059,1,1,1.0
80065,0,0,3.200559318641106e-10
80084,0,0,0.017539455443473843
80086,1,1,0.9386376414064003
80091,0,0,0.0035156353066139677
80097,0,0,0.329163156950968
80100,0,0,1.4902512271346927e-10
80108,0,0,0.04600508715219484
80127,0,0,0.09285601815300054
80134,0,0,5.106639573600118e-10
80141,0,0,3.997215298517842e-12
80144,0,0,2.5439109956020852e-14
80154,0,0,1.8132166121932746e-07
80155,0,0,0.011263967050203114
80160,0,0,2.3130407393198285e-07
80167,1,1,0.8751069476592449
80185,0,0,0.012756906465288055
80186,0,0,0.0002096488260293967
80203,0,0,4.741854198483753e-15
80209,1,1,0.9999999999999998
80217,0,0,1.0745676465119692e-06
80219,0,0,0.010295995901451933
80225,0,0,0.03292280268357328
80238,0,0,7.398170606143963e-06
80243,0,0,0.0002852667871478153
80247,0,0,0.24466285949596836
80249,0,0,6.74414891969707e-11
80254,0,0,0.1494281788095769
80261,0,0,2.320856865942811e-09
80262,0,0,0.08697848522320821
80265,0,0,4.794249299020301e-07
80273,0,0,1.6723212762215291e-09
80286,0,0,4.390472843822348e-05
80296,0,0,0.01911971695447891
80303,0,0,2.160358421725749e-07
80315,0,0,1.5862536622339265e-13
80321,0,0,1.4053256898074413e-15
80335,0,0,7.658842849954386e-06
80340,0,0,1.889134654853897e-09
80349,0,0,0.003630564384091651
80351,0,0,1.198666197819458e-14
80357,0,0,0.00834176054695694
80359,1,1,0.9999999999988878
80376,0,0,2.1343932119301832e-08
80377,0,0,1.4298964739004584e-07
80394,0,0,0.0062233713365456396
80406,0,0,5.7588329867367986e-08
80414,0,0,0.0036518896994608536
80417,0,0,0.046243769144687724
80418,0,0,1.945004349375819e-12
80420,0,0,8.78293216325059e-14
80428,0,0,1.915501923933415e-14
80430,0,0,1.2248733837017026e-16
80432,0,0,6.428629119569723e-06
80435,0,0,0.059606993230647644
80442,0,0,4.4789514333793054e-09
80446,0,0,6.55995120109383e-09
80449,0,0,0.0074730967382182975
80462,0,0,0.01054488599788388
80466,0,0,0.027383368347184377
80472,0,0,1.1959829619926608e-06
80475,1,0,0.203822823429229
80484,0,0,1.3541500465582341e-05
80487,0,0,0.01687961686553349
80489,0,0,1.1187287097818017e-06
80491,0,0,2.505985329393648e-12
80499,0,0,0.0002575740542448002
80502,0,0,7.043517168526801e-09
80509,0,0,2.920739814134557e-06
80512,0,0,2.942538631731771e-06
80513,0,0,0.2532434405808694
80521,0,0,0.08226370103288014
80534,0,0,2.865899701151667e-15
80550,0,0,1.1665047563156636e-05
80553,0,0,0.012650803259208811
80556,0,0,0.009391155500048572
80563,0,0,0.00032200085845680626
80578,0,0,3.0754878308584168e-06
80579,0,0,0.14926580093035188
80584,0,0,0.008686040106782724
80589,0,0,0.009193003961705673
80590,0,0,5.091175999670244e-17
80591,0,0,1.3677330150124653e-10
80601,0,0,1.524249881577639e-06
80602,0,0,3.3620625679980374e-05
80606,1,0,0.25104245922041624
80612,0,0,0.019606982312806696
80617,0,0,3.508015174831735e-08
80619,0,0,0.00433645741677542
80620,0,0,0.00946548159678804
80623,0,0,0.004947095091970555
80625,0,0,8.03859364304033e-18
80631,1,0,0.23821933220135832
80647,0,0,1.1058596388814027e-07
80650,1,1,0.9993527406067025
80653,0,0,1.3205563811943703e-13
80655,0,0,4.300214189805739e-12
80656,0,0,4.536323407298377e-09
80665,0,0,1.1308112313511486e-13
80672,0,0,0.0033996056118280314
80679,0,0,2.545499670602252e-08
80681,1,1,1.0
80686,1,1,0.9411234075402702
80687,0,0,0.06658630681977365
80693,0,0,6.272688844002535e-07
80695,0,0,1.398615993395377e-09
80706,0,0,3.399026059379069e-11
80710,0,0,7.594353437320346e-16
80718,0,0,0.007221770224923693
80724,0,0,3.309317601249365e-11
80739,0,0,3.0248971285531847e-05
80742,1,0,0.337422052299544
80757,0,0,0.16569476883737855
80761,1,1,1.0
80777,0,0,1.2684697991569794e-06
80780,0,0,0.11734479730067222
80784,0,0,4.615753012168292e-11
80791,0,0,3.704083151923602e-06
80794,0,0,7.0304443506322e-09
80802,0,0,1.8901226231545642e-06
80803,0,0,0.0027470824556127317
80804,0,0,0.019922161840677407
80806,0,0,1.4888044310609918e-06
80809,0,0,0.001855876433868139
80812,1,1,0.9587680670637514
80814,0,0,8.378760070082982e-06
80815,0,0,0.03426165035454748
80820,0,0,1.1936400729740271e-15
80821,0,0,0.3522384681395828
80822,0,0,4.8566742702499465e-05
80823,0,0,1.2917938792923214e-09
80834,0,0,6.212665950046176e-19
80845,0,0,1.9141651892697128e-07
80850,1,1,1.0
80856,0,0,1.068712341381273e-07
80858,0,0,1.0000503547718203e-10
80866,0,0,0.30953629041248526
80873,0,0,1.0769061517418322e-09
80874,0,0,0.16083167154609687
80882,0,0,0.05633031598644092
80893,0,0,1.5247626220736716e-07
80894,0,0,0.09455174148266825
80895,0,0,2.5293488268579855e-06
80922,1,1,1.0
80932,0,0,0.009074048499204105
80935,1,0,0.10049703300145897
80936,1,1,0.9999999321960734
80938,0,0,3.993312154870724e-07
80940,0,0,5.738279178369211e-16
80942,0,0,8.837330381586052e-10
80945,0,0,0.012377332891062834
80952,0,0,0.19637765436271645
80958,0,0,5.142519569220794e-06
80965,0,0,4.755286117961577e-07
80969,1,0,0.21005874378578904
80973,0,0,0.3049552300606631
80975,1,0,0.23115060943575427
80977,0,0,0.04223227817791556
80987,0,0,0.037093117193019186
80990,0,0,4.193778142976001e-10
80991,0,0,5.5271424173494255e-15
80996,0,0,6.281370294612637e-05
81008,0,0,0.1504274377585813
81015,0,0,0.13869446058975893
81018,0,0,7.009112126616332e-05
81046,0,0,0.07337284940600577
81048,0,0,0.24220260548906875
81053,0,0,0.00851023148408703
81060,1,1,1.0
81063,1,0,0.08160695354581048
81071,0,0,5.533691492718631e-10
81074,0,0,0.018188637821154294
81077,0,0,0.1269350420360254
81079,0,0,0.10916543456135112
81082,0,0,4.997993898466799e-05
81092,0,0,1.3857563970921737e-11
81103,0,0,0.1092965343831051
81108,0,0,2.4466427433701713e-05
81110,0,0,1.4527382220413118e-07
81127,0,0,0.026092312412005176
81132,0,0,1.0893742978907589e-10
81147,1,1,1.0
81148,0,0,2.0874557788538063e-13
81151,0,0,0.26604171720198433
81160,0,0,0.2620242530352732
81161,0,0,0.005237278495430211
81166,0,0,0.0028080335192335725
81169,0,0,0.03398226076744639
81175,0,0,0.005019719707504636
81176,0,0,0.002548958210561879
81183,1,1,1.0
81184,0,0,3.871898919764351e-09
81185,0,0,0.004055883850547273
81186,0,0,7.586721455790455e-09
81190,1,0,0.239518830131393
81197,0,0,0.0026001507296308183
81213,1,0,0.2573382534422898
81214,0,0,0.023066077890036812
81222,0,0,0.00463521489501871
81225,0,0,1.3347565027436542e-08
81231,0,0,0.21537318266128305
81236,0,0,0.06920245184583991
81243,0,0,0.004993925577749786
81244,0,0,1.2791524871250396e-13
81245,1,1,0.9999999999999998
81246,0,0,2.791861215948082e-06
81252,0,0,1.696951739892333e-06
81257,0,0,0.23056254969503098
81258,0,0,3.6281302680866096e-08
81264,0,0,1.0896589627069596e-09
81267,1,1,0.9999865635875229
81270,0,0,2.9798094322290218e-05
81271,0,0,0.02388899568951378
81277,0,0,3.091792555019172e-06
81278,0,0,0.27524012046724405
81288,0,0,1.33817768783205e-05
81295,0,0,0.010868648566576529
81296,1,1,0.9963921196756745
81298,0,0,1.1682260362550852e-12
81302,0,0,2.627236827080002e-18
81307,0,0,0.0005187828843581563
81316,0,0,0.045879501142404154
81320,0,0,6.396668548249433e-10
81329,1,1,1.0
81330,0,0,0.034561206271519505
81332,0,0,0.004594124753294295
81333,0,0,4.4516237926636716e-11
81334,0,0,0.023298900907768042
81335,0,0,2.909975533327225e-19
81346,1,1,0.9999999864550941
81351,0,0,5.690167721906149e-10
81364,0,0,0.0959772243422987
81371,1,1,0.9847990509434092
81385,0,0,0.012127488915107114
81387,0,0,0.002431481873003685
81397,1,1,0.9999999987108279
81401,0,0,2.4378087890797813e-10
81402,0,0,1.0937686896053404e-05
81403,0,0,0.33938206185508013
81405,0,0,0.14623741908801502
81407,1,1,0.9999999483739821
81408,0,0,4.696794039512582e-08
81411,0,0,0.15914719746099773
81419,0,0,0.12551612188980799
81422,0,0,1.1551027733066045e-09
81423,0,0,3.354724460248833e-11
81426,0,0,1.5948780036260274e-09
81427,0,0,2.356116189377104e-08
81430,0,0,0.06828030361399547
81450,0,0,1.5209882983129242e-08
81459,0,0,3.2059229909964443e-06
81469,0,0,0.003948191816215297
81481,0,0,1.1428430617327721e-05
81482,0,0,9.560134991928214e-16
81494,0,0,0.47771177597736364
81495,0,0,0.029888293428621496
81501,0,0,0.009241174663364222
81507,1,0,0.05361826010666079
81509,0,0,4.356216890262337e-08
81511,0,0,0.0142668557925438
81517,0,0,5.567776509188263e-12
81521,0,0,0.0064891899682182575
81528,0,0,3.283335382025487e-07
81530,0,0,0.04453792984142176
81535,0,0,0.012607074727028019
81538,0,0,3.609668056824849e-15
81545,0,0,0.008561664418677558
81565,0,0,0.02594549174074456
81573,0,0,2.24296986774855e-06
81574,1,1,0.7788845458253081
81579,0,0,2.115857060516894e-05
81583,0,0,0.007351725089533139
81590,0,0,0.005289944126956763
81602,0,0,2.4696237539478096e-09
81614,1,1,1.0
81615,0,0,0.08417932031439812
81616,0,0,0.011922374510666214
81617,0,0,0.004517485580069023
81619,0,0,4.9468824709859554e-15
81620,0,0,0.027954908091962192
81622,0,0,0.3840497637656071
81626,0,0,4.759763459800279e-13
81631,1,1,0.9966732739371199
81638,1,0,0.19811158132277543
81646,0,0,0.016969867446268782
81647,1,0,0.20026401718599943
81648,0,0,0.17413320575302677
81655,0,0,1.1895737314381772e-18
81658,0,0,0.006647578563652635
81661,0,0,2.8433500226591035e-12
81669,0,0,1.1647887845304117e-12
81684,0,0,2.9635432506925084e-05
81691,0,0,1.2560877664030579e-12
81701,0,0,9.360426114382437e-07
81702,1,0,0.19427084012764345
81704,0,0,0.1948521544426397
81709,0,0,0.002921251296133699
81710,0,0,4.928342892939647e-09
81716,0,0,0.0002755944475423788
81720,0,0,0.07694684726884478
81722,0,0,0.3173021875268877
81723,0,0,0.14635931311718542
81725,0,0,2.5555267766376465e-10
81727,0,0,2.5519638422542545e-06
81729,0,0,0.22942858510693218
81731,0,0,5.551439846613195e-13
81739,0,0,0.0376538886379388
81741,1,1,1.0
81743,0,0,0.005033348920905455
81744,0,0,3.823415546552037e-09
81750,0,0,5.560994548468189e-11
81751,0,0,0.09571931415685987
81752,0,0,3.364310744906723e-10
81754,0,0,0.0012183429045728134
81755,0,0,0.06488784259025622
81761,0,0,1.3971917805937266e-07
81762,0,0,2.480586780894127e-16
81773,0,0,0.00020653765045347184
81775,0,0,9.77378077380203e-10
81782,0,0,7.079083252875581e-15
81783,0,0,0.0060784718733373514
81784,0,0,0.10502756787782999
81785,1,1,0.9976553923477652
81813,0,0,0.00015934949951781135
81832,0,0,0.0021036626291248517
81836,0,0,8.655761831495725e-10
81839,0,0,8.255468086542881e-10
81851,0,0,0.009816784943800136
81854,0,0,2.992360513831847e-06
81863,0,0,4.131396882925964e-07
81868,0,0,0.09224878776218835
81869,0,0,0.1447484659242827
81870,0,0,9.786096709709848e-07
81874,0,0,0.2887205287574699
81875,0,0,0.020423145004450634
81878,0,0,7.057830412058993e-10
81890,1,1,1.0
81895,0,0,0.002784132872602395
81896,0,0,6.53529573390724e-07
81900,0,0,3.72775826411054e-11
81910,0,0,0.06742545551014667
81918,0,0,0.07380586221670156
81943,0,0,1.6294215806255936e-12
81947,1,1,0.9999999999999993
81948,0,0,0.19265089294877097
81949,0,0,0.16931117583187366
81953,0,0,0.06449353104036125
81955,0,0,0.06235233008547873
81967,0,0,1.1020836903111592e-13
81969,0,0,0.04022504746233667
81970,0,0,1.4825887054888496e-07
81973,0,0,0.011708464059743295
81975,0,0,3.287159289881182e-05
82002,0,0,1.9090392182435804e-05
82003,0,0,0.037359388370084054
82004,0,0,0.10116476526581017
82006,0,0,3.172261000547978e-06
82009,0,0,5.0962937656755824e-08
82012,0,0,3.5354150512237604e-06
82019,0,0,8.593060874042968e-06
82023,0,0,3.1170091703054633e-09
82024,0,0,6.9341760204018065e-06
82027,0,0,0.0007644849382928756
82029,0,0,1.7283437619228484e-06
82039,0,0,0.01978354396810411
82041,0,0,0.00047049671730533437
82042,0,0,0.15204857215511788
82043,0,0,1.8277794859370136e-18
82045,0,0,2.40246177396006e-06
82051,0,0,1.6910274398489505e-09
82053,0,0,1.2262968270461486e-07
82054,0,0,1.0053382818570024e-11
82058,0,0,4.858380394461191e-06
82062,0,0,0.005732393418623725
82067,0,0,0.1799031994251664
82075,0,0,4.980280520029706e-11
82085,0,0,0.03388293821058027
82091,0,0,2.0442425592621463e-06
82095,0,0,0.0015180365357338153
82099,0,0,2.6965438410680354e-06
82101,1,0,0.23708031381783007
82109,0,0,0.4844282364325875
82119,0,0,0.016540057908157955
82126,0,0,2.1860547321879646e-07
82135,0,0,4.451687283246711e-06
82150,0,0,0.027601341102793317
82159,0,0,0.012191313849662586
82161,0,0,4.1176960050335386e-18
82162,0,0,0.0034401587304559887
82165,0,0,0.15693266574399653
82181,0,0,6.101066110539864e-05
82183,0,0,4.4741517229575805e-07
82187,1,1,1.0
82191,0,0,0.007722947666565702
82200,0,0,0.09056779499928619
82204,0,0,1.1181606084676541e-08
82207,0,0,0.009610363671178995
82210,1,0,0.19069209734100265
82212,0,0,5.783964483896851e-13
82219,0,0,2.2315387453121998e-15
82221,0,0,1.7085202945776927e-08
82224,0,0,1.6769721029063835e-11
82231,0,0,7.588834393999631e-09
82237,0,0,0.06522618672732595
82241,0,0,7.909749432522863e-10
82242,0,0,4.538283578939526e-06
82243,0,0,5.06422319481078e-06
82248,0,0,0.0037689593018068964
82249,0,0,7.441673121552831e-12
82250,0,0,2.0135616770949928e-11
82255,0,0,0.2872480963126392
82261,0,0,3.5003161467894695e-10
82263,0,0,2.9360236707427933e-13
82266,0,0,1.9655341355033506e-07
82268,0,0,1.1246746268227507e-06
82269,0,0,0.03697065612663862
82271,0,0,0.2931624229771428
82278,0,0,0.0759694621372002
82291,0,0,0.017047208036089175
82293,0,0,8.515745494983224e-19
82295,0,0,0.25705646642107033
82308,0,0,1.0927672827642853e-11
82314,0,0,6.582832421757797e-07
82332,0,0,0.005190481766303635
82337,0,0,0.1322253038526783
82338,0,0,0.0004073232025003073
82347,0,0,7.798113668062994e-13
82365,0,0,5.144888908310897e-13
82366,0,0,0.0765143674188539
82367,0,0,0.003923033579343458
82373,1,1,0.9999999936270989
82377,0,0,0.30421126805041254
82379,0,0,0.05727073896320588
82388,0,0,2.312366971366381e-06
82403,0,0,0.16387779044582237
82405,0,0,2.6347303426886413e-06
82408,0,0,2.4157433421667383e-06
82414,0,0,7.398610996127786e-06
82416,0,0,1.4558258821558248e-08
82420,1,1,0.9999999997208744
82421,0,0,0.0773599320030489
82422,0,0,2.4692590820960152e-14
82432,0,0,5.19285756737231e-13
82436,0,0,0.10997114522905913
82437,0,0,0.006880623366927766
82440,1,1,1.0
82441,0,0,6.022151493632215e-12
82445,0,0,0.004749875918105596
82458,1,1,1.0
82460,0,0,4.6246654530081264e-12
82464,1,1,1.0
82465,0,0,0.01116553647489087
82476,0,0,1.5790996025610804e-09
82479,0,0,1.5657792025041333e-06
82480,0,0,0.2657832179778095
82481,0,0,8.904853187760444e-09
82482,0,0,5.633926345193555e-10
82483,0,0,3.8363568463482675e-06
82491,0,0,0.007935649456595835
82492,0,0,2.797248996604047e-12
82493,0,0,2.3503686380051774e-10
82496,0,0,8.093556659463538e-06
82500,0,0,1.49816445283841e-08
82502,1,0,0.16194553292393493
82508,1,1,0.9999999955193091
82513,0,0,8.061634752442689e-11
82520,0,0,4.183944477305414e-06
82536,0,0,0.0012378098433438046
82537,0,0,2.8232288062724964e-08
82543,0,0,0.00010099592892490262
82551,0,0,1.9145653972961713e-12
82553,0,0,3.014549177975318e-06
82555,0,0,3.82922502125084e-06
82558,0,0,9.363486350609122e-09
82561,0,0,2.9213892556406677e-12
82579,0,0,5.6135694246163824e-08
82581,0,0,5.235495026715763e-09
82582,0,0,2.0963788583765348e-07
82599,0,0,0.0020248490726630206
82602,1,1,0.9999999999949514
82608,0,0,3.4328363939288625e-11
82617,0,0,1.2563791296719474e-10
82618,0,0,0.1339021973645845
82623,0,0,5.611237500734888e-10
82624,1,0,0.3760720170152368
82625,0,0,1.9106297672915107e-07
82630,0,0,0.003519287780551338
82635,0,0,2.428138108805473e-10
82637,0,0,1.0919964241372666e-09
82645,1,1,1.0
82649,0,0,0.09572633713298037
82650,0,0,0.013379202421379103
82652,0,0,1.2134633241543163e-11
82655,1,0,0.019897396845365144
82658,0,0,0.028235246196034562
82665,0,0,7.264303357247327e-05
82669,1,1,1.0
82671,0,0,0.0019316912140724144
82679,0,0,1.1184966164303083e-07
82680,1,1,1.0
82683,0,0,0.07922751082167358
82685,0,0,0.002411979369860396
82697,0,0,2.5038221593402884e-06
82702,1,0,0.10939356095416153
82705,0,0,0.3463066298231579
82709,0,0,1.5135105990715946e-05
82711,0,0,0.009003812966418992
82716,1,0,0.2150752759688178
82720,0,0,0.12803569481808144
82721,0,0,8.930748162101652e-14
82731,0,0,1.0855930840651167e-08
82754,0,0,0.12250286565148484
82770,0,0,0.0004380591289595182
82771,0,0,7.2234150530390554e-06
82775,1,1,0.9843580664044844
82776,0,0,4.1281946406240814e-07
82779,1,0,0.4127381033628293
82790,0,0,1.7634422282628143e-07
82793,0,0,1.2105664944694153e-11
82804,0,0,6.122533818007498e-06
82805,0,0,0.00011929064599211422
82809,0,0,1.1524097083135743e-08
82812,0,0,2.969358530963523e-17
82815,0,0,4.975171709303082e-08
82821,0,0,0.1362065341669097
82830,0,0,3.0529510602382514e-18
82846,1,1,1.0
82862,0,0,0.0012893833583632432
82873,0,0,0.0018722253834793066
82878,0,0,1.0171956535291535e-09
82879,1,0,0.2197721252528493
82887,0,0,0.11349617766279815
82899,0,0,0.029741442907266394
82910,0,0,1.2214118943765957e-07
82917,0,0,0.0013692804038016478
82930,0,0,0.16573297331735865
82931,0,0,0.03559957992625734
82932,0,0,2.9654564992671867e-05
82935,0,0,1.2790090392034976e-07
82936,0,0,2.312288797025456e-08
82940,0,0,1.5293075801899813e-07
82944,0,0,1.9040156666092714e-08
82951,0,0,3.0755896556575146e-09
82964,0,0,0.05013063211746261
82965,0,0,8.986490937077739e-08
82976,0,0,2.3948717310335636e-05
82978,0,0,0.07952143152619948
83003,0,0,6.240757328994349e-08
83006,0,0,3.565975460517717e-12
83007,0,0,2.0657557228100904e-08
83008,0,0,3.4129938972916326e-08
83011,0,0,0.35894935208195794
83031,0,0,1.6776999787241884e-05
83038,0,0,0.0010701291389528674
83039,0,0,0.12189044376525211
83046,0,0,0.30214770665148943
83054,0,0,0.03933211142239288
83057,0,0,3.0209659444569458e-09
83061,0,0,0.30884801582846483
83066,0,0,6.427301935766147e-12
83067,0,0,1.4304292958501282e-06
83068,0,0,0.0009777255425609695
83078,0,0,1.9563376520252582e-11
83080,1,1,0.9999999999999731
83084,0,0,0.01605067625783507
83087,1,0,0.26964758038759373
83088,0,0,0.012893916164619334
83090,1,1,1.0
83092,0,0,0.17224207476911113
83096,0,0,2.1467841645854786e-15
83105,0,0,7.267660228683733e-12
83109,0,0,1.0480949672276238e-09
83116,0,0,7.217179946297788e-13
83121,0,0,6.831697361712283e-06
83125,1,0,0.09068685589328933
83138,0,0,7.892688793631168e-06
83139,0,0,7.152356114004444e-06
83145,0,0,0.00661322914677233
83151,0,0,7.136593656170852e-05
83155,0,0,3.376680855821256e-09
83165,0,0,3.49840489544569e-11
83168,0,0,0.002135104091821093
83172,0,0,0.06757764459718799
83174,0,0,8.311367706421295e-10
83180,0,0,0.03591186740178643
83184,0,0,0.002214468674817087
83185,0,0,4.5291094337032155e-10
83186,0,0,0.0639853372824829
83193,0,0,1.9666889815306125e-05
83199,0,0,0.003354827459777909
83205,0,0,1.9982688985919325e-05
83206,0,0,8.309915802426007e-08
83218,0,0,0.03986584492358337
83237,0,0,0.015335759736228555
83242,0,0,4.417048112924371e-05
83244,0,0,0.019212493572628688
83254,0,0,1.076478433395295e-06
83256,0,0,2.056268712236507e-06
83258,0,0,1.5905154416512076e-05
83270,1,1,0.9991949743136218
83276,1,1,1.0
83277,0,0,0.00013413711751021583
83284,0,0,1.879856527341617e-07
83289,0,0,1.3735369636556035e-08
83290,1,1,0.9996984891292704
83293,0,0,0.028426375814375626
83295,0,0,4.922809164416391e-10
83306,0,0,0.007877804893289873
83309,0,0,0.3048275884484778
83310,0,0,5.292856722263999e-10
83311,0,0,3.8125751579460334e-13
83312,0,0,6.24617347899008e-07
83318,0,0,0.00419885087931433
83324,0,0,0.006602905488130523
83329,0,0,4.767512911695256e-15
83331,0,0,4.631455995965641e-07
83333,0,0,1.514379210837176e-08
83335,0,0,5.973012278638525e-07
83347,0,0,2.6317599438809876e-13
83352,0,0,9.559822522455672e-13
83353,0,0,1.243714413026775e-14
83355,0,0,4.1775808843298705e-09
83357,0,0,1.515485762482927e-14
83361,0,0,9.652370318314082e-07
83366,0,0,0.30463761747466167
83372,0,0,0.004561149056793022
83374,0,0,0.2969666088428135
83378,0,0,1.341622435311644e-05
83381,0,0,1.4890210675796334e-09
83383,0,0,8.113314343570755e-05
83391,0,0,4.468216902186553e-14
83396,0,0,1.7055912178532116e-05
83400,0,0,0.015035400599276359
83404,0,0,0.005007068412507831
83406,1,1,0.9999999999999996
83417,0,0,0.15237555690406698
83424,0,0,1.5629039839843144e-06
83425,0,0,8.208660979183229e-11
83429,0,0,1.444181066936207e-11
83434,0,0,7.468534362382133e-10
83436,0,0,3.6060331089810377e-07
83439,0,0,0.254156364845758
83444,0,0,0.04080578377167652
83450,0,0,2.6286086871383727e-12
83460,0,0,7.355848031214728e-10
83464,0,0,2.105111552730708e-12
83477,0,0,0.08015786878457101
83479,0,0,8.639608327229972e-12
83491,0,0,0.0852362049464817
83496,0,0,0.18581227879277992
83500,0,0,5.114558440792309e-14
83502,0,0,9.829722194321547e-14
83504,0,0,0.006524553121379605
83514,0,0,0.08999195043391654
83516,0,0,1.4669579162562323e-15
83517,0,0,5.918073439827194e-11
83530,0,0,6.307399302479145e-06
83538,0,0,0.017715802312907678
83541,0,0,2.117871957510359e-05
83543,0,0,6.2459546435408815e-15
83549,0,0,1.1906677853718154e-16
83552,0,0,1.6954981630115968e-10
83558,0,0,0.31714214481344033
83559,0,0,7.167820437080122e-12
83565,1,1,0.9999999999983276
83566,1,0,0.14939408294778922
83573,0,0,1.4629655838079543e-16
83576,0,0,0.04806006731718108
83584,0,0,0.0004896688737846142
83594,0,0,4.5992828301569163e-11
83598,0,0,0.1132092105430647
83600,0,0,4.4809731077745097e-07
83603,0,0,0.019203204860891478
83604,0,0,0.07950273193939134
83605,0,0,0.009551772292163333
83608,0,0,4.080710645267051e-12
83613,1,0,0.0258089952411408
83614,0,0,2.343280215473344e-09
83621,0,0,0.006757947108331123
83623,0,0,1.592420402781015e-13
83629,0,0,0.33719257044293943
83640,0,0,3.919021066447505e-05
83643,0,0,4.6098142151388164e-14
83644,1,1,0.9999999999999989
83648,0,0,7.406298254416824e-13
83651,0,0,9.268745462935429e-13
83653,0,0,1.3289545621100974e-07
83656,1,1,0.9999999999839349
83659,0,0,7.731024713210522e-08
83662,0,0,3.8518608346820115e-12
83666,0,0,1.1709634723430027e-11
83669,0,0,0.1861941065171531
83673,0,0,8.409267186072758e-11
83676,0,0,0.0247134556670078
83678,0,0,3.124037141286071e-11
83682,0,0,2.4253043204941736e-05
83684,1,1,0.9999909445828257
83686,0,0,0.0006752234006150022
83687,0,0,9.482032140479526e-13
83699,0,0,2.996745985420585e-07
83702,0,0,3.925033960331651e-06
83721,0,0,7.796731523843333e-07
83727,0,0,9.595046614075182e-09
83728,0,0,4.891837289950198e-07
83731,0,0,4.1842399578738475e-10
83735,0,0,0.0001697095609967101
83736,0,0,0.25571062672184836
83737,0,0,0.2395969220103665
83747,0,0,0.028383100676067283
83748,1,1,0.9995202491066651
83756,0,0,0.02018922957058707
83757,0,0,0.11400345689945093
83772,0,0,3.611412488875378e-09
83774,0,0,2.004707839761448e-06
83777,0,0,0.06783788816612467
83791,0,0,0.01911962021303231
83793,0,0,0.009226154787763244
83803,0,0,3.9807786106367786e-11
83806,0,0,1.556022900837697e-10
83810,0,0,0.003127593036245749
83814,0,0,1.7704640837647137e-12
83816,0,0,0.004963654187238318
83819,0,0,0.061051567817104684
83826,0,0,9.878375760276121e-13
83832,0,0,3.40476088736424e-15
83844,0,0,1.0046524054261352e-10
83851,0,0,0.06508773020584939
83858,0,0,0.0048626157431736995
83861,1,0,0.11631399490623816
83863,0,0,2.837407254827086e-06
83866,0,0,8.893532575996392e-09
83870,0,0,0.06019027801924287
83871,0,0,5.835974287844667e-06
83873,0,0,0.09033965013170477
83875,0,0,0.00011719227912032314
83882,1,1,1.0
83888,0,0,4.210090523299572e-16
83902,0,0,1.1583887301412037e-17
83906,0,0,1.3448835586944607e-07
83918,0,0,6.009415783093997e-09
83924,1,1,0.9999999999999998
83926,0,0,4.6385229874999915e-12
83933,1,1,0.999999997606513
83939,0,0,3.522449032750997e-08
83940,0,0,1.373367460053942e-09
83943,0,0,0.010066132825318673
83946,1,1,0.9999994115621557
83952,0,0,0.06239111011818453
83956,0,0,8.358292092195187e-13
83971,0,0,1.3957103576103288e-06
83975,0,0,3.433073082209902e-10
83979,0,0,1.784277280263571e-10
83983,0,0,0.11456249524848273
83988,1,0,0.101532046768856
83989,0,0,0.00040483181296273676
83996,0,0,1.4279020405669448e-12
83998,0,0,0.09466411500551343
84009,0,0,0.017163867123631577
84011,0,0,0.09981235919061153
84015,0,0,8.129773360060958e-16
84020,0,0,0.024256192919236048
84022,0,0,0.000702927548729597
84024,0,0,7.778510206967155e-06
84025,0,0,7.700145354961026e-07
84028,0,0,6.230686543766636e-08
84029,0,0,1.1221906659562141e-07
84032,0,0,0.3652332351016171
84033,0,0,5.4707420208457606e-05
84044,0,0,0.005760928574188186
84048,1,0,0.332686016667785
84055,0,0,0.016487022275353883
84063,0,0,2.9886127566929993e-09
84068,0,0,1.4516295782351975e-07
84071,0,0,0.003179919404432151
84076,0,0,0.0005356972143008555
84078,0,0,0.1080364258333972
84091,0,0,3.154246595333266e-08
84093,0,0,0.0003817458284205462
84097,0,0,0.023169051143654328
84098,1,0,0.1670774227456418
84102,0,0,0.00917704854683733
84112,0,0,1.1454857702603122e-11
84116,0,0,0.10690047120172465
84123,0,0,0.003220297872188294
84125,0,0,0.34221349486741093
84128,0,0,1.7172858837414536e-08
84132,0,0,0.04407574580260585
84135,0,0,3.595845200600819e-08
84147,0,0,0.0044235754525403445
84149,0,0,2.316961485072387e-13
84161,0,0,8.857350678945172e-12
84162,0,0,0.002789559431195677
84175,0,0,0.08780637936616958
84177,0,0,0.17590555626597307
84179,0,0,4.0072633894360865e-15
84180,0,0,1.3057041081205113e-06
84183,0,0,1.456980108698501e-09
84189,1,1,0.9999999999999944
84198,0,0,1.2657953628494486e-06
84206,0,0,0.010302266466027712
84208,1,1,0.999982266031895
84210,0,0,1.6226437694711113e-12
84213,0,0,0.0055858332703008695
84219,0,0,4.353159148417151e-08
84224,0,0,2.920598934493427e-07
84236,0,0,3.3761825013326845e-13
84242,0,0,1.3224395030514363e-09
84245,1,1,1.0
84246,0,0,7.39273844756878e-08
84247,0,0,4.487681314005265e-05
84248,0,0,0.02543760125003614
84250,0,0,7.57468868412652e-06
84251,0,0,0.2505451938433785
84253,0,0,0.059479385809278154
84256,0,0,0.0399147350167804
84258,0,0,4.872315455314042e-07
84269,0,0,4.900860019915644e-06
84272,0,0,1.3121538321651903e-17
84273,0,0,0.014456096419764754
84283,0,0,2.93817334086024e-12
84284,0,0,0.013802029729805952
84291,0,0,0.04591599008668311
84293,0,0,0.06713296719026479
84295,0,0,1.78504502452428e-06
84296,0,0,1.2303668422009811e-11
84297,0,0,4.5226456972696345e-16
84307,0,0,3.879994728578555e-15
84324,0,0,0.07217005654417906
84353,0,0,0.003749622312562387
84356,1,0,0.2531744336066742
84364,0,0,1.8037728772967786e-08
84369,0,0,4.597679950171342e-06
84381,0,0,0.0376527998843098
84389,0,0,0.005389576762231398
84397,0,0,3.549146212304176e-09
84401,0,0,0.008319313421583771
84404,0,0,0.24109872466548252
84406,0,0,9.112702435869872e-06
84424,0,0,1.540293145008613e-09
84426,0,0,7.705144464635163e-15
84427,0,0,0.09315967650605114
84428,0,0,0.1872562666912552
84440,0,0,1.0896983892886248e-10
84448,0,0,3.814293068727856e-12
84449,0,0,5.310817816185651e-16
84451,0,0,3.52108217571378e-11
84455,0,0,0.03051826923121274
84458,0,0,6.013398382714698e-07
84463,0,0,0.05798262864225195
84468,0,0,7.440420890713838e-09
84479,0,0,6.51459339485974e-06
84481,0,0,0.10690303682133438
84482,0,0,1.5284086279498212e-08
84488,0,0,1.737438628391773e-13
84493,0,0,6.078149105633377e-10
84499,0,0,4.3346787695419356e-05
84506,0,0,0.07585012352875564
84516,0,0,0.0746495156190026
84517,0,0,0.0002061840342192422
84523,1,1,0.5011312694152598
84525,0,0,1.1885325646204889e-12
84530,0,0,9.779536967407608e-07
84531,0,0,2.6984714809227923e-08
84533,0,0,1.6886449096261028e-07
84537,1,1,0.9999999946097715
84543,1,1,1.0
84544,0,0,0.013583333520768391
84556,0,0,0.21115103631258395
84557,0,0,0.0062909204354946
84572,0,0,2.9398234620810688e-08
84596,0,0,9.8468260749195e-09
84606,0,0,1.4800975036683111e-08
84608,0,0,0.016458936615620187
84610,0,0,0.010536170163969195
84612,1,1,0.998297524171627
84623,0,0,4.934494590977837e-10
84629,0,0,9.29488999645709e-10
84644,0,0,0.011820299772011149
84647,0,0,2.3059973962945024e-07
84649,0,0,6.653100021732361e-17
84652,0,0,1.1808542016372979e-07
84660,0,0,5.486469388181726e-07
84673,0,0,8.379190623241247e-09
84675,0,0,0.10136388586503123
84680,0,0,0.04961713241331737
84683,0,0,4.080276859417467e-05
84684,0,0,3.071621458377146e-08
84689,0,0,1.5201591691657265e-16
84704,0,0,7.94644430186924e-06
84714,0,0,3.952900753175476e-09
84718,0,0,0.00013878086525064711
84721,0,0,0.00011275096057099939
84725,0,0,1.1732713292760267e-09
84728,0,0,4.4830578734073715e-05
84729,0,0,0.16602203859081122
84730,0,0,1.4933161104035305e-06
84733,0,0,0.00011451454203755531
84736,0,0,1.2070473834575304e-11
84737,0,0,1.757619397491409e-08
84739,0,0,0.00018672996265750772
84742,0,0,6.522852828792162e-05
84743,0,0,0.0115309616519471
84746,1,0,0.1014821586144026
84752,0,0,1.1406305572093022e-10
84756,0,0,6.473374673432182e-05
84757,0,0,9.512210463601453e-06
84773,0,0,0.17624682344297538
84777,0,0,0.20062307195765156
84782,1,0,0.10005736531055433
84793,0,0,1.2567910872639731e-08
84797,0,0,6.385637553304007e-07
84802,0,0,5.581760508746824e-08
84818,0,0,9.92488603727189e-11
84820,0,0,0.012497790049039788
84822,0,0,9.960598343553492e-06
84826,0,0,0.034084605017642544
84835,0,0,3.4445784790504363e-12
84839,0,0,1.909865527918892e-10
84840,0,0,2.97215701910161e-07
84842,0,0,0.0712161496207273
84846,1,1,1.0
84853,0,0,0.0014087513649205748
84857,0,0,0.04307106044486031
84863,0,0,0.2978290755196633
84866,1,1,0.9999958902192766
84868,0,0,0.2206745784538556
84869,0,0,0.01889895863463769
84874,0,0,7.031194443917266e-06
84883,0,0,0.02340353308858462
84888,0,0,5.1471427904463e-07
84894,0,0,0.37310195304655347
84897,0,0,0.006184265944869114
84899,0,0,0.042578942984452715
84908,0,0,0.0003607404262696326
84911,0,0,4.529346767100365e-08
84918,0,0,2.979870174654756e-06
84927,0,0,0.16506951079923057
84937,0,0,1.982247364772639e-11
84938,0,0,2.3945868745437184e-06
84939,0,0,3.1873891709426607e-12
84953,0,0,1.8074017213110572e-05
84957,0,0,0.13435290565521835
84971,0,0,0.0026070469262911037
84973,0,0,0.00020950995786346848
84976,0,0,0.014209433038261115
84979,0,0,1.2943564532011438e-06
84990,0,0,0.04364537297045093
85004,0,0,0.0015253691752091275
85021,0,0,0.11139588182362557
85029,0,0,2.4803359008077636e-08
85030,0,0,0.003050274509900965
85033,0,0,1.593633864802008e-07
85035,0,0,2.9324192219718453e-14
85039,0,0,1.7676281945544696e-10
85040,0,0,5.539180666337085e-14
85042,0,0,1.1081486392380041e-05
85044,0,0,0.16212296934484732
85047,0,0,0.010780280968764495
85063,1,0,0.07828918917008518
85070,0,0,1.4035191216140146e-06
85088,0,0,8.80449648445697e-15
85090,0,0,0.0037284027883375944
85092,0,0,0.007675213116215671
85097,0,0,1.9062726748562193e-07
85100,0,0,1.9577914888273747e-10
85103,0,0,0.04983242119737138
85105,0,0,0.00020385510690656064
85110,0,0,1.24443576993976e-05
85114,0,0,2.3516726297324288e-11
85115,0,0,0.03385553140945721
85124,0,0,1.8028418600239375e-12
85131,0,0,0.10172457315918576
85134,0,0,0.007865371642219883
85139,0,0,4.0901188524407136e-10
85142,0,0,4.212200037209915e-09
85145,0,0,6.265645920843215e-07
85155,0,0,6.315291588129647e-07
85171,0,0,0.002886186659461401
85178,0,0,2.642246603851352e-07
85181,1,1,0.9999923360964336
85183,1,1,0.9982647009274443
85185,0,0,3.265152854525159e-08
85212,0,0,0.13629757372657914
85213,1,0,0.19243703339496243
85214,0,0,0.037528048585956944
85219,0,0,6.868709027148908e-10
85221,0,0,2.484664287234325e-07
85231,0,0,2.9562824538541202e-06
85233,0,0,6.569448084286574e-16
85238,0,0,1.7490288276928743e-13
85245,0,0,2.021546157380172e-05
85248,0,0,4.955617030396224e-08
85249,0,0,0.007156093666915197
85254,0,0,1.6566547840139983e-05
85256,0,0,9.023215325816744e-07
85257,0,0,5.347287926349884e-09
85263,0,0,2.0659652262755107e-06
85266,0,0,3.635256805039073e-07
85268,0,0,0.10922739668092543
85270,0,0,0.0737345658612607
85287,0,0,3.765703734300018e-09
85289,0,0,4.845328933603817e-07
85294,0,0,1.973869622168819e-09
85309,0,0,0.014557828307877128
85320,0,0,1.700703077589159e-12
85343,0,0,6.02926714483723e-05
85347,0,0,0.0011141211120490907
85348,0,0,3.1318326057686895e-08
85350,0,0,5.1159626866030544e-15
85355,0,0,0.07084784921698944
85365,0,0,2.935714642441922e-10
85372,0,0,0.12597539903756924
85376,0,0,0.15117278174498808
85382,0,0,5.179877413169507e-08
85383,0,0,0.14014807924807102
85391,0,0,3.280341312713526e-12
85396,0,0,0.017153085856342568
85399,0,0,0.11077569460301964
85403,0,0,2.995610993479104e-05
85405,0,0,1.2554502227457044e-08
85412,0,0,0.00746650534959494
85414,0,0,1.7820956133423705e-11
85417,0,0,5.902693725493204e-07
85429,0,0,2.7291131988562073e-14
85434,0,0,0.14330934883190302
85439,0,0,1.1552804066486494e-06
85443,0,0,2.0626486308828317e-09
85447,0,0,0.005993948440370943
85451,0,0,5.033001885143198e-09
85453,1,1,0.9999999999998828
85455,0,0,1.3125575092961328e-12
85456,0,0,0.28210081331486075
85457,0,0,0.007502746851101735
85459,0,0,5.9478241414966385e-06
85460,1,1,0.9981539436160229
85462,0,0,0.008779484908210755
85468,0,1,0.5139253008393718
85480,0,0,2.7277206634976263e-12
85487,0,0,0.00031567372987814006
85492,0,0,1.1028181934180155e-12
85497,0,0,4.741818557985493e-08
85498,0,0,0.003388699131951437
85500,0,0,0.15244831062597372
85504,0,0,0.026882780704137507
85505,1,1,0.9999999952952603
85509,0,0,1.3321223426040629e-11
85524,0,0,0.060995772834460636
85525,0,0,0.05026045328920133
85532,0,0,0.3163622194400766
85536,0,0,6.318970235745334e-11
85537,0,0,0.0879352222484463
85539,0,0,0.0061392001205697955
85541,0,0,1.2799245907149533e-06
85542,0,0,3.50277320144588e-08
85547,0,0,0.26131156900512337
85556,0,0,2.871933189185055e-06
85568,0,0,2.0654074005059346e-08
85569,0,0,6.687590729806987e-05
85572,0,0,0.04586745610614025
85582,0,0,1.5701533047626497e-05
85588,0,0,0.12376798308759858
85589,0,0,5.3126266496265615e-06
85590,0,0,4.499235093969031e-08
85611,0,0,5.235299934065447e-08
85612,0,0,0.22306012760983693
85613,0,0,8.470877034148151e-07
85617,1,0,0.00799437950196427
85625,0,0,7.880821918669319e-07
85627,0,0,7.047454398709913e-13
85641,1,1,1.0
85643,0,0,0.040307412889378336
85650,0,0,3.4959869766713233e-09
85653,0,0,0.2785796720464969
85656,0,0,0.35046820074980845
85658,0,0,0.09128595810207801
85662,0,0,2.5491759519244295e-09
85679,0,0,8.768162718774752e-14
85691,0,0,1.3877427181613116e-08
85696,0,0,0.024227454397758086
85702,0,0,0.005407750920605038
85708,0,0,1.8504992242700176e-10
85709,0,0,1.7439437713243322e-07
85713,0,0,2.1944776195994306e-09
85719,0,0,1.5203699436966211e-10
85742,0,0,1.421146189535968e-09
85747,0,0,0.004449942187957947
85762,0,0,2.7894122542445904e-10
85767,0,0,0.3769804483357144
85771,0,0,0.13124794678272073
85775,0,0,4.470643594486044e-07
85777,1,0,0.16747987225599828
85783,0,0,1.0391195239261345e-07
85784,0,0,0.11579763673842845
85791,0,0,2.921834423935413e-07
85806,0,0,2.3561913278666675e-10
85814,0,0,0.00010275767213531818
85833,0,0,0.08659125194068779
85841,0,0,0.0034830013298541708
85857,0,0,0.2585391518320347
85862,0,0,1.0386331923853992e-07
85865,0,0,2.148608149663107e-05
85867,0,0,0.002989275866750826
85869,1,1,0.9999905361338607
85871,0,0,0.07271834508224316
85874,0,0,1.3849790394372024e-09
85887,0,0,3.2502053582000266e-13
85894,0,0,1.4518801709380449e-05
85897,0,0,4.654235222717301e-06
85898,0,0,8.198781140685563e-14
85900,0,0,0.0031931053461478755
85904,0,0,4.380012480206641e-20
85914,0,0,0.007397182169326742
85917,0,0,0.004183337555723829
85919,0,0,0.014537575750384849
85923,0,0,1.9203274636552186e-08
85924,0,0,1.540685347997643e-07
85931,0,0,9.161385053100903e-12
85932,0,0,0.01462153184873432
85937,0,0,1.4712512664138915e-05
85940,1,1,1.0
85954,0,0,0.024151750854397584
85958,0,0,2.5493511037003487e-06
85968,0,0,0.12261482154519954
85973,0,0,2.280467357611423e-08
85979,0,0,0.011301840591834846
85980,1,0,0.2631253931503343
85983,0,0,4.5393297117858064e-08
85988,0,0,0.03297506510872091
86000,0,0,0.041670354321435815
86005,0,0,0.03597339426187854
86009,0,0,3.89713728795581e-14
86036,0,0,1.3108939210774564e-09
86040,0,0,2.59774724761444e-18
86050,0,0,7.055591793876633e-10
86053,0,0,9.827454471335968e-11
86054,0,0,5.1924740382979925e-08
86055,0,0,1.3941669615128842e-13
86056,0,0,0.06163787329739058
86057,0,0,1.307231787057854e-11
86064,0,0,7.815255789655675e-06
86065,0,0,0.0013360561208583008
86079,0,0,2.9535227585118517e-05
86088,0,0,1.041835276241217e-11
86091,0,0,1.1706304334960162e-08
86094,0,0,0.004834451606154121
86096,0,0,4.495701114416938e-07
86103,0,0,1.758135541773274e-13
86110,0,0,2.061008030495708e-12
86116,0,0,0.12038015169321803
86129,0,0,3.794614329146614e-11
86131,0,0,6.248768916292728e-09
86132,0,0,8.758739200877458e-12
86142,0,0,7.111588606001582e-07
86145,0,0,0.006696991406544624
86152,0,0,0.0003838601856711268
86170,0,0,0.045354568613104225
86172,0,0,1.0950711147764903e-05
86174,0,0,0.013721080350258444
86181,0,0,9.738853733434655e-08
86187,0,0,5.686564145417742e-07
86191,0,0,0.12153835049031776
86193,0,0,4.812714977527371e-08
86200,0,0,0.08889552725509135
86203,0,0,4.1646966170917186e-10
86213,1,1,1.0
86215,0,0,1.0036457633648344e-07
86233,0,0,1.5975677660019083e-06
86241,0,0,1.0996523497162814e-06
86242,0,0,2.0014541303856453e-06
86244,0,0,5.709289285743155e-12
86250,0,0,0.13051649631433435
86257,0,0,3.217169772162713e-08
86266,0,0,6.166209360329475e-07
86269,0,0,1.5947335371570245e-05
86272,0,0,0.14926417238274747
86278,0,0,1.4083866310685743e-11
86279,0,0,0.1793462438471892
86283,0,0,1.981074248813635e-05
86302,0,0,0.07151412752325784
86305,0,0,1.0755409213198523e-08
86307,0,0,2.8231830647604845e-05
86316,0,0,0.07846356477514792
86318,0,0,1.3899824289222997e-08
86325,0,0,0.050341410095950744
86326,0,0,0.0001291752289555136
86337,0,0,1.5976933405800005e-09
86339,0,0,8.470665714679301e-13
86346,0,0,2.4557615890821577e-06
86350,0,0,5.475581976535918e-11
86355,0,0,1.3552447162279963e-10
86363,0,0,0.26559719285836997
86367,0,0,8.547397002344678e-08
86373,0,0,1.516685722034883e-07
86379,0,0,2.094982952063465e-11
86381,0,0,1.5438056043954479e-06
86382,0,0,3.5716197792530525e-06
86386,0,0,0.09880078310734575
86404,0,0,1.0615715533905614e-11
86418,0,0,0.00010190943020683527
86419,0,0,0.02846037762937272
86427,1,1,1.0
86430,0,0,2.2414221271609213e-12
86437,0,0,0.007315683623053852
86441,0,0,5.193326662380892e-06
86442,0,0,0.011383050316194228
86449,1,1,0.9999999999999998
86451,0,0,6.708886609007196e-08
86470,0,0,0.005246730802302541
86472,0,0,0.011900492744894131
86478,0,0,1.1144084163129052e-09
86483,0,0,0.00212348730726055
86485,0,0,1.3776750292593804e-05
86490,0,0,0.0042959977492188165
86492,0,0,1.2317851494332997e-12
86493,0,0,7.162417269401286e-13
86495,0,0,2.792662484248351e-13
86499,0,0,1.1145474511899308e-07
86509,0,0,0.003755750290393061
86510,0,0,5.301309767564004e-06
86513,0,0,0.010039234257033772
86514,0,0,4.224726578682628e-11
86522,0,0,1.2635178153399502e-14
86524,0,0,0.02287285836135502
86533,0,0,1.1837139222753675e-07
86535,1,1,0.6981461599145792
86536,0,0,0.013654824744409244
86539,0,0,0.1286272547127113
86544,0,0,0.02580436820175682
86557,0,0,4.787287260187297e-05
86560,0,0,2.3334287182369193e-07
86562,0,0,0.006182709753327574
86566,0,0,1.0390125472530936e-09
86567,0,0,0.35977812941794235
86573,1,1,0.999946436703012
86575,0,0,8.737291909056765e-05
86578,0,0,0.24439642030600553
86581,0,0,0.006286141068152505
86586,0,0,1.2214202987896936e-17
86589,0,0,0.019028880839754774
86595,0,0,0.04425584507933088
86604,0,0,5.5991208922604525e-12
86605,0,0,0.006609508063783618
86617,0,0,2.843307898258802e-12
86619,0,0,6.468529291781024e-07
86622,0,0,1.36592428098258e-06
86623,0,0,2.2084723026039867e-09
86626,0,0,0.043946948184967846
86629,0,0,3.630804732838634e-17
86631,1,0,0.08080793725514318
86639,0,0,0.0033868506951453088
86647,0,0,0.14701863214007083
86651,0,0,2.0155592973620292e-10
86660,0,0,8.966438630411092e-21
86666,0,0,0.0450554993738106
86667,0,0,2.737474764820715e-10
86669,0,0,2.8450875996566027e-05
86673,0,0,4.372931723337203e-10
86683,0,0,0.10807793827111793
86685,0,0,0.2284480171366812
86687,0,0,1.3387381480621516e-13
86697,0,0,6.438178332120942e-11
86699,0,0,2.4219220084513276e-05
86701,0,0,0.20167527798456067
86710,0,0,3.081937951588646e-05
86714,0,0,0.002062994483909491
86716,0,0,5.333281720938942e-05
86722,0,0,1.4625085979664115e-07
86724,0,0,0.019396352282083258
86729,0,0,0.0013780999073165268
86730,0,0,0.015315379759913747
86732,0,0,1.1835872564875287e-09
86733,0,0,0.008691649174742713
86734,0,0,6.338761161724877e-10
86742,0,0,1.434244230451969e-10
86748,0,0,2.602864797616497e-06
86754,0,0,0.15934930335600656
86755,0,0,0.014168120493452865
86757,0,0,4.4078932901074594e-08
86760,0,0,2.0063260215466085e-11
86775,0,0,1.6946176983806184e-09
86786,0,0,1.4847083146443125e-08
86787,0,0,1.582780837217464e-09
86792,0,0,0.10023258222686332
86801,1,0,0.10640306226180818
86821,0,0,0.010885587722318952
86826,0,0,0.08470406440920865
86828,0,0,1.4420345971499793e-15
86829,0,0,1.478025847358551e-06
86835,0,0,6.599211601053096e-16
86842,1,0,0.27897872953276304
86849,0,0,9.096756969110892e-08
86857,0,0,0.15837042963110315
86859,0,0,0.1853536261553166
86860,0,0,1.1650539712550527e-08
86863,0,0,3.9119569371569726e-07
86866,0,0,0.01826373514086469
86869,1,1,0.9999999980702603
86870,0,0,3.7204087323007885e-13
86873,0,0,2.499048311703865e-11
86880,0,0,0.00015278781332898428
86883,0,0,2.4740522330548293e-10
86884,0,0,0.12201414023925573
86885,1,1,1.0
86889,0,0,5.698019492837108e-07
86890,0,0,0.14156639126654927
86906,0,0,0.0031010098947384236
86908,0,0,5.971943528623117e-08
86922,0,0,0.0882135090597024
86924,0,0,0.002703582810947693
86926,0,0,0.0034307421355938084
86933,0,0,4.862588418639278e-12
86937,0,0,1.117009659853209e-12
86946,0,0,0.04153741385957015
86948,0,0,1.1975487302423574e-11
86954,0,0,7.222050268763968e-05
86956,0,0,1.198659731956857e-10
86957,1,1,0.999996164912342
86959,0,0,0.003014777089198939
86962,0,0,0.007810172160684382
86971,0,0,0.10334812882549141
86973,0,0,8.884852655546112e-06
86977,0,0,2.2074856636822054e-18
86981,0,0,1.7330039914175236e-11
86984,0,0,2.8303999316401024e-08
86986,0,0,0.13244683646101588
86993,1,1,1.0
87000,0,0,0.005069137714321162
87011,0,0,1.3950624378647296e-15
87015,0,0,0.03271590114482878
87019,0,0,5.171352394897809e-10
87020,0,0,6.177713725572608e-08
87021,0,0,1.3189263737207963e-10
87041,0,0,5.874637341300252e-07
87043,0,0,0.012205990280227416
87049,0,0,3.036624520136848e-05
87056,0,0,0.2217656429336979
87057,0,0,0.002701645859620012
87058,0,0,3.923772061019762e-11
87066,0,0,0.01833306077174151
87070,0,0,0.007350116456885631
87084,0,0,0.021516289674687425
87094,1,1,1.0
87095,0,0,8.955967206585594e-08
87098,0,0,3.154529818393526e-08
87099,0,0,3.1915593613189357e-11
87114,0,0,8.06977831427692e-13
87115,0,0,0.014377609126539808
87121,0,0,2.6276746114089517e-17
87122,0,0,5.1113742390421533e-11
87127,0,0,2.4647680635581977e-05
87131,1,1,0.9385344802075881
87132,0,0,2.7355762018707555e-06
87138,0,0,0.0578755772262251
87147,0,0,0.06443703641751689
87154,0,0,1.0081260404865278e-10
87157,0,0,0.003694093323613262
87161,0,0,5.537625428790737e-05
87173,0,0,0.049951778922711625
87174,0,0,0.002512483875297267
87175,0,0,0.4383254055261059
87182,0,0,1.5744097675322514e-07
87186,0,0,1.7925876982942582e-07
87187,0,0,6.674444197870322e-15
87191,0,0,0.0658938765017232
87214,0,0,5.9238937075767165e-08
87220,0,0,5.918663063948202e-05
87221,1,1,1.0
87223,0,0,0.00032389286534960615
87225,1,0,0.12941011634288727
87227,0,0,8.848228432408137e-08
87229,0,0,4.625073725031025e-14
87235,0,0,4.961632261368206e-08
87240,0,0,3.400766869454637e-09
87245,0,0,3.3909165839974856e-06
87247,0,0,7.510886736466264e-16
87248,0,0,4.2501272369922715e-14
87257,0,0,0.11291812615925756
87270,0,0,0.08601745221569443
87272,0,0,1.1550442721131661e-05
87274,0,0,0.0619062896792621
87276,0,0,5.872699979192223e-10
87282,0,0,0.029094607101067985
87288,0,0,5.7295635142433035e-18
87289,0,0,0.004939824893551649
87298,0,0,8.965378106495372e-09
87301,0,0,2.906676139705618e-06
87302,0,0,1.8256958331764686e-08
87303,0,0,1.2704628411453087e-12
87308,1,1,0.9999999982332481
87312,0,0,0.09333355780411685
87313,0,0,0.020876521671861756
87315,0,0,2.7072015843420774e-12
87326,1,1,0.9999999981030927
87333,0,0,1.2900043539250758e-17
87334,0,0,6.8930326832805716e-12
87336,0,0,9.311963879839386e-09
87339,0,0,6.365863993580189e-07
87351,0,0,1.3502259529311063e-12
87352,0,0,4.562887040045086e-07
87353,0,0,0.00790299182567087
87355,0,0,0.001318116137730615
87366,0,0,2.9163539429418826e-07
87371,0,0,0.07257444708466979
87372,0,0,6.681547564953257e-05
87375,0,0,7.796141416980601e-07
87378,0,0,3.4575818357671575e-10
87394,0,0,9.623439069242876e-08
87397,0,0,1.0098153114470141e-07
87401,1,1,1.0
87406,0,0,0.036173634377566516
87407,0,0,0.00018849115417275033
87411,1,0,0.05532213265139124
87414,0,0,7.57783441369178e-08
87432,0,0,0.04299497466200422
87435,0,0,0.0035123531638381
87441,0,0,0.004054786965527519
87462,1,1,1.0
87464,0,0,1.2217533791827273e-06
87476,0,0,9.236687951382152e-16
87479,0,0,0.005070799320179975
87480,0,0,1.4349236194573075e-07
87481,0,0,0.007151888198549567
87483,0,0,0.03397441046022185
87497,1,1,1.0
87499,0,0,2.088685898832329e-17
87510,0,0,5.261893346246018e-05
87518,0,0,0.010076368050662548
87521,0,0,0.19969749085518387
87525,0,0,6.09829979386791e-17
87536,0,0,0.08943888727972783
87544,0,0,0.032317443723360796
87545,0,0,0.06549005584698986
87552,1,1,1.0
87559,0,0,0.0034169386435319504
87564,0,0,1.4714210560836867e-11
87579,0,0,0.013743203870053611
87580,0,0,3.250335496484489e-07
87583,0,0,5.8393407689837146e-05
87585,0,0,1.121757902338358e-10
87593,0,0,9.468537188092426e-13
87596,0,0,0.0016523853541929106
87598,0,0,0.09977523870697601
87600,0,0,2.3482943592052563e-13
87609,0,0,1.0764570613335142e-14
87618,0,0,6.89602410040736e-10
87621,0,0,2.0191211799636109e-07
87624,0,0,6.617917838501679e-07
87633,0,0,2.6862867763235923e-08
87635,0,0,1.3058759860210553e-05
87636,0,0,7.576851091525417e-09
87648,0,0,0.022915783013254604
87650,1,0,0.11287632067840211
87653,1,0,0.026317550790199085
87655,0,0,2.2009295531986376e-13
87658,0,0,0.008482576694567276
87661,0,0,3.971766615704802e-09
87667,0,0,2.573765430238016e-14
87669,0,0,2.393326347345491e-12
87671,0,0,4.427241957709401e-07
87676,0,0,0.0017339295614432358
87683,0,0,0.16920629150492347
87684,0,0,7.358066349967428e-12
87686,0,0,4.909200907067363e-05
87687,0,0,5.2358521036564135e-09
87688,1,0,0.21448446646478364
87689,0,0,3.767891565127482e-09
87690,0,0,1.4748268776978158e-07
87691,0,0,3.010873038036312e-08
87694,0,0,0.01757508372705014
87699,1,1,0.998800173961843
87706,0,0,0.08111842469713251
87707,0,0,3.214665384865162e-07
87708,0,0,2.711844012489166e-05
87710,0,0,4.383786568834054e-05
87713,0,0,5.877687113421669e-12
87714,0,0,2.753349489503119e-06
87728,0,0,0.0006358598436001261
87730,0,0,7.113846855524609e-08
87732,0,0,0.08667158064565976
87740,0,0,1.2350851238568398e-13
87752,0,0,3.286080568453476e-11
87761,0,0,2.4721152895121143e-11
87763,0,0,0.07172356960313733
87770,0,0,8.21279239824329e-13
87780,0,0,3.3800695971907244e-11
87787,1,1,0.8636833519335321
87807,0,0,0.2464634030221031
87809,0,0,3.586400712739624e-10
87813,0,0,0.037214838663528
87820,1,0,0.2827218811035858
87823,0,0,0.0317164153763122
87829,0,0,5.353134224633158e-06
87834,0,0,2.0839085967649976e-15
87839,0,0,0.005117544046991709
87843,0,0,0.006573622802505869
87846,0,0,7.124391331828602e-19
87850,0,0,4.3771869927754646e-07
87853,0,0,2.9419808530456785e-08
87857,0,0,0.29788796187270494
87870,0,0,6.147682946690125e-09
87871,0,0,6.680895766919393e-06
87876,0,0,0.015454821685653508
87889,0,0,0.2139630092662796
87891,0,0,0.1687697284262604
87892,0,0,4.81130055507944e-07
87915,0,0,0.006777137476378336
87917,0,0,0.0006733789855061169
87931,0,0,0.07401809127084007
87937,0,0,2.630215356414123e-12
87942,0,0,1.6028714837463344e-06
87944,0,0,0.0035247990990600873
87948,0,0,4.2875231387119244e-07
87950,0,0,7.546908164904882e-13
87960,0,0,7.285878728900396e-15
87961,0,0,0.003331603539490753
87963,0,0,2.420985610843697e-09
87966,0,0,0.006888821359997136
87968,0,1,0.5759441891834839
87973,0,0,0.01051971851167644
87983,0,0,0.08424856235712803
87985,0,0,5.810907205534092e-07
87989,0,0,1.1701698891114861e-10
88002,0,0,2.8582166033271525e-05
88007,0,0,3.2234618057243886e-09
88008,0,0,0.012972823446465992
88013,0,0,0.002358848301945024
88018,0,0,2.1381050655106587e-09
88021,0,0,1.1346056030265963e-13
88023,0,0,2.942386399167229e-08
88033,0,0,0.01043168325076458
88035,0,0,1.4311139219222061e-15
88037,0,0,0.037338259773425024
88042,0,0,0.2329724547808446
88043,0,0,0.00011364537073162993
88046,0,0,1.985652052897381e-05
88048,0,0,2.2483271997037061e-13
88049,1,1,1.0
88056,0,0,0.00014746529948669242
88065,0,0,0.011702972903734402
88066,0,0,0.11772729945235257
88076,0,0,3.5898397135049407e-16
88083,0,0,4.310947627575013e-09
88087,1,1,0.9999999999900722
88092,0,0,1.3577823498952352e-07
88093,0,0,1.330365084054624e-11
88095,0,0,4.395591449043284e-08
88100,0,0,0.0492236828964852
88105,0,0,1.577875719059901e-11
88116,0,0,0.14946801344471702
88123,0,0,0.2164536009992811
88126,0,0,0.04945584303606879
88127,0,0,4.2278219278654825e-08
88142,0,0,4.389687401001067e-09
88149,0,0,4.0992313857535603e-10
88156,0,0,0.00024074908887043692
88173,0,0,5.0461129952365105e-20
88184,0,0,3.210420966769917e-09
88188,0,0,0.05197371495472571
88189,1,1,0.9999999999990061
88197,0,0,2.4406712616294726e-05
88202,0,0,5.738413995152665e-12
88203,1,1,0.9999999953414251
88210,0,0,0.03215991186954289
88215,0,0,0.0012105713382877146
88224,0,0,9.370228851070093e-06
88230,0,0,1.399170501192601e-10
88232,1,1,1.0
88239,0,0,1.4948271510608414e-07
88244,0,0,1.2847151236124346e-14
88246,0,0,0.014813509855153298
88248,0,0,0.022027232403400265
88250,0,0,6.2832165569389584e-12
88251,0,0,8.120875805884123e-09
88253,1,1,1.0
88264,1,1,0.5749399215348145
88276,0,0,4.0438604301313057e-16
88278,0,0,3.992350901603028e-10
88294,0,0,1.9610520549568444e-10
88306,0,0,4.866266198017779e-07
88309,1,1,0.9992317910681086
88314,0,0,3.6706837431972835e-13
88329,0,0,0.038163102436474874
88336,1,1,0.9999999956596082
88338,0,0,0.000178422123279049
88341,0,0,2.7861371208973586e-11
88350,0,0,0.014893756381216223
88358,0,0,0.19479400366861813
88363,0,0,0.006650787257660421
88370,0,0,0.01076435119296413
88371,0,0,8.312132967828263e-11
88373,0,0,0.04569625101708341
88378,0,0,0.007763308460758448
88381,1,1,1.0
88386,1,1,1.0
88399,0,0,0.00012378199082257768
88401,0,0,1.8199110799694084e-08
88407,0,0,4.241304566559291e-13
88408,0,0,0.03174024577102357
88419,0,0,0.10392504649659387
88420,0,0,0.10197385434099464
88421,1,1,0.9999999924047444
88422,0,0,0.19683750223692942
88426,0,0,0.002416273650245945
88428,0,0,4.3370498177939854e-10
88436,0,0,3.498435292331379e-05
88442,0,0,0.14730347705813426
88444,0,0,7.950499605323441e-06
88449,0,0,9.105062602329357e-14
88450,0,0,5.006822589555042e-13
88460,0,0,1.4189838022244856e-11
88462,0,0,1.3532780263766744e-08
88483,0,0,0.006251389542646702
88492,0,0,2.1611264440624426e-14
88497,0,0,0.14729577092116328
88499,1,1,0.8642509842383113
88501,0,0,1.5062537755135e-15
88504,0,0,0.1008394268314431
88506,0,0,0.07005595879649536
88522,0,0,0.021567574758104543
88525,0,0,0.015481654864058095
88527,0,0,0.040063982251561825
88531,0,0,0.005271171597370659
88536,0,0,5.348676694042132e-13
88539,0,0,0.008499692187774247
88542,0,0,2.444494603237926e-07
88547,1,1,0.8344250823711182
88554,0,0,0.031330680569500245
88558,0,0,0.004621810467952596
88567,0,0,3.93228995850067e-15
88570,0,0,1.71500603625188e-13
88572,0,0,0.014923762113061703
88574,0,0,4.8057235359312425e-08
88575,0,0,0.004425557225361871
88578,0,0,1.0731078889825254e-12
88588,0,0,0.005460751521032769
88591,0,0,0.030780771526991352
88592,0,0,0.18531642865027578
88599,0,0,0.10080852526588346
88600,0,0,6.883132607756085e-10
88601,0,0,4.288294245710798e-10
88602,0,0,1.291288798425382e-12
88604,0,0,0.03650484819274458
88608,0,0,4.455533247431777e-08
88612,0,0,0.06692558480208116
88616,0,0,0.04298661329322576
88619,0,0,0.008291991712129724
88621,0,0,0.0074978181024801345
88623,0,0,1.2766008303655898e-07
88624,0,0,2.7394278894255454e-10
88631,0,0,0.07022616576812615
88637,0,0,5.593729972087312e-07
88643,0,0,8.336068842320972e-12
88661,0,0,0.007219541978326932
88672,1,0,0.30753770683761134
88674,0,0,0.016888485604809624
88680,0,0,0.06130679621824799
88683,0,0,4.762574851526457e-05
88692,0,0,0.022008584893648278
88696,0,0,8.705087793788031e-13
88704,0,0,0.2030225159058355
88709,1,0,0.1955615809587715
88711,0,0,0.16194404625652858
88714,0,0,2.2049624132566837e-13
88716,0,0,1.760914466134841e-05
88719,0,0,0.0899837410621002
88720,0,0,0.31080697045578604
88721,1,0,0.0755322600215224
88726,0,0,1.4853376152187407e-13
88727,1,0,0.4610932690995166
88739,0,0,0.005785147090426281
88740,0,0,5.687873604218174e-09
88744,0,0,0.004683378712749105
88746,0,0,5.503832164436831e-07
88749,0,0,2.1147086463886103e-10
88754,0,0,0.23011326782082875
88765,0,0,3.6311863464729106e-06
88790,0,0,0.014275364751427532
88796,0,0,4.887878830358988e-12
88799,0,0,6.025623070491907e-13
88803,0,0,0.18660978666538489
88810,0,0,0.021555136156817357
88812,0,0,9.97163767532414e-07
88817,0,0,2.18435469908284e-13
88818,0,0,4.2668483002279744e-10
88827,0,0,7.0771997924463125e-06
88830,1,0,0.24937897301498788
88832,0,0,0.12075603993661756
88837,0,0,4.6060056656009553e-07
88838,0,0,0.006385105755199122
88842,0,0,0.2745614408206516
88843,0,0,1.8586873785676692e-13
88846,0,0,0.1479622740710525
88849,0,0,2.486422392362681e-14
88853,0,0,7.011079147780128e-10
88854,0,0,1.8616296098436e-12
88859,1,1,0.9999977266728225
88874,0,0,2.532733005874771e-11
88878,0,0,1.4843563837495335e-08
88881,0,0,3.2747329349507614e-06
88884,0,0,5.891083606449886e-07
88885,0,0,0.0027059005711468293
88889,0,0,0.024608377466050105
88898,0,0,0.13958844120006714
88907,0,0,5.917017221595868e-13
88908,0,0,9.296656262426098e-06
88910,0,0,0.10204492146257327
88912,0,0,0.012220114043897107
88914,0,0,0.1100649084827788
88917,0,0,0.0003388957794835688
88918,0,0,0.05361097499794279
88922,0,0,0.3145318672836268
88925,0,0,0.020182518436162273
88935,0,0,0.00038440562473079454
88951,0,0,0.0019437405877958838
88959,0,0,4.016831832736424e-05
88962,0,0,1.585955151321466e-05
88971,0,0,3.99170153204133e-07
88975,0,0,3.0133047975533246e-08
88978,0,0,0.00019864009656353593
88980,0,0,1.2188869815699727e-08
88985,0,0,7.012524103307291e-11
88986,0,0,2.6737967864751524e-07
88994,0,0,1.9057238072920113e-07
88997,0,0,1.3748464482180245e-07
89004,1,1,0.7579477185959376
89014,0,0,0.0811150193293866
89020,0,0,0.004462626248034581
89031,0,0,8.360892597907509e-14
89032,1,1,0.9999999999999809
89036,0,0,0.08122612701535188
89037,0,0,0.0016070787003080627
89045,0,0,8.87229403115949e-06
89049,0,0,0.0026440555694479213
89054,0,0,1.6745520897940947e-14
89059,0,0,4.9914130148589724e-08
89060,0,0,0.033914495955308946
89061,0,0,0.00958224649921686
89065,0,0,2.8767136486930196e-21
89074,0,0,2.3574196491542577e-09
89075,0,0,0.0002139749177811219
89080,0,0,6.044007033300746e-15
89081,0,0,3.763469396467297e-07
89084,1,0,0.16651871058862813
89085,0,0,6.528958451058443e-05
89101,0,0,0.3327593304285586
89111,0,0,2.536799291795644e-17
89116,0,0,0.0021492996215554433
89120,0,0,5.038006341512263e-07
89131,0,0,0.06450087644057816
89138,0,0,3.2193055044481728e-09
89148,0,0,6.678631295487366e-09
89149,0,0,0.2846947381353221
89153,1,0,0.4556648683746062
89169,0,0,6.708873852427554e-11
89178,1,1,0.9281011810985796
89183,0,0,0.0058275408640382385
89188,0,0,1.1705260914037442e-16
89196,0,0,1.976629620478905e-08
89198,0,0,0.003371635485325698
89203,0,0,7.441972121803598e-11
89204,0,0,2.055217672890537e-13
89206,0,0,0.00014554601418419882
89208,0,0,7.37522896914218e-08
89213,0,0,0.01806356681948002
89214,0,0,1.149240821624622e-07
89216,0,0,6.279786146827476e-08
89236,0,0,0.031611887012170235
89244,0,0,1.9622101772575984e-11
89245,0,0,6.297203598016528e-13
89255,0,0,0.23017633902296952
89261,0,0,1.40264297846282e-07
89262,0,0,7.406544211508753e-08
89279,0,0,2.1248110689445938e-10
89283,0,0,1.3559852308501672e-09
89288,0,0,0.15607059030504028
89290,0,0,0.0015239022763646705
89292,0,0,1.0662704015701909e-10
89298,0,0,9.931971920051055e-09
89304,0,0,7.636851838162723e-16
89305,0,0,1.4847430195775936e-11
89318,0,0,2.4557771763557065e-11
89325,0,0,8.667141961013336e-09
89332,0,0,1.5442260064584377e-12
89336,0,0,0.0003300443096650048
89337,0,0,0.013894782499150288
89341,0,0,0.05352478282345375
89345,0,0,2.6301184734960943e-08
89346,0,0,0.0023793302271556114
89347,0,0,0.00783332573273149
89354,1,1,0.9260581397417456
89355,0,0,8.532304931648216e-12
89356,1,1,1.0
89365,0,0,1.869582785319863e-10
89373,1,0,0.047172829647241815
89375,0,0,1.1231265834744001e-06
89378,0,0,5.561049707571374e-09
89379,0,0,2.840128822284401e-09
89382,1,0,0.21929273513872322
89387,0,0,1.6732671490824287e-05
89390,0,0,0.07094250629717017
89394,0,0,0.0029125517934735033
89395,1,0,0.07073296650439267
89397,0,0,5.035413192360662e-15
89403,1,1,1.0
89413,0,0,0.0088318112574088
89423,0,0,0.11076630314323357
89424,0,0,2.173212996651152e-20
89442,0,1,0.5002378760431915
89446,1,0,0.046569034137872355
89450,0,0,0.09660575204658096
89456,0,0,8.560054024580897e-08
89462,0,0,4.7119754291126996e-14
89463,0,0,9.410173091106938e-06
89468,0,0,3.430697602410317e-07
89470,0,0,0.00025514088175025186
89473,0,0,5.93632010219141e-10
89474,0,0,1.317695664343163e-08
89487,1,1,0.9999999994573765
89489,0,0,0.003875293756505117
89491,1,0,0.40682243022411146
89492,0,0,5.883338157229356e-18
89506,0,0,0.1297668261510748
89519,0,0,0.0878993587489541
89520,1,0,0.20630053698238304
89526,0,0,1.0344290565405618e-05
89540,0,0,3.171977571160712e-09
89543,0,0,0.12132721934904257
89546,0,0,0.03725067032946847
89547,0,0,0.0012745696327425284
89557,0,0,1.4704964484310644e-12
89560,0,0,0.06690023056599227
89561,0,0,1.4295108847911004e-12
89563,0,0,8.522139904304506e-13
89567,0,0,0.001680822470801639
89568,0,0,8.538428646696322e-07
89575,0,0,3.71062765509672e-08
89577,0,0,3.82892636436556e-10
89584,0,0,2.482439329494745e-12
89590,0,0,1.909328220858014e-07
89593,0,0,0.27074737966213347
89594,0,0,0.1828331070919588
89595,0,0,0.008997118748977281
89596,0,0,1.2963063931507151e-09
89598,0,0,5.241479190304716e-12
89600,0,0,0.19545235044031162
89607,0,0,1.6703743111855805e-07
89612,1,1,0.9999906315761125
89617,0,0,0.00799306608551047
89618,0,0,7.550005918696145e-14
89620,0,0,1.4846442849168233e-08
89621,1,1,0.9999764056821748
89622,0,0,2.381834667264432e-13
89635,0,0,8.53131503556515e-14
89636,0,0,0.03337423147198817
89660,0,0,1.5519428178924173e-13
89661,0,0,7.096335399858021e-08
89673,0,0,1.3008902925753938e-09
89674,0,0,3.5173040721227804e-15
89676,0,0,0.08941665833514649
89678,0,0,3.950787326830477e-09
89684,1,0,0.11238138574990579
89695,0,0,0.037148669774259374
89698,0,0,6.7149825405769806e-18
89704,0,0,4.768175681040875e-10
89710,0,0,8.102131948592773e-06
89712,0,0,0.002725460537039663
89717,0,0,0.0038875491221568876
89718,0,0,0.04768386467170488
89723,0,0,2.549499139247838e-06
89724,0,0,0.013306888586313152
89725,0,0,0.0782142530939164
89729,0,0,3.600435525369452e-10
89730,0,0,9.354481745058993e-08
89755,1,0,0.05602159161800845
89761,0,0,2.5047169514816983e-10
89783,0,0,3.3093292924457945e-12
89784,0,0,5.47775858396099e-18
89785,0,0,4.1866091891389674e-14
89805,0,0,4.452568142927155e-06
89813,0,0,0.0005487415786111979
89814,0,0,0.0007331873156139713
89819,0,0,0.010722510056102435
89826,0,0,3.767766622006841e-11
89843,0,0,9.921606591091502e-05
89845,1,1,0.9391025392194705
89849,0,0,1.6870227804225399e-18
89858,0,0,3.633985830768135e-08
89865,0,0,0.08127498336669718
89874,0,0,5.445038162887911e-13
89882,0,0,2.0410274623162664e-11
89901,0,0,0.01382144938737263
89908,0,0,0.008500532309821479
89912,0,0,2.303170722541427e-16
89916,0,0,0.01503286670440732
89919,0,0,2.9796913452881108e-08
89923,0,0,0.044071445802600265
89928,0,0,0.033929723112772675
89929,0,0,9.978849042342465e-08
89933,0,0,3.984254381792886e-08
89947,0,0,0.29303151215105044
89973,0,0,0.1492944793688892
89980,0,0,4.643572910135465e-08
89992,0,0,7.034780309938733e-13
90005,0,0,6.559303670107375e-08
90007,0,0,0.09388502570449203
90020,0,0,0.0007135125173408166
90024,0,0,1.1117861261575213e-05
90030,0,0,0.026575800703714722
90036,0,0,0.12000224764409508
90040,0,0,1.7636187923484151e-09
90044,0,0,3.482120692230517e-13
90046,1,1,0.9999999999996028
90052,0,0,1.3972581138425464e-10
90054,0,0,2.0470516261103188e-11
90056,0,0,2.6931959853672292e-08
90057,0,0,8.913991254603904e-07
90071,0,0,7.600599169941898e-12
90073,1,0,0.15101260611002934
90074,0,0,0.015570271007757914
90080,0,0,1.2200712073825223e-12
90082,1,1,0.9999999999997289
90092,0,0,5.4077628226634514e-12
90093,0,0,0.29961488254040963
90094,0,0,2.8986213318985034e-10
90095,1,1,0.9999949361570164
90096,0,0,4.548938542317658e-08
90097,0,0,0.08973053968790133
90113,0,0,0.01828776456248535
90116,0,0,0.011941518616429314
90119,0,0,2.071713147581846e-05
90120,0,0,8.432235248542685e-18
90128,0,0,7.373997079260505e-08
90143,0,0,0.05937451075014916
90152,0,0,1.6267344176189257e-13
90166,0,0,1.0984887865874915e-16
90169,0,0,0.0007308277066627702
90173,0,0,5.301609453448303e-11
90177,0,0,0.07585302159444154
90179,0,0,1.5419089322196995e-11
90181,0,0,3.841895876957021e-05
90186,0,0,0.45281214833925176
90191,0,0,9.159612112928646e-08
90199,0,0,5.116860074758404e-08
90203,0,0,6.02093257906106e-05
90216,1,1,0.9999999999980707
90232,0,0,0.346090829773778
90240,1,1,1.0
90251,0,0,0.06934340445375599
90257,0,0,0.0036580625447456662
90258,0,0,0.052487739271010976
90259,0,0,5.346281594708391e-09
90261,0,0,1.652701218464863e-12
90263,0,0,3.003286839691047e-06
90264,1,0,0.4916408529164548
90277,0,0,3.2517866891051225e-11
90282,0,0,0.05333421854012126
90288,0,0,0.005288367675525581
90292,0,0,0.02066106329511484
90302,0,0,5.5308513955221524e-08
90307,0,0,5.816255012909997e-07
90314,0,0,0.015789304029003977
90323,0,0,0.0023084107439461385
90332,0,0,0.10486848110449852
90343,0,0,0.0295346719240101
90358,1,1,0.9985384984751451
90365,0,0,0.0313148721228883
90372,0,0,6.875734187346443e-07
90386,0,0,8.623637519780389e-12
90390,0,0,0.15455915441890447
90391,1,1,0.9999999885741092
90395,0,0,7.036603121055789e-13
90399,0,0,1.5657305587431147e-16
90403,0,0,5.178131978561017e-07
90417,0,0,0.15909597520641708
90421,0,0,3.3394442396227143e-16
90422,0,0,0.08442797625566201
90423,0,0,1.6549021280243303e-10
90425,0,0,0.10986652216624652
90427,0,0,0.047649038537181
90435,0,0,0.019759076640997224
90437,0,0,3.3689915495583716e-09
90443,0,0,1.1353871933621902e-07
90447,1,1,0.9999976920299559
90448,0,0,0.02093369297330838
90449,0,0,5.754476204670832e-07
90451,0,0,2.05516352174569e-09
90452,0,0,2.0110602294483378e-08
90455,0,0,3.904889194171872e-05
90462,0,0,0.06968695256779647
90477,0,0,2.373023973116245e-06
90481,0,0,0.046553416511019935
90487,0,0,0.0037514683916233574
90488,0,0,9.821999824947523e-08
90489,1,1,1.0
90493,0,0,1.4823126198031155e-12
90499,0,0,0.005176851501803417
90500,0,0,0.04545610084065986
90504,0,0,2.1208700787310397e-07
90505,0,0,0.19910103855483122
90506,0,0,1.8550577458334131e-07
90512,0,0,0.018156879306193183
90515,1,0,0.049856193311717985
90530,0,0,1.842432612102098e-17
90532,0,0,0.0015302839686156487
90537,0,0,0.23910857788798803
90542,1,1,0.936669156980643
90557,0,0,2.6834936668988966e-11
90560,0,0,0.0019816860257481196
90562,0,0,2.798675846896671e-12
90563,0,0,6.830589912221954e-09
90564,0,0,3.6797246226753844e-08
90567,1,1,1.0
90568,0,0,0.010261155283791226
90570,0,0,0.31384146673427493
90572,0,0,0.012514748345346669
90582,0,0,0.01037804612148158
90583,0,0,5.448982872088587e-19
90587,0,0,0.012401094555984494
90589,0,0,0.013257894427182912
90591,0,0,2.3855362939555316e-05
90608,0,0,1.6185191338605786e-06
90612,0,0,1.7943754522952265e-07
90615,1,1,0.9999999999947853
90625,0,0,6.092971578406724e-14
90627,0,0,5.250906035131441e-09
90633,0,0,3.274891732003819e-06
90634,0,0,0.0011972923659675358
90638,0,0,7.11355695821147e-08
90646,0,0,0.0660704188729556
90651,0,0,4.289616948686047e-09
90652,1,0,0.04796652363585912
90653,0,0,0.12048534551476948
90657,0,0,0.1032544528420709
90658,1,0,0.10018061458909802
90670,0,0,0.0005708951998376537
90677,0,0,0.08676779890802065
90678,0,0,0.24849803213887933
90699,0,0,0.002874658775069539
90702,0,0,3.398782172434168e-05
90703,0,0,0.18683823872205313
90704,0,0,4.0614903185933715e-13
90707,0,0,3.901626762858613e-07
90709,0,0,2.380494373105132e-07
90715,0,0,8.873666884215755e-13
90725,0,0,0.00017699079339636724
90736,0,0,1.5069117921705841e-21
90738,0,0,0.005853190786888978
90741,0,0,0.04300245512729295
90751,0,0,0.006223964543289151
90764,0,0,1.7861067928874477e-08
90767,0,0,7.734153486849965e-11
90768,0,0,0.046097531406848385
90769,0,0,1.2898216504686228e-13
90770,0,0,9.056149378641415e-08
90774,0,0,2.1539954931132708e-17
90777,0,0,8.838793326430648e-17
90790,0,0,0.020243846177522003
90796,0,0,1.6561939660516045e-12
90800,0,0,0.014646155521070152
90803,1,1,0.9999999999999991
90804,0,0,0.09738323858523816
90808,0,0,4.87248134156956e-07
90810,0,0,6.341169277352495e-07
90816,0,0,0.008711281313460165
90817,0,0,0.2598353951411452
90821,0,0,1.2976077328612112e-12
90835,0,0,6.021697589255376e-13
90839,0,0,4.4839231246457007e-07
90840,0,0,1.6291787720252417e-05
90842,0,0,0.013275939403724811
90844,0,0,2.377946503002693e-06
90852,0,0,3.940978886946992e-14
90854,0,0,2.9479013640174527e-12
90861,0,0,0.12384438894512693
90866,0,0,7.397558190014722e-16
90880,0,0,0.08657408024817567
90896,0,0,0.10087078444112295
90900,0,0,0.001975034998242669
90901,0,0,1.5385545661866288e-18
90902,0,0,0.004544423845033527
90903,0,0,4.841788758081175e-11
90919,0,0,4.6279088247907485e-07
90923,0,0,0.00612844367415898
90924,0,0,7.351055602924055e-07
90925,0,0,2.0123220301638063e-06
90926,0,0,3.331702631693746e-05
90928,0,0,3.3960124100231285e-05
90933,0,0,6.614268384692478e-07
90937,0,0,9.312926063975099e-12
90966,0,0,5.458165115736126e-06
90967,0,0,5.5024714187758046e-09
90969,0,0,1.012838377737237e-06
90986,0,0,0.005105860164168129
90989,0,0,4.856451191345487e-16
90991,0,0,1.6582935735661862e-10
90993,0,0,1.2613125418134473e-08
91005,0,0,0.08829505793533793
91008,0,0,8.11486432947039e-06
91011,0,0,6.926895896580641e-08
91012,0,0,0.163625494160648
91014,1,1,0.999999999999672
91015,0,0,8.136564661634993e-07
91021,0,0,2.640691592958418e-06
91024,0,0,1.5167230342786877e-17
91025,0,0,3.1605339377427393e-10
91026,0,0,0.05519280804008871
91027,0,0,4.593183097610896e-12
91032,0,0,0.009664257053298165
91057,0,0,3.362521605601407e-08
91058,0,0,0.007766798338993123
91063,0,0,0.46793664550112196
91065,0,0,0.040675062433368867
91072,1,1,0.9999999994403657
91074,0,0,0.2767409985609547
91083,0,0,0.018200730304842518
91084,0,0,2.7847825560785715e-06
91090,0,0,0.021993249056237788
91091,0,0,0.06792385169014177
91096,0,0,4.543891795492072e-10
91098,0,0,2.5438029771986108e-08
91118,0,0,0.020278115821781285
91120,0,0,0.1128310307233067
91121,1,1,1.0
91126,0,0,1.1268057193416705e-06
91127,1,0,0.41077136087164934
91131,0,0,0.022602001774675543
91135,0,0,3.9372186146957215e-09
91142,0,0,0.005387290751051773
91154,0,0,0.022121251556924248
91169,0,0,0.00395697141351728
91174,0,0,5.22517290779055e-06
91176,0,0,1.7342893063279754e-08
91177,1,0,0.23009229541293622
91179,1,1,1.0
91183,0,0,1.179786381182277e-05
91199,0,0,0.021435233859132968
91201,0,0,0.05130077995172394
91216,0,0,0.033780498159917245
91230,0,0,2.1662438505477192e-07
91241,0,0,3.572356558695767e-06
91244,0,0,9.016081855179273e-06
91265,0,0,0.012101713600169258
91268,0,0,0.23617681487393413
91269,0,0,3.399829995086249e-10
91275,1,1,1.0
91285,0,0,0.1409748426321068
91287,0,0,5.2234862905778234e-11
91288,0,0,0.23913512349950836
91296,0,0,0.0931303832251786
91302,0,0,0.06027947079585452
91309,0,0,2.7581271515021933e-09
91314,0,0,1.3729093460197023e-18
91317,0,0,3.340816814655532e-10
91325,0,0,1.506117007729771e-05
91332,0,0,6.875686965224925e-08
91344,0,0,2.9467235308553964e-05
91346,0,0,0.0746122321044159
91352,0,0,5.881638467371275e-06
91353,0,0,5.218487528121253e-11
91354,0,0,4.111580655746777e-06
91355,0,0,1.2277095315848976e-16
91358,0,0,1.3455580159678342e-08
91363,0,0,0.04262791814220972
91367,0,0,8.551976335332344e-06
91370,0,0,0.22637908558637568
91380,1,0,0.132784938988139
91382,0,0,4.712106422857485e-10
91390,0,0,3.94857743401811e-06
91393,0,0,3.06347419753764e-14
91396,0,0,6.986421407573634e-18
91398,0,0,0.051891687146657706
91408,0,0,2.1057955879095305e-07
91413,0,0,1.0488298280957351e-11
91418,0,0,0.048270716890086024
91434,0,0,0.005034383898009084
91440,0,0,1.1943847396510316e-06
91441,0,0,0.00425770589380127
91443,0,0,9.110231437069239e-11
91447,0,0,0.06380598262305393
91452,0,0,3.593815555672113e-09
91455,0,0,0.0029675782901036033
91459,1,1,0.9999999999999121
91460,0,0,3.0465648638204995e-06
91466,0,0,1.6900217783662262e-07
91471,1,1,1.0
91498,1,1,0.9999999961324852
91503,0,0,0.29070989912727097
91506,0,0,0.002852022409782571
91516,0,0,1.910471375097384e-08
91525,0,0,5.07629461729877e-08
91547,0,0,3.8002955217070597e-10
91553,0,0,1.3949352529527537e-10
91570,0,0,0.029328233365917125
91573,0,0,0.008834338706132584
91578,0,0,0.16592052978636437
91587,0,0,1.723292785910643e-07
91589,0,0,3.417398020957892e-14
91596,0,0,0.04154111011832577
91603,0,0,5.587497716814299e-17
91608,0,0,1.626234444709478e-11
91613,0,0,0.002505078984669793
91624,1,1,1.0
91627,0,0,0.05012187322844284
91636,0,0,2.6313321279922165e-05
91642,1,1,1.0
91644,0,0,1.993538904038375e-07
91652,1,0,0.007353041093210991
91659,0,0,0.04851169279578825
91669,0,0,8.43019195341674e-05
91671,0,0,0.15355894785394805
91672,0,0,7.807971066366777e-09
91677,0,0,1.9070314970457117e-10
91678,0,0,0.10385670986742065
91680,0,0,0.0225826976550561
91685,0,0,6.741027343294586e-14
91688,0,0,0.0027675155355649083
91689,0,0,0.0014362999516535498
91691,1,1,0.9999995605315384
91695,0,0,0.09494169463706746
91707,0,0,2.408548475785208e-13
91709,0,0,1.3406038893193467e-13
91715,0,0,0.055278802414981405
91716,0,0,0.10875873331862117
91717,0,0,2.3107645365605626e-10
91719,0,0,5.406889089329723e-10
91730,1,1,0.9999858860681566
91731,0,0,0.1416116188204744
91734,0,0,8.146664007829892e-06
91737,0,0,0.019507081786826145
91744,1,1,1.0
91751,1,1,0.9999999999999998
91752,0,0,4.975896005426982e-08
91761,0,0,2.9276202234579174e-07
91773,0,0,2.8046553110366563e-16
91784,0,0,0.0020289190542171908
91793,0,0,0.02178557443693278
91794,0,0,0.3178438207841799
91798,0,0,0.08449208390508656
91801,0,0,5.119813311721291e-09
91804,0,0,1.2324272221261391e-12
91818,0,0,0.04544005688873128
91825,0,0,5.607123906674409e-13
91827,0,0,5.4021154286959046e-05
91831,0,0,0.02162208919114809
91833,0,0,0.13796952138419583
91835,0,0,0.004995171887571019
91837,0,0,1.0327753847670966e-13
91838,0,0,7.350406475091533e-05
91841,0,0,1.0585020372373202e-12
91850,0,0,0.06259041059756257
91861,0,0,0.04098325964075132
91873,0,0,0.0016756991871997003
91874,0,0,6.277986111248841e-07
91877,0,0,6.364740377399084e-05
91879,0,0,7.554179233726159e-08
91885,0,0,2.2547279091232618e-12
91888,0,0,1.9215924078774158e-13
91896,0,0,1.874550627093744e-07
91906,1,1,0.9999999999999996
91918,0,0,8.457957296741716e-07
91924,0,0,0.01607119599642305
91927,0,0,0.0338903055339277
91932,0,0,8.164691979132809e-11
91933,0,0,8.147896618669784e-05
91936,0,0,0.16683810847235586
91939,0,0,1.253481097261733e-09
91943,0,0,0.09282372090540075
91948,0,0,3.857126142946004e-08
91950,0,0,0.0033075364069725375
91951,0,0,0.01965465455390931
91952,0,0,1.747301775256434e-08
91953,0,0,0.2387893360516197
91954,0,0,1.2757601323767823e-16
91955,0,0,4.5725820453455934e-09
91957,0,0,0.0036084927160511056
91964,0,0,0.0008514756320471726
91971,1,1,1.0
91977,0,0,4.033518921480306e-06
91980,0,0,6.372492952454633e-14
91987,0,0,0.08567678109113454
91991,0,0,7.185973882376738e-11
91992,0,0,3.6906644045803175e-11
91993,0,0,4.0585033014084866e-09
91994,0,0,1.6764291436060526e-08
91999,0,0,2.2121687220213173e-07
92001,0,0,0.08901182730129466
92004,0,0,0.019566106469937092
92007,0,0,0.00015837457842640231
92008,0,0,0.07782433991309222
92015,0,0,0.00128080927289178
92024,0,0,0.012550234591789463
92027,0,0,2.3584325331944525e-12
92032,0,0,1.3983349837811145e-05
92041,0,0,7.512349974094039e-06
92043,0,0,1.2786954883542666e-16
92048,0,0,5.164880012804259e-08
92052,0,0,5.036400688869771e-15
92056,1,1,0.7724530126190363
92061,0,0,0.005095653423375734
92069,0,0,0.00010022326048814809
92076,0,0,4.371627893957177e-10
92087,1,1,0.999999999999988
92090,0,0,1.0157400635772048e-08
92096,0,0,5.810604072055315e-08
92106,0,0,0.03598348938408783
92110,0,0,0.02435091408059499
92125,0,0,0.09174580183443788
92131,0,0,3.0516048340915645e-21
92132,0,0,0.012141555876094026
92137,1,0,0.46425971506633157
92139,0,0,4.033304899426557e-08
92140,0,0,2.3433112747799846e-05
92147,0,0,0.10440033087418778
92153,0,0,0.05672556414571348
92154,0,0,2.8392277461605224e-06
92155,1,1,1.0
92157,0,0,0.016300104468986467
92158,0,0,6.7420981639915635e-06
92159,0,0,1.0457352120726748e-08
92160,0,0,4.63000907540357e-09
92164,0,0,0.007289286597813888
92173,0,0,0.046906336112238864
92180,0,0,1.10505247025399e-06
92181,1,1,0.9982417287066386
92183,0,0,4.550119071297461e-08
92188,1,1,0.9993381227408032
92189,0,0,1.853262835017617e-05
92209,0,0,2.19654877781018e-07
92214,1,1,0.9999999999999982
92239,0,0,8.489392042382749e-11
92242,0,0,6.3846773310000364e-12
92251,0,0,0.0004235951023578227
92252,0,0,0.004596199790230263
92265,0,0,3.715966091714263e-07
92269,0,0,2.5126586280739973e-05
92270,0,0,0.022834023968539324
92272,0,0,0.12497750898907975
92274,1,1,1.0
92288,0,0,0.19415451132570202
92294,0,0,0.00021006194308322224
92298,0,0,3.764994446431124e-05
92303,0,0,0.033903321546236376
92309,0,0,1.2981694248815176e-09
92313,0,0,0.0025318273293816937
92314,0,0,7.469390916073683e-12
92318,0,0,4.954171645672864e-06
92326,0,0,1.1944918693183118e-06
92355,0,0,0.1479983217695888
92362,1,1,0.9987079309886521
92364,0,0,0.16822253839446352
92368,0,0,2.8784454219480774e-06
92377,0,0,4.522432189338518e-12
92389,1,1,0.9999999999673796
92395,0,0,0.03300225055336703
92398,0,0,0.08693901488853903
92407,1,1,1.0
92409,0,0,0.017997907105434467
92412,1,1,0.9999999999999998
92414,0,0,4.241253327686027e-07
92425,0,0,2.305947725536189e-08
92434,0,0,1.531281716981696e-05
92456,0,0,0.00946412816446296
92480,1,1,1.0
92486,0,0,6.354081486411026e-10
92494,0,0,2.7044120380053914e-05
92495,0,0,1.2131751476692072e-07
92499,0,0,1.162376868317124e-11
92500,0,0,0.006975217283700088
92507,0,0,0.1826088836850361
92508,0,0,0.15099877547921092
92520,0,0,5.826268564402629e-08
92523,0,0,0.0101955535302965
92551,0,0,6.501892858528954e-12
92552,0,0,3.6246748822223835e-14
92561,0,0,0.0620543480516114
92571,0,0,8.829472023223166e-05
92572,0,0,0.00012449544852152013
92573,1,1,0.9831601296824305
92577,0,0,0.355270460197046
92578,0,0,4.051275906715898e-16
92585,0,0,0.058304164538436495
92588,0,0,0.006801161288907461
92595,0,0,2.328494662711353e-08
92600,0,0,9.32827892582651e-14
92601,0,0,0.0038769323978452386
92606,0,0,0.003632450087119839
92607,0,0,0.12856840042618847
92609,1,1,0.9801187393890717
92614,0,0,1.0375240050782154e-13
92615,0,0,2.288605472638835e-05
92624,0,0,1.889469409516699e-09
92628,0,0,3.5578729164105597e-13
92629,0,0,4.144955618709178e-05
92637,0,0,9.035971374912924e-09
92653,0,0,1.5445193535444503e-09
92659,0,0,0.003412168521740609
92661,0,0,0.0046488835440064704
92662,0,0,3.793686529579388e-15
92663,1,0,0.07682993726940657
92666,0,0,2.274430751832341e-08
92668,0,0,0.0230064783834366
92669,0,0,0.017596231842930327
92672,1,1,0.9999999955982608
92678,0,0,0.002118306903299343
92679,0,0,1.1823065312308506e-08
92696,0,0,8.09309949663851e-05
92699,0,0,5.918711581957922e-12
92707,1,0,0.07777935805758618
92711,0,0,3.5248862616699413e-09
92729,0,0,8.335956184950562e-09
92730,0,0,2.1826957317100285e-09
92731,0,0,0.3655790113387803
92735,0,0,2.2951413342463593e-13
92742,0,0,1.1658657618919597e-05
92751,0,0,0.049276491909342586
92752,0,0,3.3202745477732586e-11
92758,0,0,0.34291921854944085
92761,0,0,5.530794837760768e-08
92770,1,1,0.9999999999999996
92779,0,0,3.3829681616675957e-18
92781,0,0,3.3847778069298906e-09
92782,0,0,1.5551033600095985e-08
92785,0,0,3.976918997784021e-07
92787,0,0,6.907979165248129e-10
92790,0,0,4.739703053547714e-09
92799,0,0,3.930179602891627e-07
92814,0,0,1.377688472719816e-10
92823,0,0,0.12700865597809308
92828,0,0,2.7611020048447047e-05
92834,0,0,2.865713771835352e-06
92839,0,0,1.7515885789742606e-17
92841,0,0,0.0033706938980635186
92842,0,0,2.476832121232285e-12
92845,0,0,1.0357055451983506e-05
92846,0,0,0.002591557819719621
92851,0,0,0.009953924962316838
92858,0,0,0.004608395986774089
92859,0,0,0.021689517324568582
92862,0,0,2.7920090476033033e-08
92867,0,0,0.1442235606396436
92875,0,0,7.1092877585726464e-12
92876,0,0,0.13422730935912677
92878,1,1,0.9568151953660985
92891,0,0,0.03461401205228682
92892,0,0,5.577837950569534e-13
92893,0,0,0.17348853545142953
92894,0,0,0.0001409817358398784
92917,0,0,0.005261675376633965
92920,0,0,0.07312862423024406
92937,0,0,4.450522525965259e-15
92940,0,0,1.4882130240958812e-12
92947,0,0,4.55428491234204e-08
92949,0,0,1.9214758762246656e-06
92950,0,0,0.02617886544392124
92954,1,1,1.0
92955,0,0,6.174740326329036e-12
92958,0,0,0.009779232849373634
92961,0,0,0.16208491033925768
92965,0,0,0.034316856482605136
92970,0,0,0.15267201453347407
92975,1,1,0.8441554479704051
92976,0,0,0.008127534289934985
92981,1,0,0.3825275442160413
92988,1,1,0.9999999714147491
92996,1,1,1.0
93004,0,0,0.11252470589589822
93010,0,0,1.6557309933764523e-06
93019,0,0,0.0019813597804875962
93024,0,0,0.004317414175075722
93033,0,0,0.07839923806612474
93042,0,0,0.003070133819394822
93047,0,0,4.529332113539015e-12
93059,0,0,2.7212833140627943e-07
93062,0,0,0.0019317457303940537
93066,0,0,0.004595783121648837
93068,0,0,2.6736936789890646e-16
93072,1,0,0.17542014655337
93075,0,0,4.57861732097444e-16
93080,0,0,0.10713242840402948
93082,0,0,0.005008609665691765
93090,0,0,0.06927680803831993
93097,0,0,0.001762024985947758
93102,0,0,0.00802989231890857
93117,0,0,1.7894665767442108e-12
93124,0,0,0.03154626340061729
93128,0,0,0.17525841936065592
93129,0,0,5.144708151050265e-06
93134,0,0,1.3360298620342254e-10
93135,0,0,0.04946537791453708
93138,0,0,0.0002551398857059522
93140,0,0,0.3336330737985309
93143,0,0,0.005642915142518271
93146,0,0,0.005079400925263817
93148,0,0,3.466213151417259e-10
93157,0,0,0.18123485750563312
93161,0,0,0.11176197399597586
93177,0,0,0.11598491335354738
93178,1,1,0.9999999999993361
93179,0,0,0.1263941881849566
93182,0,0,0.008112914398760782
93183,0,0,6.165594464525492e-13
93185,0,0,2.3660164018735334e-12
93189,0,0,4.518783928788568e-09
93191,0,0,3.538826493561017e-08
93194,0,0,5.863097467450341e-18
93196,0,0,5.776748988728035e-10
93202,0,0,3.4805109937465644e-08
93205,0,0,8.071036096352512e-10
93208,0,0,7.123038818688936e-09
93211,0,0,2.0697976669564897e-08
93218,0,0,1.6296367795227357e-05
93221,0,0,2.4744934626878983e-06
93222,0,0,3.522638701754985e-08
93240,0,0,4.1273511706767263e-10
93243,0,0,0.0018851074558331442
93250,1,0,0.28336165727017826
93259,0,0,0.1917089453239137
93261,0,0,0.006970850507007252
93269,0,0,0.15998657318817697
93270,0,0,0.0014897298775482072
93283,0,0,1.269220615970495e-08
93293,0,0,0.1553960398867484
93300,0,0,0.016615945686761134
93303,0,0,1.966695826786741e-05
93304,0,0,0.007649900100670762
93306,0,0,4.103925181378307e-08
93309,0,0,0.0035971064314904975
93313,0,0,0.16140698305107476
93330,0,0,4.543071848183065e-06
93332,0,0,1.2433394880669468e-12
93335,0,0,4.653673997633792e-12
93337,0,0,9.095938826265729e-09
93340,0,0,0.0014664383947179057
93342,0,0,8.483473174222933e-18
93343,0,0,0.059295426506637376
93349,0,0,2.0278982356805805e-11
93351,0,0,2.308597696996905e-10
93368,0,0,0.00750612553484057
93369,0,0,0.024066075181997305
93377,0,0,0.14071351259390802
93380,0,0,0.06086954945370738
93388,0,0,4.018942367663621e-05
93389,0,0,3.879286556315996e-05
93398,0,0,9.540160806213523e-21
93406,0,0,0.006954598125630265
93410,0,0,0.005504385298947203
93413,0,0,1.4205280449926232e-06
93416,0,0,8.76797213722054e-09
93426,0,0,0.0017996557389747408
93449,0,0,0.16000209765917775
93451,0,0,2.6460426921760987e-12
93453,0,0,6.949606608528165e-06
93458,0,0,2.407403677959118e-06
93461,0,0,6.581651775836147e-08
93470,0,0,1.3481325956174405e-13
93471,0,0,2.7281558214223637e-14
93472,0,0,0.0020665676366059585
93480,0,0,3.280123944765672e-08
93482,0,0,0.05807855046510501
93483,0,0,1.9999303122055753e-06
93484,0,0,0.05766453990793901
93494,0,0,1.9072555829244214e-06
93496,0,0,4.873731906896038e-12
93501,0,0,0.009766062692729248
93505,0,0,6.553872649364064e-07
93506,0,0,0.0112389670694731
93509,0,0,9.598946795983338e-09
93516,0,0,8.362514406761885e-12
93517,0,0,2.7720119299005294e-10
93518,0,0,0.01596819559697951
93525,0,0,5.446202563763728e-14
93535,0,0,9.350694087156445e-12
93537,0,0,6.144224758186644e-11
93541,0,0,7.674924068768642e-07
93546,0,0,0.04136906698263258
93547,0,0,1.934573878902674e-10
93557,0,0,0.05302050807705422
93563,0,0,0.1882481385274747
93577,0,0,1.4136534540069874e-06
93579,0,0,0.012825498702296781
93590,0,0,2.3752789523804688e-11
93600,0,0,0.0008227587512160727
93613,0,0,1.05585504070567e-06
93614,0,0,0.020169168690336896
93615,0,0,0.008683662669302698
93623,0,0,0.05325202301469742
93625,0,0,0.03686675008732402
93631,1,1,0.9999999988072867
93636,0,0,0.11260683804845127
93650,0,0,3.195188383050091e-13
93655,0,0,2.2024625531296436e-12
93659,0,0,2.6601368891301693e-12
93668,0,0,0.06236741783795838
93669,0,0,1.6231265042192087e-09
93675,0,0,1.2986862339368787e-11
93676,0,0,0.005186818829172869
93681,0,0,2.828298671889616e-07
93691,0,0,1.6990931414556824e-07
93695,0,0,1.2411255196644761e-05
93699,0,0,4.7886945857149175e-11
93702,0,0,3.939458886161789e-08
93707,0,0,0.012077961476716909
93708,0,0,0.024949404275910764
93718,0,0,4.0584203442123314e-07
93720,0,0,5.098462443160696e-12
93721,0,0,3.768638662865418e-05
93724,0,0,0.0004701101795287227
93727,0,0,0.1509186112689009
93738,0,0,0.0028962693802963733
93744,0,0,1.4012555164560985e-06
93748,0,0,7.691999981838097e-07
93754,0,0,0.007048692559226006
93756,0,0,0.0765664557824126
93761,0,0,6.972736504921907e-07
93768,0,0,9.006029543960864e-09
93769,0,0,1.256679964766159e-06
93770,0,0,1.0015290314811476e-15
93771,0,0,5.38288803162479e-06
93778,0,0,0.06459749099815011
93779,0,0,3.0649937284986486e-13
93786,0,0,0.00010311224830811887
93789,1,1,1.0
93804,0,0,6.224821160307558e-07
93842,0,0,1.2760347368487555e-08
93845,0,0,0.11047381363605943
93847,0,0,4.439692289691713e-15
93854,0,0,3.2236843985340237e-10
93861,0,0,9.086091060539954e-07
93866,0,0,5.047627157980992e-07
93870,0,0,6.900414731025583e-12
93874,0,0,2.1514536405292952e-10
93881,0,0,1.8257108747297907e-09
93886,0,0,0.16881190184796993
93887,0,0,5.040689994899056e-10
93892,0,0,0.003102373477564542
93895,0,0,1.5879288417798996e-12
93902,0,0,1.1823708423536275e-11
93906,0,0,2.4800133235214528e-05
93909,0,0,5.306140300931505e-07
93910,0,0,0.0036890842323842672
93925,0,0,0.1210132195688317
93931,0,0,0.005213308485996442
93935,0,0,2.0394873494463127e-11
93943,0,0,6.310471924334506e-12
93944,0,0,0.07328064852292891
93948,0,0,3.4712914057007806e-08
93949,0,0,7.453145763949649e-07
93953,0,0,0.008913127399062621
93956,1,1,1.0
93974,0,0,0.1062754160711137
93981,0,0,3.2533353741494755e-06
93998,0,0,1.8704092383850036e-11
93999,0,0,2.632896901355284e-06
94003,0,0,0.11742550573155312
94009,0,0,4.908430123985317e-16
94014,0,0,6.87986711065105e-13
94030,0,0,8.170724446851711e-16
94034,0,0,1.0179573930912403e-13
94050,1,1,1.0
94052,0,0,9.956379185043291e-14
94059,0,0,1.2328284281803934e-07
94061,1,0,0.026311268987231705
94067,0,0,2.4396196368859444e-06
94076,0,0,0.0007227793654187017
94077,1,0,0.3034944634499646
94104,0,0,0.008407792461625423
94111,0,0,1.5687491956474148e-05
94115,0,0,7.413751850959319e-16
94122,0,0,3.2007153289559704e-09
94124,0,0,0.19691189313009586
94129,0,0,0.08288222205239165
94136,0,0,0.22804996919893103
94137,0,0,0.03077082067727328
94144,0,0,0.0044384883270944505
94150,0,0,0.0009757573819781791
94151,0,0,0.00987767721956481
94152,0,0,2.1874448508637524e-10
94153,0,0,0.1941871778601962
94154,0,0,3.0522880720023146e-12
94162,0,0,0.0006998049244407327
94163,0,0,1.1770799069880685e-12
94168,0,0,1.1653098753767695e-13
94174,0,0,2.974901376480881e-07
94175,0,0,1.1191915813423513e-05
94181,0,0,2.7156734252825726e-11
94188,0,0,0.01100864153648847
94191,0,0,1.0867835191465236e-07
94208,0,0,3.5750732245622555e-06
94220,0,0,0.0024699686955774874
94222,0,0,1.1055746032515063e-06
94226,0,0,9.453009223280443e-12
94229,0,0,0.27610629086391725
94235,0,0,0.025886208345603578
94236,0,0,0.21550294246470694
94247,0,0,0.22004206960500552
94253,0,0,4.0859621089967325e-07
94256,0,0,9.990473941105023e-08
94270,0,0,0.05851949677084828
94277,0,0,2.3902850792850002e-18
94281,0,0,0.030957835460104322
94290,0,0,5.47342219131178e-05
94300,1,1,0.9648982128017994
94301,0,0,8.376223382796969e-13
94303,0,0,0.003504382185942336
94307,0,0,0.1979723180717095
94313,0,0,1.1155861110057978e-06
94318,0,0,3.4874992893819965e-10
94320,0,0,2.327154329695331e-16
94324,0,0,2.676709518573955e-10
94329,0,0,2.4454507226393796e-08
94334,1,1,0.9999999999984293
94339,0,0,0.15888335319870445
94343,0,0,0.0216764154470966
94344,0,0,0.001893671530946869
94347,0,0,0.012560740865114634
94353,0,0,2.3501847544948723e-14
94357,0,0,1.6339682507188895e-05
94360,0,0,6.225199154507564e-07
94361,0,0,1.935429026492656e-07
94365,0,0,9.271010449491677e-11
94367,1,1,0.9999999999988893
94372,0,0,0.026947130446725778
94373,1,1,1.0
94375,0,0,4.620557129075903e-13
94380,1,1,1.0
94388,0,0,8.005591572088156e-11
94402,0,0,4.912559730532029e-12
94404,0,0,0.22291481488594997
94410,0,0,6.880961666627509e-10
94411,0,0,3.3869769752033397e-14
94413,0,0,0.055300012929313476
94419,0,0,0.07277970260111878
94426,0,0,6.080187751782817e-11
94431,0,0,0.10993098788913308
94433,0,0,4.008027363690805e-18
94442,0,0,1.962081921732921e-10
94443,0,0,2.1232535645211748e-07
94448,0,0,2.8254077748876206e-05
94451,0,0,1.1932939130367673e-06
94453,0,0,0.299256810729712
94457,0,0,0.11117890862956484
94464,0,0,2.3659335604367505e-12
94471,0,0,1.2234330132814125e-11
94477,0,0,2.152472169017507e-12
94479,0,0,0.014326940108657302
94482,1,0,0.3033933516036135
94485,1,1,0.9999978288247309
94498,0,0,3.1452238840200595e-11
94500,0,0,3.430006530712107e-10
94507,0,0,0.0016201058109823895
94512,0,0,0.04065585783745267
94516,0,0,0.006892363610838758
94521,0,0,0.01932265838464453
94525,0,0,1.6667135417612898e-09
94526,0,0,5.701227271754341e-06
94535,0,0,0.18707182013805884
94544,0,0,0.09922991198477144
94545,0,0,6.885182475194456e-05
94547,0,0,0.17717406170161382
94549,0,0,0.0226340348448778
94564,0,0,0.11659659670294932
94570,1,1,0.9996488377027013
94571,1,1,0.9979382081151622
94588,0,0,0.007318523358087444
94597,0,0,4.952858112281281e-10
94600,0,0,0.02142614289995238
94603,0,0,0.008605688990994486
94607,1,1,0.9999999999999998
94609,0,0,1.1170693297657208e-10
94610,0,0,5.4592009040162545e-11
94612,0,0,0.2695234562747096
94616,0,0,0.059656463260677854
94624,0,0,4.921073140084067e-09
94628,0,0,2.4220463654226647e-05
94631,1,0,0.05812111913031884
94632,0,0,5.247302259505621e-10
94633,0,0,0.003850154268987859
94635,0,0,0.0493772612891728
94645,0,0,0.1728727133121503
94661,0,0,7.806053508713254e-07
94663,0,0,0.06387319152395901
94670,0,0,4.992830708982116e-13
94673,0,0,0.053695732640605516
94676,0,0,0.005991552017366481
94681,0,0,2.099751578934179e-08
94688,0,0,1.5689606681900701e-06
94691,0,0,2.9788398722806108e-05
94697,0,0,5.061310442980465e-13
94701,0,0,6.127747350155436e-05
94705,0,0,0.014293918447439019
94712,0,0,2.6203477796766422e-08
94720,0,0,6.801890369046533e-07
94722,1,1,0.9516047246627605
94723,0,0,0.34511259632867547
94733,0,0,0.04236465582929538
94737,0,0,0.10690286723927457
94740,0,0,0.012630144367568655
94742,0,0,3.933723460967634e-06
94753,0,0,1.6127035207939757e-08
94758,0,0,0.03355694916890276
94769,0,0,2.48050746529969e-08
94777,1,1,0.9999999860346898
94778,0,0,0.003748118222517512
94779,0,0,3.355438387672696e-15
94782,0,0,2.7437742793891357e-06
94797,0,0,0.03549351432068704
94800,0,0,0.049872071850749086
94808,0,0,1.7090700696785312e-12
94811,0,0,1.5498617379797696e-13
94817,0,0,0.12200182236079941
94821,0,0,0.06904098824001148
94822,0,0,2.562444627782804e-07
94823,0,0,2.6316076606689952e-05
94824,0,0,5.585966407419516e-05
94825,0,0,0.22015069692343606
94826,1,0,0.2197424552912956
94830,0,0,2.1827720338592363e-07
94836,0,0,0.26976940749803957
94837,0,0,1.210083090743111e-06
94843,0,0,2.0203937707188304e-08
94845,0,0,0.08100975099244008
94846,0,0,2.2439082310392585e-15
94853,0,0,3.0034842501929873e-18
94864,0,0,0.004453820377311189
94888,0,0,3.1609297403872047e-08
94890,0,0,3.7376101449114737e-05
94895,0,0,0.03954799939145509
94896,0,0,1.888201876949087e-07
94897,0,0,6.55077256227791e-10
94898,0,0,1.0548769151440871e-11
94899,0,0,0.02272517615754307
94904,0,0,0.016374977132821565
94905,0,0,0.0041806339099362735
94906,0,0,0.0014892991135382273
94914,0,0,1.6044560200158662e-12
94916,0,0,1.8864082272884995e-11
94937,0,0,0.0072203682937817745
94949,0,0,0.001305978002907267
94953,0,0,3.3918041735347055e-10
94966,0,0,0.00044064621813897514
94970,0,0,0.16559067944572864
94975,0,0,0.03131229872841984
94978,0,0,1.1545724611386878e-06
94984,0,0,1.1540147656459021e-12
94985,0,0,3.957557178899066e-05
94996,0,0,1.605656006773258e-11
95004,0,0,1.1240160063233603e-05
95005,0,0,2.631312763181314e-09
95008,0,0,2.326086073681115e-06
95028,1,1,1.0
95037,0,0,0.08212354215371295
95038,0,0,0.047718812770652694
95041,1,1,1.0
95045,0,0,0.01561540243984989
95046,0,0,0.36821059144697693
95049,0,0,4.068968923373829e-06
95050,0,0,4.1162560767231136e-05
95051,0,0,0.05641994396853986
95052,0,0,0.17453559811738073
95058,0,0,2.7326863069802714e-08
95069,1,1,1.0
95070,1,1,1.0
95086,0,0,0.02477702964316152
95087,0,0,0.2903052304875757
95089,0,0,8.531477446834568e-13
95095,1,0,0.0966123324992881
95099,0,0,1.1140735260128523e-07
95105,0,0,0.028714888037293548
95108,0,0,4.106850722769847e-08
95113,0,0,6.901988292018675e-10
95118,0,0,0.0017451801599197728
95121,0,0,0.0004740714977739045
95122,0,0,9.99043320261313e-07
95126,0,0,1.2556243079457993e-09
95127,0,0,2.4956053522775685e-05
95149,1,1,1.0
95151,0,0,3.810283196333492e-07
95160,0,0,5.16771963818431e-12
95161,0,0,4.641419840866092e-10
95162,0,0,0.08599965913184071
95167,0,0,0.39101803991712575
95170,0,0,1.9036660919712815e-09
95171,0,0,2.0025576142592817e-06
95172,0,0,0.002049490830368185
95174,0,0,0.0014553325200242595
95175,0,0,0.21587017273536838
95179,0,0,0.04945995307199398
95181,1,1,1.0
95191,0,0,0.00809761649383947
95193,0,0,0.15228787636167135
95199,0,0,0.2229057733540504
95202,0,0,1.686864714278689e-06
95205,0,0,2.783442654998243e-09
95207,0,0,1.5235494073810694e-06
95218,0,0,0.009002857926486875
95219,0,0,0.005474874031009943
95243,0,0,7.644396586813908e-13
95268,0,0,5.432722812557979e-06
95288,0,0,1.50076347428449e-05
95289,0,0,8.18878404160388e-06
95290,0,0,0.16261500790708755
95297,0,0,2.1069473327866105e-09
95319,0,0,0.14476101131988112
95324,0,0,0.008392528809411716
95362,0,0,5.111179401680383e-09
95373,1,0,0.10401588258732032
95377,0,0,2.3632784993042696e-09
95379,0,0,0.050653575963786175
95380,0,0,0.013056285035340969
95382,0,0,2.0206211898463177e-08
95386,0,0,0.01428632688170791
95387,0,0,0.004047463451364895
95389,1,1,0.9999999999991143
95390,0,0,5.477653710197758e-08
95397,0,0,0.03910243364249917
95398,0,0,1.2705091904663697e-09
95409,1,1,1.0
95412,0,0,0.02604141413745678
95414,0,0,3.989901220739549e-15
95422,0,0,0.03832960611837269
95426,0,0,1.0081798826887201e-07
95436,0,0,0.19697262044864797
95450,0,0,0.03027300929882679
95455,0,0,0.004674971374363732
95460,0,0,3.533164826728172e-05
95461,0,0,2.855577566302873e-05
95472,0,0,1.5841062118469297e-14
95479,0,0,0.00044436905736762157
95480,0,0,2.8801155247882764e-13
95482,0,0,0.19632616806770878
95491,0,0,0.00019301076311384455
95494,0,0,0.004641481361686339
95498,0,0,0.0019260946252669486
95501,0,0,0.007292702409239621
95506,0,0,1.110081382793755e-08
95515,1,0,0.21269351482731658
95517,1,0,0.053211507843727475
95518,0,0,9.020207104672415e-09
95520,0,0,0.12637108391840277
95527,0,0,0.006126781306376834
95541,0,0,9.235340384711792e-13
95545,0,0,1.1347352164872629e-07
95546,0,0,6.662273573105316e-13
95571,0,0,0.09263145091543691
95572,0,0,1.7734632515351033e-12
95576,0,0,5.362966396538843e-06
95579,0,0,1.6437987578579523e-12
95580,0,0,0.0061642287684489944
95590,0,0,0.05262123204527228
95609,0,0,3.320965554865644e-06
95610,0,0,1.3341106631813177e-10
95619,0,0,2.1885041264815968e-11
95634,0,0,1.870530207606728e-11
95648,0,0,1.4279308702086867e-08
95661,0,0,1.4280718565706507e-10
95676,1,1,0.9999999445451506
95686,0,0,3.109757996785673e-17
95689,0,0,0.289589397781817
95707,0,0,0.11134991246310898
95711,0,0,0.02630680097970266
95716,0,0,3.7261189021677826e-08
95722,0,0,1.6686827120968155e-05
95725,1,1,0.9999999874924156
95727,0,0,0.00333119672710052
95729,0,0,0.05671049986103938
95732,0,0,1.179951381721861e-09
95735,0,0,4.178150771030793e-12
95741,0,0,0.23951962755279493
95750,0,0,1.3818493250797935e-05
95753,0,0,0.003941040327289409
95758,0,0,0.013385971059193607
95760,0,0,2.101233064207832e-12
95765,0,0,2.875351294194921e-08
95772,0,0,3.871508272687016e-15
95780,0,0,0.0006511581094485157
95789,0,0,0.08528065947997919
95795,0,0,0.006606070933925473
95804,0,0,3.282113001757336e-06
95811,0,0,1.1005847009153327e-05
95814,0,0,6.347318987991524e-13
95826,0,0,2.0389935781768233e-10
95829,0,0,3.4684350404357093e-12
95834,0,0,6.13398179897341e-09
95836,1,1,0.999999999999966
95838,0,0,0.007224111217255428
95851,0,0,0.1583317616875939
95856,0,0,9.183579442589813e-10
95863,0,0,7.751001920679902e-09
95874,0,0,0.003694762065400916
95876,0,0,0.004022521913272009
95886,0,0,0.00044342239672833075
95898,1,0,0.12361425360051348
95899,0,0,0.06913151262176008
95902,0,0,1.2033077745922568e-13
95911,0,0,1.0673398903478775e-08
95916,0,0,1.1158675120226791e-10
95918,1,1,0.9999999999993145
95919,0,0,0.0008583968625181981
95932,0,0,0.05055752611831256
95940,0,0,9.043867565271876e-09
95950,0,0,5.863473927395413e-05
95954,0,0,3.332571628062115e-05
95955,0,0,1.2492258906164614e-07
95964,0,0,0.018053620836873636
95982,0,0,0.07767457744930396
95987,0,0,2.6990965677790556e-16
95989,0,0,0.00013927297162292916
95990,0,0,2.0447279020994155e-11
95995,0,0,0.14131755257850218
95999,0,0,2.497353849192655e-08
96003,0,0,1.4469201716734999e-05
96008,0,0,7.752120968558255e-06
96009,0,0,1.365004401871118e-07
96021,0,0,1.011866847387462e-05
96044,0,0,2.8463465476277642e-06
96051,0,0,0.00834537981316378
96061,0,0,5.808756640265553e-13
96064,0,0,1.2075176084315163e-09
96066,0,1,0.5229693105751494
96071,0,0,3.9012651507277546e-14
96088,0,0,0.007708416323780097
96097,0,0,1.610402420863525e-09
96099,0,0,8.016300280339576e-08
96100,0,0,1.0099253969377301e-07
96102,0,0,3.2492816130584425e-05
96103,0,0,0.00023432501194807658
96105,0,0,4.413536104689948e-08
96114,0,0,0.044801041332211036
96120,0,0,1.8774229873505332e-07
96123,0,0,0.13881823754297318
96138,0,0,1.3010522724069944e-07
96142,0,0,1.0848050636183544e-08
96143,0,0,2.4372037980951937e-05
96146,0,0,1.0817462128739446e-12
96147,0,0,0.017617493975592268
96159,0,0,0.08669938124785075
96170,0,0,4.604568583211659e-09
96172,1,1,0.9999999975412646
96174,0,0,1.767046912038355e-08
96176,0,0,1.3125777369918693e-14
96182,1,1,0.9999999966281894
96190,0,0,0.04945710594352282
96192,0,0,7.082418107217108e-10
96193,0,0,0.007041666230474379
96194,0,0,0.04777612713815026
96200,0,0,0.025310645944732195
96202,0,0,0.13868729239377692
96214,0,0,0.2972472141359963
96216,0,0,0.03901032387265883
96218,0,0,0.015339619693558753
96222,0,0,7.046335431793847e-11
96224,0,0,0.17192969468777086
96231,0,0,1.3881209757103124e-08
96240,0,0,1.0204744392870273e-10
96241,0,0,0.0012190303248569684
96243,0,0,1.3440404279460424e-07
96251,0,0,1.5046652921949184e-07
96256,0,0,0.0031835933235500008
96257,0,0,6.277828120128643e-11
96259,0,0,8.287137338334554e-12
96269,0,0,0.06323384283984415
96270,1,1,0.9999999999999996
96271,0,0,9.576106849114684e-06
96286,1,1,1.0
96302,0,0,3.6161992329056425e-05
96305,0,0,1.2352167498204958e-09
96314,0,0,1.0835985933941603e-10
96316,0,0,1.7202539349672528e-05
96317,0,0,0.0519275342181585
96320,0,0,9.400104187074773e-13
96321,0,0,1.2405673127332005e-05
96326,0,0,0.004890584786869452
96328,0,0,0.08075768772312603
96332,0,0,9.416625572631871e-05
96359,0,0,5.221797212764876e-17
96363,0,0,0.06984700768839436
96364,0,0,2.876111685253518e-12
96365,0,0,0.05266731800030303
96370,0,0,4.31057701013559e-09
96375,0,0,2.8932668984315255e-09
96386,0,0,0.001504624707017488
96387,1,0,0.3496602804859902
96396,0,0,0.20489145731682426
96407,0,0,0.012331373981634123
96417,0,0,0.031944007526405645
96445,0,0,0.1036068187186682
96450,0,0,9.839934337462849e-08
96454,0,0,1.5741718116875633e-10
96460,0,0,0.009633600594174115
96464,0,0,3.599319295352125e-05
96465,0,0,1.126132681383293e-05
96466,0,0,1.2328499265114085e-11
96469,1,1,0.9999958451849659
96470,0,0,5.363575044500967e-19
96473,0,0,1.871191385863887e-06
96495,0,0,2.76410650115774e-12
96496,0,0,2.106683861503741e-08
96498,0,0,0.06359058224651351
96500,0,0,6.232764754861523e-10
96501,0,0,0.15315993140606513
96507,0,0,0.0005046822102294334
96515,0,0,2.7999577849329276e-06
96522,1,0,0.34900554526309036
96523,0,0,0.35038603175516736
96527,0,0,1.070093201104187e-06
96528,0,0,0.1585225152928968
96529,0,0,9.639737021180104e-16
96535,0,0,0.22892794017286186
96538,0,0,7.637723441169709e-07
96541,0,0,2.617517944813593e-06
96545,0,0,1.9130106544907863e-08
96549,0,0,0.00889964280203955
96552,0,0,1.5919355444589582e-16
96553,0,0,0.08807549730346874
96554,0,0,1.898849778693748e-12
96568,0,0,0.03911099760648076
96571,0,0,4.282361944312072e-08
96572,0,0,9.664666385851198e-12
96575,0,0,1.7609985720740873e-06
96579,0,0,6.086722564530463e-18
96588,0,0,0.004823127138652323
96600,0,0,0.01480747000031677
96608,0,0,0.06719719935113926
96619,0,0,2.0919183335890707e-10
96629,0,0,3.9333511129627307e-07
96632,0,0,9.357446224628778e-13
96637,0,0,7.204003411515056e-08
96670,0,0,2.3395522804818626e-11
96674,0,0,0.01841323774980614
96676,0,0,4.985291983681329e-06
96677,0,0,6.286100556352076e-10
96682,1,0,0.34060694857875234
96683,0,0,4.308068749382223e-08
96685,0,0,0.02805019128090138
96691,0,0,1.2318244447965326e-10
96694,0,0,0.004492174574424956
96697,0,0,1.904226766067938e-10
96705,0,0,0.03073732959989267
96707,0,0,2.2391121130731698e-08
96708,0,0,3.244891356478765e-06
96714,1,1,1.0
96715,0,0,3.139869697023571e-08
96738,0,0,0.17351223855713102
96741,0,0,0.16539124981425193
96744,0,0,0.0048205564820500875
96752,0,0,5.0297923873017454e-06
96756,0,0,0.06079244445362518
96760,0,0,2.1620150449785384e-13
96773,0,0,0.11128814144822118
96774,0,0,0.05513413178542125
96782,0,0,0.11718126338336399
96783,1,0,0.25765550572821616
96789,0,0,1.2583814339062332e-05
96791,1,1,0.9783804740112706
96794,0,0,1.3941044197105024e-13
96801,1,1,0.9999999999999991
96802,0,0,0.030693176363330556
96810,0,0,2.5477369552737933e-08
96812,0,0,1.919249845481917e-08
96822,0,0,1.476719403871435e-08
96830,0,0,1.6187403603330881e-13
96832,0,0,5.932270126024025e-09
96843,0,0,0.16338323203452124
96845,0,0,0.12832024138046036
96848,0,0,0.00010094817087095032
96856,0,0,0.06006286476760821
96857,1,0,0.01118873470520523
96862,0,0,3.329515105250094e-08
96867,0,0,0.0004343347953048425
96868,0,0,1.1469060887141997e-09
96877,0,0,1.0329238724061719e-07
96887,0,0,0.1259466605478656
96894,0,0,5.710151192798099e-07
96906,1,1,0.9999999999999996
96923,0,0,0.012574451520812
96924,0,0,0.0002401300303898344
96926,0,0,8.489608688017644e-07
96930,0,0,0.11435473990100893
96931,0,0,2.0124980594522787e-08
96937,0,0,2.2507743567283209e-07
96941,0,0,0.1983305739286056
96943,0,0,3.008267039742958e-05
96946,0,0,2.0672231592836948e-06
96948,0,0,2.620002885564531e-10
96949,0,0,0.18415519584945989
96963,0,0,0.037385826166538884
96976,0,0,0.2946269238857697
96982,0,0,1.4761993790872842e-09
96983,0,0,0.00043185231386390214
96986,0,0,0.00895855852621292
96996,0,0,1.553969965662016e-11
97013,0,0,0.040775933557838685
97015,0,0,4.116613280420656e-05
97018,0,0,1.0535482293317338e-06
97026,0,0,8.399016464041746e-07
97027,0,0,3.904278830627689e-12
97038,0,0,7.652657311351525e-06
97041,0,0,6.030791842719947e-07
97046,0,0,6.14981683918235e-08
97048,0,0,6.5065222579678e-10
97049,0,0,0.0009457060714381604
97051,0,0,2.2871806979002305e-06
97052,0,0,5.272927898921516e-12
97058,0,0,1.5050476880553606e-05
97065,0,0,7.078456704399189e-07
97081,0,0,6.670436164221181e-13
97089,0,0,8.00645599007807e-13
97094,0,0,0.08026612647904968
97096,0,0,1.199570682079084e-18
97098,0,0,9.979518435576978e-06
97099,0,0,0.012006042175164957
97102,1,1,0.99999999999995
97111,0,0,1.9479502561450157e-07
97117,0,0,0.00013777448120699714
97119,0,0,2.8121574791221942e-15
97120,1,1,1.0
97127,0,0,0.05312495070197801
97131,0,0,0.00012569516128826548
97135,0,0,0.017064747866348814
97141,1,0,0.03985322620109261
97148,0,0,0.009717226236762406
97153,1,1,0.9999999995294118
97156,1,1,0.9999867266485196
97159,0,0,2.9324509745959072e-05
97160,0,0,8.572616287866882e-06
97165,0,0,0.02770790511578295
97168,0,0,7.355254296877934e-06
97183,0,0,0.006553310560742554
97204,0,0,2.1696426382380773e-09
97205,0,0,1.2318988545851255e-12
97215,0,0,0.0028612040844013553
97222,0,0,0.005707401473148802
97229,0,0,1.422744578795915e-06
97233,0,0,8.255810930312653e-08
97234,0,0,6.781515771375348e-12
97240,1,1,0.9816778348711876
97259,0,0,0.19319584501800463
97264,0,0,8.746277007795619e-11
97267,1,1,1.0
97270,0,0,0.06368019458636842
97276,0,0,2.9163682167918866e-09
97278,0,0,4.245752641428327e-10
97279,0,0,0.01609299829975459
97280,0,0,7.55708252770099e-09
97284,0,0,9.532477198430442e-06
97285,0,0,0.0419476347493643
97288,0,0,0.005603015767099706
97301,0,0,3.206142405279137e-10
97302,0,0,1.4972750294702977e-06
97314,0,0,1.3764425987190288e-09
97320,0,0,0.004143002913074628
97331,0,0,0.01771288324120653
97339,0,0,0.017306832292505472
97351,0,0,5.060608129480117e-06
97358,0,0,1.1552873321524247e-07
97364,1,1,1.0
97365,0,0,1.5859679636337823e-14
97366,0,0,0.0158956168098053
97378,0,0,0.0059575646635167
97380,0,0,4.9832919302502135e-15
97395,0,0,0.05781312672096315
97397,1,1,0.9999999999999911
97408,0,0,1.7306905812564335e-06
97409,0,0,4.915784796101297e-13
97412,1,1,0.9999999999985822
97429,1,1,1.0
97443,0,0,3.345591725909584e-07
97446,0,0,1.009649828614e-08
97449,0,0,2.777216931436317e-10
97452,1,1,0.9999999984893941
97467,0,0,0.06621876559340516
97470,0,0,4.1171047150359805e-06
97473,0,0,2.8308273067006528e-06
97479,0,0,2.5926599222833245e-08
97481,0,0,1.6963454308389654e-06
97487,0,0,8.450662577720439e-08
97501,0,0,1.6134134666262908e-05
97512,0,0,0.019585379701886528
97513,0,0,3.208609902916377e-05
97514,0,0,0.004967607427543318
97525,0,0,7.69068008176489e-13
97543,1,1,0.9742134482065723
97545,0,0,1.1427359356365499e-05
97546,0,0,0.00211876975355203
97557,0,0,8.942996430190512e-06
97561,0,0,1.481932377130083e-07
97568,0,0,0.17153756953595847
97570,1,1,1.0
97571,0,0,0.20239379422855167
97573,0,0,3.4928281281822366e-14
97581,0,0,1.5558639952899974e-08
97583,0,0,1.8920493734091395e-09
97585,0,0,1.3896815484006019e-06
97593,0,0,0.014122717496915049
97598,0,0,7.050670668568035e-07
97603,0,0,3.03501407190322e-06
97615,0,0,1.2305535181536194e-14
97619,0,0,1.1291381850598574e-10
97621,0,0,0.014030432014434258
97622,0,0,3.4333004651177957e-06
97626,0,0,3.782848586622575e-17
97628,0,0,0.0016317307397561722
97632,0,0,2.997123897303104e-17
97633,0,0,0.024373178836087157
97641,0,0,1.7039804484627174e-08
97642,0,0,0.011397328535769498
97643,0,0,1.8503319105229457e-08
97657,0,0,0.011474939608983709
97661,0,0,0.03347540927039893
97670,1,1,0.9999999999999949
97679,0,0,7.126710989797386e-10
97688,1,1,1.0
97689,0,0,8.05406613165189e-11
97696,0,0,0.08572433689023183
97697,0,0,0.11742064318954498
97698,0,0,0.14851001763040986
97704,0,0,1.0513414246639631e-18
97705,0,0,6.810772614150992e-10
97715,0,0,3.080727285929842e-05
97717,0,0,0.003102424067252549
97718,0,0,0.044838102682452814
97720,0,0,0.00821370714855753
97723,0,0,5.111725534778149e-07
97724,0,0,1.4128811686078044e-09
97733,0,0,0.03966012731955278
97736,0,0,9.34579445626538e-05
97741,0,0,1.6041090372576812e-18
97745,0,0,9.519897849260188e-09
97748,0,0,2.9349723926217055e-17
97753,0,0,0.01178441186763805
97754,0,0,3.099061368757962e-07
97762,0,0,3.052662596156193e-11
97763,0,0,0.06473550611664766
97769,0,0,4.6404417343467554e-06
97770,0,0,2.5035869011161147e-05
97777,0,0,2.7896822624454262e-06
97785,0,0,1.9304630463212558e-05
97786,0,0,1.220778058341974e-05
97810,0,0,0.12112927720494107
97813,0,0,1.0496396256288561e-11
97817,0,0,0.16013693597377543
97819,0,0,0.0005545132561038646
97823,0,0,1.0458561167797745e-09
97839,0,0,1.7673771033293622e-08
97840,0,0,1.2255200857336413e-13
97849,0,0,9.055565058934038e-09
97853,0,0,5.034312851119882e-08
97854,1,1,0.9999999999999996
97855,0,0,0.011569739709108157
97869,0,0,0.0003609099710918708
97873,0,0,7.480978387046365e-17
97874,1,1,0.9408031182995245
97883,0,0,0.0029838531555499365
97886,0,0,4.620972117308912e-08
97893,0,0,3.921550593705131e-13
97901,0,0,1.0307897037928201e-07
97903,0,0,6.517993317370433e-11
97904,0,0,0.045436789185825714
97910,0,0,0.007718514054098159
97911,0,0,5.8342927378217625e-09
97914,0,0,4.365055126492043e-12
97915,0,0,1.850047419634977e-11
97916,0,0,0.010030150064474162
97929,0,0,0.016352968916974155
97934,0,0,4.235748128497627e-10
97940,0,0,1.8153177265054917e-08
97944,0,0,1.1989814496043925e-06
97952,1,0,0.15584777594626795
97959,0,0,0.026106290682086856
97966,0,0,0.07860181180665482
97968,1,1,0.9999999999748845
97972,0,0,0.02536675293444958
97973,0,0,0.021023266982452726
97975,0,0,3.818366159470759e-05
97978,0,0,3.121684936407983e-11
97983,0,0,7.552758746950719e-07
97984,0,0,6.02142979889268e-08
97999,0,0,0.05005849172579427
98012,0,0,3.296925724261921e-08
98013,0,0,2.810728439702906e-08
98020,0,0,0.0021501392660431707
98026,0,0,0.043351435055395
98034,1,0,0.25138414334876097
98035,0,0,0.00011089620060303486
98040,0,0,2.0760861662888117e-07
98042,0,0,0.20021019219703315
98043,0,0,2.4977139273576894e-06
98049,0,0,0.1821630456565403
98052,0,0,0.10593963090237242
98053,0,0,3.292140098208406e-08
98055,0,0,3.7376536299865327e-13
98056,0,0,2.8448789951175347e-16
98058,0,0,7.675511170982158e-08
98068,0,0,0.05843869959254614
98076,0,0,0.00033541920895467436
98082,0,0,5.24178813518282e-07
98083,0,0,0.006443962841525627
98093,0,0,0.17050195446332636
98096,0,0,3.6727024356005456e-08
98098,0,0,0.003837492967486224
98100,0,0,2.2996892816373962e-09
98102,0,0,1.3548610772897403e-12
98111,1,1,0.9999999996985722
98115,0,0,2.7971924062679067e-05
98116,1,1,0.999999963852968
98123,0,0,4.9540605362301505e-08
98134,0,0,3.214183327100873e-08
98136,0,0,6.162833188871835e-15
98139,0,0,0.0024747232811435146
98144,0,0,4.5668376114399515e-15
98146,0,0,0.2158182440588646
98149,0,0,0.027350008080632437
98165,0,0,0.0672934517707567
98168,0,0,4.029682203330754e-08
98173,0,0,3.705902458453714e-11
98179,0,0,9.389115140622457e-07
98183,0,0,0.008475822343068491
98189,0,0,0.26463498857125156
98197,0,0,0.1353827607037986
98200,0,0,0.09678768898180476
98205,0,0,6.842707874042627e-10
98206,0,0,0.1777773527340507
98208,0,0,0.2337477187237669
98227,0,0,1.151666637567746e-06
98241,0,0,0.10195236222327887
98242,0,0,0.067218776985003
98247,0,0,7.384654812007968e-16
98252,0,0,0.02624578652989034
98254,0,0,0.025080192048034692
98255,0,0,0.125666208219904
98257,0,0,0.01216684223721495
98260,0,0,0.10113142107437435
98272,0,0,0.000362313474125541
98281,0,0,0.16471429688754638
98284,0,0,0.09772640856078918
98286,0,0,1.341057933471002e-13
98291,0,0,2.1951250017830343e-07
98309,0,0,2.102674054687877e-06
98310,0,0,0.10636059103747567
98320,0,0,1.736207814870449e-14
98324,0,0,8.48921132199259e-19
98336,0,0,0.10260652361714515
98349,0,0,1.3579301456792092e-05
98359,0,0,2.822249305453238e-07
98364,0,0,2.9642875099750484e-07
98370,0,0,4.513851258647768e-13
98380,0,0,2.2222832292467593e-05
98381,0,0,7.657113030150411e-11
98382,1,1,0.974550517837676
98384,0,0,0.014729507607988043
98386,0,0,1.4959570659626542e-11
98396,0,0,6.739246713558056e-17
98400,0,0,2.0037624817957934e-11
98413,0,0,2.6816125346340605e-12
98422,0,0,0.1079329095923372
98423,0,0,1.8628250669068327e-11
98425,1,0,0.2563090366829076
98426,1,0,0.11754902468451207
98427,0,0,0.045567333796083784
98431,0,0,2.338838616411408e-07
98433,0,0,2.5025624590284903e-15
98439,0,0,0.08254231891339459
98446,0,0,0.02218055898801276
98447,0,0,2.5780931007370817e-05
98459,0,0,0.1444952646077254
98466,0,0,0.006398054947523323
98471,0,0,0.01508632134053028
98477,1,1,1.0
98479,0,0,0.09142091691763674
98487,0,0,2.344253614022161e-09
98496,0,0,1.4451845242481453e-05
98505,0,0,0.03182518639782351
98506,0,0,0.0022288683946978445
98507,0,0,1.5378311305722357e-06
98517,0,0,2.0065750553230287e-07
98521,0,0,0.04120309063310483
98523,0,0,1.3033797814050298e-14
98525,0,0,0.00037337153714807743
98526,0,0,1.7990061305740456e-12
98527,1,0,0.18677099856597865
98534,0,0,6.782706677724063e-08
98539,0,0,9.196631189696802e-07
98541,0,0,2.0093201603503047e-07
98550,1,0,0.25136083546383775
98557,0,0,0.04370071138465772
98559,0,0,0.014425044089688224
98562,0,0,0.030439989672052924
98566,0,0,4.116594077635281e-08
98570,0,0,2.179237581940025e-07
98571,0,0,0.34204115721438516
98574,0,0,0.06290487232831606
98577,0,0,0.12074648710595162
98583,0,0,0.015064468716850342
98589,0,0,5.341964058524574e-09
98590,0,0,3.868928166756731e-06
98608,0,0,0.06711988152662714
98609,0,0,0.05703930969889116
98615,0,0,1.8409346082909838e-07
98616,0,0,1.7928157899501344e-06
98617,0,0,2.388261828884656e-09
98619,0,0,0.1606930492341973
98620,0,0,1.122590031348035e-10
98622,0,0,0.07705692819632878
98623,0,0,0.02400663228217545
98624,0,0,1.6272457101507704e-13
98639,0,0,0.18467587435894264
98653,0,0,6.915146742123334e-09
98658,0,0,0.02225347550645684
98659,0,0,1.0018504762695722e-08
98666,0,0,2.4294974360587135e-07
98678,0,0,0.0014760293426885774
98683,0,0,4.843801080308475e-07
98685,0,0,0.32602576428482943
98689,0,0,0.24073604324945103
98696,1,1,0.9999999998611737
98703,0,0,4.44124191647156e-09
98704,0,0,0.008461834542994916
98707,0,0,0.010510731549785695
98711,0,0,5.168695963208951e-17
98716,0,0,0.025625524296334763
98718,0,0,1.078565979894187e-09
98721,0,0,0.0028046391794470495
98726,0,0,4.0110964456008086e-16
98733,0,0,0.008444883851751114
98734,0,0,1.7862529156224993e-07
98738,0,0,0.09708664225012187
98752,0,0,0.0460575428036219
98757,0,0,5.6978279603360457e-08
98780,1,0,0.16547999022180987
98781,0,0,5.399445768578253e-08
98789,0,0,0.09541332271450277
98794,0,0,0.0003484942607961678
98796,0,0,1.7819749677580932e-06
98798,0,0,2.2226715665568052e-10
98799,0,0,0.013700852341765903
98807,0,0,0.19163538696474589
98810,1,1,1.0
98813,0,0,6.076247455597705e-06
98817,0,0,0.03133839039135301
98821,0,0,9.085869882113496e-09
98830,0,0,4.028961485998339e-18
98835,0,0,5.944785385498921e-05
98839,0,0,0.04381285476047963
98841,0,0,1.480807135956252e-05
98845,0,0,7.150571427383062e-11
98852,0,0,1.4196369251865807e-10
98863,0,0,0.004806089459091804
98865,0,0,8.631830257309284e-09
98868,0,0,0.005639675607735958
98872,0,0,5.728442179194059e-10
98873,0,0,0.3186584640891927
98874,0,0,7.410648445622204e-07
98878,0,0,0.10248262754866988
98887,0,0,4.095988044058251e-06
98892,0,0,0.0027059612194870212
98895,0,0,9.774294354155589e-09
98899,0,0,0.0017829764722663774
98903,0,0,0.09972677986467637
98910,0,0,0.036432071335145005
98916,0,0,6.180386031096613e-08
98919,0,0,0.03891892806138019
98922,0,0,0.011591757004281424
98925,0,0,1.5876426445044605e-11
98927,0,0,0.007678293964898019
98928,0,0,0.46068582321251417
98931,1,1,1.0
98942,1,0,0.10583941258187414
98943,0,0,8.518952460248383e-12
98947,0,0,2.057234865283406e-06
98957,1,0,0.34251676508490075
98958,0,0,0.011289445162462632
98959,0,0,1.4185140845132038e-17
98962,0,0,0.014090197154311172
98969,0,0,6.587949419714187e-05
98978,0,0,4.241156146720671e-14
98983,0,0,5.805953403898487e-11
98986,0,0,1.0482012815124357e-13
98987,0,0,0.019475430938298094
98988,0,0,0.2102277829976699
98997,0,0,0.006968867776382253
99006,0,0,7.948566061952043e-06
99007,0,0,0.0044690510669214995
99011,0,0,0.06102899385367445
99012,0,0,7.61336290822091e-08
99014,0,0,0.1773083457636431
99016,0,0,0.00530299766540786
99018,0,0,3.259705222216371e-07
99020,0,0,3.230895086950065e-11
99023,0,0,0.12673176181665907
99049,0,0,0.11202342177242074
99052,0,0,1.6076286902670647e-07
99060,0,0,0.001146378009706535
99061,0,0,1.927038851791803e-09
99062,0,0,8.170980883906736e-07
99074,1,1,1.0
99082,0,0,0.013537406697924192
99087,0,0,4.1638958343483685e-08
99090,0,0,0.009691019010072374
99093,0,0,0.006404344881203576
99095,0,0,4.3370970546773546e-14
99096,0,0,6.802292660304608e-10
99100,0,0,1.3569347041229609e-15
99106,0,0,7.75336421778994e-06
99116,1,0,0.2298203835941104
99121,0,0,0.08049340962851811
99133,0,0,1.3270105298687546e-09
99134,0,0,2.0132680971488547e-09
99136,0,0,4.3683914005679556e-07
99152,0,0,1.3577023194475234e-10
99158,0,0,6.00944131110783e-11
99159,0,0,4.468754319689835e-14
99166,0,0,0.08072761916702947
99167,1,0,0.29502043965508223
99179,0,0,0.007112456306692533
99186,0,0,0.08850156386515347
99188,0,0,2.8254149562559306e-09
99200,0,0,0.004675288211342548
99201,0,0,1.3719065368043507e-14
99210,0,0,0.00015363982167658545
99213,0,0,2.1126150672674575e-06
99223,1,0,0.039440124780457775
99224,0,0,0.0001307392507019536
99228,1,1,0.9999999999995859
99234,0,0,0.20983043179438257
99235,0,0,3.0578020443167565e-07
99242,0,0,2.1289507380333178e-11
99261,0,0,0.019655928845909693
99265,0,0,0.0047338175669626925
99269,0,0,8.805793473691135e-14
99272,0,0,1.3515783152192442e-10
99284,0,0,0.0018782878625378141
99293,0,0,0.003636162813807287
99294,0,0,1.7977173485516174e-09
99296,1,0,0.29127234127666385
99302,0,0,1.2880559088830003e-05
99307,0,0,9.578850107173505e-10
99310,0,0,0.010886399915882012
99313,0,0,1.7735413560734406e-07
99317,0,0,3.07156581855713e-05
99318,0,0,2.369412420942242e-08
99320,0,0,2.3367251428155906e-12
99326,0,0,3.838518484621117e-12
99337,0,0,0.0031794457964478837
99342,0,0,3.3464583130746137e-17
99352,1,0,0.057983735678379195
99358,0,0,1.7056349624829309e-07
99365,0,0,0.17999504944146671
99366,0,0,0.08510172041562761
99370,0,0,0.13773462234259523
99379,0,0,0.09515135334788159
99380,0,0,0.0006583370730199015
99383,0,0,0.003118080649034605
99391,0,0,2.937427510109089e-06
99393,0,0,0.017522349357251943
99394,0,0,0.003637606070083697
99395,1,1,0.9999999985245163
99400,0,0,5.5108075370384375e-12
99402,0,0,0.12354947424146798
99405,0,0,6.469478603085996e-10
99407,0,0,0.008252100080435847
99421,0,0,3.370723768716721e-13
99423,0,0,0.01252636532445497
99424,0,0,4.030119176012883e-06
99425,0,0,9.17812907774834e-06
99451,0,0,5.617875075627628e-09
99459,0,0,3.482181386095282e-08
99471,0,0,0.23495035767785208
99472,0,0,0.15452391826088926
99479,0,0,2.4540086290200516e-08
99481,0,0,0.37308298947670837
99484,0,0,0.31644684519270744
99486,0,0,1.3578490461195741e-06
99491,0,0,0.005277452134059214
99495,0,0,2.5448802920099764e-08
99498,0,0,0.013499990030552824
99499,0,0,1.8823838259799948e-05
99504,0,0,0.20463182224424584
99505,0,0,3.8606916389618165e-09
99507,0,0,0.015717900185352914
99512,1,1,1.0
99516,0,0,0.015933745966584693
99518,1,1,0.9999999999990172
99523,1,1,1.0
99524,0,0,1.2614500734836904e-05
99531,0,0,0.24770606249943838
99535,0,0,4.773064588946534e-11
99541,0,0,5.364093221621748e-05
99542,0,0,1.0156603602983226e-05
99551,0,0,2.180075087318577e-07
99553,0,0,0.33221856344134854
99557,1,1,1.0
99558,0,0,8.214961045500347e-12
99560,0,0,0.00047263743531367663
99565,0,0,1.4171220306543387e-10
99568,0,0,1.5029877762610126e-09
99573,0,0,0.022436143157740313
99577,0,0,0.006760486433747439
99578,0,0,2.621501944767859e-07
99583,0,0,0.021680533141399623
99591,0,0,3.957305844162068e-10
99605,1,0,0.3096094822882866
99609,0,0,7.518576130212514e-16
99611,0,0,3.073125253351736e-11
99615,0,0,2.880784608762789e-12
99622,0,0,0.030185227786425378
99624,0,0,0.003571124967034097
99630,1,1,0.8418534667367016
99638,0,0,1.3929027174846986e-09
99641,0,0,7.057914097005781e-10
99645,0,0,0.0038587596125243743
99647,0,0,1.4536576039736494e-05
99653,0,0,3.759676795863093e-05
99655,0,0,6.334060759677406e-10
99663,1,1,1.0
99664,0,0,0.0011138758062944213
99666,0,0,0.024741863349270685
99667,0,0,0.012510590690147375
99684,0,0,0.016799248440170916
99687,0,0,3.151674671898444e-07
99697,0,0,1.2715139631358738e-07
99700,0,0,0.04583162651465547
99705,0,0,0.03909163421624124
99712,0,0,0.36054838564879554
99713,0,0,7.39608800793342e-09
99715,1,1,0.9999999999998552
99725,0,0,0.16390983900915368
99727,0,0,0.047604527834996406
99734,0,0,0.14239191119010963
99741,0,0,7.215169582922364e-10
99745,0,0,0.1585446967477139
99748,0,0,0.10171574738578053
99751,0,0,3.179802875634014e-07
99756,0,0,0.006922088336226182
99765,0,0,1.4974523375510416e-07
99769,0,0,0.005121447754216276
99770,0,0,2.2896957312957005e-07
99771,0,0,0.0930933279649402
99775,0,0,3.157564030332112e-16
99780,0,0,7.870649978179514e-14
99797,0,0,1.0466065473280611e-10
99800,0,0,1.013937647443362e-06
99801,0,0,4.3854226548095607e-07
99812,0,0,0.00020797354637578
99816,0,0,0.0027185701689219095
99819,1,1,0.9999999999999978
99821,0,0,0.016742313322460716
99823,0,0,1.0439645515544952e-11
99828,0,0,0.003568703102069399
99829,1,0,0.14537962372101101
99838,0,0,0.0966323980499437
99840,0,0,0.03039600254749465
99847,0,0,0.0011570502628662088
99849,0,0,6.330652601869649e-12
99857,0,0,2.0786793317384431e-07
99859,0,0,0.02397796621661551
99866,0,0,2.912319647144838e-11
99869,0,0,0.03668428372088772
99878,0,0,0.003280908469458724
99880,0,0,3.7748704405966304e-07
99883,0,0,4.821362917624918e-07
99899,0,0,1.1673210486982654e-18
99916,0,0,3.801693149540785e-08
99932,0,0,2.1644406183851973e-06
99939,0,0,1.2302828716375148e-12
99941,0,0,8.971058498515983e-05
99942,0,0,0.059775618914845965
99948,0,0,9.166652095940129e-08
99950,0,0,2.291227578583837e-06
99951,0,0,0.14332389674738844
99971,0,0,1.2754392243278522e-05
99974,0,0,0.083996636073447
99976,0,0,8.826731264855114e-07
99979,1,1,0.9999991749994847
99981,0,0,1.766732862106039e-07
99987,0,0,1.834681705528282e-09
99994,0,0,1.14958263742314e-06
99997,0,0,0.167157545535449
